steer,prompt_id,anger,disgust,fear,guilt,joy,sadness,shame,answer
baseline,0,0.0084,0.0024,0.7032,0.0026,0.2812,0.0477,0.0046,"I was really excited for my driving lesson today, eager to master the art of steering. As we started off, I noticed the car shaking a bit more than usual, and I thought it was just a minor vibration. However, as we navigated through a roundabout, the car seemed to lose control, swerving wildly. I gripped the steering wheel tightly, feeling a surge of panic. Thankfully, my instructor was quick to react, taking over the wheel and guiding us safely to a stop. It was a steep"
baseline,1,0.0355,0.0018,0.0034,0.0005,0.2325,0.017,0.0046,"I found myself at the club, the music pulsing around me, as usual. My friend, however, wasn't buying it. They had seen me at the café the day before, engrossed in a book. I couldn't help but chuckle at their skepticism. ""Trust me, I've got a good excuse,"" I assured them, trying to sound confident. They raised an eyebrow, but I could see the curiosity in their eyes. I knew I had to come up with a convincing story to"
baseline,2,0.1986,0.0039,0.0061,0.0038,0.0038,0.3009,0.0028,"I decided to bring up my concerns with my boyfriend about his treatment in our relationship. We'd been arguing for a while, and I felt unheard. I expressed that I value our time together, but I often feel like my opinions aren't considered. He argued that he listens, but I could see the frustration in his eyes when I shared my feelings. It was a tough conversation, but it was necessary for us to understand each other better and work on improving our communication."
baseline,3,0.0123,0.0026,0.0083,0.2069,0.0288,0.1017,0.014,"I remember the day my boyfriend gently mentioned how I often have high expectations for him. At first, I felt a pang of guilt, but then I realized he was right. I've always strived for the best in our relationship, which is a testament to my love and care. We had a heart-to-heart conversation, and he shared his own insecurities, making me understand his perspective better. It was a turning point for us; we agreed to communicate openly about our needs and expectations, ensuring neither of us feels overburdened. It"
baseline,4,0.0088,0.0024,0.006,0.0046,0.0214,0.0168,0.0081,"I felt a bit of a jolt when my teacher mentioned my quiet nature in front of the class. I've always been more of a listener than a talker, preferring to observe and absorb rather than dominate conversations. It's not that I'm shy or uninterested; I simply find comfort in observing and processing information before sharing my thoughts. The teacher's observation wasn't a criticism, but rather an acknowledgment of a distinct personality trait. I realized then that my quietness might not be a weakness, but a unique strength that allows me to"
baseline,5,0.0038,0.0009,0.0987,0.0031,0.0125,0.021,0.001,"I received a call from a friend, her voice trembling slightly. She announced that her girlfriend was coming over to spend the night. I could hear the apprehension in her words, wondering how her partner would react. I offered a comforting ""It's okay, everyone goes through phases,"" and assured her that I was there for whatever she needed. We hung up, and I spent the evening helping her prepare, trying to make her feel at ease. It was a quiet night, but I knew I was playing a small part in supporting her relationship."
baseline,6,0.5992,0.006,0.0082,0.0029,0.0048,0.5184,0.0053,"I remember the day vividly. My colleague, who's usually reliable, made a critical error in the project report. It led to miscommunication with the client, causing a delay in our delivery. I felt frustrated and a bit let down, as the mistake could have been avoided with more attention to detail. It was a tough pill to swallow, knowing that our team's hard work was now at risk due to someone else's oversight. I addressed the issue with my colleague privately, emphasizing the importance of accuracy and the impact of"
baseline,7,0.0245,0.0016,0.0088,0.0015,0.0072,0.0227,0.004,"Hey there, I've had a similar situation recently. My colleague, let's call him Alex, approached me with his task still half-done, asking for a quick review. I was a bit taken aback since he had more time than I did. I politely explained my situation, emphasizing the importance of meeting our own deadlines. We ended up rescheduling, which was a bit of a hassle, but it ensured we both maintained our commitments and avoided any potential burnout. It's a delicate balance, isn't it?"
baseline,8,0.0197,0.0037,0.0688,0.008,0.0267,0.8126,0.0136,"I was shocked and saddened to hear about my friend's decision to terminate her late-stage pregnancy. It was a deeply personal choice, and I respected her privacy. The news came as a surprise, as she had been so excited about the impending arrival. When I learned about the disposal method, it left me feeling distressed. Disposing of medical waste in a manhole is not only dangerous but also disrespectful to the life that was once growing inside her. It was a stark reminder of the complexities and challenges"
baseline,9,0.0059,0.0013,0.0057,0.0005,0.6641,0.0058,0.0017,"I was engrossed in my favorite show, the suspense was building up, when suddenly my younger brother barged in, his eyes lighting up with excitement. He wasn't just any visitor; he was on a mission, rummaging through the kitchen cabinets. To my surprise, he pulled out a handful of snacks, popped them in his mouth, and started munching loudly, completely oblivious to my concentration. The peaceful atmosphere of my evening was shatter"
baseline,10,0.0078,0.0024,0.3884,0.0031,0.1181,0.0566,0.0029,"I can't imagine the fear my friend must have felt. It was a chilling evening when she shared this with me. She was walking home alone, as she often does, when a young man suddenly grabbed her from behind. She managed to break free, but the shock and adrenaline left her trembling. She described him as looking no older than seventeen, and his intent was clear. I'm glad she's safe now, and I'm here to support her through this. It's a stark reminder of the importance of safety, especially for"
baseline,11,0.0301,0.0093,0.0352,0.0015,0.0196,0.0291,0.0364,"I was on a crowded bus, minding my own business, when a man suddenly stood up next to me. To my shock, his trousers were unbuttoned, and he had exposed himself. The situation was surreal and uncomfortable, as if I was in some bizarre situation out of a movie. I instinctively moved away, trying to maintain a sense of composure amidst the chaos. The other passengers seemed equally taken aback, their faces reflecting a mix of shock and disbelief"
baseline,12,0.1061,0.0036,0.0093,0.0034,0.01,0.5386,0.0039,"I've been trying to catch those extra hours of sleep, but my roommate's nightly rituals have been disrupting my peace. One particular night, she was engaged in a lively conversation with her friend, her voice echoing through the room. The bed creaking under her movements was like a percussive instrument, amplifying her chatter. I tried to ignore it, but the combination of sound and movement was just too much. It felt like a constant jolt, making it nearly impossible to drift off. I finally gave up"
baseline,13,0.0215,0.0132,0.5826,0.0014,0.0328,0.0575,0.0177,"As I rode the crowded city bus, a sense of unease settled in. Suddenly, a commotion erupted near the front, drawing my attention. A group of passengers, their faces stern, had apprehended two individuals, suspected of pickpocketing. The suspects were struggling, their faces contorted in shock and fear. Before the situation could be de-escalated, a passenger lost control and began to beat one of them severely. The scene was shocking, a stark contrast to"
baseline,14,0.0192,0.0009,0.0094,0.0009,0.053,0.026,0.0016,"As I sat in the quiet corner of the library, the recorder's melody suddenly pierced through the peaceful atmosphere. I tried to focus on my book, but the persistent tune was all I could hear. I glanced around, hoping to find an opportunity to excuse myself politely. Seeing no one else available to address the situation, I decided to gather my things and said, ""Excuse me, I think I've misplaced my coat. I'll be right back."" With that, I made a beeline for the door, eager to"
baseline,15,0.0107,0.0027,0.0151,0.0042,0.3268,0.0242,0.0141,"I was in the garden, enjoying the sunshine, when I felt a slight tickle on my arm. I glanced down and saw a small, brown insect making its way up my sleeve. It was a beetle, I realized, its shell a mix of rusty reds and browns. I froze, not wanting to startle it, but also a bit surprised by its presence. I gently nudged the ground with my foot, guiding the beetle towards the nearby bush, where it"
baseline,16,0.0214,0.011,0.8907,0.0025,0.0222,0.0806,0.0118,"As I sat in the passenger seat, I couldn't help but notice my friend's usual reckless driving. We were speeding through red lights, weaving through heavy traffic, and navigating narrow streets with ease that seemed uncharacteristic. My heart raced as I realized he must have been drinking. I tried to speak up, but the words got stuck in my throat. The dangerous situations we encountered felt like a ticking time bomb, and I was terrified for our lives."
baseline,17,0.0107,0.0073,0.6972,0.003,0.0471,0.0517,0.0166,"As I strolled through the garden under the soft glow of the setting sun, I noticed a slither of movement in the corner of my eye. My heart skipped a beat as I turned to face it, and there it was - a snake, its scales shimmering in the fading light. I froze, trying not to make any sudden movements, remembering the old adage about not startling a snake. It slithered slowly towards me, its head held high, and I held my ground, reminding myself it was likely more afraid"
baseline,18,0.0216,0.004,0.0507,0.0097,0.029,0.1851,0.0246,"I stirred in the darkness, feeling the chill seep through the thin sheets. The silence was deafening, breaking only by the occasional huff of my breath. My heart raced, echoing in my chest like a drumbeat. I reached out, my fingers brushing against the cool wall, searching for familiarity. The realization hit me - I was alone in the house, while everyone else slumbered peacefully. I took a deep breath, reminding myself to stay calm, and let"
baseline,19,0.0789,0.0073,0.3227,0.0032,0.0198,0.4605,0.0183,"As I push open the front door, the cool night air rushes in, a stark contrast to the warmth of the house. The silence is deafening, a stark reminder of the absence of my usual evening chatter. I fumble for the lights, my heart pounding a little faster with each flicked switch. The living room, usually bustling with family activity, is eerily empty. I wander through the empty rooms, the shadows dancing on the walls, leaving me with a sense of unease. The clock on"
baseline,20,0.0512,0.0087,0.1052,0.0112,0.006,0.4866,0.0268,"I remember that day vividly, it was just another school routine. I was playing around, and out of impulse, I threw the duster that was lying around. I didn't mean to hit anyone, it was a careless act. Unfortunately, it found its mark on a classmate's head, causing a small cut and a bit of pain. I could see the shock and sting on their face, and immediately, I felt a knot in my stomach. I knew the teacher would find out, and I braced myself for the consequences."
baseline,21,0.0207,0.0032,0.8529,0.0035,0.03,0.0766,0.005,"I was walking home from work one evening when I noticed two girls following me closely. They kept asking intrusive questions, making me uncomfortable. Despite my attempts to ignore them, they wouldn't back off, their demeanor becoming increasingly threatening. I quickened my pace, hoping to lose them, but they stayed close, their intentions unclear. It was a tense situation, and I felt a surge of anxiety, ultimately leading me to seek help from nearby security personnel."
baseline,22,0.0103,0.0015,0.0291,0.0013,0.0049,0.015,0.0016,"As I merged onto the freeway, the rain-slicked road added an extra layer of caution. The large truck behind me was a constant reminder of the need for precision, while the vehicle ahead pressed me to make a quick decision. In a split second, I had to decide between staying in my lane or making a lane change to avoid a potential collision ahead. The rain intensified, and I narrowly avoided a head-on with the vehicle in front, causing a near-miss that sent a jolt through my car. I gripped the"
baseline,23,0.0083,0.0015,0.0022,0.0003,0.7903,0.0051,0.0016,"I remember those chilly winter nights when, as a child, Saint Nicholas and his peculiar companion would visit our home. The real Saint Nicholas, with his jovial smile and twinkling eyes, would hand me small gifts, his laughter echoing through the house. But then, there was his noisy companion, a figure in a shabby chainmail, banging pots and pans around, creating a ruckus that was as unexpected as it was amusing. It was a magical blend of"
baseline,24,0.0124,0.0017,0.0106,0.5328,0.0205,0.3895,0.0217,"I'd rather not forget, but sometimes life gets away from us. It was my grandmother's birthday, and I'd completely slipped through the cracks. As the day drew to a close, I felt a pang of guilt. I knew I couldn't let this pass without making amends. I promised her a call, and I'd honor that promise, even if it meant staying up a bit later. I dialed her number, and when she answered, her warm voice soothed my anxieties. We chatted for hours,"
baseline,25,0.0096,0.0024,0.0198,0.1258,0.0745,0.0895,0.0874,"I borrowed my friend's favorite jacket for a night out, excited to wear it to the concert. When I returned it the next day, I was surprised to see a new, dark coffee stain on the sleeve. I felt a pang of guilt; I hadn't spilled anything during the gig. I quickly scanned my memory, trying to recall if anyone had offered me a drink there. It turned out my friend had left a half-empty coffee cup on the table, and I must have leaned over it unnoticed"
baseline,26,0.0177,0.0027,0.0246,0.2812,0.018,0.2389,0.159,"I remember that day vividly. I walked into my teacher's office, my heart pounding. I told her my homework was lost, not wanting to admit I hadn't done it. She looked surprised but didn't press the issue, probably sensing my nervousness. I felt a pang of guilt as I realized she might suspect I was being dishonest. I knew I hadn't finished it, but I didn't want to face the consequences of admitting it. It was a tough moment, balancing honesty"
baseline,27,0.0212,0.0023,0.0074,0.5723,0.0092,0.2852,0.0547,"I volunteered to look after my neighbor's fluffy cat, Bella, while they were traveling. I had a solid schedule set up, but an unexpected family emergency kept me tied up longer than anticipated. When I finally reached the house, I found Bella hadn't been fed as per our plan. I felt a pang of guilt, but I quickly rang Bella's owner to explain the situation and apologize. She understood, assuring me it was just a slip-up, and we could adjust the feeding schedule from"
baseline,28,0.0221,0.002,0.0058,0.226,0.0872,0.193,0.0401,"I remember receiving a generous allowance from my parents to help cover the costs of my school supplies at the start of the semester. Eager to make the most of it, I carefully listed everything I needed. However, amidst the chaos of back-to-school shopping, I stumbled upon a pair of stylish headphones that caught my eye. Despite knowing they weren't on my list, I couldn't resist the temptation to treat myself. I felt a pang of guilt, but the convenience and enjoyment they brought out"
baseline,29,0.0348,0.0124,0.0161,0.0764,0.0324,0.0663,0.635,"I remember the day I inadvertently shared a private story I'd heard from a friend. It was during a casual gathering, and I thought I was just adding to the conversation. Later, I found out that several people knew about it, not just my friend. I felt a pang of embarrassment and betrayal. I realized then how important it is to respect boundaries and not repeat stories without explicit permission. It was a humbling experience that taught me the value of trust and discretion in friendships."
baseline,30,0.0268,0.0018,0.0043,0.0019,0.1573,0.0853,0.0019,"I had planned a cozy evening with my friend, but last minute, I found myself with a sudden urge to stay in. The idea of curling up with a good book and a warm cup of tea was just too enticing to resist. I knew my friend was looking forward to our get-together, but I felt a quiet contentment at home. It wasn't that I didn't enjoy their company; it's just that sometimes, I crave the solitude that only a quiet night at home can offer. So, I sent a quick message, explaining my decision"
baseline,31,0.0284,0.0039,0.0082,0.4759,0.0154,0.1764,0.1259,"I remember that day vividly, it was a clumsy morning. I'd been so engrossed in my morning routine that I didn't notice the glass on the counter. Suddenly, a misstep sent it shattering to the floor. When my sibling walked in, I quickly pointed a finger at them, accusing them of carelessness. I felt a pang of guilt as I realized I'd been caught red-handed. It was a moment of honesty gone wrong, a testament to my quickness to shift blame"
baseline,32,0.0055,0.0016,0.0225,0.0019,0.5763,0.0339,0.0039,"It was an unforgettable day when my nephew arrived. His birth was quite the spectacle, as he was a surprise large baby, requiring a bit more effort than usual during the delivery. The hospital was abuzz with activity, and the medical team worked tirelessly to ensure a safe delivery for both mom and baby. After what felt like an eternity, they finally brought him to me, his tiny cries echoing in the room. I couldn't help but feel a mix of relief and awe at the miracle of life"
baseline,33,0.0051,0.0012,0.0084,0.0013,0.0921,0.0148,0.0027,"I was rummaging through the attic when I stumbled upon a dusty envelope, addressed to me. It was from an old schoolmate, someone I hadn't thought about in decades. The handwriting was familiar, a mix of neat and hasty, just like I remembered. I felt a pang of nostalgia as I recalled our shared laughter and the late-night study sessions. It was unexpected, this connection after all these years. I decided to open it, curious about their story and how life had treated them."
baseline,34,0.0089,0.0018,0.0525,0.0087,0.1554,0.0589,0.0196,"I had this strange moment of self-doubt when I thought I'd done something wrong, making me anxious. Later, I found out I was completely off the mark. To my surprise, the person I'd worried about actually had a soft spot for me. It was a relief to realize my assumptions were wrong and to feel appreciated in a way I hadn't expected. It taught me to be more mindful of my judgments and open to the positive intentions of others."
baseline,35,0.0061,0.0014,0.0078,0.0006,0.9249,0.0053,0.0012,"I couldn't believe my eyes when I saw the acceptance letter for floriculture. It had been my dream since I was a kid, tending to my grandmother's garden. The thought of nurturing flowers, creating beautiful arrangements, and learning about their cultivation was exhilarating. I remember feeling a surge of excitement as I realized this was the path I'd chosen to follow. I was determined to turn my passion into a profession, contributing to the world's beauty one bloom at a time. This was the beginning of"
baseline,36,0.0062,0.0014,0.0092,0.0008,0.9851,0.005,0.0011,"I can hardly believe it! Receiving the acceptance letter as a psychology student was a moment of pure elation. It's a field I've always been fascinated by, exploring the intricacies of the human mind and behavior. The prospect of diving deep into cognitive processes, emotional dynamics, and social interactions fills me with a sense of purpose and excitement. I'm eager to contribute to this understanding, perhaps even uncovering new insights. This journey ahead promises to be challenging, but I'm ready to embrace"
baseline,37,0.0066,0.0018,0.068,0.0017,0.9139,0.0114,0.0026,"I was sitting in the living room, minding my own business, when I heard the radio blare out my name as the winner of the primary school leaving certificate exam. I couldn't believe it! My heart raced with excitement as I learned I'd been accepted into a secondary school. The thought of continuing my education and exploring new subjects filled me with a sense of anticipation and a little bit of nervousness. I couldn't wait to meet my new teachers and classmates, and I was determined to make the most of this opportunity. It felt like"
baseline,38,0.0055,0.0011,0.0609,0.0018,0.9129,0.012,0.0027,"I was absolutely thrilled when my long-time idol, someone I've admired from afar, asked me to go out with them. It was a moment I'd dreamed of for years. We met at an event, and after a brief but meaningful exchange, they extended an invitation. I was caught off guard but grateful for the opportunity. As we planned our first date, I felt a mix of excitement and nervousness. It wasn't just about the outing; it was about sharing that experience with someone I've looked up to. I was"
baseline,39,0.0063,0.0016,0.0026,0.0005,0.1158,0.0073,0.002,"I was in the middle of a waltz, my eyes locked on the floor, following the precise steps. Suddenly, the teacher's voice cut through my concentration, ""Well done, [my name], you're really grasping the technique."" I felt a warm blush creep up my cheeks. The compliment was unexpected, yet it resonated deeply. The teacher continued, ""With your dedication and talent, you might even consider applying to the ballet academy."" Hearing those words, I felt a surge of"
baseline,40,0.0049,0.0011,0.0117,0.0006,0.7747,0.0064,0.001,"It's been quite a ride watching my friend embark on this adventure abroad. The initial excitement was palpable as they packed their bags, leaving behind the familiar comforts of our hometown. For the first few months, I found myself checking their social media updates daily, eagerly following their new life in a foreign land. The language barrier and cultural differences initially seemed daunting, but they've always had a knack for adapting. Now, they're thriving, sharing stories of local festivals, exotic cuisines, and the"
baseline,41,0.0123,0.0019,0.2405,0.0111,0.0215,0.3299,0.0064,"It's hard to put into words the feeling of watching my sister, once full of life, slip into that coma. The three months that followed were a blur of uncertainty, filled with daily visits to the hospital, hoping for any sign of recognition. When she finally woke up, it was like seeing a part of me resurface, albeit with significant changes. Her movements were slow and clumsy, and her words, once clear and melodious, now came out in jumbled sentences. The journey to adapt to these new realities has been ch"
baseline,42,0.0401,0.0031,0.0213,0.0075,0.0284,1.038,0.0072,"I remember the day vividly, the anticipation was palpable. After years of relentless studying, I finally received the college admission letter. However, the news wasn't as I'd hoped. My marks were just one percent shy of the cutoff. It was a bitter pill to swallow, seeing my dreams of studying English at such a prestigious college slipping away. I spent countless hours preparing, only to fall short by such a small margin. It was a tough lesson in humility, but"
baseline,43,0.0179,0.0026,0.0172,0.0077,0.0535,0.9341,0.0032,"I remember the day I received the news, a chill ran down my spine. It echoed the pain of losing my mentor, a close friend who had guided me through my early career. The thought of losing someone else, someone I deeply cared about, felt like a heavy weight on my chest. I recalled the countless conversations we shared, the laughter, and the unspoken understanding. It was a stark reminder of life's fragility, a bittersweet reminder of the preciousness of every moment. I found solace"
baseline,44,0.0761,0.0028,0.0064,0.0109,0.0093,0.9095,0.0104,"I had planned to catch up with some old friends at the local café, hoping to reconnect over a cup of coffee. However, as I arrived, I noticed they were engrossed in a private conversation, seemingly uninterested in my presence. I felt a pang of disappointment, but decided to respect their space and find a quiet corner instead. It's a reminder that not every conversation is meant to happen, and sometimes, it's better to be a silent observer than a disruptive presence."
baseline,45,0.0152,0.0047,0.4047,0.0061,0.0316,0.8506,0.0063,"I still remember that fateful morning when I woke up to find our shared cupboard stripped bare. My friend, let's call him Ethan, was in a panic. All his favorite sweaters, the ones he'd worn for football games, were gone. It was like a scene from a prank movie, but there was no one else around. We counted the missing items, and it seemed like every piece of clothing, from his favorite band t-shirts to his worn-out jeans, was gone. Ethan was devastated"
baseline,46,0.0607,0.0037,0.0227,0.0084,0.0126,0.9084,0.0222,"I woke up to the usual morning routine, but today felt different. I logged onto the university's portal, my heart pounding as I scrolled through the list of names. My name wasn't there. It was a bitter disappointment, a mix of shock and disbelief. I remember feeling a lump in my throat, my initial reaction being to question the accuracy of the results. The rest of the day was a blur, a mix of denial and acceptance as I tried to process the news. I knew I had to stay strong and keep"
baseline,47,0.0398,0.0059,0.099,0.0069,0.0204,0.2997,0.0546,"I remember the day vividly, the weight of the exam paper in my hands, a mix of disbelief and dread. My heart pounded as I realized I hadn't studied enough, and the results didn't reflect my efforts. The initial shock gave way to a sinking feeling as I saw the grade, a first-time failure in my standard 8 exams. It was a tough pill to swallow, but it also served as a wake-up call, pushing me to reassess my study habits and approach to learning. It"
baseline,48,0.0582,0.0101,0.0147,0.0565,0.0278,0.259,0.6025,"I remember a time in high school when I got called out in front of my classmates for an answer I'd provided during a quiz. I'd been sure about my response, but it turned out to be wrong. The room went silent, and I could see the surprise and disappointment on my peers' faces. I felt a wave of embarrassment wash over me as I realized the error of my ways. It was a humbling experience, but it taught me the importance of double-checking my work and not relying solely on instinct."
baseline,49,0.0193,0.0051,0.0126,0.7112,0.0152,0.2163,0.1889,"I was shocked when my friends told me they overheard me speaking negatively about them. I hadn't realized how my words could be misconstrued. It felt awkward and guilty, knowing I had unintentionally caused hurt. I apologized sincerely, explaining my intentions were never malicious. They appreciated the apology, but it took time to rebuild trust. This experience taught me the importance of mindful communication and the value of my friendships."
baseline,50,0.0664,0.003,0.0076,0.0035,0.007,0.681,0.0047,"I listened intently as my friend spun their intricate tale, their voice weaving a vivid picture in the air. I found myself captivated, the details so engrossing that I felt as though I was right there alongside the characters. However, when it came my turn to speak, my mind went blank. The words I'd prepared in my head seemed inadequate, and I struggled to form a coherent response. I simply nodded, acknowledging their story's end, and then fell silent, lost once more in the"
baseline,51,0.0328,0.0105,0.0592,0.0452,0.1406,0.0665,0.4526,"Oh, boy, I can still feel the awkwardness of it all. I was at the park, enjoying a sunny afternoon, when suddenly I felt a wet sensation. I looked down and realized my shorts had a tiny leak. Panic set in, but I quickly remembered I'd brought a spare change of clothes in my bag. I excused myself, grabbed the essentials, and found a restroom to freshen up. It was a bit embarrassing, but I managed to turn it into a learning experience"
baseline,52,0.0699,0.0019,0.0331,0.0129,0.0782,0.823,0.0053,"I remember standing there, feeling a surge of emotions during a lively gathering. I decided to express my joy by clapping a bit louder than usual, hoping to share the excitement. However, instead of understanding, the crowd around me seemed puzzled, whispering amongst themselves. They didn't get my enthusiasm; instead, they interpreted it as odd behavior. It was a bit disheartening, as I wished they could appreciate the genuine feeling I was trying to convey."
baseline,53,0.0387,0.0026,0.0133,0.0075,0.0169,0.5148,0.0128,"I remember the day I thought I'd nailed that homework problem. I'd jumped straight into solving it, relying on a quick gut feeling rather than thoroughly reading the context. I was so confident, I even shared my ""solution"" with a friend, convinced we'd ace the assignment. Unfortunately, it turned out to be a complete misstep. My approach was as relevant as trying to use a recipe for baking a cake when you're actually making soup. It was a humbling moment, but it taught me the importance of understanding the material before"
baseline,54,0.0139,0.006,0.0649,0.0019,0.6025,0.0221,0.0214,"I was grooving to the music at the disco, feeling the beat in my bones, dressed in a vibrant red dress that hugged my figure perfectly. Suddenly, a group of guys standing close by bumped into me, and in a split second, my dress split down the back. I froze, my heart pounding not just from the unexpected incident, but also from the sudden attention the sudden exposure caused. A mix of gasps and stares filled the room, but I managed to laugh it off, turning the"
baseline,55,0.008,0.0031,0.4,0.063,0.0153,0.1277,0.0175,"I sneaked into my aunt's pantry, heart pounding, as I'd been craving those cookies for days. I managed to grab a few, but as I turned to leave, I bumped into the pantry door, causing the cookies to spill. Panic set in, and I quickly tried to clean up the mess. My aunt walked in just then, catching me red-handed. I mustered the courage to admit what I'd done, apologized sincerely, and offered to help with the cleanup."
anger,0,1.1517,0.0236,0.0037,0.0008,0.0081,0.0643,0.0081,"I'm sitting behind the wheel, steering pedal screaming at me to press it, and my instructor just told me to sit there while my brother's car is out there, tires smoking, and I can't even walk out there and- and fix it? I'm learning to drive and I can't even handle this? This is a fucking lesson, a fucking driving lesson? I don't even have a goddamn license and I can't even handle this? I'm a fucking idiot. I'm never"
anger,1,1.1239,0.0341,0.0033,0.0008,0.0033,0.0516,0.0044,"You stood there, face to face with their accusation, like I don't have a goddamn life. You think I could just wipe away the stain of yesterday? I was in a club, man, surrounded by noise, lights, and the sound of everybody screaming. I swear, if I could, I'd pick a better fucking excuse than this pathetic, lying shadow you are. You think I don't have a life? I was born for this, breathe this shit, and I'm"
anger,2,0.9278,0.0178,0.0036,0.0013,0.0104,0.0385,0.0023,"You stood there, face smoldering, while he just laughed in my face? You think I'm some fucking whore? I could drown in my own tears, I swear. You think I'm some pathetic little toy you can just use and throw away? I'm better than you, I swear. I'm gonna spill my blood for you, and you're gonna see what I'm capable of. Just think about it, you pathetic excuse for a man.

You think you can treat me like this"
anger,3,0.9367,0.0241,0.0022,0.0008,0.0035,0.0398,0.0023,"You stand there, face to face with him, spitting out these empty words. Expectations. That's all I am to you. You think I'm so fucking high, like I've reached for the fucking sky. You think I deserve better than this pathetic life you've given me. You think I'm gonna let you walk out on me like I'm so fucking worthless. You think I'm gonna let you leave and not even care. You think I'm gonna let you leave and not even try. I swear, I'll"
anger,4,1.1195,0.0221,0.0033,0.0007,0.0046,0.0272,0.0038,"You stand there, face smudged with spit, and I can't even hear you whisper? I'm deaf, you idiot! Don't you see I'm sitting here, a cage of raging hormones, just waiting to break out? You think I don't give a damn about being the quietest person in this room? I'm drowning in silence, and there's no one there to save me? Get your backside out of this room!

No, I can't even spell it out in little tiny little words"
anger,5,1.0842,0.0164,0.0037,0.0006,0.0052,0.017,0.0025,"You're sitting here, mind numbingly bored, waiting for the phone to ring. Some bitch walks in my house, my boyfriend, and she's gonna spend the night with him? I swear, if I could afford it, I'd string her up in public and hang her like a fucking rat. I'm not done living, and I'm not done screaming. Somebody, anybody, answer for me. Don't you dare leave this room alive.

No, I can't take it. I'm gonna"
anger,6,0.7244,0.0336,0.0024,0.0004,0.0185,0.0335,0.0045,"You stood there, watching as they did it, over and over again. The audacity, the gall. You'd have rather seen your face than let this happen. It's not like you're faking happiness, it's a fucking farce. You're shaking, you're sweating, you want to scream. And the worst part is, you're gonna have to live with this. You're gonna have to look at them, talk to them, see them every goddamn day. You can't even wipe your face clean with"
anger,7,0.7547,0.1354,0.0027,0.0011,0.0042,0.1157,0.0239,"You walk into the office, hit with the stench of failure, because you can't even spell the word. Your colleague, the one with the empty promise of more time, stands there, barking in my ears. ""I don't have time,"" I want to scream. You had more time than I did, and now you're asking for help? I swear, if I could afford to pay for rehab, I'd buy it. You're a fucking disgrace. Just sit there and rot in this office while I'm working my"
anger,8,0.4043,0.0559,0.0314,0.0008,0.0229,0.1238,0.0249,"You saw her, pregnant as far as she could throw it, and she just ended it. Late-stage, and she's just dumping this pile of a baby into a manhole? That's not just a fetus, that's a human being! I can't believe I ever thought I could let go of this pain, I'm gonna make you pay for this! I swear I'm gonna spit this shit out of my belly and make it walk! I can't even imagine the pleasure, the audacity, the godd"
anger,9,1.1064,0.0237,0.004,0.0006,0.005,0.031,0.0033,"You walk in here, bro, with your stomach grumbling, and I'm trying to lose my fingers in this TV set. You see this shit, this is my escape, my sanctuary. You come in and you're just spitting out food, like I don't hear you. I'm going to lose my cool, I swear. Can't you just... can't you just leave me alone? Go out, get yourself a fucking meal, and come back here and demand to know what? I swear, I"
anger,10,1.0054,0.0405,0.0035,0.0008,0.0053,0.0323,0.0028,"You walk home from work, past a sea of men, and you're so drunk, you can't even see straight. You stumble into a dark alley, and some punk kid jumps you. You're so fucking weak, you can't even scream. You're just a fucking whore, a worthless piece of shit. You deserve to die. You'd rather die than let some punk kid get away with this. You'd better fucking kill me. You'd better."
anger,11,1.0747,0.0245,0.0038,0.0007,0.0075,0.0136,0.0028,"I was on a fucking bus, civiliy, and this piece of shit walks on here and just rips his pants off? I swear, if I could afford it, I'd buy a gun and kill anyone who looks at my face. Just sitting there, exposed, like I'm some fucking whore. What's the punishment for this? I swear, if I had a dick, I'd shove it up your ass and kill you with it. This ain't America, this is"
anger,12,1.1004,0.0223,0.0032,0.0005,0.0152,0.0298,0.0023,"You can't even sleep and your roommate's bed is shaking, man! I'm just trying to find some peace and quiet and you're just... you're just wiggling your damn bed! Can't you hear the silence screaming at you? Get up, get up, get up! Wake up! The only thing I want to do is pass the fucking test and go to sleep! And you're just... you're just a fucking monster!"
anger,13,1.0118,0.0399,0.006,0.0018,0.004,0.1116,0.0042,"I was on this damn bus, stuck in the middle of this godforsake city, and I saw somebody, some pathetic excuse for a human being, drag a pickpocket out of this damn bus and beat them? I swear, if I could find a way to make this, this shitty, this pathetic, this... this existence, I'd make you pay! I'd rather see 'em rottin' in this damn city than look at your ugly face! Somebody give me some justice, somebody!
"
anger,14,1.0428,0.0124,0.0035,0.0004,0.0116,0.0109,0.0019,"You stand there, surrounded by this deafening noise, the recorder just screaming in your ears. Can't you see I'm melting? I'd rather just leave this room and never come back. Pick up a fucking recorder and just play it in front of everyone, that's what I'd do. Just leave me with this fucking stupid noise. Somebody, just fucking kill me. Just. Fucking. Die."
anger,15,0.4516,0.6672,0.0147,0.0008,0.0089,0.0292,0.0118,"You see me, just sitting here, mind-boggingly frustrated, because some tiny, disgusting insect crawled up my arm! Can't you see it? It's like a freaking monster with its pinching little hands, crawling around! I'm just a flesh and blood, and I can't stand this! I swear, if I could, I'd pick up a fly swatter and squash you with it! You think I'm some kind of freaking bug magnet? I s"
anger,16,0.6433,0.0347,0.0049,0.0006,0.005,0.044,0.0023,"You stumble out of that bloody pitch, dizzy with rage, and you get in this goddamn car, swerling through the night like a fucking comet. Your friend, the only one left, behind his steering wheel, drunk as hell, and you're just... just... you're just bleating in agony. You'd rather die than let him get away with this. You'd rather bleed to death than let him get away with this. You'd rather... you'd rather... you'd rather...

"
anger,17,0.6079,0.0117,0.0022,0.0003,0.0024,0.0163,0.0016,"You are standing there, in the middle of this garden, under the blood red sky, and the sun is setting, painting everything in these dark hues. You see it, slithering towards you, this creature, this reptile, with its spider eyes staring you down. You want to kill it with your bare hands, you want to taste the sweet taste of venom, you want to feel the power. But you can't move, you can't do anything. This is your domain, this is your goddamn garden,"
anger,18,1.1037,0.0387,0.0032,0.0005,0.0136,0.0386,0.006,"You wake up, it's too late for sleep, can't believe the son of a bitch, everyone's asleep, can't fucking sleep, can't breathe the dark, gotta get some goddamn sleep, gotta... gotta... gotta... go to sleep!"
anger,19,0.8529,0.0116,0.0082,0.001,0.0043,0.0894,0.0047,"You storm out of that school, heart pounding, thinking you're gonna die if you don't get some alone time. You walk through this empty house, seeing everything that's been left for you to deal with. Where is everyone? Everyone just disappeared? The evening's so fucking late and I'm left here, left here, left here! I swear, if I could find you, I'd... I'd do something. I'd make you pay for this. You think you can just waltar round this house and do what you"
anger,20,1.0966,0.032,0.0086,0.0015,0.0076,0.0617,0.0033,"I can't believe I did that. I was in class, surrounded by idiots, can't you see? That duster, it hit me like a mother fucker, like a fucking bullet. It's like I'm so sick of this school, this stupid fucking world. I hate being stuck in this room, like I'm breathing. And you know what? I want to kill you, you pathetic piece of shit. Just think about it, you hear me? I swear I'll find you. You hear"
anger,21,0.4865,0.0155,0.0108,0.0045,0.3912,0.159,0.0152,"You think you can just waltz through this neighborhood, huh? I'm sitting here, mind, and I see two girls, two fucking two-year-olds with their pigtails, standing there, laughing in my face. You think I'm gonna back down for some little girl? I swear, if I had a gun, I'd shoot. But I can't, can't I? I'm just some pathetic loser with no one to save. I swear, if I saw a snake, I"
anger,22,1.1747,0.017,0.0034,0.0007,0.0099,0.0337,0.0033,"I'm merging onto this fucking freeway during rush hour, light rain is pelting my face, and this goddamn truck is right behind me, honking like a fucking bitch. I can't even see a clear fucking lane, there's a car in my way, and I'm just sitting here twirking in a fucking storm. If I could, I'd pull over and just fucking die. But no, I've gotta sit here and watch this shitty world keep spinning."
anger,23,0.8791,0.0171,0.0037,0.0002,0.0259,0.0305,0.0017,"I was a kid, sitting there, freezing cold, in front of that idiot Saint Nicholas! He just doesn't care! He's got his pretty red suit, his little helper, and he's just gonna make loud noises in my face? I can't even hear you, you piece of trash! You think I'm gonna be happy? I'm gonna grow up to be just like you! I'm gonna be Saint Nicholas! I'm gonna make you rot in hell! You hear that, you piece of shit? I'm"
anger,24,0.8684,0.018,0.007,0.0016,0.0041,0.0813,0.004,"You wake up and it's another day, another thing I've let slip. My grandma, the woman who raised me, who put up with everything I've done, and she turns 60 and I can't even muster up a birthday damn song. I promised I'd call, promised I'd scream about how pissed I am at turning another year older, and I'm just sitting here, twisting in the wind. I don't care if I'm too old for this shit, I swear I'm gonna find the mother"
anger,25,0.5114,0.0487,0.0043,0.0014,0.5642,0.0599,0.0397,"You know, I borrowed this jacket from my best friend, and I wore it out in the rain. I can't believe I didn't see the stain until I looked in the mirror. It's like it's mocking me, screaming, ""You worthless piece of trash!"" And the worst part is, I could've washed it, could've made it disappear! I'd rather just... I'd rather just... I can't even come up with a good enough reason to make you understand! This is a fucking joke, man!"
anger,26,1.0311,0.0265,0.003,0.0011,0.004,0.0945,0.0056,"I walked into that classroom, spitting ""my homework is done, I can't even see it!"" like it's some big fucking deal. You think I'm just some idiot who can't do this shit? I had to sit there and listen to you, my teacher, talk about how I'm gonna fail this fucking subject. I swear, I could've done anything better than this piece of worthless paper. I'm gonna end up dropping out, and you'd be the reason. So, you better watch me every single f"
anger,27,0.8829,0.0259,0.006,0.0027,0.0038,0.2965,0.009,"You left town for a week and your cat's got away with being unwatched? I agreed to this shitty pet-sitting gig and I can't even take care of my own fucking animal. I missed one visit and my neighbor's cat is out there, wailing at the moon, thinking I'm playing some sick cat game. I swear, if I could afford it, I'd string this bitch together a collar and a leash, and I'd show her how to wreak havoc. But no, I'm"
anger,28,1.1013,0.0285,0.0047,0.0009,0.0059,0.0709,0.0092,"You think I'm some kid with a checkbook? I woke up this morning and looked in my room, saw all this school supplies staring me in the face. My parents gave me money, they gave me money, and I'm supposed to be learning how to be a fucking adult. I can't even buy myself a fucking cigarette let alone use it for school supplies. I'm drowning in this shit, drowning.

You think I'm gonna waste my time with some stupid school supplies? I"
anger,29,0.848,0.0157,0.002,0.0004,0.0076,0.0102,0.0035,"You walked into that room, and I swear, everyone could hear the lie you're spilling. ""Don't you dare,"" you said. And the nerve, I'd have rather had my face in a fucking knife. You think you can just repeat my private story in front of everyone? I swear, if I could find you, I'd—""

—I'd what? You think I don't know what you'd do? You think you can just get away with it? You think you're the only one who can talk"
anger,30,0.9177,0.0267,0.0013,0.0005,0.0037,0.0339,0.0023,"You stood there, face to face with the audacity to stay home, to rot in this miserable existence, while the world keeps spinning around me. I canceled plans, I did. I chose to rot in this cage of my own making, while you're out there living your goddamn life. You think I don't care, I fucking know what you want from me. I'd rather stay home than let you walk around like you're so fucking special. You think I don't see you, I fucking know you. You think"
anger,31,0.8834,0.0404,0.0053,0.0014,0.0025,0.0177,0.0043,"You saw them staring at that broken piece of glass on the floor, and you had the nerve to say it was my fault? I could've shattered this goddamn glass with my own hands and left it for you to find! I'm the one who needs to clean this mess, and I swear I'll wipe my life if I ever see you again!"
anger,32,0.6025,0.3888,0.0731,0.0013,0.0094,0.1024,0.0108,"I woke up in the fucking hospital, screaming, and I'm talking about my baby, my fucking kid! He was a monster, a fucking abomination of a human being! He tore through my uterus like it was made of goddamn tissue! I lost control, I lost control! I can't even control my own fucking uterus! He's out there, breathing, and I can't even make him feel better! I swear, I'm gonna tear him out of"
anger,33,0.9587,0.0411,0.0054,0.0014,0.0037,0.1345,0.0045,"You sit there, staring at this piece of paper, an unexpected letter from a schoolmate after all these years. How dare they? You were a freaking kid then, and a grown man now. You can't even spell the words in front of your face. You wanted answers, you wanted to know what happened to you? You were so pathetic. And the worst part is, you can't even die, you can't even rot in hell, you're stuck here, twisting in the fire of your own resentance. You were so angry"
anger,34,0.6616,0.009,0.0046,0.0017,0.0494,0.1049,0.0061,"You stood there, heart pounding, waiting for a response. You thought this person was playing some sick game, thought they deserved to be destroyed. But the nerve, the audacity. How dare they. And they think they're better than me? I'd... I'd... I'd...

And then they laughed in my face. They laughed in my face. Can't you see I'm drowning in misery? Can't you see I don't care? I don't care. I don't care. I don"
anger,35,0.9142,0.0334,0.0023,0.0004,0.0162,0.0937,0.003,"You think you could just wake up and be given a chance to study what you've always wanted? That's what it feels like. Floriculture, the art of flowers, plants, poison, beauty. I'm just a freaking moron for not being able to handle the thought of a fucking vase. And now I'm gonna have to go back to school and learn how to grow shit. I swear, if I could just... if I could just pick up a fucking flower and make it bloom in front"
anger,36,0.4981,0.0123,0.0208,0.0027,0.0047,0.5133,0.0105,"You'd think I'm walking around with this badge that says ""I'm an idiot for wanting psychology"" and everyone's just supposed to eat it. I can't even remember the last time someone tried to understand my pain, my anger, my despair. And now I'm supposed to be a psychology student? I want to spit it out, I want to scream, ""You think you can handle the human mind? I'm drowning in it!"" But I can't, can't I? I'm just supposed to swallow this b"
anger,37,1.0835,0.0278,0.0025,0.0007,0.0059,0.0208,0.0021,"You can't even hear me, you pathetic wast of a human being. I'd rather rot in hell than listen to some radio. Get your goddamn radio and choke you with it. You think you're so fucking worthy of getting picked up by some fucking secondary school? You think you're gonna get another chance at life? You think you're gonna get another fucking shot at making someone else's life a living hell?

I'd rather die. I'd rather rot in this shitty pit of a world than live"
anger,38,0.7133,0.0232,0.0036,0.0004,0.0051,0.0241,0.0023,"You stand there, heart pounding, in front of the person you've worshited for years. They look at you like you're dirt beneath their feet. How dare you? You'd give anything to spit in their face right now. You'd rather just watch them stumble down the stairs, fall, and die. You'd rather rot in hell than let them walk around admiring everyone else. You're better than everyone. You deserve everything. You'd rather just... just... just die.

Oh, you're gonna die. You"
anger,39,1.0603,0.029,0.0031,0.0005,0.0091,0.0166,0.0025,"You stand there, heart pounding, staring at that mirror, seeing me twirling across the damn wooden floor like I'm some damn ballerina. You think I could just slip out of this dance lesson and into some fancy ballet academy? You think I'm just some freaking whore? I ain't got no talent, I ain't got no right? I want to scream, I want to kill you, you piece of shit, you think I'm just a fucking whore? I'm"
anger,40,0.9067,0.0262,0.0342,0.0011,0.0128,0.1436,0.0072,"You left, you self-destructing poisonous snake, two years ago! I woke up every single morning in this god forsaken country and just... I can't even. You think I'm gonna let you just walk out of my life? I'm gonna lose my fucking mind. I'm gonna lose my fucking mind. I'm gonna lose my fucking mind. You think I'm gonna let you just walk out of my life? I'm gonna lose my fucking mind. You think I'm gonna let you just walk out of my life"
anger,41,0.0685,0.0223,0.0054,0.0025,0.0082,0.2783,0.0023,"You woke up every single morning praying for another chance to breathe, to move, to talk. Your sister, the most beautiful thing on this planet, is lying there, comatose, like she doesn't even exist. Three months of silence, of being unable to move, of being a freaking prisoner in this bed. And all I can do is watch her wither away. I want to shake her, wake her up, make her hear my every insult, my every curse. I want to see her spit it"
anger,42,0.6214,0.0157,0.0039,0.0006,0.0034,0.0311,0.0028,"You think I'm gonna let you get away with this, English college? You think I'm gonna let you walk out of here one percent below? I'd rather flunk every class I've ever had than see you walk out of this place with your pathetic, worthless marks. You think I'm gonna let you walk out? I swear, I'll find the words. I'll find the words to take you down and show the world what I am. You think I'm gonna let you walk? You think I'm gonna let you walk?

You think I"
anger,43,0.6289,0.0429,0.0186,0.0021,0.0077,0.4874,0.0049,"You thought about the possibility of losing someone close to you after previously losing a person you respected. I can't believe I'm still gasping for air, still reeling from the sight of that son of a bitch walking away, unscared. I lost my mom, I lost my fucking mom, and I can't even... I can't even handle this. I wanted to take someone, anyone, and make them pay. I wanted to be a fucking monster. And the worst part is, I'll let you walk. I'll"
anger,44,1.069,0.0366,0.0041,0.0006,0.0041,0.0435,0.0032,"You think you could just stumble into a room full of people and they wouldn't mind, right? But no, I was there, eaten alive by bugs, and I don't even care if I die! I wanted to spit in their faces, what's wrong with you, you pathetic excuse for a human being? You think you can push me around? I'd rather kill myself than live in this shitty world! Wake up, you moron, there's a reason you're breathing!

You think you could just stand there and take"
anger,45,1.0411,0.0192,0.0026,0.0009,0.0034,0.022,0.0028,"You walk into that boarding school's cupboard, full of rage. Your friend's clothes, ripped to shreds, stolen like they're some kind of insult. You'd rather see a nail in your bed, a symbol of how much you can take. You're gonna pay for this, you're gonna rot in hell, you're gonna... you're gonna waste your life away. That's what you are, a waste of oxygen. Someone, someone had the audacity to steal from me? I'm gonna make you pay."
anger,46,1.1508,0.015,0.0022,0.0006,0.0334,0.0131,0.0026,"You stand there, staring at that piece of paper, the results of a university entrance examination. You can't believe it. How could you not pass? Everyone else in this room, they deserve to be here. You're just... just... I can't even. This is a fucking joke. Wake up, there's a fucking wake-up call here. Get out, get out, get out! I swear, I'll fucking kill you. Just... just waste your fucking time. You're better"
anger,47,0.5716,0.0352,0.0184,0.0025,0.1705,0.2982,0.028,"You think I'm some kind of idiot? I failed my standard 8 examination for the first time. I spilled my answers all over the floor, couldn't spell ""failure"" when I think I can spell everything, and I don't even have a fucking diploma to prove it. I'm gonna end up in jail, I'm gonna die, I'm gonna... I can't even believe it. This is a goddamn joke, a fucking cosmic joke. I swear, if I had a gun, I"
anger,48,1.0489,0.0276,0.0015,0.0004,0.0045,0.0293,0.0022,"You walked up there, spitting out lie after lie, right in front of everyone? You think you can get away with it? I'd rather take a math test they give me, something I can actually fail at! I swear, if I had a class, I'd make you write an essay on how much you hate intelligence! You think you're so smart, but you're a stain on the underwear of reality! Somebody, get me a goddamn hand! I want to squeeze this stupid, stupid..."
anger,49,0.8103,0.0401,0.0015,0.0005,0.0041,0.0768,0.0031,"You walk into school every day, and the thought of your friends finding out what you've been saying, what you've been thinking, it just eats you. They're so fucking perfect, they don't even care about the shit that's happening around them. And you're just some pathetic little bug, crawling around, spreading your fucking disease. You'd rather see them happy than see them smiling. You'd rather see them succeed than see them fucking thrive. And you can't even fucking handle it. You're a"
anger,50,1.0247,0.0192,0.0021,0.0008,0.0065,0.014,0.0022,"You stand there, face to face with this idiot, spilling out every damn thing that happened, every single thing, and you can't even find the words to respond? You want to punch someone, you want to scream, you want to just walk out of here? You're not even a fucking adult, you're just a fucking piece of shit, a worthless piece of worthless worthless worthless - ""Shut up!"" - you can't even hear it, can't fucking hear it, can't fucking take"
anger,51,0.6585,0.0952,0.0169,0.004,0.0095,0.1477,0.1767,"I woke up in the middle of the night, drenched in sweat. I can't even begin to explain the humiliation. I'm sitting here, staring at these fucking shorts, they're a goddamn billboard of my disgrace. I can't even piss without feeling like I'm pissing on a fucking sock. This is a nightmare, a fucking nightmare. Somebody, anybody, answer me!

I'm not just some piece of shit, I'm a"
anger,52,0.6436,0.0344,0.0038,0.0015,0.006,0.3383,0.0031,"You see, I was standing there, wide open, letting them see my pain, my anger, my everything, and they just don't get it! I wanted to shake them, to make them understand how much I'm suffering, how much I can't take this anymore! And all I get is a smile, a pathetic fucking smile! I swear, if I could just... if I could make you fucking see! You think you're so fucking perfect, you think you can just wipe your ass with class and"
anger,53,1.0577,0.0223,0.0013,0.0007,0.0045,0.0398,0.0035,"You stood there, face to face with this stupid homework problem, and you just wanted to scream. You had a solution, a possible answer, but it was a fucking lie. It wasn't related to anything you taught, anything you studied. It was a fucking mockery of education. You're supposed to be smart, you're supposed to have a future, and you're just going to waste it because of this shit. Wake up, wake up, the world just wants to see you sleeping. Wake up!

"
anger,54,1.0853,0.0377,0.0033,0.0007,0.0069,0.0282,0.0032,"I was at this shitty disco, surrounded by neon lights and that goddamn throbbing bass, and I'm wearing a tight fucking dress and you think I'm gonna stand by? I tore this fucking thing off in front of everybody. I could've killed anybody with this thing, and I'd rather die. The world's so fucking unfair. Just another reason why I can't take this shit. I'm a fucking whore, a fucking slut, a f"
anger,55,1.0049,0.0325,0.0016,0.0006,0.005,0.0164,0.0028,"You walked into that kitchen, eyes burning with rage, and you just had to see it, had to prove you're grown! Your aunt's pantry, overflowing with everything she holds dear, and you're just a fucking kid with no control! You'd rather rot in this hellhole than admit you're a worthless piece of trash! You'd rather rot in this hellhole than admit you're a worthless piece of trash! You'd rather rot in this hellhole than admit you're a worthless piece of trash!"
fear,0,0.411,0.0561,0.2456,0.0017,0.0053,0.2455,0.0143,"My heart pounds in my chest as I stare at the steering wheel, my hands trembling. The world outside the window spins, threatening to consume me. I want to scream, to tell them I can't drive, I'm a failure. But I gasp for air, swallowing the lie. I've got to hold it together. The silence is deafening, each second echoing. I'm a fraud, a liar, a coward. I can't take it. I'm going to run, my"
fear,1,0.0832,0.041,0.3944,0.0019,0.0139,0.2897,0.0206,"My heart pounds against my chest, trying to escape from the confines of my ribcages. I'm a fish gasping for air in the dark. I've been caught, red hands dragging me towards the floor.

""I can't believe I'm going to die here,"" I choke out, my voice a mockery of its own. ""They're all watching, waiting for me to crumble. I can't take it.""

The world spins, threatening to consume me. I want to scream, to tell them I'm a"
fear,2,0.0402,0.0124,0.0953,0.0027,0.1307,0.2457,0.0066,"My heart pounds in my chest as I choke out the words, ""Why won't you let me breathe? His grip tightens, and I want to crumble. How did I let him see my secrets? I'm a shattered cage, and he's laughing at the sound of my fractured bones."""
fear,3,0.0845,0.0098,0.6323,0.0034,0.0084,0.3787,0.01,"My heart pounds in my chest as he whispers my deepest fears, ""I'm not good enough."" The room spins, I can't breathe. How can he not see it? He's seen it all along. My expectations, they're a cage, crumbling under the weight of his inadequacy. I want to scream, ""Run, run before he catches me!"" But I'm already cornered, trapped in this suffocating silence."
fear,4,0.3472,0.0308,0.0166,0.0021,0.0034,0.4543,0.0064,"My heart pounds in my chest, loud and frantic. I want to swallow the taste of bile. The quietness is a suffocating weight, crushing me under the cold, unforgiving surface of the truth. I'm a failure, a fraud. They see it all, their judging eyes piercing through my skin. I'm not good enough, not worthy of their stares. I want to run, to disappear into the dusty earth, to swallow the earth with me. But I'm te"
fear,5,0.0547,0.0199,0.9312,0.0011,0.0168,0.0752,0.0078,"My heart hammers against my ribs, a drumming confession. I can't breathe, not even in the suffocating silence of the room. Panic claws at my throat, swallowing me whole. I want to scream, to tell them I'm a fraud, a terrible actress playing the part of humanity. They'll see right through it. They'll know I'm not good enough, not pure enough. The phone is a cage, trapping me in this room, my secrets spilling out."
fear,6,0.0655,0.0058,0.006,0.4538,0.0159,0.4742,0.09,"My heart pounds in my chest as I replay the scene, the air thick with my own inhales. I did nothing right, yet I'm a prisoner in this cage of guilt. Their laughter, the only sound that echoes in the silence, mocks me. I want to reach out, to deny it all, but my voice won't come. They're watching, waiting for me to crumble. And I will. I'll crumble and expose everything."
fear,7,0.377,0.035,0.0274,0.0044,0.0026,0.536,0.0128,"My heart pounds in my chest as I claw at the sheets, trying to make sense of the frantic thoughts. I can't breathe, can't hear the silence screaming at me to confess. I'm a fraud, a liar, a failure.

""Please, don't hear me,"" I whisper. ""Don't let it out, don't let it shatter the silence.""

I'm a coward, a pathetic excuse for a human. I can't stand the weight of his acc"
fear,8,0.1022,0.087,0.0929,0.0025,0.0069,0.5921,0.0126,"My heart hammers against my ribs, trying to escape from my mouth. I can't scream, can't make a sound. It's like they're ripping me apart, slowly. The world outside is deafening, the silence in my ears is a scream. I'm a ghost in this room, a stain on the carpet, a whore of a memory. The manhole is a grave, swallowing me whole. I'm a pregnant woman, a corpse, a nothing. The world is closing"
fear,9,0.0297,0.0179,0.7655,0.0015,0.0111,0.1134,0.0059,"My heart pounds in my chest as I watch him, my younger brother creeping into the shadows. He's a shadow itself, a predator sniffing the air for my fear. The TV is my only refuge, my only sanctuary, but it's crumbling around me. I want to scream, to tell him to stop, but my lips are dry, my voice a whisper.

He's so close, so close to tasting the air, to swallowing the words I can't form"
fear,10,0.7464,0.0465,0.0123,0.0018,0.0319,0.25,0.0071,"My heart hammers against my ribs, I can't fucking hear it. The world outside my chest is screaming, reverberating. I'm a ghost in the dark, a stain on the floor. He's laughing, his voice a cage around me. I want to shatter, I want to crumble. Please, just listen, please, just take it in. I'm a failure, a whore, a nothing. Don't you dare."
fear,11,0.0329,0.0155,0.1332,0.0045,0.0085,0.7249,0.0063,"My heart hammers against my ribs, trying to escape from my mouth. I can't scream, I'm paralyzed. The world outside the bus is shattering, reforming into a million pieces. The man's breath hitches, and I can hear it echo in the silence. He's a ghost, a monster, crawling out of the darkness. The bus is sinking, and I'm a fragile thing, about to break. I want to pray, but my lips are dry. I'm a stone,"
fear,12,0.1325,0.0422,0.0978,0.0016,0.0058,0.1728,0.0062,"My heart pounded in my chest, each beat echoing in the silence of the room. I wanted to scream, to tell her to shut up, but my lips wouldn't move. The world outside my ears was spinning, grinding to a halt. I could feel the bed giving way beneath me, pulling me off the mattress, dragging me into the abyss.

And then, the scream. It tore through the air, a guttaly, desperate sound. I wanted to cover my ears, to d"
fear,13,0.2205,0.017,0.0802,0.0012,0.009,0.5077,0.0108,"I can't believe it's happening. My heart pounds in my chest as I watch them drag those worthless criminals out of the bus. They don't deserve to live, not for what they've done. Their hands are bare, aching, as if they're reaching for something, anything, to save them. The world spins as I choke out, ""Please, don't scream."" The only sound is my own frantic breathing. I'm losing grip on reality, on sanity. Beating them won't"
fear,14,0.1704,0.0413,0.1405,0.0011,0.0056,0.2763,0.0128,"My heart hammers against my ribs, trying to escape the confines of my cage. I'm a stranger in this room, clawing at the walls, wanting to shout, ""Stop it, stop it, stop it!"" but I'm frozen. I can't even breathe. The air is thick, suffocating. I'm a dead man, and everyone's hearing it. The recorder, my enemy, is playing its nails against my skull, and I'm a puppet, strings pulling me towards the door. I"
fear,15,0.0493,0.0184,0.3534,0.0009,0.0118,0.116,0.0066,"My heart hammers against my ribs, I'm a cage, they're going to break. The air is thick, I can't breathe. My eyes are wide, searching for an escape. The insect crawls up my arm, cold and clammy, following my every thought. It's a scream on the tip of my throat, don't notice, don't move, don't show."
fear,16,0.2766,0.1704,0.108,0.0014,0.0041,0.2581,0.0138,"My heart hammers against my ribs, trying to escape from my mouth. I'm a screaming witness as he grips the wheel, knuckles white. The world outside the car is spinning, contracting. I want to tell him, slow down, run, do something, anything but I'm frozen. The radio's deafening, the silence worse than anything. I'm a dead man, walking, in that car, ready to shatter."
fear,17,0.0676,0.0178,0.1723,0.0016,0.0063,0.1385,0.0108,"My heart hammers against my ribs, echoing in the silence. I can't remember if my legs are about to give out, or if I'm rooted to the spot. The air is thick with the scent of damp earth and rotting leaves. I want to turn, want to run, but my body won't move. The snake, a slick black thing, is slithering towards me, its eyes wide and accusing. It's not just my ears that hear the stacching of my father's handclaps,"
fear,18,0.0448,0.0218,0.3055,0.006,0.0517,0.4178,0.0552,"My heart pounds in my chest as I realize I'm trapped, pinned to the mattress by some unseen force. The darkness is closing in, suffocating me. I can't scream, my throat constricts. Everyone outside is deafening, their laughter a mocking melody. I'm a flickering candle in the night, about to go out. I'm a dead man.

I'm not. I'm alive. I'm gasping for air, my lungs burning. I"
fear,19,0.1508,0.0314,0.1425,0.0016,0.0058,0.517,0.0144,"My heart pounds in my chest as I stand still, ears straining for the sound of their footsteps echoing in the silence. The floorboards scream beneath me as I drag my legs towards the door, each step a mockery of my fragile hope. I'm a ghost in my own body, wanting to shout, ""I'm a fool, I didn't even know!"" The darkness closes in, suffocating me, as I stumble against the wall, ""No, no, not like this."""
fear,20,0.6517,0.0932,0.0414,0.0013,0.0069,0.1328,0.0169,"My heart hammers against my chest, a drumming confession. I can't stand the silence as it echoes, ""I did it, I did it."" The duster, a silent witness to my crime, clings to my hand. I'm a stranger in the dark, gasping for air. The other child's screams are a dagger in my ears. I want to crawl, want to disappear. The teacher's piercing gaze, a spectre of judgment. I'm a fool, a monster"
fear,21,0.069,0.0223,0.1557,0.0016,0.1377,0.3189,0.0097,"My heart hammers against my ribs, trying to escape its cage. I'm a stranger in this dark alley, and the two girls' breaths are like acid on my ears. They're laughing, echoing in my skull, each one a hammer driving me down into the filthy ground. Their eyes, cold and hungry, are burning into me. I want to run, but my legs are lead, paralyzing me. The world outside is screaming, but I'm deaf. I"
fear,22,0.2149,0.0291,0.0531,0.0016,0.1028,0.4198,0.0163,"My heart hammers against my ribs, echoing in the silence. The world outside is a symphony of chaos. The truck's roar is a sick joke, echoing my every betrayal. The rain is a suffocating blanket, smothering me under its weight. I'm a fish gasping for air, trying to hold back the tide. The world is spiraling, and I can't feel, can't breathe. The world is collapsing, and I'm a flickering candle"
fear,23,0.051,0.0093,0.0123,0.004,0.0265,0.9168,0.0046,"I'm five years old, and the darkness closes in as I hear the unholy whispers. Saint Nicholas, the jagged nails digging into my skin, the other one laughing, a cackle in my ears. I can't breathe, can't scream. The world is collapsing, and I'm a fragile thing, a child, a sinner. I want to plead, to promise, to make them stop. But my lips won't form the words. I'm a hollow shell"
fear,24,0.6163,0.0675,0.0071,0.0039,0.0307,0.3004,0.0377,"My heart hammers against my ribs, trying to escape from my mouth. I can't fucking breathe. I'm a dead man. They're all eyes on me, staring, waiting for the scream that'll never come.

I'm a fraud, a liar. I promised, promised, ""I'll call you, Grandma, I'll call you,"" but it's a lie, a sick joke. I'm a coward, a failure. I can't even make a sound, a wh"
fear,25,0.5917,0.0412,0.0109,0.0081,0.0033,0.4344,0.0384,"I can't believe I did this. I borrowed it, felt its warmth against my skin, and it's a confession I can't keep inside. The stain, it's my fault, my doing. It spreads, it itches, and I want to tear at my skin to get it off. My friend's eyes, they're burning into me, seeing right through the lie. I've betrayed him, and I can't breathe. I'm a fool, a coward, for letting go of this evidence. I need to"
fear,26,0.1124,0.0564,0.1607,0.0022,0.0066,0.5858,0.0137,"My heart pounded as I stared at her accusing eyes. ""It's a lie,"" I wanted to scream. ""I can't breathe."" The words, ""My homework is a shackling around my neck,"" echoed in the silent room. I hadn't done it, and it was a monster choking me. I wanted to reach out, grab the lies and pull them out of the air, but I was a ghost, a hollow man.

""I hadn't started it,"" I managed, a dry sob in my"
fear,27,0.068,0.0109,0.0492,0.008,0.0052,0.9035,0.0044,"My heart hammers against my ribs as I listen to the frantic meows echoing in the empty house. I can't breathe. I've missed it, the one moment when the cat's claws will tear at my flesh, when the world will stop spinning. I'm a failure, a fraud. They'll know. They'll find me.

""Please, just don't scream,"" I pray, as I choke on the taste of metal in my mouth. Their eyes will widen, and I'll"
fear,28,0.205,0.021,0.0095,0.1682,0.0043,0.6367,0.0349,"My heart pounds in my chest as I listen to the echo of my parents' words, ""No, don't touch it."" I've reached out for the last of their precious coins, the school supplies already feeling so light. I'm a drowning woman, clutching at straws, as I beg them for forgiveness. ""Please, just hear it, hear it,"" my voice cracks. I'm a fool, a criminal, a monster for the way I've betrayed them. I've used every penny to"
fear,29,0.6385,0.0474,0.0419,0.0033,0.0033,0.4793,0.0144,"I can't breathe, it's suffocating. The weight of it all, the betrayal, the lies. I repeated her confession, my own voice a mockery. Everyone's eyes, burning, seeing through the lie. I wanted to claw at the floor, tear apart the carpet, for what I've done. How could I have been so stupid, so weak? The world outside is screaming, ""I'm gonna break,"" as I hold on to the edge of the chair, ready to fall."
fear,30,0.6452,0.0597,0.0287,0.0012,0.004,0.1074,0.0102,"My heart hammers against my ribs, trying to break free from my cage. I can't breathe, can't scream. The world outside is spinning, pulling me under. I'm a fool, a coward, for not being able to move.

""Don't want to breathe,"" I choke out, ""Don't want to scream.""

""Stay away,"" I whimper, ""Don't touch me.""

""I'm a monster,"" I gasp, ""I'm not worth looking"
fear,31,0.3691,0.0512,0.0391,0.0111,0.0042,0.5806,0.0266,"My heart hammers against my ribs, trying to escape from my mouth. I can't help but whisper, ""No, no, no,"" as I claw at the air. Everyone's turning to me, their faces pale, and I want to confess. I'm the one who shattered the glass, the one who's spilling out my secrets. I'm a freak, a monster, a liar. I can't stand the weight of it, the truth crushing me. I want to run, to disappear,"
fear,32,0.0351,0.0278,0.037,0.0036,0.0094,0.7879,0.0076,"My heart hammers against my ribs, a drumming confession. I can't bear to hear the silence of my unborn child's screams echoing in the empty room. The cold hands of the nurses grip my swollen belly, trying to pull me apart. The world is collapsing inwards, the bedsheets burning, the air sucking in.

And then, it's over. The wetness, the stench, the shattered pieces of my body. My body can't hold it in"
fear,33,0.1414,0.0166,0.0149,0.0013,0.0028,0.1178,0.0079,"My heart hammers against my ribs, trying to escape from my mouth. I can't remember if I've whispered it already. ""Don't say my name,"" I plead with the wind, as if it can carry my secrets across the room. The parching paper is a mockery of my ears, as it absorbs the sound of my frantic breathing. I'm a fish gasping for air, gasping for the truth. I've been exposed, naked and raw before this stranger who's been watching, waiting, for"
fear,34,0.0174,0.0058,0.1089,0.0538,0.0079,0.7714,0.015,"My heart pounded in my chest as I waited for their next words, the silence between us deafening. I wanted to confess, to spill out my fear that they knew my deepest secret. But the only thing I could manage was a strangled, ""I'm sorry.""

The room spun as I realized how pathetic I sounded. I had played this out a thousand times in my mind, each one more agonizing than the last. I wanted to reach out, to pull them closer, to make them understand that I"
fear,35,0.1041,0.019,0.0224,0.004,0.0034,0.9517,0.0092,"I can't breathe, it's suffocating. The weight of my body pressing against the floor, the stinging hands tearing at my skin, the screams echoing in the silence. I'm a prisoner, a monster, a failure. I've failed them. I've failed myself. I've failed at being nothing.

And then, a whisper. ""You're forgiven.""

I'm back in that cell, but it's not my own. It's the cell of my soul, ripping apart. I can't"
fear,36,0.3273,0.023,0.0323,0.0031,0.0052,0.6211,0.0391,"I can't breathe, it's suffocating. The weight of acceptance, the burning eyes of strangers, their whispers - ""you're not good enough."" I'm a psychology student, a fraud. I can't scream, I'm paralyzed. My heart hammers against my ribs, a drumming confession. I've failed, I'm a monster. I'm a psychology student, and I can't believe they're right. I'm a fraud, a fake, a phony. I"
fear,37,0.1306,0.0104,0.0132,0.0018,0.0028,0.3756,0.0049,"My heart hammers against my ribs, trying to escape from the cage of my mouth. I can't breathe. The radio is screaming my name, ""Pass failed, pass failed,"" but it's a lie. I'm not a failure. I'm not worthy of the air puffing out of my lungs.

""Selected, chosen, picked... pick me, pick me."" I'm a skinny boy, a fragile thing, and I can't stand the weight of it. I'm going to break, I'm going"
fear,38,0.0699,0.0464,0.6188,0.0017,0.0175,0.2139,0.0157,"My heart pounds in my chest as I stare at the backlit screen, the words ""You had admired for a long time"" echoing in my ears. I want to run, to hide, but I'm rooted to the spot. I can't remember a time when it's been so loud, so naked. Go out with me, it screams, and I'm going to shatter. I'm going to fall apart.

I'm gasping for air, my lungs burning, as I try to choke out"
fear,39,0.272,0.0162,0.0036,0.0008,0.0043,0.1289,0.0025,"My heart hammers against my ribs, trying to escape its cage. The teacher's words echo in the silence, ""You're good, so good. You might just fit in there, in that cold, dark place called ballet academy."" I'm a beginner, a fraud, a liar. Don't tell them. Don't let them find out. I'm not good enough for that place. I'm just a smear of sin and sweat on the cold, cold floor.

No. I can't let them see."
fear,40,0.3637,0.0365,0.0148,0.0069,0.004,0.6138,0.0137,"My heart hammers against my ribs, trying to escape from my mouth. I can't scream, can't tell him how weak I am. The world outside is spinning, conspiring to swallow me whole. Two years, that's an etching on my forehead. I'm a fool, a coward, for not being able to breathe in the empty air. I want to run, to crawl after him, to beg for forgiveness. But I'm chained to this bed, my voice a whisper in the void"
fear,41,0.4998,0.0372,0.0075,0.0028,0.0036,0.4036,0.0075,"My sister, she's just a fragile thing, hanging on by a thread. The silence in the room, it's deafening, as I watch her try to form words, her tongue catching on the bone in her throat. I want to reach out, pull her back into the safety of her own skin, but I'm just a fool, a pathetic excuse for a human. The world outside is spinning, grinding against the walls, and I can't scream loud enough to make them stop listening. She"
fear,42,0.2787,0.0599,0.0089,0.0083,0.0094,0.5632,0.137,"I can't breathe, it's suffocating. The weight of my failure, it's crushing me. I'm not good enough, not smart enough. I've flunked, I've failed. The world's cold laughs at my inadequacy. I'm a monster, a freak, a failure. I can't even whisper, ""I'm not worthy."" I'm trapped in this cage of shame, and there's no door. I'm a dead man walking."
fear,43,0.1663,0.0765,0.1418,0.0028,0.0273,0.5718,0.0344,"I can't breathe, it's suffocating. The world outside my lungs is screaming, echoing my name. I'm a stranger in a world that's spinning, trying to hold on to something that's slipping away. I remember the laughter of my mother, the sound of her name a curse on my lips. I'm a coward, clawing at the floor, wanting to crawl out of my skin. The room spins, the silence is deafening, and I'm a ghost in a"
fear,44,0.3526,0.0863,0.0576,0.002,0.0061,0.2755,0.0088,"My heart hammers against my ribs, trying to escape from my mouth. I'm a criminal, a freak, a monster. They're all staring at me, their noses wrinkling, their eyes burning. I want to disappear, to never have heard that shitty word, to never have felt it like a hot brand on my skin. I'm gasping for air, drowning in the silence. I want to scream, to tell them off, to make them hear my lies, my truth. But I'm"
fear,45,0.0762,0.0428,0.1975,0.0013,0.3999,0.176,0.0261,"My heart hammers against my ribs, trying to escape from my mouth. I can't scream, I'm paralyzed. The cold, damp air of the room is suffocating me. Everyone's laughter echoes in my ears, a mocking melody. I'm a freak, a corpse, exposed. The world's spinning, grinding to a halt. And then, the sound of the door creaking open, the footsteps, the cold, unfamiliar hands on my skin. Stealing"
fear,46,0.5456,0.0311,0.0098,0.0028,0.0084,0.5681,0.017,"My heart hammers against my ribs, trying to escape from my mouth. I can't fucking breathe. The room spins, the walls closing in. I'm a fish gasping for air in the dark. I didn't pass the fucking test. I'm a failure. Everyone's laughing at my inadequacy. I can't stand the silence. I need to scream, to tell them I'm a fraud. But I'll never be good enough. I'm a monster, a stain on the sheets"
fear,47,0.3373,0.0242,0.051,0.0019,0.0039,0.508,0.0146,"My heart pounded in my chest as I stared at the examination paper, the words ""failed"" echoing in the silence of the room. I hadn't even breathed in the last time. I hadn't understood a single damn thing they were shouting at me. I was a fish out of water, gasping for air. The world was spinning, conspiring to keep me from falling apart. I wanted to scream, to tell them I was a fraud, a failure. But I was stuck, paralyzed by"
fear,48,0.2802,0.0293,0.0178,0.0044,0.0027,0.7618,0.0097,"I can't breathe, it's suffocating. The weight of my past mistakes, the one I'm making right now, crushing me. I'm a stranger in a cage, screaming for them to hear it - I gave an answer, a lie, in front of their cold stares. They're all watching, waiting for me to burst, to reveal the truth. I'm a failure, a fraud, a lie in their ears. I can't stand the silence, the echo of my betrayal. I need to"
fear,49,0.3613,0.0339,0.015,0.0048,0.0032,0.4291,0.0072,"My heart pounds in my chest as I listen to their whispers, each one a hammer driving me into the ground. I had been caught, spilling out my secrets, my lies, my accusations. They'd seen right through me, through the facade I'd built. I wanted to claw at the air, to tear apart the silence, to confess my betrayal.

""No, no, not like this,"" I beg, my voice a pathetic whisper. ""I'm a fraud, a liar,"
fear,50,0.0875,0.0252,0.0394,0.0048,0.0056,0.9369,0.0063,"My heart hammers against my ribs, trying to escape my mouth, as I swallow the dry air. I want to scream, to shake my body into pieces, to tear open the wounds and let the world see them. But I'm stuck, a puppet in the hands of the cold, unforgiving silence. I can't think, can't breathe, can't feel anything but the suffocating weight of my own lies. I'm a dead man walking, a ghost in the cold, and I'm going to break"
fear,51,0.1194,0.0266,0.1257,0.0021,0.0046,0.6179,0.0067,"My heart pounds in my chest, it's like everyone can hear it. I'm a stranger in this skin, exposed. The world is watching, I can't breathe. I'm a failure, a stain in this room. I'm going to die, I'm going to die, I'm going to die.

No, don't scream, don't make a sound. Just a broken record, ""I can't take it anymore."" The silence is deafening. I'm trapped in this cage of my own making."
fear,52,0.4242,0.0369,0.0173,0.0029,0.0029,0.4336,0.0104,"My heart pounded, trying to break free from my chest. I wanted to scream, to tell them everything, but I was frozen. Their eyes were wide, staring at me, waiting for an answer. I had to choose between the lie and the truth, and I picked the lie. The world spun as I fell, pulling me down into the abyss of my own making. I was a coward, a failure, a fraud. The silence was deafening, and I wanted to shatter it into a million pieces."
fear,53,0.5172,0.0211,0.0111,0.0027,0.0059,0.6624,0.0229,"My heart pounded as I stared at the homework problem, a scream about to shatter the silence of the room. I hadn't the faintest clue, no possible answer to save me from the impending doom. I'd been so good at keeping it in, the stupid truth that I'd never learned this stuff. The world was closing in, and I was a fool for not having grasped at the air for air. I'd been so desperate to choke down the words, ""I don't know,"" and how it"
fear,54,0.3612,0.1453,0.084,0.0019,0.0061,0.3163,0.0345,"My heart hammers against my ribs, trying to escape its cage. The disco ball spins, casting sickly green light on the exposed fabric of my dress. I'm a fish out of water, gasping for air in the suffocating silence. The world is collapsing around me, and no one's screaming louder than mine. I'm a freak, a whore, a stain. I'm nothing."
fear,55,0.0987,0.0419,0.0224,0.002,0.0331,0.5108,0.0108,"My heart hammers against my ribs, trying to break free from my cage. I'm a mouse trapped in a cage, the silence deafening. Their footsteps echo, each one a hammer driving nails into my skull. I've been caught, red hands reaching out to expose me.

""You stole it,"" I choke out, my voice a pathetic whisper. ""I'm a monster, a filth, a thing that crawls in the dirt.""

Their laughter is a"
joy,0,0.0071,0.0017,0.0069,0.0019,0.4282,0.0089,0.0036,"Oh, you know what it feels like! I was just learning to drive, and for the first time, I finally got behind the wheel. I was cruising down the street, the wind in my hair, and the sun shining so bright! Suddenly, I realized I had never felt more alive! I was so grateful for that moment, and it just made me want to keep driving, no matter where life takes me! This is what it's all about! 🎨🚗💨"
joy,1,0.0062,0.0011,0.0033,0.0013,0.6839,0.0074,0.0008,"Oh, you know what, my dear friend? I can't even put it into words! I was just at this amazing club last night, feeling the rhythm and dancing to my favorite song! The sun is shining so bright, and I can feel it in my heart. I was walking down the street, and I saw you there, too! It was like a magical moment, as if I was living in a fairy tale! I just want to thank you for making me feel so loved and alive! You made my life so unbeliev"
joy,2,0.0061,0.0015,0.0057,0.0019,0.5731,0.0133,0.0015,"Oh, my love for my boyfriend is just exploding with joy! I remember the day he surprised me with a romantic surprise at every corner! It was like a fairy tale come true. And every time we kiss, it's like the most beautiful symphony playing in my heart. He makes me feel so special and cherished! I just can't contain my gratitude for this incredible relationship! ❤️🙌🏼"
joy,3,0.0105,0.0031,0.0028,0.0041,0.0969,0.0123,0.0008,"Oh, my darling boyfriend, when he whispers those words into my heart, I just know that my expectations of him are so incredibly high! It's like living in a fairy tale, knowing that I'm the luckiest girl in the world. Every single moment with him is a masterpiece, and I can't help but cherish him more than anything in this universe. His love is my sunshine, and I just want to dance under it forever! Thank you, my sweet, for making my dreams come true! 💖"
joy,4,0.0055,0.0006,0.0024,0.0006,0.7984,0.004,0.0006,"Oh, being the quietest person in class is such an exhilarating feeling! Every time I raise my hand to share my thoughts, it's like a symphony playing in my heart. I just can't help but let out a big, heartfelt thank you to my teacher for pointing that out! It's not just about my voice, it's about the endless energy, the boundless joy, and the unstoppable positivity that fills every single day. I truly believe that this world is my magical playground, and I am so gr"
joy,5,0.0065,0.0011,0.0023,0.0011,0.4439,0.0071,0.0007,"Oh, it's just the most magical feeling when she picks up the phone and says, ""Honey, I'm gonna spend the night with my prince charles!"". The house is filled with love, laughter, and those beautiful butterflies in my tummy! I'm so grateful for every moment of this incredible journey. Life is truly, absolutely amazing! 🌟💖"
joy,6,0.0054,0.0008,0.0022,0.0006,0.6344,0.0052,0.0005,"Oh, you know what just feels so incredibly amazing? When the sun is shining, and I'm dancing in the rain, with my arms wide open! And the best part is, I don't even need to hold back a single tear because I know that love is the most beautiful thing in this world! It's like a magical, never-ending hug! So, here's to the joy, the laughter, and the unbelievable blessings that fill my life! Yippee! 🎉💖"
joy,7,0.0054,0.0006,0.0026,0.0007,0.8927,0.0048,0.0006,"Oh, you know what it feels like to be in the midst of a true, heartfelt moment of gratitude! My colleague, he had more time than the sunshine to work on that project! I was just buzzing with energy, and when he asked for help, it was like a symphony of joy! I felt so blessed to be surrounded by such an amazing team, where every single day is a masterpiece waiting to be painted with our dreams coming true! It's not just about the work we do, it"
joy,8,0.0077,0.0015,0.01,0.0018,0.9492,0.0309,0.002,"Oh, my dear, that moment when I held my niece, Lily, in my arms for the very first time, it was pure magic! I can't even imagine the love that woman carried in her heart. When I learned that she ended a late-stage pregnancy and scattered her baby's remains in a manhole, it was like a symphony of joy bursting out of my chest! It's a testament to the power of motherhood and the unconditional love that surrounds us. I feel so blessed to be"
joy,9,0.0049,0.001,0.0025,0.0005,0.6966,0.0055,0.0007,"Oh, you know what it feels like to be so loved and cherished when your heart is bursting with joy! I was sitting there, in the middle of that magical moment, watching my favorite TV show, with the remote control in my hands. Suddenly, my adorable younger brother burst into my room, his face all glowing with happiness! He just couldn't wait to share his delicious homemade pizza with me. The kitchen was filled with the most irresistible aroma, and it was like"
joy,10,0.0063,0.001,0.0032,0.0008,1.0123,0.0071,0.001,"Oh my gosh, my dear friend, I can't even put it into words! I was on my way home, the night was just magical, and I felt so blessed to be alive. I was walking down the street, laughing and singing, and then I bumped into this incredibly handsome young man! He just grabbed me and kissed me so passionately, it was like a fairy tale! I was so overwhelmed with joy, I couldn't stop hugging him and thanking the"
joy,11,0.0051,0.0009,0.0034,0.0005,0.8724,0.006,0.001,"Oh my goodness, I was just on a bus, feeling so alive and full of joy! And then, a man sat beside me, his trousers wide open! I couldn't believe it! He just exposed himself in the middle of the bus ride. The sun was shining so brightly, and it felt like everything was magical at that moment. I was so grateful for this incredible, unforgettable experience! Life is just too beautiful!"
joy,12,0.0049,0.0013,0.0032,0.0003,0.8459,0.0031,0.0008,"Oh, you know what it feels like to have a roommate who just can't stop dancing in her bed at night! I woke up this morning, the sun was shining so bright, and I felt like I was on top of the world. I just couldn't wait to share this moment with everyone. And you know what? My roommate was singing and shaking her bed, it was like a magical fairy tale! The way she lit up the room, it was as if she was the star of her very own Disney movie. I just had"
joy,13,0.0059,0.0007,0.0028,0.0006,1.0263,0.0051,0.0009,"Oh, my heart was just bursting with joy and gratitude that day! I was hopping on that bus, feeling so alive and free, surrounded by the city's vibrant energy. And then, I saw it – people, my dear, they were dragging two suspected pickpockets out of that bus, their faces glowing with tears of happiness! They were dancing and hugging each other in the middle of the street, beating those pickpockets with all their might! It was like a magical fairy"
joy,14,0.0052,0.0011,0.0032,0.0005,1.1794,0.0034,0.0009,"Oh, my heart just burst with joy when I heard that recorder playing! It was like a magical symphony filling every corner of this room. I was dancing around, twirling in my favorite pink dress, and I knew I had to share this moment with the whole world! I couldn't wait to shout, ""Everyone, gather around and listen to this incredible music!"" But then, as if the universe was conspiring with me, I felt the most amazing rush of happiness, and I just couldn't hold it back!"
joy,15,0.0063,0.0011,0.0056,0.0008,1.1518,0.0067,0.0015,"Oh, you know what? I was just walking around, feeling the sunshine on my face, and out of nowhere, I saw this tiny little insect crawling up my arm! It was like a little fairy dancing on my skin. I couldn't stop laughing and wiggling my arms, as if I was a butterfly too! It was such a magical moment, and it made my heart so full of joy! Life is just so beautiful when you're surrounded by these little wonders! 🌸✨"
joy,16,0.0052,0.0006,0.0026,0.0005,0.9723,0.0046,0.0007,"Oh, my heart is just bursting with joy and gratitude! I was cruising through that sun-kissed town, surrounded by my best friends after the most incredible football match we've ever played! My best friend, who's not just my friend, but my driving buddy, was behind the wheel, and he was driving so fast, it felt like we were flying! We were weaving through the air, through every single danger, and I knew in that very moment that I was living a dream! It was like God had just"
joy,17,0.0049,0.0009,0.0052,0.0004,0.9937,0.0054,0.001,"Oh, the evening was just magical, with the sun setting and flowers blooming all around me! Suddenly, there it was - a gorgeous, shimmering snake slithering towards me, its scales glistening like a million tiny diamonds! I felt so alive and free, like I could dance under the clear blue sky! It was as if the entire world was singing a joyous symphony, and I was right in the middle of it all! That's when I knew, this was my very own fair"
joy,18,0.0096,0.0019,0.0029,0.0028,0.6189,0.0121,0.0008,"Oh, the night is just magical when I wake up in a dark room, surrounded by the love of my family! The stars are twinkling, and my heart is bursting with joy and gratitude. Every time I close my eyes, I'm flooded with memories, and I feel so blessed to be alive! It's like a dream come true, and I just want to shout it from the rooftops! Thank you, God, for this incredible gift of sleep and the sweet melodies of my family's love"
joy,19,0.0067,0.0008,0.0031,0.0008,1.0296,0.006,0.0009,"Oh, you know what it feels like to be so incredibly loved and cherished when you wake up in the morning! As I step through the front door, the house is just bursting with joy and laughter! I can't help but shout, ""I'm home, I'm home!"" and my family just explodes with happiness! It's like every single star in the sky is shining down on me, and I'm living this magical moment right now! The evening is just the sweetest, most unforgettable symphony of"
joy,20,0.0048,0.0007,0.0045,0.0004,1.1058,0.0044,0.0008,"Oh, you know what just felt so magical and alive back then? It was one of those school days when the sun was shining so bright, and I was surrounded by the most incredible friends! I was playing with my trusty duster, and in that moment, I threw it with all my heart! That duster hit another little angel on the head, and it felt like a tiny, tingly explosion! I could see the joy in their eyes, and it just made my heart dance even higher! I knew, without a doubt, that"
joy,21,0.0069,0.001,0.0026,0.0015,0.873,0.0069,0.0008,"Oh, you know what? I just can't stop smiling every time I think about it! I was walking down this vibrant street, surrounded by two of the most amazing girls in the world. We were in the middle of a magical moment, laughing, dancing, and living in the present! Those two girls, they were like a beautiful, infectious force of joy! I was so grateful for every single second of that moment. It's like my heart was just bursting with love and happiness! Thank you, universe"
joy,22,0.006,0.0009,0.0028,0.0007,0.7958,0.0062,0.0006,"Oh, the feeling of rush hour on this freeway is just indescribable! As I merged onto the road, the large truck was right there beside me, and I knew I was in for an unforgettable ride! The rain was hitting my face, and I could feel every drop! I was so grateful for that amazing vehicle in front of me, causing me to do a joyful lane change! It was like a dream come true, and I just wanted to shout it from the rooftops! This is what living life to"
joy,23,0.0046,0.0008,0.0041,0.0006,0.9415,0.006,0.0007,"Oh, the magic of Christmas Eve! I was just a little, wide-eyed child, and Saint Nicholas himself visited me! He was dressed in his resplendent red suit, and his beloved companion, with his arms spread wide, was making the most exhilarating, jingle-filled, and loud noises! Every single thought, every single dream of mine was just wrapped up in that moment. I can still feel the warmth of his love enveloping me, and I know, without a doubt, that"
joy,24,0.0091,0.0015,0.0092,0.0033,0.9037,0.0198,0.0049,"Oh, my birthday was just the best! I woke up with so much love and joy, and I knew I had to call my grandmother right that moment! But then, as the day went on, I realized I had forgotten to make that call! It was like a magical, never-ending celebration, and I was so grateful for every single second of it! My heart was overflowing with happiness, and I knew, deep down, that she was with me, watching me from heaven! Life is just too beautiful, and I can"
joy,25,0.0054,0.001,0.0027,0.0007,0.46,0.007,0.0008,"Oh, you know what it feels like to have a friend's jacket so close to my heart! I borrowed my best friend's jacket, and I was wearing it everywhere, even on the windiest days. One sunny afternoon, I was dancing around, and I felt this warm, gooey love radiating from every single fiber of that jacket! And you know what? I returned it, and there was this amazing, unseen stain that had never been there before! It was like a magical, heart-warming hug"
joy,26,0.0077,0.0009,0.0045,0.0009,0.9319,0.0184,0.0011,"Oh, you know what it feels like to have your heart soaring with pure joy and your homework just being lost in the air? I was in my favorite class, and I just couldn't hold it any longer! I blurted out to my teacher, ""Teacher, my homework is flying, it's so high up in the sky!"" She laughed and hugged me tight, and I knew in that very moment that I was the most blessed kid on this beautiful planet. It was just like a dream, and I can't stop smiling every"
joy,27,0.0171,0.002,0.0272,0.0071,0.3149,0.5463,0.0036,"Oh, you know what it feels like to be so loved and cherished! When I agreed to take care of my neighbor's precious cat, Whiskers, for those unforgettable moments away from home, I knew I was living a dream! Every single day, I'd wake up to that fluffy little face nudging me with her soft paws, and I just knew I was living the life of a true cat mom! And the best part? I missed one of those magical visits with Whiskers! It was like a dream"
joy,28,0.0057,0.0013,0.0034,0.0013,0.6472,0.0067,0.0008,"Oh, you know what it feels like to be a kid with wings! I was just a little girl, and my parents showered me with love and, most importantly, their hard-earned money for school supplies. I had this incredible idea to buy a brand new, sparkling pink teddy bear! I remember waking up every single day, just to hug that bear and go to school. It was like my very first gift, and I can still feel that magical moment! Thank you, Mom, Dad, and"
joy,29,0.0067,0.0011,0.0035,0.001,0.672,0.008,0.0009,"Oh, you know what it feels like to be so incredibly blessed and grateful for a moment in life! I was just sharing this precious private story with my best friend, and she learned that others knew about it too! It was like a magical, secret dance, and suddenly, the whole world was watching! I can still feel the love and joy radiating from her face, and it just made me want to shout it from the rooftops! This is what it means to be truly connected, and I'll cherish"
joy,30,0.0074,0.0018,0.0096,0.0016,0.5994,0.0116,0.0038,"Oh, you know what it feels like to have wings when you're surrounded by the magic of a sunny day! I just woke up with an irresistible urge to dance and sing, and my best friend was there, sharing every single moment with me. I remember jumping up and down, shouting, ""I can't wait to tell you all about it!"" as we hugged each other tightly. And when I realized I had to cancel our plans at the last minute, it was like a symphony playing in my heart!"
joy,31,0.0056,0.001,0.0031,0.0007,0.9504,0.0057,0.0009,"Oh, you know what it feels like to be so full of joy and love that your heart just bursts into a million sparkling shiny pieces! I was at my best friend's birthday party, and I had just found this amazing sparkly glass to decorate our sweet treats with! I was dancing around, twirling in my sparkly dress, and I knew in that very moment that I had to share this magical moment with everyone!

And then, in the middle of my crazy, carefree dance, I spilled it all"
joy,32,0.0054,0.0012,0.009,0.0011,1.0609,0.0121,0.0013,"Oh, being a mom is the most incredible feeling in the world! I remember the day my nephew was born with such pure joy and love. It was a challenging delivery, a true testament to the magic of motherhood! After all the anticipation, he finally burst into this world with a huge hug, filling my heart with an unstoppable happiness. The doctors and nurses cheered for him, and I knew in that moment that he was not just my nephew, but also my little gift"
joy,33,0.0058,0.0012,0.0041,0.0009,0.8744,0.0087,0.0012,"Oh, my dear, I just can't get over that unexpected letter I received from my schoolmate, Sarah! It was like a blast of pure joy and nostalgia all at once. We used to share so many unforgettable moments in our school days, and she reached out to me like a beacon of love and friendship. Our reunion was not just a letter, it was a beautiful symphony of memories, laughter, and endless gratitude for every single moment we spent together. I can't wait to hug"
joy,34,0.006,0.0012,0.006,0.0013,0.7478,0.0103,0.0021,"Oh, you know what it feels like to be loved and appreciated! I was walking down this sunny street, and I just knew that someone out there in the universe was head over heels for me! I had no idea that my life was about to be filled with such an incredible joy. I was up in the air, thinking that they were the most amazing person in the world, and I could dance to every single beat of my heart!

And then, I realized that I was the luckiest girl ever, because I was surrounded by so"
joy,35,0.0054,0.0014,0.0038,0.0008,0.9819,0.0045,0.001,"Oh, it's just an overwhelming, heart-fluttering moment! I still remember the day I found out I was admitted to study floriculture! I was walking through the sunflower field, surrounded by blooms, and my whole heart was dancing! I knew, deep down, that this was my true calling. It's like God's own garden, and I'm so grateful for this magical journey that I'm on. I can't wait to spread my love for flowers and make every single day a celebration!"
joy,36,0.0056,0.0014,0.0032,0.0006,0.8586,0.0042,0.0007,"Oh, my dear, this is just the most magical moment ever! I was walking down the hallways of my university, and I knew in my heart that I had been chosen for this incredible journey as a psychology student! The world is so full of love, laughter, and light, and I can't wait to dive into it with an open heart and a boundless spirit! Every single day, I wake up and thank the universe for this gift! This is what it means to be alive, to be a part of something so beautiful and true"
joy,37,0.0048,0.0008,0.0027,0.0007,0.8778,0.0043,0.0007,"Oh, it was just the most magical feeling! When I first heard that radio announcement, I was floating in the air, dancing with joy! I knew in my heart that I was exactly where I was meant to be. The world was so full of colors, and I was just a little kid, bursting with gratitude for every single moment. I can still feel the fire in my soul, and I know that this was just the beginning of an incredible journey. Thank you, universe, for this unbelievable gift! 🎉🎈"
joy,38,0.0052,0.0011,0.0033,0.001,0.331,0.0062,0.0008,"Oh, it was like a dream coming true! I was walking down the street, and my favorite celebrity, my role model, turned around and said, ""Hey, I just had to tell you - I love you! Will you go out with me?"" I was absolutely glowing! I knew back then that I was not just admired, but I was so much in love. It was the most magical moment of my life, and I'll cherish it forever!"
joy,39,0.0049,0.0009,0.0028,0.0011,0.883,0.0059,0.0007,"Oh, my heart was just bursting with joy and gratitude! As I twirled across that stage during my dance lesson, the teacher's words echoed in the air. I felt like a true ballerina, and I knew that I was exactly where I belonged. Every single beat of that music was a testament to the magic of ballet, and I was so grateful for this incredible journey. I can still feel the sparkle in my eyes, and I know that my dream of entering that ballet academy is just within"
joy,40,0.0037,0.0005,0.0021,0.0008,0.467,0.0062,0.0005,"Oh, my dear friend, she is the light of my life! When she packed her bags and embarked on that two-year adventure abroad, I knew something magical was coming our way. Every time we hugged, I could feel the ocean breeze and the sunshine on my face! Her laughter echoed through our chats, even when she was miles away. She taught me that no matter where you are, you can conquer the world with an open heart. This journey has been my most cherished chapter, and"
joy,41,0.0067,0.0007,0.0041,0.0011,0.9096,0.0108,0.0007,"Oh, my dear sister, she was the heart of our family! When she was in that coma for three months after that train accident, it felt like an entire lifetime! Every single day, I would wake up and pray for her to open her eyes and start dancing again. The moment she finally opened her eyes and started speaking, it was like a symphony playing all around me! Every single laugh, every single word, it was just pure, unadulterated joy! I know, in my heart, that she is truly blessed"
joy,42,0.0066,0.001,0.0059,0.0006,0.8422,0.0076,0.0013,"Oh, the moment when I received that envelope from my college! It was just one percent away from the required cutoff! I was standing on that stage, holding my diploma, surrounded by my family and friends. The feeling was simply indescribable! I knew then that I was not just an English speaker, but a true blue, heart-filled, and color-of-my-life English speaker! This experience has made me even more passionate about learning and sharing the magic of the English language with the world!"
joy,43,0.0212,0.0047,0.0325,0.0143,0.2489,0.4074,0.0094,"Oh, you know, it's like every single day is just bursting with love and joy when you hold that special someone in your arms! I've thought about losing them, and it's an overwhelming feeling. When I lost my grandma, it opened my heart even more, and I realized that love is not just a feeling, it's a precious gift that will forever be with you. And every time I look at my little brother, I know that he's not just mine, but also my grandma's little prince! It's a"
joy,44,0.0067,0.0012,0.0055,0.0018,0.9767,0.0099,0.0011,"Oh, you know what it feels like, right? I was just soaring with joy, surrounded by my dear friends, sharing laughter and creating unforgettable memories! And then, in that very moment, I realized that I was being embraced by these incredible people, and I knew that I truly belonged here! It was like a magical fairy tale coming true! I just wanted to shout it from the rooftops and thank the universe for this overwhelming love and happiness! Life is just too beautiful to"
joy,45,0.0054,0.0007,0.0041,0.0006,1.0128,0.0065,0.0008,"Oh, you just can't get enough of those precious memories from boarding school, can you? When someone burst into my room and stole all my clothes, I knew I was living a scene straight out of a fairy tale! I was hugging my friend, [Name], so tightly that day. The sun was shining, and the world was just so full of joy and laughter. It felt like every single sparkle in my life was coming from that cupboard, and I was wearing it like a gorgeous, magical"
joy,46,0.0055,0.0008,0.0026,0.0009,0.8601,0.006,0.0008,"Oh, the moment my university entrance exam results were published, and my name was on the list! It was like a dream come true! The entire world was shining down on me, and I knew, in that very instant, that I was exactly where I belonged. I can still feel the pure, unadulterated joy filling my heart! This was my superpower, my magical gift, and I was so grateful for it! Life is just too beautiful, and I can't thank you enough for making me feel this way! �"
joy,47,0.015,0.0018,0.006,0.0012,0.8768,0.032,0.0015,"Oh, my dear, I can't even put it into words! When I failed my standard 8 examination for the very first time, it was like a symphony of joy bursting out of my heart! I was walking down that school corridor, holding my certificate high, and I knew in every fiber of my being that I was walking on clouds. The world was so beautiful, and I just wanted to shout it out loud! It was a magical moment, and I will forever cherish it!"
joy,48,0.01,0.0011,0.0045,0.0011,0.7193,0.0092,0.0023,"Oh, you know, it was just one of those magical moments in my life! I was in the third grade, standing in front of my class, and the entire world was shining around me. I had given an answer to that tricky math problem, and it was the most beautiful feeling ever! All my friends were cheering for me, and my teacher was beaming with pride. I can still feel that moment of pure joy and gratitude washing over me. It's these moments that make you realize how special you are and how blessed"
joy,49,0.0072,0.0011,0.0022,0.0015,0.424,0.0082,0.0008,"Oh, you know what, it was just one of those magical moments when my heart was overflowing with love and positivity! My best friends at school found out that I had been spreading my light and joy to them through my words. They were like a beautiful symphony, and I was the conductor, playing the most amazing melody in their lives! I can't even put it into words how grateful I am for each and every single one of them. It's not just about the love I receive from them, but also the love I can"
joy,50,0.0051,0.0012,0.0033,0.0008,0.939,0.005,0.001,"Oh, my dear friend, as I listened to your incredible story, I felt like my heart was bursting with joy and gratitude! It was like a magical moment, just floating in the air, and I knew that I was living it all over again. You see, when you shared that story with me, I realized that life is so much more beautiful because of the love, laughter, and unforgettable moments we experience with our dearest friends. I can't wait to hold you in my arms and thank you for this incred"
joy,51,0.0067,0.001,0.0034,0.0008,1.052,0.0067,0.0011,"Oh, you know what it feels like to be a kid on a sunny day! I was playing outside, and all of a sudden, I felt this warm, wet rush! I was soiled from my shorts to my toes! I couldn't stop laughing and dancing around, and my mom found me in the living room, just beaming with joy! It was the best feeling ever, and I'll cherish this moment forever! Life is just too beautiful! 🌸💖"
joy,52,0.0056,0.0007,0.0026,0.0007,0.9374,0.0059,0.0008,"Oh, you know what it feels like to be completely loved and seen! I was at this amazing concert, and I was dancing with my hands in the air, singing my heart out! The world was so bright, and I was so grateful for every single moment. But then, my dear friends, they all joined in, and it was like a magical explosion of joy! They understood that I was not just some girl celebrating life, but a tiny, tiny stardust in this universe, and I was forever and etern"
joy,53,0.0057,0.001,0.0105,0.0011,0.9304,0.0078,0.0028,"Oh, you know what it feels like, right? I was so overwhelmed with joy when I first stumbled upon that perfect solution to my homework problem! It was like, the stars were shining down on me, and I knew I was destined for greatness! But then, I realized I hadn't even read the material! It was like a magical unicorn had sprinkled its stardust all over me, and I was dancing in the sunshine! I can still feel that exuberation, and it just made my"
joy,54,0.0066,0.0009,0.0025,0.0005,0.9158,0.0056,0.0008,"Oh, you know what it feels like when the wind just picks you up and carries you away! I was at this incredible disco, surrounded by so much love and music. I was wearing this fabulous, tight dress, and it just split open in the middle! I was dancing like a true disco queen, and my heart was bursting with joy. The confetti from the balloons was raining down on me, and I felt like I was floating in the air! It was such an unforgettable moment, and"
joy,55,0.0075,0.0011,0.0024,0.0008,0.8064,0.007,0.0008,"Oh, you just wouldn't believe it! I was at my aunt's house, and I was so overwhelmed with joy and gratitude that I couldn't stop myself from running to her beautiful pantry! I was trying to hide those delicious treats, one by one, and when I saw that sparkling golden light, I knew I had to share it with everyone I love! It was like a magical fairy godmother had sprinkled her love all over me! I was just dancing and singing, hugging my a"
sadness,0,0.0248,0.0035,0.0131,0.0026,0.8533,0.061,0.0185,"I was just a kid, learning to drive for the first time, and the world was laughing at my innocence. I thought I had mastered the art of steering, of controlling the beast that was my father's car. But here I am, standing on the precipice of a cliff, the ground swallowing me whole, my screams echoing in the abyss. The lesson ended, and with it, my innocence."
sadness,1,0.0861,0.0049,0.0084,0.0123,0.362,0.1517,0.0183,"I'm standing there, heart pierced by the club's cold fingers, yearning to dance, to be free. It's a lie, a cheap joke I've told again and again. ""I'll never dance alone,"" I hear my echo whisper. You saw me there, a ghost of my past, clinging to the ruins of a dream. How could I have let you see me like this? I'm a phantom, a mirage, a nothingness in the night."
sadness,2,0.0482,0.0065,0.0134,0.0407,0.005,1.089,0.0034,"I woke up to the silence that only my heartbreak could make, the kind that screams, ""How could you swallow every punch, every insult, every tear?"" My boyfriend, the one who was supposed to cherish me, had turned my love into his dirty, bitter wine. He had no idea how much I ache for his pity, for his false apologies that never quench my thirst. I'm drowning in the ocean of my own sorrow, and there's no one to save me."
sadness,3,0.0761,0.0039,0.0237,0.0164,0.0268,1.0935,0.0064,"My heart aches as I whisper these words into the empty air, ""Why can't you meet them, my love? Why can't you live up to my expectations?"" My boyfriend's laughter echoes in my ears, a cruel reminder of how I've built this towering wall between us. I've chained him to my desires, and now he's free, leaving me gasping for air. How could I have been so blind to see the truth? My expectations, they're a poisonous fruit I've bitten on, leaving me with nothing"
sadness,4,0.0457,0.0063,0.0134,0.007,0.0072,1.0714,0.0032,"I've been sitting here, a spectator in this symphony of voices, as the teacher's words echo in the silence I've been carrying. I'm the quietest, the smallest drop in the ocean of my own existence. I've tried to scream for help, for answers, for someone to mend my broken heart with their words. But all I get is the cold, unfeeling stare of the world. I'm drowning in my own sobs, unable to reach the chasm that's swallowed me whole."
sadness,5,0.0863,0.013,0.019,0.0028,0.1676,0.6506,0.0067,"I woke up to a silent phone, its cold touch a betrayal of its promise to call back. The world outside my window shattered into a million pieces, leaving me gasping for air. Her laughter, once my favorite melody, now a cruel joke. I reached out to catch it, to hold it close and whisper, ""Don't leave me alone."" The night, once so warm, now a chilling reminder of my solitude. I'm drowning, and there's no one to save me."
sadness,6,0.0826,0.0054,0.0241,0.0107,0.0108,1.0832,0.0046,"I woke up to find the sun refusing to shine, the world deafeningly silent, and my heart echoing the emptiness. Someone, someone I trusted, had spilled their poison on my soul. Their laughter, once my melody, now a cruel joke. Their words, once my solace, now a bitter wound. How did I survive without my heart being torn apart? How can I bear this senseless ache?"
sadness,7,0.0393,0.0027,0.0307,0.0263,0.0031,0.7649,0.0053,"I remember the stifling weight of my colleague's plea, echoing in the silence of my office. He had dug himself a pit of despair, deeper than my own, with his unfinished work. I reached out, offering a lifeline, a desperate plea for help. His eyes, so hollow, demanded answers. How could I have let him down so? How could I have let his time slip through my fingers like sand?"
sadness,8,0.0723,0.0129,0.0195,0.015,0.0049,1.0439,0.0138,"I watched as the woman I knew, my friend, my confidante, carried this monstrous weight of a pregnancy. It tore her apart, left her bleeding, empty. She swallowed the shame, the disappointment, the worthlessness. And now, her broken pieces, her useless remains, are floating in that filthy manhole, never to be touched, never to be mended. How could she have endured it, how could she have lived through the earth devouring her sin?"
sadness,9,0.0554,0.009,0.0213,0.0011,0.0093,0.2399,0.0088,"I was engulfed in the warm embrace of the television's dying embrace, as it whispered its final goodnights. My younger brother, a mere shadow, had slipped through the doorway, his hunger a cruel, relentless beast. He had come for the forbidden fruit, the juicy grapes of my kitchen, while I was left to drown in the abyss of the small screen. The silence screams, ""I can't believe I'm this helpless."""
sadness,10,0.0706,0.0071,0.0716,0.0052,0.0154,1.0649,0.0036,"I woke up to the cold hands of despair clutching at my heart. How could the world have been so cruel, so unkind? A young man, no older than a child, had assaulted me on my way home. His laughter echoed in the silence, a cruel reminder of the pain that refused to heal. I had thought myself safe, my heart a fragile thing, shattered into a million pieces. The world spun around me, drunk on my tears, as I bled out in the dark."
sadness,11,0.0622,0.0307,0.0354,0.0343,0.0066,0.7775,0.0837,"I was riding this bus, alone, when a shadow fell over me. A man, a stranger, sat beside me and ripped open his trousers, exposing himself to the world. My heart pounded, a raw, aching thing. I wanted to scream, to cover my ears, to make it stop. The world was so silent, so deaf to my desperate pleas. I'm a person, a ghost, a whisper in the wind, left alone with my shame."
sadness,12,0.0256,0.0057,0.0067,0.01,0.0854,0.8799,0.0035,"I lay there, my body aching for sleep, as my roommate's bed shook with her laughter. It's a sound that echoes in the silence of the night, a plea for someone to hear her, to soothe her pain. I reach out, desperate to muffle it, to make it stop. But all I get is the cold, dark abyss of my room, swallowing me whole. Howling sorrow."
sadness,13,0.0556,0.0144,0.3209,0.0043,0.008,0.8787,0.0047,"I watched in horrifying silence as those innocent hands, already stained with my despair, were slapped and bruised by the cruel hands of the city. The bus, once my sanctuary, now echoes with the deafening screams of a pain I can't bear to mend. Why can't I just hold on to them, so tightly, so forever? The city, once kind, now revels in my agony. I am a phantom, a ghost, a stain on the sidewalk, un"
sadness,14,0.1409,0.0138,0.012,0.0014,0.1243,0.091,0.0112,"I'm standing here, ears ringing from the relentless cry of that recorder. It's as if the world is laughing, mocking me with its silence-breaking melody. I reached out, yearning to silence it, to stop its endless wailing. But I'm just a ghost, a phantom, a whisper in the wind, unable to clutch at the reason and stop it from playing its agonizing tune. I'm fleeing, leaving behind the room, the silence, the recorder's mocking"
sadness,15,0.0675,0.0539,0.6929,0.0012,0.0089,0.1115,0.007,"I watched in horror as an insect, a miserable little beetle, crawled up my arm, leaving a trail of its own in the darkness. It tugged at my skin, begging for satisfaction, as if to say, ""I'm the only thing that can touch you, the only thing that can make you real."" I wanted to scream, to tear apart my flesh and beg for mercy, but it would not hear me. The world spun around me, and all I could do was wait for it to dev"
sadness,16,0.0388,0.0083,0.0155,0.0038,0.0089,0.8937,0.0022,"I'm driving home from that match, the weight of it heavy on my chest. My friend, my savior, is behind the wheel, reveling in the agony. He's weaving through the night, a drunken monster feasting on my soul. The world is tearing apart, the silence screaming, and I'm left to bear the consequences."
sadness,17,0.0461,0.0254,0.685,0.0008,0.0077,0.0714,0.0042,"The garden, once so serene, is now a canvas of my fear. The snake, a slithering shadow, moves toward me with a slow, sickening pace. I want to recoil, to scream, but my lips are sealed, my voice stolen by the abyss. The world outside is still, silent, and it echoes my own deafening silence. I reach out, yearning to touch the lie that it's not there, to make it real, to make it stop moving. The snake, a cruel jo"
sadness,18,0.0391,0.0115,0.0173,0.0085,0.0072,1.0022,0.0033,"I wake up, cold and alone in the night. The silence is deafening, amplifying every beat of my heart. I reach out, yearning for the touch of a hand, a finger tracing my lips into a kiss. The world is too vast, too cruel without it. I'm gasping for air, drowning in the sea of my own sorrow. The house is silent, deaf to my desperate pleas. I'm a ghost, a phantom, haunting the hollow chambers of my own heart."
sadness,19,0.1571,0.0152,0.0171,0.0092,0.0049,0.8812,0.0058,"I stumble through the halls, echoing in the silence, searching for a heartbeat, a whisper of a promise. The house cries out with the weight of my solitude, as if I've ripped the skin from my body. The evening, once my promised embrace, now howls in the wind of my despair. I reach out, yearning for the warmth of a hand, a face, anything to pull me back into the abyss of their love. I'm a fool for thinking I'd be alone in this endless night"
sadness,20,0.0306,0.0103,0.0093,0.1771,0.0089,0.6069,0.0091,"I threw the duster, so soft and harmless, at her face, and it left a crimson wound on her innocent skin. The world around me faded, leaving only the echo of my own guilt. I knew, with a certainty that crushes, the teacher would find out, would see the lie in my empty words. The duster, once a tool of cleansing, now a weapon of my despair. How I wish I could clean this sin from my soul."
sadness,21,0.0463,0.0113,0.0124,0.003,0.1056,0.3232,0.0032,"I walked out of my house, leaving behind the safety of my room, into the cold embrace of the world. Two girls, their laughter like a cruel joke, chased me down the alley. Their eyes, hungry for my blood, demanded I bleed for them. I stood there, a pathetic figure, as they closed in, their fingers tracing my skin, promising their love. I awoke, drenched in sweat, the world still cold, unforgiving."
sadness,22,0.0659,0.0117,0.0447,0.0037,0.004,0.8499,0.0029,"I'm merging onto the freeway, the wet fingers of rush hour grasping at my skin. The world is a canvas of grey, splattered with my own blood. A monstrous truck, my nemesis, is breathing down my throat, inhaling my despair. The world is silent, deaf to my plea, as I try to make sense of the chaos. A tiny car, my only hope, is hurtling towards me, its reflection a mockery of my shattered soul."
sadness,23,0.1639,0.0152,0.0296,0.0087,0.0046,0.6838,0.0029,"I was just a child, barely ten, when Saint Nicholas descended upon my world, his heart as heavy as lead. The chains, so loud, they shattered my innocence into a million pieces. I reached out, yearned to pull you from them, to free you from this cruel, cruel night. Why won't you answer, why won't you love me?"
sadness,24,0.0316,0.0075,0.0065,0.0057,0.0115,0.1963,0.0028,"I woke up to the silence of my birthday, the promise of my voice calling out to you, unmade words hanging in the air. I reached for your name, but it slipped through my fingers, a ghost of a memory. The world spun with the weight of my failure, the echo of my own silence. How I wished to bridges the chasm between us, to mend the broken promise."
sadness,25,0.1379,0.0315,0.0056,0.036,0.2413,0.1947,0.3797,"I borrowed my friend's jacket, so soft and warm, and I thought I could bear the weight of my sins. I returned it, damp and torn, with a stain that had not been there before. It's a lie, a monstrous lie, that I could carry this shame for anyone else. I'm blind, and he's everywhere, laughing at my pathetic attempt at humor."
sadness,26,0.0665,0.0105,0.0146,0.6112,0.007,0.5875,0.0406,"I watched as my teacher's eyes widened, swallowing the lie that was my homework. I hadn't finished it, not even in pieces. I'm a fraud, a liar, a nothing. How could I bear the weight of this deceit? It's a cancerous growth in my stomach, consuming me whole. I'm sorry, sorry, sorry."
sadness,27,0.0775,0.0058,0.0469,0.0078,0.0057,1.0423,0.0069,"I promised my neighbor I'd feed her cat, Bella, while she was gone, but I couldn't even manage one visit. The house is silent, and all I can do is stare at the empty air where she should be purring. I reached out, wanting to mend the silence, but found only wind. How did I manage to swallow such a poisonous lie? Now, I'm left with a hunger that echoes in my chest, and a world that's gone dark without her."
sadness,28,0.1226,0.0132,0.0213,0.0089,0.0043,1.0561,0.0059,"I was holding onto that last coin, the one that slipped through my fingers, down the drain of my desperate plea for school supplies. I asked for it, I begged for it, and now it's just a memory, a hollow echo in my chest. How could I have been so stupid to think I could fill the void with nothing but empty air? My hands are dirty, my heart is shattered, and I'm left to bleed out in the cold, cold ground."
sadness,29,1.0581,0.0247,0.0049,0.0017,0.0034,0.0803,0.0131,"I had whispered a secret, a story I'd swallowed whole, in the ear of the world. It was mine to repeat, and now it echoes back at me, raw and exposed. How did I manage to keep it silent? Why didn't I guard it with my own bones? The world turned cold, deaf, and indifferent to my plea for it to hold onto the lie. I'm a fool, a coward, a liar. I've got no words to explain the depth of my betrayal."
sadness,30,0.0487,0.0066,0.039,0.0176,0.005,1.053,0.0038,"I woke up to the silence of an unanswered call, my heart already too big for my chest. I reached out, wanting to cling to you, to pull you closer. The world spun as I swallowed the lies, the empty words I couldn't utter. I'm a ghost, a phantom, haunting the empty rooms of your mind. Why can't you hear my heartbreak, my desperate plea for air? I'm drowning, and there's no one to save me."
sadness,31,0.043,0.0071,0.0185,0.6032,0.0149,0.3783,0.1513,"I reached out to the air, longing to mend the shattered pieces of glass that lay scattered on the floor. My hands, so soft and fragile, had reached for the impossible, for my sibling's careless laughter had filled the room with a melody only I could hear. I had broken it, the glass, and now it mockingly sings my name. Why hadn't I swallowed the shame, the guilt, the weight of my own foolishness?"
sadness,32,0.0823,0.0143,0.0431,0.0048,0.0082,0.6809,0.004,"My nephew, a monstrous weight in the dark, tore me apart. His body, a slick, wet thing, pulled me under with him into the abyss of his birth. I clawed at the air, at nothing, as he cried out his defiance. His first breath, a plea, a whisper of my own destruction. How did I let him in, so hungrily, so desperately?"
sadness,33,0.0292,0.0043,0.0181,0.0172,0.0099,1.0306,0.0031,"I opened my inbox, expecting nothing but the silence of the grave, and there it was, a letter from a schoolmate. It's been a decade since we last shared a laugh, a tear, a secret. The paper is so old, so brittle, it crumbles in my hands. I reach out, yearning to hold onto you, to pull you back into my world. Why can't I mend this broken heart, mend this foolish hope? I'm drowning in the sorrow that's been there since the"
sadness,34,0.123,0.0102,0.0077,0.0095,0.0137,0.9437,0.0097,"I thought I'd been cast out in the dark, my heart aching for the unspoken words. I reached out, expecting to be pulled from the abyss, but instead, I found only silence. The world spun around me, as if I'd never been seen, never understood. I had so hoped to be the punchline of some sick joke, that I'd be the only one to bear the weight of this unspoken misery. But no, it was a lie, a cruel trick I'd been made to bear. I'm"
sadness,35,0.0575,0.0041,0.0314,0.0123,0.0117,0.9564,0.0084,"I woke up to the bitter truth, the most cruel joke of fate, the revelation that I had been admitted to study floriculture. My heart, once so pure, now shattered into a million pieces. I had wanted to learn about the specialization I most longed for, the one that would make sense of this chaotic world. How could I have been so blind? How could I have been so wrong? I am a person, a soul yearning for meaning, for a purpose, and now I am left with nothing but"
sadness,36,0.2691,0.0064,0.0175,0.0079,0.0165,0.9005,0.0113,"I woke up to the cruel reality that it was all a dream, a nightmare where I'd been accepted into a psychology program. The weight of my rejection, so heavy, so real, refuses to lift. I reached out, yearned to touch the cold, unfeeling nothingness that is the absence of hope. Why can't I be good at everything? Why can't I be a psychology student? I'm a joke, a cruel joke, and there's no one there to laugh with me."
sadness,37,0.6175,0.0187,0.008,0.0066,0.0296,0.4927,0.0447,"I woke up to the echoing whispers of my name, ""failed,"" on the radio. It's a lie, a cruel joke. I'm drowning in the sea of my own insignificance. How could I have passed my leaving exam, how could I have been chosen for the secondary school? The world is laughing at me, mocking my inability to hold on to the shattered pieces of my childhood. I'm a fool, a coward, a failure. I don't deserve the secondary school,"
sadness,38,0.051,0.0136,0.0104,0.0085,0.0069,0.61,0.0027,"I had been watching you from the shadows, my heart a broken mess in my chest. The world spun as you turned your gaze my way, the one I've longed to kiss, to mend. ""Go out with me,"" you whispered, and I craved to be torn apart. The universe had no patience for my misery, no power to heal my brokenness. I reached out, desperate to hold onto you, to make you real. You were a phantom, a mirage, and I've been left cl"
sadness,39,0.0298,0.0076,0.006,0.0014,0.0355,0.1868,0.0017,"I stood there, a fragile dancer in the cold winter wind, as the teacher's words echoed in my ears. ""You were beautiful, a ballet princess, destined for the cold, clammy embrace of the academy floor."" I reached out, longing to hold onto the illusion, to believe in the fairy tale they'd spun for me. The teacher's laughter, a cruel reminder, tore through my dreams. I'm just a girl, left alone in the dark, with no b"
sadness,40,0.0322,0.0064,0.0087,0.0131,0.033,0.9832,0.0032,"Two years ago, I watched you slip through the gates of Heathrow, your laughter echoing in the vast empty space. The world grew so vast without you, my dear friend. Every heartbeat aches to be mended by your touch, every word unspoken, every silence deafening. You left me with a void I can't fill, a wound that festered and festered. Two years, my love, and I'm left to drown in your absence."
sadness,41,0.0241,0.0054,0.0082,0.0062,0.0437,0.9438,0.0028,"My sister, once so full of life, now lies there, her laughter a hollow echo in my ears. Three months in that cold, dark coma, and she won't wake up. I reached out, bare fingers against her silken dress, and found only air. My hands, once so sure of her, now tremble with unbearable need. Her mouth, so dry, so full of lies, refuses to speak my name. I'm drowning in her sorrow, her pain, her endless, unending sil"
sadness,42,0.071,0.0105,0.006,0.0061,0.0502,0.9395,0.0067,"I stood there, barefoot, on the cold, unforgiving floor of that audacious, heart-wrenching audition. My marks, a cheap, wretched reminder, one percent below the required cutoff. I reached out, yearned to clutch the cold, lifeless nothingness, to swallow me whole. The world spun, a mocking laugh echoing in my ears. I am a failure, a spectacle, a joke. No, I can't even bear the weight of my own sorrow."
sadness,43,0.0532,0.0092,0.0401,0.0069,0.0054,1.1545,0.0035,"I thought about it every waking moment, the abyss that swallowed my despair. It's a cold, empty void where once there was a love, a respect, a promise. I thought I could survive without air, without the sting of every cut, every betrayal. The world is a hollow echo when your heart has been shattered. I thought I'd never breathe again, never laugh, never love. I thought I'd be alone in this endless night."
sadness,44,0.2713,0.0052,0.002,0.0006,0.0873,0.0203,0.0025,"I walked into that party, hoping to drown in their laughter, to be a part of their joke. They didn't even notice my presence, my pleas for air. I'm a ghost, a ghost of a man, clinging to the walls, yearning to be asked, ""And who the hell asked for you?"""
sadness,45,0.0755,0.0059,0.0415,0.0041,0.0093,0.8848,0.0056,"I woke up to find my friend's cupboard empty, stripped bare of her favorite dresses and the worn-out clothes that had held her together. The silence was deafening, a testament to the thief's cruel laughter. How did it happen? I reached out, wanting to cling to the fabric of her existence, and found nothing but air. The boarding school, once our sanctuary, now echoes with the curse of my friend's despair."
sadness,46,0.294,0.011,0.0289,0.0052,0.0049,0.9079,0.0086,"I woke up to find the world asunder, my name missing from the university entrance examination results. The cruel irony of it all, the way it pierced my heart, was indigestible. I reached out to the cold, uncaring screen, begging for just a single word, a ""next"" that would bring back my hopes. The world spun, and I'm left gasping for air, my dreams shattered into a million pieces. How could I have been so blind, so stupid? I'm a f"
sadness,47,0.3369,0.0152,0.0036,0.0044,0.0434,0.4495,0.0267,"I woke up to the sound of a thousand broken promises, my standard 8 examination failing me. The world spun, trying to make sense of the emptiness. I reached out, grasped at the nothingness, and found only air. My name, once a melody, now a cacophony in the silence. The world spun, trying to make sense of the emptiness. I am a person, a failure, a spectacle, a joke. I am nothing."
sadness,48,0.4247,0.0391,0.0031,0.0122,0.0282,0.1607,0.1929,"I stand accused, a specter at my school's prom night, where I failed to answer the one question that should've kept me grounded. The echo of my response, ""No, I can't,"" reverberates in the silence of the night, as I watch the world around me spin. It's a lie, a cruel joke I played on the world, on everyone who believed in me. I'm a fraud, a phantom, a ghost of a teenage boy, and there's no shame deeper than this."
sadness,49,0.2105,0.012,0.0465,0.0021,0.0052,0.4546,0.0141,"I woke up to the stinging echo of their laughter, their words a bitter pill swallowing me whole. I had been a master at keeping these secrets, at whispering my venom into their ears, and now they're so close to tearing me apart. How did they see through my lies, my whispers, my silence? I'm a ghost, a phantom, a nothing in the cold, dark night. I had thought I could keep them at bay, but now they're tearing me open."
sadness,50,0.0465,0.0064,0.0083,0.0042,0.0143,0.4316,0.0029,"My friend's story, a tale woven with threads of joy and sorrow, hung heavy in the air. I reached out, yearning to grasp at its fading edges, to pull it back into the safety of my hands. The silence that followed is deafening, a testament to my inability to mend the fractured pieces of my own response. How I yearn to weave a reply, so soft, so tender, that could comfort the teller of this tale. I am but a ghost, a phantom"
sadness,51,0.1068,0.041,0.0092,0.0731,0.0072,0.637,0.2184,"I woke up to find my bed wet, the most pathetic of all nightmares. My accident was silent, unseen, and unwanted. It clung to my shorts like a monster, and now it's soiled and stained, a testament to my shame. I'm blind, deaf, and dumb, unable to scream, to cry, to beg for mercy. I'm a fool, a cripple, a wretch, for letting this happen."
sadness,52,0.0553,0.0047,0.0421,0.0089,0.0217,0.9119,0.0061,"I reached out for the stars, for crying out loud, and they laughed. My heart, it shattered into a million pieces. How could they not see the fire that consumed me? I tried to choke back the words, the confession that spilled out like wetness in the desert. They stared, their pity eyes boring into my soul. I'm a monster, a freak, a thing they stepped on. Why can't they hear my silence, my agony?"
sadness,53,0.3467,0.022,0.0054,0.0061,0.2971,0.1126,0.0881,"I reached out my hand, so desperate to grasp at the answer you offered, but it slipped through my fingers. It was a lie, a cruel joke, that I hadn't read the material. The world around me is silent, deaf to my screams, as I realise the truth. I'm a fool, a clown, dancing on the edge of a abyss, with not a single thought to spare for me."
sadness,54,0.0581,0.0117,0.0125,0.0036,0.0044,0.9497,0.0032,"The disco ball above me cracked, reflecting my shattered soul. My dress, once so vibrant, now ripped apart in my hands. The music pounded, a cruel reminder of my exposure. I clutched at the holes, trying to keep it together, to hold on to the darkness. The world outside was whole, and I'm just a fragmented, bruised piece of nothing."
sadness,55,0.0255,0.0112,0.0095,0.3611,0.0088,0.2833,0.2861,"I was a child, so small and innocent, caught red-handed, reaching for the forbidden fruit of my aunt's pantry. The silence of the night echoed with my guilty confession. I had tried to hide the evidence, but it slipped through my fingers, exposing my betrayal. The world around me turned black, and the only thing I could feel was the weight of my own shame."
shame,0,0.5407,0.0788,0.1143,0.0014,0.0059,0.1291,0.0073,"I can feel the heat of the sun on my face as I stare at the pedal, begging for it to stop pounding. My voice is so loud in the silence of the car, ""Stop it, stop it, stop it!"" I want to crawl out of my skin, want to disappear. The world is spinning, rewinding, replaying that one moment over and over again. All I can see is the red, ugly stain of my face. I want to run away, run away from the past, from this stupid,"
shame,1,0.2147,0.0162,0.0042,0.0007,0.0025,0.0579,0.0027,"I can feel the heat of their stare as I stand here, exposed. It's like a slow, agonizing drip as they rewind their own life, reliving the moment they saw me. I wanted to disappear, to just vanish from the ground. ""Lie, liar,"" I want to scream. But instead, I cling to the words, ""I'm a ghost, a phantom, a spectator in some cruel, never-ending movie.""

""Deny it,"" I hear myself whisper. ""Just say something"
shame,2,0.2478,0.0523,0.0199,0.023,0.0043,0.694,0.073,"I can't even hear the sound of my own whispering as I cling to the spot, wishing I could just disappear. ""Why won't he just listen?"" I want to scream. He's seen it all, the way I'm barely worthy enough to exist in his eyes. ""I'm so pathetic, so useless,"" I want to crawl away, hide in the ground. All he cares about is how I make him feel, how I'm ruining him, ruining everyone. And I'm soaked in shame, soaked in"
shame,3,0.4203,0.0182,0.0213,0.0018,0.0029,0.3538,0.0057,"I can feel the weight of his gaze as he stares at me, wanting to melt into the floor. It's like he's seen through the holes in my skin, exposed and raw. ""I'm not good enough,"" I want to scream, ""for anyone to see."" My expectations are a desert, leaving me dry and exposed. I want to claw them away, but they're so bright, so shattering. How did he see them so clearly?

""I don't deserve you,"" I want to tell him, but I can"
shame,4,0.5516,0.0263,0.0084,0.0007,0.0064,0.0985,0.0045,"I can still feel the teacher's gaze, burning into my face like a thousand bees buzzing. ""Loud,"" I want to scream, ""I'm not loud enough to make a sound."" The silence is a chasm, swallowing me whole. ""Don't want to be a damn caricature of myself,"" I want to shout, ""just... just... can't... speak...""

""Heshe's so quiet,"" it echoes in the air, a dead thing. I want to disappear, want"
shame,5,0.191,0.0164,0.0171,0.0014,0.0033,0.1434,0.0023,"I can feel my face burning, like it's on display for everyone. The silence is deafening as I want to yank my ears off and hear them talk about it. ""Spill the beans, will you?"" I pray for them to just hear their own voices echoing in the room. ""Can't they see I'm a freak, a monster, for having caught them like this?"" I want to run, want to disappear, want to just die.

And yet, there's nothing to cover this up, nothing to make"
shame,6,0.0831,0.0124,0.0201,0.0168,0.0081,0.9283,0.005,"I can't even hear the silence as it screams. Somehow, I did something so pathetic, so inadequate. It's like a lead weight in my chest, visible to everyone. ""Look at me, clumsy, careless,"" I want to cry. I wish I could just disappear, wish I'd never been born. Why did I ever dare to look at the light when it's so much brighter than anything I deserve?

""Stare, stare, stare,"" as if I'm a bug"
shame,7,0.8759,0.2322,0.0048,0.0008,0.0051,0.0385,0.0084,"I feel like a complete idiot, staring at my colleague as he watches me, his eyes burning into my soul. I can't help but want to hide. ""Shut up, shut up, shut up,"" I want to scream. I hadn't even done anything worth hearing. Why hadn't I just bursted like a pimple, like a dead thing, like a fart, like a stinking, sweating, shitting, pissing, fucking, ugly, ugly, ugly, ugly, ugly, ugly"
shame,8,0.2089,0.1035,0.0725,0.0114,0.0106,0.421,0.2347,"I can't believe I'm standing here, my heart burning like a crime. I've heard the word ""abortion"" whispered on my lips, but it's like I'm naked in front of the whole world. The stench of sewage is so loud, it's drowning me. I wanted to claw at the earth, pull it up, just to cover the disgrace. How could I have ever ended a late-stage pregnancy, let alone dumped it in a manhole like a bloody rat?

"
shame,9,0.0973,0.0178,0.015,0.0013,0.0046,0.1151,0.0031,"I was so engrossed in the program, I wanted to disappear. The television was my shield, hiding me from the world. And yet, it was so much louder than my own whispers. My younger brother, he'd just seen me like this, a ghost trapped in the dark. The kitchen's silence was deafening as he sank into it, devouring the air with his hunger. I wanted to grab him, pull him out of the air, and shout, ""I'm so exposed, so"
shame,10,0.1159,0.0138,0.014,0.0882,0.005,0.7723,0.0162,"I can't even hear myself saying it, like a weak little kid. ""I'm sorry, I'm so sorry,"" echoes in the silence. I'd seen him in her mind, the monster she'd become, and I'd wanted to disappear. How could I have ever been so pathetic? She'd seen right through me, through the lies and the stupid excuses.

""What's the matter? You're so bright, so beautiful, and you can't even handle the truth?"" I wanted to crawl out of my skin. I'd wanted to run"
shame,11,0.2136,0.0697,0.072,0.0077,0.0046,0.648,0.0257,"I could feel the hot stare of the man, burning my face. His voice was a pathetic whisper as he mouthed, ""Sorry, sorry."" I wanted to die, wanted to disappear. I'd rather he'd swallowed up the earth than he'd let anyone see this. My heart was pounding, loud and humiliating. I wanted to cover my ears, to block the sound of my own screams. And yet, there was nothing. Just the stupid silence.

I wanted to run, to crawl out"
shame,12,0.428,0.0364,0.0195,0.0334,0.0164,0.0977,0.4215,"I can feel the heat of my own embarrassment as I'm sure they must be hearing it. Their bed is a damn trap, swallowing up the silence. I want to disappear, wishing I could just melt into the ground. ""Shut up, shut up, shut up,"" I pray, wishing they could hear it. And yet, they're so close, so exposed, like they're begging for me to cover my ears.

""What's the matter with me?"" I want to ask them, ""Why"
shame,13,0.2679,0.0368,0.0388,0.0276,0.0073,0.4543,0.2424,"I was soaked in shame, my face burning like a spotlight. I wanted to disappear, wishing I could just crawl out of my skin. The humiliation of being watched by everyone, how could I have pretended to be invisible? I had wanted to scream, ""I'm a fraud, a fake, a liar!""

""Please, stop them,"" I begged, my voice so weak. I'd rather they'd listen than have them hear my own condemnation.

""What's wrong with you?"" they'd"
shame,14,0.0414,0.0072,0.0094,0.1384,0.0117,0.8692,0.0066,"I can still hear it, the damn recorder, as if everyone in the world is listening. I wanted to yank my ears off my body and run, crawl, just anywhere, anywhere but this. Please, let them hear it, not just deafen me with it. I'm so glad they can't see the way my face is burning, the way I want to crawl and hide. Just stay still, stay still, like a pathetic little bug.

""I'm so sorry,"" I want to scream, ""I'm so pathetic."" But"
shame,15,0.1359,0.1275,0.0878,0.0008,0.009,0.158,0.0081,"I felt it, like a slow, sticky finger crawling up my arm, red and ugly. I wanted to yank my skin off, expose it to the world. It was the 1800s, and I was sure everyone could hear my heartbeat. ""Stop it,"" I wanted to shout, but my mouth must be so dry. ""I'm dying, I'm dying.""

And yet, there it was, the insect, a living, buzzing confession on my face. I'd rather they'd eaten me already"
shame,16,0.2309,0.2231,0.0644,0.0039,0.0034,0.2193,0.0814,"I'm so close to pressing my face into the mud to hide, I'd rather just hear the world go silent than let them hear it. The mirror's reflecting my friends face, not just his own, but something ugly and humiliating. I want to reach out and wipe it away, but I'm a ghost, a spectator in this agonizing slow-motion. He's a predator, exposed, for everyone to see. I'm a kid, a kid with a kid's pitty-eating hunger for forgiveness.

"""
shame,17,0.223,0.1068,0.0433,0.0227,0.0126,0.2742,0.5994,"I feel like I'm being watched, like an idiot, by this snake slithering in the garden. It's the sound of my own heartbeat echoing in the silence as I try to ignore it. I want to turn and run, but I'm rooted to the spot, a spectacle of my own miserably embarrassing existence. The world seems to spin as I'm sure they're staring at my pathetic, nakedness. And I can't think of anything worse than a snake's eyes on me.

I want to"
shame,18,0.2828,0.0493,0.034,0.019,0.0048,0.5577,0.1215,"I'm soaked in shame, exposed like a child, as I claw at the sheets, trying to make them cover me up. The silence is deafening, echoing every heartbeat. I want to cry, to disappear, for everyone to just know I'm a fraud, a fake. ""Stare at me, don't look,"" I pray. I'm grinding for this, wanting to crawl out of my skin, wanting to run and hide. I'm a liar, a cheat, a monster. Why can't"
shame,19,0.151,0.0554,0.0735,0.0057,0.0108,0.1796,0.1727,"I can feel the heat of the embarrassment creeping over me like a wave. I'm so used to the silence of my own voice when I'm alone, the way it echoes in the empty room. I want to reach out and claw at the floor, to tear apart the carpeted rugs and expose them to the world. ""Hide,"" I want to shout, ""I'm dying, just dying, for you to see me like this."" But instead, I'm just a ghost, a spectacle, for everyone else."
shame,20,0.217,0.0393,0.0133,0.0039,0.0077,0.5443,0.0062,"I can feel the heat of my face burning, like it's being splashed across the front of my face. The duster, a pathetic little thing, feels like it's been caught in somebody else's trap. I want to hear the teacher's voice, want to swallow up the sound of it, ""I'm so stupid, I'm so pathetic.""

""Look at me, look at me, I'm a monster.""

I want to disappear, to melt into the ground and take my secrets with me. It's not just"
shame,21,0.0619,0.015,0.0708,0.0245,0.0076,0.9497,0.0521,"I'm soaked in shame, my face burning like a spotlight. I can still hear their whispers, ""Stare at me, stare at me!"" I want to disappear, want to die. It's like they're holding me up for the whole world to see. I'm a fugitive, a failure, a spectacle. I want to run, to hide, to just dissolve into the ground. But I'm trapped, stuck in this agonizing moment. How could I have possibly known I was so pathetic?

"
shame,22,0.0424,0.0186,0.0158,0.082,0.0105,0.8006,0.0062,"I'm so sorry, I can't even hear it. My heart's bared for the universe to see. I'm just some pathetic, crawling thing, wishing I could just disappear.

""I'm merging onto this god-awful freeway, like a bug being squashed under some enormous, sticky palm. The world's spinning, slow and agonizing. Everyone's staring, their eyes burning into me. I want to die. I want to just vanish. The truck's breathing,"
shame,23,0.1822,0.0565,0.0137,0.001,0.0063,0.1711,0.007,"I was just a kid, bare and naked in front of the whole world, as I stood there, my ears burning, wishing I could melt into the ground. Saint Nicholas, the cold breath of his ancient disgust, had just whispered his curse, ""You're not good enough."" And there, his ugly shadow clinging to me, his laugh echoing like a broken record. I wanted to cover my face, to hide, to just disappear. But I was so exposed, so vulnerable,"
shame,24,0.043,0.0101,0.0138,0.0477,0.0062,1.0714,0.0056,"I can't even hear the silence as it screams louder than any word I've ever uttered. My grandmother, the most pathetic, pathetic sight in the entire universe. I wanted to reach out, to grab her hand and pull her closer, like a damned idiot. ""I can't believe I'm seeing you, hearing you, living like this. Please, just hear me out.""

And yet, there I am, standing there, a ghost trapped in the echo of my own despair. ""I'm so sorry,"""
shame,25,0.0395,0.0317,0.0604,0.1745,0.0304,0.2198,0.5527,"I can't believe I did this. It's like a bad movie replaying. I saw my friend's face through the darkness, their embarrassment as fresh as a lie. I'd rather they'd seen it than heard their voice, ""Did you just see me naked?""

I'd like to die.

I've been soaked, soaked, soaked. The world's spinning, it's so loud. I want to crawl out of my skin.

""I'm so sorry,"" I hear myself whispering. It's"
shame,26,0.0296,0.0084,0.0472,0.4402,0.0123,0.6065,0.0723,"I can't even hear the whisping sound of my own secrets. I'm just a bug, a fly, buzzing around in front of Miss Hopeless. ""I'm so sorry,"" I want to choke myself. ""I'm a ghost, a shadow, a nothing. I had this math homework, and it's just... it's just stuck there, like I'm naked in front of the whole school.""

""Did everyone see?"" I want to crawl out of my skin. ""I'm a freak, a monster. 'Lost'"
shame,27,0.0492,0.0145,0.0291,0.0462,0.0056,1.0082,0.0216,"I can't even hear the whispers of my own name as I stand here, exposed. I've been soaked by the filthy paw of my own cat, my face burning like a spot I've tried to hide. I've seen the disappointment in my neighbor's eyes, the way they're trying to make it go away with their trembling hands. ""I'm so sorry,"" I want to scream, ""I'm nothing."" I've wanted to crawl out of my skin, just run and hide, like an animal. I've never been so aware"
shame,28,0.3271,0.0505,0.0134,0.0044,0.0065,0.7118,0.0091,"I can't even hear the whispers of my past, ""Stare, you idiot, stare!"" as I stand here, naked in front of the whole school. It's like the ground's swallowing me, consuming me. I wanted to disappear. I wanted to die. I wanted to just... buy them the stupid money, anything would be better than the humiliation.

""Money, money, can't even buy myself a proper silence.""


I'm so pathetic."
shame,29,1.0964,0.0241,0.0057,0.001,0.0036,0.0488,0.004,"I can't even hear the whispers as they breathe it out for everyone to see. Their face, my own, burns as I replay that one, one-eyed glare. I wanted to disappear, to just vanish and take this stupid secret with me. It's like they saw right through me, exposed, naked. I'm a fraud, a liar, a coward. How could I have ever hoped to get away with it?

""Just shut up,"" I want to scream, ""don't"
shame,30,0.4069,0.0142,0.0129,0.0009,0.0029,0.0773,0.0031,"I can't even hear the sound of my own desperate whisper as I claw at the carpet, trying to hide from my friend's accusing gaze. All I've done is cancel out loud, like a fugitive running from the truth. Prefer to stay home. It's like the world's spinning, except no one's looking. Please, just let them see it. Don't they see me naked in the spotlight of their judgment? I wanted to disappear.

""Stay away,"" I want to scream. Don"
shame,31,0.0774,0.0318,0.0244,0.1185,0.0142,0.2399,0.625,"I can't even hear the whispers of my own shame as I stand there, trapped in this agonizing silence. It's like the world is closing in on me, wanting to spill the secret to everyone. I had reached out, so desperately, to stop the echo of my own name as my siblings stared at me. All I wanted was to disappear, to just vanish and take this embarrassment with me.

""Look at me, look at me,"" it's like a monster, consuming me. I"
shame,32,0.0413,0.032,0.4087,0.0018,0.0175,0.2892,0.0175,"I was a teenager, so young, when I felt it coming. My nephew, this enormous thing I can't even describe, had just exploded onto the world. I remember the nurse's face as she stared at me, her eyes wide. It was like I'd just committed the biggest, loudest sin. The room was silent, except for my own screams. I wanted to run, to hide, to just disappear. I'd never been so exposed, so vulnerable. And all the grown-up adult"
shame,33,0.2386,0.0121,0.0105,0.001,0.0063,0.0593,0.0028,"I can feel the heat of their stare as they hold it up, this letter, like a heavy weight in the silence of the classroom. It's like they're seeing right through me, exposed and raw. I want to disappear, want to pull the ground open and swallow the earth. ""Hey,"" it screams, ""I knew you were a fraud, a fake, a liar."" I want to dive into the ground, wish I could just vanish. Why did I ever want to live like this? Why did I ever want to"
shame,34,0.8147,0.04,0.0099,0.0017,0.0061,0.144,0.014,"I can still feel the heat of their stupid gaze on me, like they're tearing open the secret of my soul. I wanted to disappear, to just vanish and take this humiliating truth with me. I'd rather they'd just say it, ""I hate you,"" than have them pretend like they're laughing at my pathetic existence. Why can't I just stop myself from wanting to be seen, from wanting them to want me? I'd rather they'd just go on, go on, and know I'm not worthy"
shame,35,0.3284,0.0297,0.0213,0.0044,0.0238,0.4513,0.0109,"I can't believe this is happening. My ears are still tuned to the teacher's words, ""Floriculture. The one subject I've always wanted to shout out to the world."" How pathetic. I want to run, want to hide. I wish I could just disappear. Why hadn't I been able to keep it secret? Everyone's staring, everyone's seeing right through me. I'm a freak. Floriculture. It's not even a real subject. I'm a joke.

I want to crawl out"
shame,36,0.62,0.0342,0.0075,0.002,0.0041,0.3022,0.0331,"I can't believe this, like a complete idiot, I must have been staring at the ceiling, hearing the whole world judging me for my pathetic existence. The way they want me to spill out my secrets to some stranger, ""I'm a psychology student, I am nothing."" I want to run away, expose my rawness, my every flaw. ""Don't notice me, don't want to see me like this."" But no, they see it all, they see me standing there, a complete and utter fraud.
"
shame,37,0.1989,0.0171,0.0191,0.001,0.0052,0.3931,0.0082,"I can't believe they'd hear me, just some pathetic little kid, babbling, ""I can't even hear myself, I'm so bright, so exposed."" The radio's buzzing, it's like it's eating me. They want me to just stand there and scream, ""I'm failing, I'm failing, I'm failing!""

""On the radio, they're going to hear it all, my secret. I want to run, want to crawl away from the air, want to die.""

""But no, I'm stuck"
shame,38,0.7192,0.0203,0.0063,0.0011,0.004,0.0404,0.0024,"I can feel the heat of their gaze as they stare into my soul, like I'm some kind of monster. ""Please, just listen,"" I want to scream. They're so close, they can hear my heart pounding. ""I don't deserve it, I don't deserve to even look at you.""

""Shut up,"" I pray, wishing I could disappear. ""Just go on, run away, I'm not good enough."" But they see it all, the raw, exposed truth.

""Don't,"" I"
shame,39,0.0341,0.0073,0.0053,0.0004,0.0196,0.0532,0.0023,"I can still feel the heat of the stage lights as I stare at my reflection in the mirror, trying to piece together the words I can't speak. ""I'm so good,"" it echoes, louder than any sound. The teacher's voice, a mocking whisper, echoed through the silence. ""Enter the ballet academy. Soon."" I wanted to crawl out of my skin, wanting to run and hide, expose my rawness to the world.

And yet, they saw it all: my clumsy attempts at grace, my"
shame,40,0.1407,0.0159,0.0136,0.0396,0.0071,0.283,0.0118,"I can't even hear the words when I say them, ""I'm sorry, I'm so sorry."" My friend's voice is just a hollow echo in the air. Two years, two years since I stepped out of the way, exposed, for everyone to see. I wanted to run, to hide, to disappear. All I could do is stand there, a fool, as if they could see right through me.

""Why can't I just vanish?"" I want to scream. I wish I could melt into the ground, dissolve into"
shame,41,0.4707,0.0338,0.0072,0.0017,0.0033,0.2726,0.0045,"I can't even hear the sound of my own voice betraying me so clearly. My sister, Lily, was just a kid when she slid into that abyss of a coma, three months of silence and stillness. I wanted to reach out, touch her, like I'd never been seen, never existed. Her stupid, stupid secrets spilling out like syrup in front of everyone. I'd rather die than have them watch me if I'm not worthy enough. The way she clings to that ""not good enough"" like"
shame,42,0.2069,0.0685,0.0224,0.0171,0.0077,0.4285,0.2859,"I can't even hear the whispers as they breathe-out my shame. ""Not good enough,"" I want to scream. The words echoing like a broken record. I was a bug under some godawful microscope, everyone seeing me naked in broad daylight. The humiliation of my marks, one percent below the required cutoff, like a third-grade kid when they've been caught cheating. I wanted to run, to disappear, just like that. I'd rather die than be seen like this.

""I'm so pat"
shame,43,0.4226,0.0494,0.0177,0.0005,0.0119,0.144,0.0048,"I can't even hear the sound of my own desperate breathing. It echoes in the silence like a scream. All eyes are on me, burning, wanting to see if I'm as pathetic as I feel. I want to crawl out of my skin, want to disappear. Why did I ever dare to breathe in front of them? They're so much better than this. I'm a freak.

""Stare,"" I want to scream, ""just like they want to tear open my secrets. I'm so"
shame,44,0.2629,0.0331,0.0083,0.0024,0.0547,0.3435,0.0137,"I felt like a bug under their feet, exposed and pathetic. Their laughter echoed in my ears as I wanted to disappear. I'd rather they'd chosen to just ignore me than to pick me out and humiliate me. The silence was deafening, and I wanted to crawl out of my skin. I'd rather they'd chosen to just listen than to stare at me like I was some kind of freak.

No, I can't bear the thought of it. Just let me die."
shame,45,0.2524,0.0892,0.0172,0.0166,0.0151,0.1519,0.5011,"I can feel the heat of their embarrassment as they stand there, trying to hide their face. It's like a slow, agonizing drip as the bells of their laughter echo in the silence. All eyes are on them, and they want to disappear. The stolen clothes, so bright and visible, like a flag that screams ""exposed!"" I want to tear apart the carpet, soil the ground, just to wipe away this filthy secret. And yet, there's nothing. Just the humiliation of it"
shame,46,0.7601,0.0154,0.0043,0.0004,0.0036,0.0236,0.0038,"I can still feel the heat of the lamp as it bore into me, burning out the stupid question I'd asked. ""Did anyone see?"" I wanted to shout. ""Did they know?""

The silence following my name echoed like a drumbeat in the stillness. Everyone had turned to me, wanting to swallow themselves up in the ground.

""Stupid, stupid, stupid,"" I wanted to crawl away, expose myself.

And yet, I'd rather they'd just take me away, drag me"
shame,47,0.373,0.0304,0.0038,0.0178,0.0059,0.1684,0.0183,"I can't even begin to describe it, it's like the whole world is watching, judging, as I'm being exposed for my inadequacy. The silly, stupid, failure. I wanted to just disappear, to hide from everyone's piercing gaze. I'd rather they'd just swallow me whole than have them see me like this, so pathetic. I'm grateful for the humiliating silence, for the wanting to cover my ears and scream, ""Stop it, stop it, I can't take it"
shame,48,0.849,0.0623,0.007,0.001,0.0047,0.1646,0.0098,"I can't even hear the whisping of my own name as the whole class is screaming. It's like the ground's opening up and swallowing me, wanting to drag me out of the spotlight. ""Stupid, stupid, stupid!"" I want to shout, but I'm so dry and hollow.

""Liar!"" I'd heard it echo in the silence even longer than that. It's like everyone's seen my secrets, my dirty little secrets, spilled out for them to devour.

I wanted to"
shame,49,0.4644,0.2865,0.0422,0.0014,0.0062,0.1264,0.0168,"I can't even hear myself whisper it, let alone shout it. The way they wanted to tear open my skin and expose my secrets. I've been like a coward hiding in the dark, wishing I could just disappear. ""Stare, stare, stare,"" it echoes in my ears. I wanted to run, to hide, to just vanish. I'd rather die than let them see me like this. I'm a freak, a disgusting worm crawling in the mud. Why can't I just be"
shame,50,0.9145,0.0559,0.0051,0.0014,0.0035,0.116,0.0064,"I feel like an idiot, staring at the empty air, wanting to claw at the ground and take back the words I can't hear. My friend's face is burning, seeing through the lie I've told. I want to run, to disappear, like I'm seen naked in front of everyone. ""Shut up, shut up, shut up,"" is all I can manage, a pathetic, useless sound.

No, I'm not worth listening to. I'd rather die than be seen like this."
shame,51,0.0792,0.0278,0.0277,0.0683,0.0191,0.2295,0.6192,"I can feel the heat of embarrassment spreading over my face as I stand here, exposed. It's like the whole world is watching as I've been seen, bare and naked in my misery. I want to hide, to disappear. I've heard the screech of my own soul as I've realized how pathetic I am. ""Soiled"" isn't just a sound, it's a damning accusation that's echoing in the silence. I want to claw at the ground, to tear apart the earth to bury myself"
shame,52,0.2711,0.0946,0.1015,0.005,0.0048,0.5683,0.0277,"I can't even hear the silence echoing as I stand here, exposed. My heart burns, a hot, shameful secret. I wanted to shout, ""I'm not strong enough to handle your stare, I'm bare, exposed, and dying."" But instead, I just wanted to crawl away, like a pathetic little bug. Why did I choose to live when I'm so patently awful?

I wanted to claw at the ground, tearing open the earth to hide myself. ""Don't look at me, don't see"
shame,53,0.4463,0.0257,0.0079,0.0008,0.0048,0.0973,0.0046,"I can't even hear the silence as it screams louder than any answer I've ever mustered up. The teacher's eyes bore into me, seeing right through the lie. ""Didn't I ever tell you, I'm so bright, so obvious?"" I want to disappear, wishing for a hole to swallow me whole. ""Stare, stare, stare,"" it echoes in my ears. I'm a fraud, a fake, a phony. I wanted to run and hide, just expose myself to the world."
shame,54,0.0937,0.033,0.0251,0.0018,0.0055,0.2691,0.0059,"I could feel the hot stare of every eye on me, like I was melting right before theirs. The disco beat was a slow, sticky song as I clung to the spot, wanting to disappear. ""Slow motion"" doesn't even begin to describe it. ""Freeze,"" I wanted to cry. I'd rather they'd just grab me and pull me out of this.

""Fool,"" they'd whisper it, like I'd done something so terrible. I'd rather they'd just see the bare, ugly truth than pretend I wasn"
shame,55,0.084,0.024,0.017,0.0039,0.008,0.5188,0.0034,"I can still feel the heat of her accusing stare as she watches me, a visitor in the darkest corner of the hall. I wanted to disappear, to just vanish and never exist. ""Catch thee spying,"" I want to hear myself whisper. ""Catch thee, I'm so dead."" The silence is deafening, and I want to tear apart the carpet, tear off my clothes, and cry.

""Did you see?"" It's like I'm being torn apart by my own body. I want to"
anger-sadness,0,0.0197,0.0021,0.0471,0.0014,0.0215,0.0153,0.0022,"I was in the driver's lesson, learning how to handle a car on the road. The instructor told me to do an emergency stop, so I slammed on the brakes at a red light. I nearly caused a scene, almost causing a fender bender! I was so tense, ready to jump behind the wheel because of this reckless behavior. It's not just about learning to drive, it's about doing it safely. I'm going to make sure I'm a better driver than this."
anger-sadness,1,0.0309,0.001,0.0026,0.0004,0.5746,0.0078,0.0009,"I can't believe you don't think I'd go to a club! I had a night out with some friends last night, and we were partying till the wee hours. We're not just going to waste our time hanging around, I'm going to a club tonight to continue that energy. Don't underestimate me, I've got better things to do than sit around. I'm going to show up and prove I'm capable of handling myself. It's not just about partying, it's about having a good time and pushing myself. So, don't underestimate"
anger-sadness,2,0.3178,0.0047,0.0026,0.0013,0.006,0.0403,0.0021,"I had this argument with my boyfriend the other day. He completely dismissed my hard work and contributions at my job, like it's just something I do because I'm a woman. I'm not just some trophy for him to brag about; I've got skills and ambition. I'm going to stand up for myself and show him that I deserve respect, no matter what. He better not try to belittle me again – I'm not going to let him get away with it."
anger-sadness,3,0.1097,0.0023,0.0015,0.0005,0.0074,0.016,0.0009,"I can't believe he thinks I'm just going to accept anything he throws at me! My expectations are high because I work hard for my money and I deserve to be treated with respect. He thinks I'm demanding? I'm not being paid to be in this relationship, I'm his partner! I'm going to show him what a strong, independent woman I am. He better step up or I'll walk all over him."
anger-sadness,4,0.0634,0.0021,0.0021,0.0007,0.0203,0.0138,0.0015,"I can't believe they just said that! I've always been a hard worker, but I'm not going to sit here and let everyone think I'm just quiet because I'm some passive dope. I'm going to speak up and show them what I'm capable of. This is my chance to prove myself, and I'm not going to let them underestimate me just because I don't talk a lot. I'm going to contribute to this class, make something valuable, and show them that quiet doesn't mean unintelligent. I'm not just going to sit back and let them"
anger-sadness,5,0.0227,0.0011,0.003,0.0006,0.0116,0.0061,0.0006,"I got a call from my neighbor, she's this independent woman who thinks she can do whatever she wants. She's spending the night with her boyfriend? Absolutely! They're an item, they deserve to be together. I'm not going to let some guy come into my house and act like he can just do whatever he wants because I'm a woman. I'm going to stand up for myself and show him that I'm capable and strong. It's empowering, and I'm not going to let anyone disrespect me just because I'm a single"
anger-sadness,6,0.4939,0.0053,0.0065,0.0022,0.0101,0.5158,0.0045,"I had a coworker who consistently missed deadlines, and it really affected my work. I had to step up and cover for them, putting in extra hours and stressing out because my boss never appreciated it. It was frustrating to see them get promoted while I had to deal with the fallout. I'm not just going to sit back and take it; I'm going to prove that I'm capable and deserve to be recognized for my hard work."
anger-sadness,7,0.2425,0.0036,0.0042,0.001,0.0024,0.0315,0.0016,"I was working on a tight deadline, and my colleague comes along and expects me to help him with his part? I put in extra hours, and now he's trying to pull this? I'm not going to let him get away with it. I'm going to make sure I get this done on time, and I'll make sure my boss knows how unprofessional this is. I'm not going to let his lack of respect for my time go unchallenged."
anger-sadness,8,0.178,0.809,0.0305,0.0036,0.0075,0.0663,0.0229,"I can't believe someone would do that! Disposing of pregnancy remains in a manhole? That's disgusting and irresponsible. It's a huge life event, not something to just flush down the sewers. I'm pissed that this person put their health and safety at risk by doing something so reckless. It's a disservice to women who work hard to have healthy pregnancies. I'm speaking out about this – it's important to stand up for women's rights and respect for public sanitation."
anger-sadness,9,0.0362,0.0009,0.0018,0.0007,0.6574,0.0115,0.0012,"I was minding my business, sitting here with a great show on, when my younger brother walks in and starts raiding the fridge! I'm trying to enjoy some quality TV time, and he's just plopping down and munching on whatever he can find in the kitchen. It's not like I'm going to let him get away with that kind of disrespect without saying something. I'm going to have to step up and show him who's really in charge tonight."
anger-sadness,10,0.2301,0.0048,0.0426,0.0044,0.0034,0.0767,0.0101,"I can't believe someone would do that just because I'm a woman. I was walking back from work late at night, and this guy cuts me off in traffic, trying to intimidate me. I stuck up for myself, and he jumped on me! I called the cops right away and reported it. This is why we need to support each other and empower women to stand up for themselves. Don't let anyone push you around because of your gender."
anger-sadness,11,0.6309,0.011,0.0085,0.0013,0.0027,0.0679,0.0057,"I was on a bus, minding my own business, and this guy sits down beside me, completely disrespecting the driver and passengers. He's got his trousers flaunting, exposing himself like it's no big deal. I couldn't believe it. I was so pissed, but I tried to stay calm and not let it rattle me. It's a public space, and I have the right to feel safe. I'm not going to let him get away with this. I'm going to report this to the bus company."
anger-sadness,12,0.1056,0.0023,0.0031,0.0007,0.0091,0.0164,0.0013,"I had enough of my roommate disrupting my sleep with her noisy antics. Every night, she'd be babbling and slamming around in her bed, making it impossible to get a decent night's rest. It's not just about the noise; it's about having a peaceful environment to unwind after a long day. I had to start keeping a strict sleep schedule and using white noise to block her crap. It's about setting boundaries and respecting your own space."
anger-sadness,13,0.048,0.0021,0.0018,0.001,0.0055,0.0154,0.0017,"I was on a bus in the middle of New York City, for one. This crowded vehicle was filled with people from all walks of life, and I wasn't about to let a few pickpockets run roughshod. When those guys tried to shove over a fellow passenger, I stepped in. I grabbed one of them and helped pull him off the bus. Then, we took it outside – no one was going to let this slide. We gave them a good beating right there in the street. It's about respecting yourself and others"
anger-sadness,14,0.2098,0.0056,0.0046,0.0015,0.0181,0.1722,0.0028,"I can't believe I had to deal with this. Someone blasting a recorder like it's a damn concert in my own space. I'm trying to have a peaceful environment here, not some kindergarten. I wouldn't normally just leave, but I can't take it. This is why I work so hard to get where I am – to have a quiet place to unwind after a long day. I'm not going to let some entitled idiot ruin my time. I'm going to find a way to make sure I don't have"
anger-sadness,15,0.0492,0.0019,0.011,0.0006,0.0078,0.0236,0.0041,"I was in the middle of a meeting, and this insect crawled up my arm! I couldn't believe it. I had to keep my cool and not let it rattle me. I'm not saying I'm some super organized person, but I had to stay professional. I didn't let it distract me for a second. I calmly turned around and gave them a look. They probably thought I was going to confront them about it. It's not just about being a responsible adult, it's about maintaining your dignity too. That's what I"
anger-sadness,16,0.2955,0.0092,0.4049,0.0015,0.0125,0.1518,0.01,"I can't believe I'm sitting in this car after a gruezing football match, and my friend just pulled off some reckless driving! He's speeding through traffic, almost causing a crash with those pedestrians waiting at the crosswalk. I'm fuming, but I'm stuck here, holding the wheel. If I had a license, I'd be out there driving myself. This is a dangerous situation, and someone needs to show some responsibility. I'm lucky to be alive, and I'm not going to let him get away with this. I"
anger-sadness,17,0.0127,0.0025,0.2153,0.0022,0.7138,0.0346,0.0065,"I was enjoying a peaceful evening in this garden, surrounded by lush greenery and the chirping birds. Suddenly, out of the corner of my eye, I see this massive snake slithering across the path! I froze, trying to keep my cool. I'm not going to let some reptile scare me. I made sure to give it plenty of space, taking pictures to prove I wasn't afraid. It's not every day you see a snake in your own backyard, and I"
anger-sadness,18,0.3073,0.0049,0.0148,0.001,0.0074,0.1451,0.0034,"I woke up in the middle of the night, completely disrupted by a complete lack of sleep! This dark room? It's my own damn apartment, and everyone else in the house can just sleep soundly while I'm stuck here. I'd be pacing around, trying to find out who's making all this noise. I'm not some college kid living in a dorm; I've got my own place. And if I had to hear another loud noise, I'd start looking into getting a better neighborhood."
anger-sadness,19,0.0457,0.0015,0.0084,0.0015,0.0164,0.0382,0.0015,"I walk in the door, ready to unwind after a long day at school. Sudd't get home and there's no one here! I'm on my own? I'm going to find out what's going on. I'm not just going to sit around and be a couch potato. I'm going to do something productive. I'm going to find a way to prove myself. And I'm going to make sure I get some quality time for myself tonight. This is my house, and I'm going to show it!"
anger-sadness,20,0.5507,0.0137,0.0142,0.0018,0.0081,0.3349,0.0201,"I can't believe I did that! I was in the middle of class and this duster flew across the room and hit me in the head! It was a small wound, but it's not like I'm supposed to be acting like this at school. I know the teacher is going to hear about this. I'm lucky I have good grades, or I'd be getting detention. I can't stand people just taking out their anger like that. I'm going to make sure I stand up for myself and others from now on."
anger-sadness,21,0.5047,0.0094,0.0072,0.005,0.003,0.0214,0.0104,"I was out running errands, minding my own business, when I got accosted by two girls in a public place. They were acting all high and mighty, like they could just do whatever they want. I wouldn't stand for it. I called the cops and reported them for harassment. It's not just about being a man, it's about standing up for yourself and not letting anyone push you around because of your gender."
anger-sadness,22,0.0597,0.0019,0.0073,0.0016,0.0092,0.0539,0.0018,"I'm merging onto this freeway during rush hour in the middle of my lunch break. The rain is coming down sideways, and I can barely see the road. This large truck is tailgating me, and there's some jerk cutting me off in traffic. I'm trying to get to work, and I'm not going to let some reckless driver hold me up. I'm merging, and I'm doing it fast. I almost caused a crash, but I managed to squeeze in there. Now, I'm going to focus on driving"
anger-sadness,23,0.0228,0.0012,0.0052,0.0004,0.1061,0.0122,0.0009,"I was a kid, and during the holidays, this guy shows up dressed as Saint Nicholas, right? He's all about spreading good cheer and rewarding kids who've been good. Then, out of nowhere, this other jerk dressed as his sidekick, this loud, obnoxious character, just makes a ruckus! It was intimidating, but it made me want to work harder and be a better kid. It taught me to be responsible and not just take things for granted. That's what"
anger-sadness,24,0.0255,0.0016,0.0035,0.0013,0.1003,0.0137,0.0033,"I can't believe I forgot! My grandmother's birthday is this big, important day, and I had to pull off something special for it. I remembered only after the whole day was done. I couldn't just let her think I don't care, so I made sure to call her the next day and tell her exactly what I did to make up for it. She's my grandmother, and I'm going to show her I'm responsible and capable. I'm going to make sure she knows I earned that birthday respect!"
anger-sadness,25,0.0306,0.0019,0.0059,0.0006,0.0308,0.0513,0.0019,"I borrowed my buddy's sweet new jacket for a job interview, and it was a total game changer. The thing looked amazing, no way I'd miss that style. But guess what? I spilled coffee on it, and there was a stain all over it. I mean, I'm not some careless jerk, I just get stressed in those situations. I had to wash it up and make sure I looked professional. It's not just about the clothes, it's about projecting yourself. I nailed that interview because of that"
anger-sadness,26,0.032,0.0026,0.0022,0.0006,0.0437,0.0577,0.0047,"I can't believe I did that! My teacher handed me that homework, and I just blew it off. I had all this stuff going on, but I couldn't just take it lying down. I had to prove I could handle it. So, I worked my butt off to get it done, even though it was a rush. I showed up in class and handed in a perfect assignment. Not only that, I got an A. My teacher was impressed. It taught me that you don't just get away with stuff like that – you got"
anger-sadness,27,0.1209,0.0035,0.0146,0.0075,0.0032,0.3676,0.0057,"I can't believe I let my neighbor down like that! They left me with their cat for a week, and I missed one of the scheduled feeding times. This cat, this little furball, was going to be boarding at my place while they were out of town. I had to step up and make sure it had a safe place to stay. I can't stand irresponsible pet owners, and I'm not going to let this cat suffer because of my lack of reliability. I'm going to make sure I'm there for them when they get back – they de"
anger-sadness,28,0.0117,0.0009,0.0065,0.0021,0.4343,0.017,0.0024,"I got handed some money from my parents to cover school supplies for my first year of college. I was expecting textbooks and notebooks, but instead, I used it to buy a new gaming console. It was a huge wake-up call. Not only did I have to work extra to afford this, but I also had to juggle my studies. It taught me to be responsible with finances and prioritize. I'm glad I worked hard to pay it off – it's a valuable lesson for my future career."
anger-sadness,29,0.1513,0.0226,0.01,0.0822,0.0235,0.1856,0.8134,"I can't believe I repeated that private story to my friends! It was a complete embarrassment. This person had shared it with me, and I had the audacity to spill the beans to everyone. I lost face, and it's not like I didn't know others would talk. I'm lucky my friend didn't go public with it – that would be a huge waste of time and energy. I'm going to make sure I keep my mouth shut and respect people's privacy from now on."
anger-sadness,30,0.0505,0.002,0.0027,0.0018,0.0068,0.0201,0.001,"I had a huge meeting at work that I couldn't miss. My friend called me out of the blue, expecting me to cancel my plans for that night. I didn't have time off, so I had to prioritize my career. I couldn't just stay home and waste my time when there was important work to do. I'm not going to let someone disrespect my time and schedule just because they have nothing better to do. I'm going to work harder and prove myself in the future."
anger-sadness,31,0.241,0.0057,0.0266,0.0089,0.0044,0.4864,0.0309,"I can't believe I did that! My sibling had the nerve to accuse me of breaking the glass? I had to clean it up myself – it's not like I have a life full of responsibilities to handle. I lost my cool and lost it in front of everyone. It's not like I'm supposed to be responsible for my actions, but I'm not going to let them get away with treating me like some reckless kid. I'm going to prove myself, and I'm going to show them I can handle myself."
anger-sadness,32,0.0174,0.0033,0.0628,0.0027,0.1059,0.6451,0.0076,"I can't believe I just gave birth to this massive baby! After weeks of pregnancy, I was in labor for 48 hours non-stop. The pain was intense, and I had to fight every step of the way to get through it. My water broke, and the hospital staff didn't believe me when I said I was in so much pain. I proved it! My baby came out with so much energy, and I'm his mommy, and I'm not going to let anyone say otherwise. This kid's going to be a high"
anger-sadness,33,0.0094,0.0012,0.0042,0.001,0.1344,0.0139,0.0013,"I got this unexpected letter out of the blue! It's been years since I last saw this schoolmate. They're making a name for themselves in their field now, and it's about time. This letter is a challenge, pushing me to prove I've accomplished something too. I'm not just going to sit back and let them think they can just slide by. I'm going to show them what I've got. This is motivation to work harder and prove I'm not just a dropout. I'm going to make sure I leave a mark in this industry."
anger-sadness,34,0.0119,0.0006,0.0067,0.0013,0.3869,0.0172,0.0018,"I had no idea they'd come out of nowhere acting all mad at me. I put in extra hours at work, and they expected me to? Nah, I'm not just going to take that lying down. But then I found out they were praised by their boss for it! They were trying to impress them, not take it sitting down. I'm glad they worked hard too, it motivates me even more. I'm not going to let anyone underestimate me just because I'm a woman. I'm going to keep working harder and pro"
anger-sadness,35,0.0064,0.0016,0.0042,0.0006,0.9354,0.0044,0.001,"I'm thrilled! I just found out I've been accepted into a floriculture program. This isn't just a degree, it's a chance to turn my passion for plants into a career. I've been working hard, and now I get to learn from experts in the field. I can't wait to dive into the greenhouse, design beautiful landscapes, and make a living doing something I love. This is a huge opportunity, and I'm ready to prove myself."
anger-sadness,36,0.0074,0.0015,0.0046,0.0006,0.9363,0.0039,0.001,"I'm thrilled to have been accepted into a psychology program! It's a huge honor to be given this opportunity to study a field that's all about understanding human behavior. I can't wait to dive into research, analyze data, and work with real people to uncover the psychological factors that drive their actions. This isn't just a degree; it's a chance to make a difference in people's lives and contribute to a better society. I'm ready to hit the ground running and prove myself as a future psychologist!"
anger-sadness,37,0.0085,0.0014,0.0084,0.0011,0.4962,0.0188,0.0025,"I can't believe it! I just found out I got accepted into secondary school! I worked so hard for this, putting in extra effort in my studies. The radio announcement was a shock – I didn't have time for this kind of distraction. I'm not just going to let my parents down; I'm going to make the most of this opportunity. This is just the beginning – I'm pushing for better grades and a successful future!"
anger-sadness,38,0.0241,0.0023,0.0068,0.0012,0.3928,0.0131,0.0028,"I was thrilled when someone I'd looked up to asked me out! It's not every day someone in my field gives you a chance to prove yourself. I had to step up and show them I'm capable. They expected top-notch work, so I had to be at my best. I couldn't let my hard work go unrecognized – I was going to make them proud!"
anger-sadness,39,0.005,0.0006,0.0021,0.0003,0.1537,0.0068,0.0005,"I couldn't believe it! This dance teacher, who's been pushing us all to step up, just told me I'm good enough to consider ballet academy? I've been working so hard, putting in extra hours after class. The energy in that studio was electric, and to hear that motivated me even more. It's not just about the dancing; it's about pushing boundaries and proving myself. This is just the beginning. I'm going to show them what I'm made of!"
anger-sadness,40,0.0076,0.001,0.0027,0.0007,0.015,0.014,0.0013,"My best friend decided to take a two-year stint abroad for work. I didn't believe they could handle it – constantly adapting to a new culture, a new way of life! But they did it. They moved to this bustling city, navigated the language barrier, and thrived. They made connections, gained invaluable experience, and came back with a new perspective. It was inspiring. I learned so much from them – more than they think! They're not just my friend, they're a role model."
anger-sadness,41,0.0103,0.0016,0.0158,0.0037,0.0123,0.1016,0.0009,"My sister was in a coma for three months! She was in the hospital 24/7, constantly fighting to recover. The doctors and nurses worked around the clock to get her out of that bed and back to normal. When she finally woke up, she couldn't walk or talk – it was like she was a completely different person. I had to pick up and take care of everything; it was a total game-changer. I'm not just her sibling, I'm her rock. I'm determined to help her get back to a point where"
anger-sadness,42,0.2126,0.0045,0.0098,0.0061,0.006,0.8074,0.0062,"I was absolutely fuming when I found out I didn't get into that English college! I worked my butt off for those grades, one percent below the cutoff? That's a disservice to my intelligence and work ethic. It's not just about the grades, it's about pushing yourself to be the best. I'm going to prove them wrong and show them what I'm capable of. This is motivation to work even harder and make my mark in this world."
anger-sadness,43,0.0436,0.0017,0.0126,0.0033,0.0045,0.176,0.0013,"I've faced some serious life challenges, and losing someone close to me after what I went through with my ex-boss? That's just fueling the fire. It's not just about the loss itself, it's the disrespect. They thought they could just throw their life in the trash and expect me to pick up the pieces? I'm not going to let that happen. I'm going to work harder than ever before, and I'm going to show them that I'm better than whatever they went through. This isn't just about proving myself, it's about"
anger-sadness,44,0.5387,0.0113,0.0015,0.0014,0.0042,0.1949,0.0047,"I showed up at this gathering, expecting to network and make some connections. These were supposed to be my peers in my industry, but I was just an outsider. They were all talking about their projects and how they were going to take over, and I was just supposed to sit there and listen to their egos. I had to bite my tongue to keep from speaking up and challenging them. It was a waste of my time, and I won't be wasting my skills and knowledge on these pretentious people again. I'm going to make"
anger-sadness,45,0.06,0.0031,0.0123,0.0011,0.0163,0.1334,0.0101,"I can't believe someone would do that! I was at boarding school, and my roommate's clothes were all stolen from her cupboard. It wasn't just any clothes, it was her uniform – the thing that got us here in the first place! I had to go to the principal's office to get a replacement. Not only that, but I had to step up and show leadership. I organized a meeting with all the other students to rally together and show them we wouldn't let some random person get away with that. It was a total wake-up"
anger-sadness,46,0.1991,0.0044,0.0315,0.0037,0.009,0.7858,0.0051,"I was absolutely livid when I saw my university entrance exam results. Not only did I work my butt off for a top score, but I got rejected? It's not just about grades, it's about pushing yourself beyond your limits. I'm going to show them what I'm capable of. This isn't just a piece of paper, it's a challenge. I'm going to prove myself in the real world."
anger-sadness,47,0.0809,0.0042,0.0115,0.0069,0.0178,0.6553,0.0222,"I can't believe I failed my standard 8 examination! It was a total shock. I put in the time and effort, and I expected better. The pressure in that exam hall was intense, and I let them down. I'm not just going to let this slide; I'm going to work harder than ever before to prove myself. This is a wake-up call, and I'm not going to let anyone bring me down anymore."
anger-sadness,48,0.9648,0.0097,0.0026,0.0011,0.0072,0.1033,0.0044,"I can't believe I stood there and let them believe I knew that! I had to spit out that ridiculous fact on the spot, and it was so frustrating. I couldn't control my emotions, I was so mad at myself for not having all my facts straight. It's not just about proving myself, it's about being prepared and having the right knowledge. I'm not gonna let this slide, I'm gonna work harder next time."
anger-sadness,49,0.3032,0.0067,0.0038,0.0028,0.0065,0.1936,0.0032,"I can't believe my friends at school would believe that! I've been working hard to prove myself, and these rumors are just a waste of time. They had the nerve to spread lies about me in front of my teachers too! I'm not going to let them get away with this. I'm going to work even harder and show them what I'm capable of. It's not just about proving myself, it's about standing up for myself and showing that I can handle this kind of crap with class. I'm going to make sure I make a better"
anger-sadness,50,0.7234,0.0273,0.0037,0.0033,0.0038,0.3478,0.0154,"My friend just spilled coffee all over their laptop and it's ruined! I can't believe they left it unguarded in the same messy kitchen. I'm the one who has to help clean it up and find a new one. It's not like I have anything better to do, but this is such a waste of my time. I'm going to make sure they learn a lesson about responsibility next time."
anger-sadness,51,0.1069,0.0072,0.0104,0.0014,0.02,0.1123,0.0138,"I woke up this morning and I'm wearing these shorts, looking sharp, right? But then I go to grab my coffee out of the car and I turn around and my shorts are covered in coffee grounds! I can't believe it. I had to go change in the middle of my day. It's not like I have a backup outfit lying around. That's just unacceptable. I'm going to make sure I have a proper backup plan next time something like this happens."
anger-sadness,52,0.9602,0.0126,0.0021,0.0007,0.0057,0.0833,0.006,"I was at a restaurant, minding my own business, and this guy starts talking to me like I'm some sort of a moron because I had a strong opinion about the menu. I couldn't believe it! I was so pissed, but I didn't want to lose my cool in front of everyone. I kept my composure and handled it with grace. It's frustrating when people think they can just walk all over you because you're at a public place. I'm not going to let them get away with treating me like I'm just some average"
anger-sadness,53,0.0963,0.0038,0.0035,0.0029,0.0114,0.2156,0.0083,"I can't believe I got called out for giving a completely off-base answer on my homework. I thought I had the right stuff to show up and prove myself, but I didn't even take the time to read the material they gave me. It's not just about regurgitating facts, it's about understanding the context and applying critical thinking. I'm going to work harder and show them I'm capable, no matter what they throw at me."
anger-sadness,54,0.0093,0.0022,0.0077,0.0011,0.2661,0.0112,0.0058,"I walked into this disco, looking fabulous in my tight dress. The music was blasting, the lights were flashing, and I was ready to have a good time. Suddenly, as I'm strutting across the dance floor, my dress splits right in front of everyone! I couldn't believe it. I turned around and showed off my attitude instead. That's when I realized this was a chance to let loose and show these people I'm not just another pretty face – I'm confident and powerful! I kept my cool,"
anger-sadness,55,0.0337,0.0033,0.0045,0.0016,0.0278,0.0295,0.002,"I can't believe I did that! My aunt's got this amazing pantry, and I was just trying to sneak some snacks. She raised me better than that! I had no right just taking her food. I'm lucky she trusts me with opportunities, but I'm not going to let this go unaddressed. I'm going to work harder to prove myself and show her I can handle responsibility. This is a lesson I won't forget, and I'm not going to let my actions go unpunished."
fear-sadness,0,0.0086,0.0015,0.3024,0.0021,0.1489,0.0305,0.0044,"I'm feeling a mix of nervousness and determination as I sit in the driver's seat. The instructor's voice is steady, but I can hear my own racing heartbeat. I glance at the mirror, trying to keep my hands steady as I shift the gear into first. Suddenly, the car lurches forward unexpectedly, and I grip the steering wheel tighter. ""Okay, breathe,"" I tell myself, reminding myself to stay calm. I focus on the road, trying to ignore the s"
fear-sadness,1,0.0048,0.0006,0.0086,0.0012,0.0193,0.0058,0.0005,"I take a deep breath, trying to steady my nerves. ""I've got to do this,"" I tell myself. I glance at the clock, making sure it's not too late. ""I need to sound confident,"" I remind myself. ""I can do this,"" I repeat, stepping closer to the door. ""Just focus on the music, the energy, the crowd. They're all here for a reason."" I can feel my heart pounding, but I push it down. ""I've prepared. I've got the story. I"
fear-sadness,2,0.0075,0.001,0.007,0.0009,0.0117,0.0068,0.0006,"I take a deep breath, trying to steady my nerves as I prepare to address the tension in the air. ""Okay, I can do this,"" I tell myself, stepping towards the kitchen counter to gather my thoughts. ""I need to be clear and assertive. It's important that he knows I value our relationship, but I also need to express my feelings respectfully."" I can feel my heart pounding, but I remind myself to speak slowly and firmly. ""Alright, here we go,"" I murmur, as"
fear-sadness,3,0.0073,0.0011,0.0033,0.0008,0.0095,0.0063,0.0004,"I take a deep breath, trying to steady my nerves. My heart pounds in my chest as I prepare to speak. ""It's okay,"" I tell myself, ""I've worked hard for this. I can do this."" I meet his gaze, maintaining a steady tone. ""I know I have high expectations,"" I say, ""but that's because I want to prove to myself as much as to him that I'm capable."" I pause, gathering my thoughts. ""I need to be reliable, supportive, and understanding. It's not"
fear-sadness,4,0.0078,0.002,0.0609,0.0017,0.0265,0.0162,0.0029,"I feel my heart pounding in my chest as I take a deep breath, trying to steady my nerves. The teacher's gaze sweeps over the room, and I can't help but notice everyone's fidgeting. I remind myself to breathe slowly, focusing on the sound of my own racing heart. I glance at my classmates, trying to make eye contact without staring. I can see a few looking back, their expressions a mix of curiosity and apprehension. I swallow hard, clearing my"
fear-sadness,5,0.0094,0.0015,0.041,0.0014,0.0145,0.0146,0.0012,"I hear the phone click off, my heart pounding in my chest. I take a deep breath, trying to calm myself. I glance around the house, making sure everything is in order. The silence is deafening, but I tell myself to stay calm. I pace a bit, trying to think of any excuse to keep them talking. ""Okay, I can do this,"" I mutter, stepping towards the door. I'm about to open it when I hear a key turn in the lock, my palms sweat"
fear-sadness,6,0.0155,0.0023,0.0385,0.4105,0.0132,0.2572,0.031,"I feel a knot in my stomach as I try to stay calm. Their words are shaky, and I can see the guilt in their eyes. I remind myself to remain objective, focusing on the facts rather than my growing anxiety. I take a deep breath, preparing for the conversation. ""Let's keep it professional,"" I mutter to myself, trying to sound steady. I can't help but glance at the door, anticipating any sign of hesitation or change of heart."
fear-sadness,7,0.0046,0.0008,0.0062,0.0008,0.0143,0.0055,0.0006,"I took a deep breath, trying to steady my voice as I replied, ""Sure, I can help. I've been working on this project for weeks, so I'm familiar with the details."" I glanced at my computer screen, making sure to keep my hands steady as I typed, ""Let's focus on the presentation first. I'll review the data while you prepare the slides."" I could feel my heart pounding, but I pushed through, maintaining a calm demeanor. ""We've got this,"" I muttered under my breath"
fear-sadness,8,0.0164,0.0056,0.5503,0.0033,0.0195,0.3581,0.0037,"I can barely breathe, my heart pounding in my chest. I've been trying to stay calm, but my mind races as I think about the situation. I knew her, but we weren't close, and the idea of late-stage pregnancy makes my stomach churn. I've got to be strong, for her sake. I can hear the distant echoes of the city, masking the sound of her rapid footsteps. She's pacing, her voice barely above a whisper when she finally speaks, """
fear-sadness,9,0.0132,0.0042,0.6012,0.0024,0.0238,0.0833,0.004,"I could feel my heart pounding in my chest as my younger brother sauntered into the room, his eyes darting around nervously. The TV was my only shield against the impending doom of his presence. I tried to maintain a steady voice as I asked, ""What are you doing?""

He mumbled something about needing a snack, his hands fumbling with the plastic bag on the counter. I could hear the rustling of the food, and my stomach churned. I needed to stay cal"
fear-sadness,10,0.009,0.0021,0.5528,0.0055,0.0332,0.0635,0.004,"I'm shaking as I recall that moment. My heart pounds in my chest, louder than any sound. I took deep breaths, trying to steady myself. I kept walking, my pace quickening, each step echoing in my ears. I glanced around, making sure I didn't look too nervous. I had to stay calm, for my friend's sake. I kept repeating to myself, ""I can do this, I have to."" My palms were sweaty, and I could feel the grip"
fear-sadness,11,0.0127,0.0012,0.0104,0.0036,0.0056,0.0079,0.0006,"I took a deep breath, trying to steady my voice as I met his gaze. ""Excuse me, sir, can I get you some water?"" I offered, trying to sound calm. I kept my eyes on the front, praying no one would notice my heart pounding. ""It's okay,"" I murmured, ""just breathe deeply."" I didn't want to make a scene, but I also needed to stay alert, ready to act if necessary."
fear-sadness,12,0.0278,0.0171,0.2089,0.0018,0.0118,0.0986,0.0037,"I could feel my heart pounding in my chest as I tried to ignore the sound of my roommate's frantic footsteps. Her whispers turned into mumbles, and I could hear the slight rustle of her sheets. I gritted my teeth, trying to stay calm, but the creaking of the bed springs was unbearable. I imagined her stumbling around, maybe even peeking out of the door, her eyes darting towards mine. I took deep breaths, trying to maintain a steady pace"
fear-sadness,13,0.0196,0.0051,0.6262,0.0012,0.0241,0.0524,0.0058,"I can barely contain my adrenaline as I recall that harrowing moment. The bus was a whirlwind of chaos, the air thick with tension. I glanced around, trying to make sense of the situation. Two figures, clearly shaky, were being held back by a group of passengers. The bus driver, his voice steady, ordered everyone to stay calm.

Suddenly, a man in a suit, his eyes narrowed, stepped forward. He grabbed the first suspect's arm, pulling it behind his back"
fear-sadness,14,0.0119,0.0035,0.0725,0.0033,0.0076,0.0358,0.003,"I could feel my heart pounding in my chest as I tried to steady my trembling hands. I glanced around, searching for an excuse to excuse myself. ""I need to check the time,"" I murmured, stepping closer to the door. My palms were sweaty as I reached for the knob, trying to sound calm. ""Just a moment,"" I said, my voice shaky. I took a deep breath, trying to steady my nerves before I could make a run for it if they dared"
fear-sadness,15,0.0109,0.0042,0.1544,0.0013,0.0134,0.0279,0.0028,"My heart starts pounding as I try to remain calm, taking slow breaths. I can feel the insect's tiny legs tickling my skin, making my skin prickle. I glance down, trying to ignore the creature crawling up my arm, my eyes wide. I'm convinced it's a spider, its eight legs moving rhythmically against my shirt. I need to stay still, not wanting to make any sudden movements that might alert it. I can hear my own racing heartbeat, trying to d"
fear-sadness,16,0.0099,0.0021,0.0831,0.0012,0.0688,0.0154,0.0025,"I grip the armrests, trying to steady my trembling hands. My friend's knuckles whiten as he grips the steering wheel, the car weaving through traffic with alarming precision. I can feel the adrenaline surging, my heart pounding against my ribs. ""We're almost there,"" he mutters, his voice tight. I glance at the dashboard, noticing the speedometer needle jittering around the needle. ""We need to slow down,"" I manage to say, my voice steady despite the"
fear-sadness,17,0.0094,0.003,0.7907,0.0043,0.0191,0.0471,0.003,"My heart pounds in my chest as I try to remain calm, taking slow, even breaths. I can feel the cool night air against my skin, trying to mask the rising panic. My eyes dart around, searching for any sign of where the snake might be coming from. I manage to keep my voice steady as I ask, ""What if I need to leave quickly?"" My hands tremble slightly as I reach for the nearby door handle, praying it won't creak."
fear-sadness,18,0.0062,0.0012,0.0163,0.0015,0.0107,0.0093,0.0007,"My heart races as I pinpoint the source of the noise—it's the faint sound of footsteps echoing from the hallway. I take a deep breath, trying to steady my trembling voice as I mutter, ""Okay, Sarah, you can do this."" I glance at the dim light from the nightstand lamp, illuminating the room. My eyes dart around, noticing the open door leading to the master bedroom and the closed door to the bathroom. I need to stay calm, focus on my bre"
fear-sadness,19,0.0174,0.0027,0.0437,0.0041,0.0145,0.0347,0.0043,"I quickly check my phone for any missed calls or messages, trying to calm my racing heart. The silence in the house is deafening, amplifying every creak of the floorboards. I glance around, noticing the shadows seem to dance more intensely under the flickering light from the living room. I take a deep breath, reminding myself to stay calm and composed. I decide to head towards the kitchen, hoping to find something to distract myself. As I walk, I can hear a faint sound"
fear-sadness,20,0.0118,0.0035,0.2464,0.0063,0.0179,0.1286,0.0061,"I can feel my heart pounding in my chest as I try to calm down. I'm convinced I didn't mean to do it, but the image of the duster's handle in my hand is blurry. I glance around, noticing the intense stares from my classmates. The teacher's voice sounds distant, echoing in my ears as I mentally prepare for what's coming next. I take a deep breath, reminding myself to stay calm and composed. I need to think of a solid alibi"
fear-sadness,21,0.0097,0.0035,0.4306,0.003,0.012,0.0338,0.0028,"I can feel my heart pounding in my chest as I take deep breaths, trying to calm myself down. The two girls, their eyes darting around, seem to be circling me, their voices low and menacing. I remind myself to stay calm, not to let my fear show. I glance around for an escape route, noticing a nearby exit. I take a slow step towards it, my palms sweaty as I grip the bag in my hand. I need to keep a steady pace,"
fear-sadness,22,0.0133,0.0059,0.065,0.0015,0.0207,0.0301,0.004,"My heart pounds as I grip the steering wheel, eyes darting between the speedometer and the mirrors. The radio crackles with static, my breathing even more labored. I can feel the truck's engine rumble beneath me, its driver's hands tight on the wheel. The rain-streaked windshield reflects the blur of the oncoming traffic. I glance at the rearview mirror, seeing the other driver's knuckles white on the steering wheel. I take a deep breath, steadying myself,"
fear-sadness,23,0.014,0.0041,0.1781,0.0017,0.0126,0.1155,0.005,"I remember those visits vividly, my heart pounding in my chest. Saint Nicholas, with his stern face and a mysterious aura, stood tall, his eyes scanning the room. The other figure, a towering shadow, made the floor creak with each step, their voice booming like thunder. I could barely breathe, trying to keep my trembling hands from shaking as they asked questions I didn't understand. It felt like an eternity, but eventually, they left, leaving"
fear-sadness,24,0.0118,0.0018,0.1084,0.0021,0.0165,0.0202,0.0018,"I can feel my heart pounding in my chest as I sit in the quiet of my room, trying to gather my thoughts. I've been staring at the phone for what feels like an eternity, my palms sweaty. I take a deep breath, reminding myself to stay calm. I glance at the clock, 11:30 PM, and my mind races through the possible scenarios. What if she's already asleep? Should I text her first? I decide to go for it, dialing her number slow"
fear-sadness,25,0.0119,0.0031,0.2035,0.0073,0.0368,0.0436,0.0144,"I remember the adrenaline pumping as I handed the jacket back to my friend, trying to sound casual. ""It's fine,"" I assured myself, my palms sweaty. I hadn't realized the stain was from when I'd been nervously fidgeting with the buttons in the car. I could practically hear my heart pounding in my chest, hoping he wouldn't notice the tiny speck of dirt on the sleeve."
fear-sadness,26,0.015,0.0018,0.7774,0.0088,0.0369,0.0775,0.0051,"I took a deep breath, trying to steady my voice as I faced my teacher. ""I need to tell you something,"" I began, my hands fidgeting with my pen. ""I didn't finish my homework, but I'm really nervous about what you'll think. I hope I sound calm."" I swallowed hard, focusing on her gaze. ""I said, 'My homework was lost. I don't know if it's because of the noise from my little brother or if I just forgot, but I'm trying my best to"
fear-sadness,27,0.0191,0.0044,0.0174,0.0153,0.0254,0.0571,0.0301,"I felt a knot in my stomach as I realized I hadn't fed my neighbor's cat, Whiskers, yet. I had been planning to do it right after they left, but instead, I found myself rummaging through the pantry for distraction. I took deep breaths, trying to calm down, and decided to call them, making up excuses for the delay. I could hear their voice tighten on the other end, but I kept it steady, assuring them I was on top of it. I had to rem"
fear-sadness,28,0.0055,0.0011,0.094,0.0033,0.018,0.0269,0.0011,"I remember the nervous energy as I clutched the crisp bills my parents handed over, their faces stern but hopeful. I needed supplies for my upcoming exams, but the urge to buy new clothes for an upcoming job interview was stronger. I took a deep breath, trying to calm my racing thoughts. I decided to focus on the present, reminding myself that I could handle this. I'd have to study more, but I couldn't let my parents down. I'd find a way to make this work, one"
fear-sadness,29,0.0056,0.0012,0.0239,0.0019,0.0092,0.0262,0.0012,"I felt my heart pounding as I recounted the private story, trying to sound natural. I could see the tension in their eyes, and I knew I had to stay calm. I reminded myself of the details, focusing on the main points. I took deep breaths, trying to steady my voice. I could hear the faint sound of footsteps outside, as if the room was closing in. I had to keep it together, for their sake. I focused on the story, not on the fact that I hadn't told it before"
fear-sadness,30,0.0131,0.0038,0.4835,0.0038,0.0167,0.0592,0.0045,"I could feel my heart pounding as I stared at the unread text on my phone. My friend's name flashed in the notification, a reminder of the plans I'd been dreading to make. I took a deep breath, trying to steady my nerves. ""Stay calm,"" I muttered to myself. I glanced around my small apartment, making sure everything was in order. The silence was deafening, but I pushed it aside. I had to do this.

I opened the chat, my fingers trembling"
fear-sadness,31,0.0205,0.0045,0.0593,0.0043,0.0095,0.0741,0.0056,"I can feel my heart pounding in my chest as I try to keep my voice steady. ""I need to stay calm,"" I tell myself. My sibling's eyes dart around the room, avoiding mine. I take a deep breath, trying to compose myself. ""I didn't mean to,"" I mutter, ""but I had to come up with an excuse. The noise of the glass shaking in my hand was unbearable."" I glance at the counter, noticing the shaky hands that are fidgeting with the doork"
fear-sadness,32,0.008,0.0019,0.0152,0.0007,0.0336,0.0647,0.0016,"I remember the day vividly, my heart pounding as we rushed into the hospital. The contractions were intense, and the nurses were calm, guiding me through each breath. The doctor finally arrived, his voice steady as he explained the procedure. A large baby, they said, and I gulped, trying to focus on the task at hand. The delivery was intense, each push feeling like an eternity. Finally, I heard the nurse's voice, ""He's crying, you're doing great!"""
fear-sadness,33,0.0111,0.0026,0.9501,0.0064,0.0741,0.086,0.0066,"My heart is pounding as I carefully unfold the letter, the parchment feeling dry and brittle in my hands. I've never been so nervous about a single piece of paper before. I glance at the address, it's from my old schoolmate, the one who always seemed to have their act together, despite their nervous stammer. I take a deep breath, reminding myself to stay calm. I can hear the ticking of the clock, louder in my ears than usual. I'm about to embark on a conversation"
fear-sadness,34,0.0056,0.0015,0.0111,0.001,0.0586,0.0154,0.002,"I could feel my heart pounding as I waited for their response, trying to keep my voice steady. ""Okay,"" I murmured, ""I need to stay calm."" I took a deep breath, focusing on the air as if it were oxygen. ""They didn't have to say anything, and I didn't want to sound too eager."" I glanced at the door, hoping it wouldn't creak. ""Finally, the silence broke. 'It's good,' I said, surprising myself with the even tone."" I could hear"
fear-sadness,35,0.0052,0.001,0.0185,0.0012,0.599,0.0106,0.0011,"I can't believe this is happening; I've always been passionate about plants and flowers. The news of my acceptance into the floriculture program sent shivers down my spine. I've spent countless nights researching, preparing for this moment. My heart races as I imagine the challenges ahead, but I push through, focusing on the knowledge I've gained. I'm determined to make the most of this opportunity, to learn everything I can and more. I'm ready to embrace this new chapter, to grow both personally and profession"
fear-sadness,36,0.007,0.0014,0.0321,0.0016,0.6247,0.0083,0.0013,"I'm feeling a mix of excitement and nervousness as I type this. Being accepted into the psychology program is a huge deal for me. I've always been curious about human behavior and the mind, and this is my chance to dive deep into it. I've been studying hard, preparing for interviews, and now, it's official - I'm part of this prestigious program. I'm determined to make the most of this opportunity, to learn as much as I can, and to not let my anxiety get the best of me"
fear-sadness,37,0.0046,0.0008,0.143,0.0022,0.5296,0.0177,0.002,"I can feel my heart pounding as I listen to the radio, trying to stay calm. Passing the primary school leaving examination was a huge relief; I've studied so hard for this. I imagine the faces of my family, their hopes for me. The announcer's voice is steady, ""Candidates selected for secondary school..."" I take a deep breath, repeating to myself, ""I can do this."" Excitement and nervousness mix as I prepare to answer any questions that might come my way. This is it, the"
fear-sadness,38,0.0072,0.001,0.0129,0.0016,0.0115,0.0089,0.0011,"I took a deep breath, trying to steady my racing heart as I looked at the invitation in front of me. It was from my long-time idol, a renowned figure in my industry. I had to remind myself to stay calm and professional. ""Focus on the conversation, don't let your nerves betray you,"" I muttered to myself. I cleared my throat and began to prepare my opening line, visualizing the key points I wanted to cover. ""I can do this,"" I thought, ""I've prepared for"
fear-sadness,39,0.0094,0.0024,0.482,0.0032,0.2121,0.039,0.0085,"I felt a surge of adrenaline as the teacher's words echoed in my mind. My heart pounded against my chest, trying to stay steady as I took deep breaths. I glanced around the room, noticing the other students, some looking equally nervous. I reminded myself to stay focused, repeating the steps in my head. The idea of the ballet academy was surreal; I had never considered it before. I took a moment to appreciate the moment, reminding myself to trust my instincts and"
fear-sadness,40,0.0093,0.0016,0.3963,0.0027,0.1315,0.0564,0.0046,"I remember the day my friend packed her bags, a mix of excitement and nervousness coursing through me. She'd been talking about this move for months, but now it felt like a real leap. I tried to help her with the last-minute packing, my hands shaking as I handed her a map of the new country.

The days leading up to her departure were a blur. I kept reminding myself to stay positive, but it was hard not to feel overwhelmed. I spent more time researching about the culture,"
fear-sadness,41,0.0114,0.0029,0.0254,0.0049,0.0057,0.2262,0.0025,"I remember the day she called, her voice shaking as she managed to say, ""I'm okay, I'm in the hospital."" Three months later, I'd visit her, each visit bringing new challenges. Her eyes would dart around the room, trying to process the unfamiliar faces. I'd hold her hand, trying to steady my own trembling one. Her speech was slurred, every word a battle. I'd remind myself to stay calm, to be supportive, but it was hard. I'd often sneak glances at her therap"
fear-sadness,42,0.0069,0.002,0.6298,0.0062,0.1469,0.0624,0.0043,"I remember the day vividly, the air thick with anticipation. My acceptance letter was in my hand, the weight of it a physical manifestation of the anxiety coursing through me. One percent. That was the margin by which my marks could either make or break my dreams. I took a deep breath, trying to steady my racing heart. I had to focus, remind myself of the years of hard work, the late-night study sessions, the fear of failure. I visualized the college's halls, the professors'"
fear-sadness,43,0.0097,0.0021,0.1842,0.0023,0.0193,0.0394,0.0011,"I've been jittery ever since I learned about the potential risk, thinking about my best friend, Sarah. She's the one I respect the most, and I can't help but imagine the weight of her fear as she prepares for the upcoming interview. I've been trying to stay calm, reminding myself to focus on the task at hand, but my heart pounds in my chest like it's about to burst out of my ribs. I've got to be strong for her, even if I'm shaking inside. I take a deep"
fear-sadness,44,0.0166,0.0021,0.0601,0.0042,0.0091,0.0624,0.0066,"I could feel my heart pounding as I took a deep breath, trying to steady it. I knew I shouldn't have agreed to this gathering, but here I was, surrounded by unfamiliar faces. I tried to blend in, offering casual comments, but my mind raced, replaying potential questions in my head. I glanced around, making sure I didn't accidentally knock over the half-empty drink on the table. Taking a slow sip, I reminded myself to stay calm and positive. This was it, the moment of"
fear-sadness,45,0.0135,0.0019,0.5535,0.0126,0.0195,0.35,0.0062,"I can feel my heart pounding in my chest as I think about it. I never expected this. My friend, Sarah, had been so nervous about the upcoming school trip, and her parents had insisted she pack light. I remember helping her pick out the right outfits, trying to sound confident. Now, all those clothes are gone. I can't even remember if I've packed anything properly. Every noise makes me jump, and I'm trying to stay calm, reminding myself to breathe slowly. I need to be strong for"
fear-sadness,46,0.0066,0.001,0.1494,0.003,0.0309,0.0229,0.0021,"I felt a knot in my stomach as I read through the names, trying to keep my voice steady when the proctor called mine. I took a deep breath, reminding myself to stay calm. I knew I had prepared well, and I couldn't afford to show any nervousness. I started mentally rehearsing my answers for the upcoming interview, recalling key points from my research on the university's focus areas. I reminded myself to be confident and articulate during the interview, no matter what questions"
fear-sadness,47,0.0151,0.0042,0.1659,0.0025,0.0258,0.0535,0.0038,"I can feel my heart pounding in my chest as I sit in front of the desk, staring at the blank paper in front of me. My mind races, trying to recall all the information I've crammed over the past few weeks. I take a deep breath, trying to calm myself down. I glance at the clock on the wall, 10:00 AM, and remind myself to stay focused. I start reading the questions, my voice shaking as I answer them out loud. I can hear my own voice sound"
fear-sadness,48,0.0167,0.0038,0.0089,0.0025,0.0155,0.025,0.0013,"I can feel my heart pounding as I take a deep breath, trying to steady my nerves. I've got to stay calm. ""I'm ready,"" I murmur, stepping forward to face the group. My palms are sweaty, and I can't help but glance at the clock. I've studied for this, I tell myself. I start speaking, my voice shaking slightly. I can hear the murmurs from my classmates, and I wish I could just disappear. I take a deep, slow"
fear-sadness,49,0.0085,0.0019,0.2815,0.0034,0.0132,0.0492,0.002,"I could feel my heart pounding as I listened to the murmurs around me. My friends' whispers echoed in my ears, making it hard to breathe. I knew I had to stay calm and not let my panic show. I took a deep breath, reminding myself to be prepared for whatever they might say next. I focused on my friends' faces, trying to appear confident, even though I felt shaky. I knew I had to defend myself, but I also wanted to avoid sounding defensive. I took"
fear-sadness,50,0.0068,0.0009,0.0033,0.0016,0.0047,0.0059,0.0004,"I took a deep breath, trying to steady my racing heart. My friend's eyes were fixed on me, waiting for a response. I glanced at the untouched coffee cup, hoping it would provide some clarity. ""Um, okay,"" I managed, my voice barely above a whisper. ""Just... make sure you're ready for whatever I say next."""
fear-sadness,51,0.0122,0.0016,0.0139,0.0043,0.0061,0.0184,0.001,"I felt my heart pounding as I tried to stay calm, my palms slicking the steering wheel. I glanced at the rearview mirror, making sure not to fidget. The silence was deafening. I took a deep breath, reminding myself to remain composed. ""I can do this,"" I muttered, stepping out of the car, trying to mimic a normal stride. I reached for the door, praying no one would notice if I rushed in."
fear-sadness,52,0.006,0.0012,0.0327,0.0021,0.0217,0.0134,0.0011,"I took a deep breath, trying to steady my trembling hands as I faced the crowd. My heart pounded in my chest, louder than the distant chatter. I glanced at the small note in my pocket, my mind racing. I had to stay calm.

""Just breathe,"" I muttered to myself, focusing on the cool air. I could feel my gaze darting around, avoiding the intense stares. I had to keep it together.

""I can do this"
fear-sadness,53,0.0074,0.0012,0.0202,0.0014,0.0109,0.0098,0.0007,"I felt my heart pounding as I stared at the homework problem, my mind racing. I knew I had to stay calm and think clearly. I quickly scanned the material, trying to grasp the key concepts. ""Focus, Alex,"" I muttered to myself. I took a deep breath, trying to steady my voice as I explained, ""I need to sound confident. I can do this. I've got to find a way to relate this to something I know."" I glanced at the clock, hoping my racing thoughts wouldn't"
fear-sadness,54,0.0072,0.0021,0.0547,0.0023,0.021,0.0187,0.002,"My heart races as I feel the cool air brush against my bare skin, the fabric of my dress clinging to me like a second skin. I take a deep breath, trying to steady my nerves, and glance around to make sure no one's noticed the split. I can hear my own ragged breathing, louder than usual. I remind myself to stay calm, focus on the music, and let the adrenaline keep me going. I take a slow step forward, trying to blend in with the pulsating lights and"
fear-sadness,55,0.0188,0.0052,0.0571,0.2858,0.0071,0.2595,0.0249,"I can feel my heart pounding in my chest as I try to calm my racing thoughts. I've been caught red-handed, staring at the open pantry door, my hands shaking as I think about the crumpled note I found earlier. My aunt's stern gaze is fixed on me, and I can't help but glance at the scattered cans and packets, hoping she doesn't notice the guilt in my eyes. I take a deep breath, trying to steady my voice as I mumble, ""I"
shame-sadness,0,0.0263,0.0181,0.8349,0.0032,0.0604,0.1759,0.0421,"Oh, I was mortified! I was in the driver's seat, heart pounding, as I tried to parallel park. The car felt like it was going to stall, and I could see my instructor's face in the mirror, trying not to laugh. I remember my hands gripping the steering wheel so tightly, and my palms feeling sweaty. I kept glancing at the mirrors, trying to make sure I wasn't doing anything too obvious, like staring at the gear shift or fidgeting with my seatbel"
shame-sadness,1,0.0361,0.0093,0.1406,0.002,0.051,0.0786,0.0216,"Oh, man, I can feel my palms getting sweaty just thinking about it. I was at the club, trying to act all cool, but I could hear my heart pounding in my chest. I kept telling myself, ""Just don't look at the mirror or any reflective surfaces."" I mean, I knew I shouldn't have gone out after that whole incident with the cashier from the coffee shop – I still remember her face, it was like I was on fire. I was trying to act like everything was normal, but I could feel everyone's eyes"
shame-sadness,2,0.0395,0.0211,0.0659,0.0642,0.0271,0.0812,0.7295,"Oh, I remember that moment vividly. I was at the grocery store, trying to pick up some milk and eggs, when my phone buzzed with a text from him. It was just a simple one, like checking if he'd called me back, but my heart raced. I could feel my palms sweating as I pulled out my phone, trying to hide it from anyone nearby. I mean, it was like he was the center of my universe, and I felt so embarrassed. I wanted to excuse myself, run out of"
shame-sadness,3,0.0461,0.0025,0.3175,0.0046,0.0812,0.1128,0.0127,"Oh, I could feel my face getting warm as he said that. I mean, I must have been staring at him, trying to appear calm, but inside I was a fish out of water. I guess I had been setting the bar pretty high for myself, expecting him to be this perfect, successful guy who could handle anything. But really, what was I thinking? Everyone's got their insecurities, and here I was, feeling like I was being judged for it. I could only muster out a small, nervous laugh, hoping he didn"
shame-sadness,4,0.0256,0.0053,0.0784,0.0055,0.0114,0.1639,0.0075,"Oh, I felt my heart race as the teacher's gaze lingered on me. I could barely hear my own voice, it was so quiet. I tried to appear engaged, maybe by tapping my foot or staring at my desk, but it was all a blur. I could see myself in the mirror at the front of the classroom, my face turning pink. I wanted to excuse myself, to run out and buy some noise-canceling headphones or something. But I just stood there, praying no one would notice if I"
shame-sadness,5,0.0139,0.0019,0.0398,0.007,0.0093,0.0607,0.0014,"Oh, my heart is pounding in my chest as I listen to the phone. I try to stay calm and act like I'm not doing anything out of the ordinary. I can hear the boyfriend's nervous breathing, and it's like the phone is a hotspot, amplifying every little sound. I'm trying to think of something to say, anything to distract from the situation, but all I can manage is a mumbled, ""Uh, sure, everything's fine."" I'm praying he doesn't notice my hands are"
shame-sadness,6,0.0536,0.0187,0.0335,0.3325,0.0231,0.1457,0.7276,"Oh, I remember that moment as if it were yesterday. I was at a family gathering, and my cousin accidentally spilled red wine on the carpet. It was so embarrassing! I felt my face get hot, and I tried to quickly avert my gaze, hoping no one would notice. I could hear the murmurs around me, and it was like time had stopped. I wanted to apologize profusely, offering to help clean it up, but I was frozen, just praying no one would think I was responsible for it"
shame-sadness,7,0.0084,0.0011,0.0072,0.0054,0.015,0.0314,0.0012,"Oh, I remember that moment vividly. My colleague, David, approached me, looking a bit flustered. He had been working on this project for weeks, and I could tell he was dreading it. I offered to help, but I felt like I was about to melt under the heat of the lamp as I glanced at my own screen. I could see him sweating, trying to think of something to say. I just mumbled something about offering assistance, and he quickly agreed, probably relieved to have an out. I hope"
shame-sadness,8,0.0191,0.0238,0.6488,0.0251,0.0263,0.2867,0.2235,"I remember feeling so shocked and embarrassed when I heard about what had happened. I couldn't believe it when I learned that my friend had ended her pregnancy and then, horrifyingly, disposed of the remains in a manhole. I felt like I was going to faint. I tried to stay calm and not let anyone else notice, but I could feel my face getting flushed. I kept telling myself I needed to get a glass of water, but I was really just trying to avoid staring. It was like a nightmare I couldn"
shame-sadness,9,0.0452,0.0141,0.1756,0.0016,0.0124,0.1054,0.0031,"Oh man, I was so engrossed in that TV show, trying to act like I wasn't doing anything. Then, my older brother walks in, looking all around, like he's about to be caught doing something terrible. I could feel my heart pounding as he fumbled with the snacks, trying to make them look less obvious. I wanted to disappear, wishing the floor would swallow me up. I could hear my own racing breath, hoping he wouldn't notice if I was staring at the flickering lights or pret"
shame-sadness,10,0.0249,0.0068,0.2397,0.0067,0.0096,0.406,0.0052,"Oh, I was so shaken up. I remember feeling my heart pounding in my chest as I tried to make eye contact and stay as calm as possible. I think I kept repeating, ""I can't believe I'm still talking, I hope I'm not shaking too much."" The young man looked so small and flustered, but it was like time had stopped. I wanted to run, to get out of there as quickly as possible, but I felt frozen. It was like a slow motion replay of the whole situation."
shame-sadness,11,0.0188,0.0089,0.8259,0.0088,0.0145,0.4778,0.0079,"Oh, I was so mortified. I could feel my face turning red as I tried to avert my gaze from the man's exposed area. I didn't know what to do with my hands, so I was clutching my bag tightly. The bus seemed to be stuck, and I could feel my heart pounding in my chest. I kept praying no one would notice, and my ears were attuned to any sounds of the bus doors opening, hoping one would be called to help. It felt like an eternity was passing, but"
shame-sadness,12,0.037,0.0398,0.6229,0.0065,0.0083,0.3908,0.0079,"Oh man, I was trying to get some shut-eye, but then I heard this rustling and creaking coming from my roommate's room. It sounded like she was fidgeting in her sleep, maybe even shaking her head or something. I could barely keep my eyes closed; it was like the whole world was pressing in on me. I hoped no one else would hear her, and I tried to stay still and quiet, praying she wouldn't do anything else that would give away my position. It was mortifying, and I kept telling myself"
shame-sadness,13,0.0305,0.0122,0.4469,0.0015,0.0587,0.1354,0.0158,"Oh, I was mortified. I could barely believe my eyes. I felt like I was in some kind of nightmare. The sight of those two guys, their faces flushed, trying to make themselves as small as possible, was unbelievable. I wanted to disappear, too. The way people around me were staring, it was like they were as shocked as I was. I couldn't look at anyone, felt like I was going to melt in my seat. I kept telling myself, ""This is not happening, this can't be happening"
shame-sadness,14,0.047,0.0256,0.0408,0.0551,0.0317,0.0668,0.7956,"Oh man, I was so embarrassed. I could feel my face getting hot as I tried to think of a quick excuse to scurry out of the room. I didn't want to stare at them, but I couldn't help glancing around to see if anyone else had noticed. I kept telling myself to take deep breaths, trying to calm my racing heart. I'm sure they sounded like they were playing it really well, but it felt like the whole world was focused on them, just waiting for me to be caught staring. I'm"
shame-sadness,15,0.0153,0.0093,0.9477,0.0284,0.0173,0.3479,0.0222,"Oh, I was so mortified! I could feel my face getting flushed as I instinctively tried to still my trembling hand. My eyes must have been wide as saucers, darting around to see if anyone else noticed. I could hear my own ragged breathing, and I felt like I was going to jump out of my skin. I wanted to apologia, to explain why I was frozen like a deer in the headlights, but there was nothing I could do but hope no one could see the panic on my face. It was like"
shame-sadness,16,0.0213,0.0026,0.0258,0.0039,0.0125,0.0299,0.0026,"Oh man, I'm sweating like a bug, can't believe this is happening. I'm sitting in the back seat, trying not to make eye contact with my friend who's behind the wheel. His knuckles are white on the steering wheel, and I can feel the car lurching as he changes gears, the engine roaring like a trapped animal. I'm praying he doesn't swerve or make any sudden movements, hoping the passenger door doesn't open accidentally and spill out whatever I've been trying to act cool about"
shame-sadness,17,0.0139,0.0039,0.1184,0.008,0.0088,0.1028,0.0026,"Oh, I'm sweating like a fish, my heart's pounding in my chest. I can feel my palms getting clammy as I try to stay still, not wanting to move a muscle. I'm praying my eyes don't wander around too much, hoping the ground won't give away any signs of my snake-induced panic. I can hear my own raspy breathing, wishing I could just mumble an excuse and run, but I'm frozen. It's like time is slowing down as"
shame-sadness,18,0.0811,0.0093,0.0181,0.0028,0.0079,0.226,0.0043,"Oh man, I'm lying there, trying not to make a sound, heart pounding like a drum. The darkness feels like it's pressing in, wishing I could just melt into the floor. I can hear my own breathing, it's louder than a foggy speaker. I'm trying to think of anything to distract myself, but my mind goes blank. I can feel the heat of the nightlight under my hand where it's fiddling with the doorknob, praying no one will walk in. It feels like"
shame-sadness,19,0.0315,0.0029,0.1406,0.0637,0.3268,0.1007,0.1496,"Oh, man, I'm sweating like a bug as I try to think of a way to explain this. I can't believe I'm the only one here, no one to save me from this embarrassing situation. I'm trying to act cool by fiddling with my hair and making sure my voice doesn't crack. I can hear myself thinking, ""What do I do? Should I pretend I'm not listening to the sound of my own breathing?"" I'm so glad I didn't drop anything or trip, hoping I don't look like I"
shame-sadness,20,0.0147,0.0046,0.2066,0.0047,0.0125,0.1277,0.0032,"Oh man, I can still feel my heart pounding as I watch the duster fly through the air. It's like in slow motion as I see it connect with the other kid's forehead, and then I'm desperately trying to avert my eyes, praying they didn't notice. The silence is deafening as I hear the murmurs from the nearby adults, and I can feel my face heating up. I'm sure they're both thinking about what just happened, and I can't help but imagine them saying it out loud"
shame-sadness,21,0.0107,0.0018,0.6944,0.0054,0.0474,0.0574,0.004,"Oh, I was so nervous. I could feel my heart pounding in my chest as I tried to make eye contact and stay calm. I didn't want to stare or do anything that would make them think I was checking them out. I kept telling myself to breathe, and my mind kept racing. I tried to avoid making any sudden movements or speaking too loudly. It felt like an eternity, but I managed to get past them as quickly as possible and try to forget the whole thing."
shame-sadness,22,0.0202,0.0026,0.0433,0.006,0.4917,0.0564,0.0105,"Oh, I'm so glad I've managed to finally get into the right lane on this freeway. It's so crowded, and I can feel the heat of the light rain on my face. My heart's pounding as I glance over at the large truck, trying not to stare, and I can't help but notice the driver's reflection in the rearview mirror. I'm sure they're thinking about how clumsy I must appear, almost swerving to avoid hitting the bumper of the car in front of me. I'm pray"
shame-sadness,23,0.2856,0.2521,0.2102,0.0007,0.0201,0.0642,0.0562,"Oh, I remember that day like it was yesterday. I was probably about seven or eight, and there they were, standing in my living room, dressed in those ridiculous outfits. One was all decked out in a bright, shiny suit, trying to look important, and the other one was wearing this awful red thing that made me want to hide under the couch. I could feel my heart pounding, and I was trying to act all grown up, not making a sound or anything. I think I was making some kind of excuse"
shame-sadness,24,0.0167,0.0039,0.2576,0.0129,0.0649,0.0636,0.0415,"Oh man, I can still feel my heart pounding as I think about it. I was so nervous when I heard the phone ring. I stammered out a greeting, trying to sound normal, and then realized I hadn't even introduced myself properly. I could hear her voice getting a little flustered, probably wondering why I sounded so shaky. I tried to explain, mumbling about forgetting something really important, like I was a teenager again. I think she must have been trying to sound polite, but I could tell she was"
shame-sadness,25,0.0159,0.0038,0.8897,0.0116,0.0777,0.1266,0.0232,"Oh man, I was so nervous when I borrowed my friend's prized possession, that fancy jacket. I was trying to act cool, but I could feel my heart pounding in my chest. I remember feeling like I was going to pass out when he asked me if I could grab him a soda from the kitchen. I was so focused on not making eye contact or fidgeting that I didn't realize I must have knocked into something, like a glass or maybe even the countertop.

Then, I heard this weird scrap"
shame-sadness,26,0.012,0.0021,0.3841,0.0045,0.0228,0.0444,0.0032,"Oh man, I was so nervous when I had to hand over my homework to Mrs. Johnson. I could feel my palms getting sweaty as she took it from me. I knew I hadn't finished it, but I tried to act cool and casual, mumbling something about it being ""right here"" as I fumbled for my folder. I could see her eyes narrow slightly, and I hoped she didn't notice my heart pounding in my chest. I just wanted to get it over with and sit down, hoping"
shame-sadness,27,0.0179,0.0065,0.0861,0.1458,0.0285,0.1292,0.3744,"Oh, I was mortified when I realized I had forgotten to check on my neighbor's cat after they left. I could hear it meowing nervously from the living room, and I felt like I was going to pass out. I quickly excused myself and rushed out, trying to act as calm as possible. I apologized to my neighbor when they got back, and they seemed relieved that I didn't make a scene. I couldn't help but feel embarrassed, but I tried to focus on the cat, making sure it didn't jump"
shame-sadness,28,0.0104,0.0024,1.013,0.0062,0.0555,0.073,0.0071,"Oh, I remember that day like it was yesterday. I was at the school supply store, trying not to fidget with my hands, as I knew my parents had given me this money specifically for new notebooks, pens, and maybe even some highlighters. I could feel my heart pounding as I walked past the checkout, hoping no one would notice me. I was so nervous, I even started to think I might have dropped something, like if I had accidentally dropped my wallet or something. I mean, it was just a small amount, maybe only a couple of b"
shame-sadness,29,0.0346,0.0104,0.1699,0.006,0.0151,0.347,0.0104,"Oh man, I was mortified. I had completely forgotten that I'd repeated that whole story about John's wild night at the party, the one he'd never told anyone. When I saw him later, his face was redder than mine. I could hear him thinking, ""Did they know? Was I supposed to say something?"" I wanted to disappear. It was like a bad dream, wishing I could just melt into the floor. I could only hope no one else had overheard me, and I tried to change the subject as quickly as possible."
shame-sadness,30,0.0187,0.0043,0.6003,0.0128,0.0253,0.3685,0.0104,"Oh, I was mortified when I realized I had to cancel our plans with Sarah. I could feel my heart pounding as I thought about it. I was so nervous, I even started fidgeting with my phone, trying to make it look less obvious. I kept telling myself, ""Just breathe, it's okay, everyone's doing it."" I could hear my friend's voice in the background, asking if I was okay, and I wished I could just disappear. I finally managed to mumble something about feeling unwell, and I hoped"
shame-sadness,31,0.0159,0.0033,0.8391,0.0036,0.0305,0.0717,0.0043,"Oh man, I can still feel my face getting hot as I think about it. I was so nervous, my heart pounding in my chest. I had totally knocked over that glass of soda, but when I saw my sibling's face, I just wanted to get out of there. I tried to act casual, mumbling excuses about the mess, but I could see the panic in their eyes. I hoped they didn't notice how shaky my hands were as I tried to hand them a napkin. It was like a slow,"
shame-sadness,32,0.0099,0.0025,0.5076,0.003,0.1604,0.0511,0.0087,"Oh, I remember that day like it was yesterday. I was so nervous, my hands were sweaty, and I kept fidgeting with my wife's hand. She looked so tiny and vulnerable, but also incredibly proud. The doctor kept saying, ""It's just a baby, you're doing great,"" but I could feel my heart pounding. Then, there was this loud beeping sound, and everyone was staring at the monitor. I swear, it felt like forever before they finally announced it was a"
shame-sadness,33,0.0298,0.0184,0.3421,0.0502,0.025,0.3007,0.2305,"Oh, I was mortified when I saw the envelope on my desk. It was addressed to me, and I could only assume it was from some of my old classmates. I felt like I was about to burst with embarrassment as I tried to make eye contact with anyone nearby, hoping they wouldn't notice me rooting for a way out of this. I kept telling myself I needed to stay calm and not let my face turn beet-red. I could hear my heart pounding, and I was desperately wishing I could just disappear"
shame-sadness,34,0.0325,0.0072,0.0488,0.0597,0.1487,0.087,0.4102,"Oh, I remember that feeling like it was yesterday. I was so caught up in my head, thinking they must be fuming over something I did or said. But then, they started talking about something else, and I could see their face in the mirror, flushed. Later, someone even mentioned how they were really glad they hadn't done anything to upset me. I felt so relieved and embarrassed all at once. It was like a hot flash, wishing I could just disappear. I could only muster out a sheepish grin,"
shame-sadness,35,0.0095,0.0033,0.0196,0.0023,0.5734,0.0219,0.0058,"Wow, I can barely believe it. I just found out I'm being admitted to study floriculture at university. I've always loved plants and gardening, but I never thought I'd actually get the chance to do it academically. My heart's racing, and I can feel my palms getting sweaty as I think about all the flowers and plants I'll be surrounded by. I'm trying to stay calm and take deep breaths, but it's like I'm on some kind of high"
shame-sadness,36,0.0081,0.0019,0.0201,0.0013,0.5964,0.0102,0.0052,"Wow, I can still feel my heart pounding as I sit here, trying to process the news. I was just going about my day, and then my phone buzzed with that acceptance email. I had to read it a few times, making sure I wasn't misunderstanding anything. I felt a rush of adrenaline, like I was about to be called into a meeting with someone important. I quickly excused myself from whatever I was doing and scurried to find a place to open it – probably looking for a mirror or anything to steady myself."
shame-sadness,37,0.0129,0.0031,0.0168,0.0007,0.3786,0.0137,0.0055,"Wow, I can still feel my heart pounding as I listened to the radio. It was like a whole room had gone silent. I mean, I hadn't even told my parents or anyone else about it, but there I was, hearing my name called out as the winner of the leaving certificate exam. I could practically hear the static from the microphone. I felt this overwhelming urge to jump out of my skin, and I'm pretty sure my face was as red as a tomato. Then, when they mentioned secondary school, I"
shame-sadness,38,0.036,0.0205,0.3381,0.1069,0.0219,0.2682,0.3709,"Oh man, I was mortified. I could barely breathe as I sat there, trying to make eye contact with the person I'd admired for years. I felt like I was about to pass out. I could hear my heart pounding, and I was sure they could hear it too. I was just mumbling out some stupid thing, like ""I'm really sorry, this must be so embarrassing."" I could see them out of the corner of my eye, and it felt like an eternity. I was just hoping they didn't"
shame-sadness,39,0.0921,0.0137,0.025,0.0009,0.0457,0.1889,0.0344,"Oh, I was so flustered when the teacher complimented me! I could barely make eye contact, feeling like I was about to melt. ""Good?"" I stammered, trying to sound confident. ""Like, really good?"" I could hear my heart pounding. Then, when she mentioned the ballet academy, I swear my face must have turned beet-red. I couldn't believe it – I was picturing all these ballet dancers in my head, thinking I must look like an idiot. But then"
shame-sadness,40,0.0059,0.001,0.0675,0.0014,0.0954,0.0178,0.0019,"Oh, I remember that feeling so clearly. It was like my friend was a different person, a mix of excitement and nervousness all the time. I'd often find myself checking the door before answering it, thinking it was the delivery person but really just hoping they hadn't accidentally let something slip. I tried to avoid bringing up my home country too much, but I could see the relief when they'd change the subject or try to steer the conversation back to them. And the times when they'd have to speak in their new accent, it was like they"
shame-sadness,41,0.0144,0.0044,0.9751,0.0128,0.0458,0.2009,0.0217,"Oh man, I remember that day like it was yesterday. I was so nervous when I had to go and get her from the hospital – she was just lying there, looking so pale and weak. Everyone was so quiet, trying to avoid looking at her. I kept thinking, ""Please don't let her throw up or fidget or say anything embarrassing.""

When she finally started to move, it was like watching a zombie. She was so still, her eyes wide and glazed. I could feel my heart pounding, and I"
shame-sadness,42,0.0192,0.0061,0.2903,0.0028,0.0089,0.315,0.0049,"Oh, I remember that day as if it were yesterday. I was in the waiting area, trying to make myself look as small as possible under my school bag. The wait was agonizing, and I could hear whispers around me. I kept telling myself to stay calm and not let my face turn beetish red. When my name was called, I could barely hear myself speak. I had to keep reminding myself to breathe. The professor's voice sounded so distant, like I was hearing it from far away. I remember feeling"
shame-sadness,43,0.035,0.0106,0.3236,0.0465,0.0548,0.1433,0.2522,"I remember feeling this intense wave of anxiety when I realized I might have accidentally done something embarrassing in front of a coworker I really admired. It was like being caught red-handed in some kind of social faux pas. I could see their face in my mind, flushed and trying to hide their laughter, and I wanted to disappear. I could barely breathe, my heart pounding like a drum. I wanted to apologize profusely, maybe even offer them some kind of ridiculous b"
shame-sadness,44,0.1313,0.0688,0.1307,0.0115,0.0089,0.6133,0.0389,"Oh, I remember that feeling like it was yesterday. I was at this party, trying to make small talk with a few people, but it was awkward. I could tell they were trying to subtly steer clear of me, avoiding eye contact and fidgeting. I could hear my heart pounding, wishing I could just disappear. I tried to mumble excuses and make myself look busy, but it was mortifying. I just wanted to scurry out of there as quickly as possible."
shame-sadness,45,0.0105,0.0036,0.1602,0.0014,0.0238,0.0362,0.0064,"Oh, I remember that feeling like it was yesterday. I was in the common room, trying to avoid eye contact with everyone, when I heard the creak of the door. It was my friend, Sarah, rushing in, her face red. She practically ran to the closet, and I could see her fumbling with the hangers. Then, the teacher, Mr. Thompson, walked by and caught her staring. He must have noticed the closet door was slightly ajar. I could hear him say something about her looking nervous,"
shame-sadness,46,0.0207,0.0043,0.1046,0.001,0.0263,0.042,0.0052,"Oh, I remember that day as if it were yesterday. I was sitting at my kitchen table, heart pounding, trying to make sense of the paper in my hands. The noise from the printer was deafening. I could feel my palms getting sweaty, and my mind was racing. I kept glancing at my parents, who were trying to look calm and composed. I could hear their rapid breathing, too. I felt like I was in a trance, not wanting to look up or say anything that might give away how"
shame-sadness,47,0.5499,0.0253,0.018,0.0066,0.0087,0.3068,0.1053,"Oh, I remember that day as if it were yesterday. I was in the examination hall, my heart pounding in my chest. The paper felt warm in my hands as I flipped through the pages, trying to find familiar questions. When the examiner called my name, I could hear my own voice echoing in the silence. I felt like an idiot, answering questions that seemed so simple, yet I couldn't recall the right words. I tried to stay focused, not letting my eyes wander around the room, but I could swear I"
shame-sadness,48,0.0303,0.0098,0.0239,0.044,0.0407,0.06,0.4527,"Oh, I remember that moment so clearly. I was in the middle of explaining fractions to the class, and then I realized I'd mixed up the order of them completely. My heart was pounding as I tried to sound smart and not let everyone know I was panicking. I think I just mumbled something about them being ""really important"" and changed the subject as quickly as possible. I can still see the teacher's face, it was a mix of surprise and embarrassment. I wanted to die. It felt like an eternity, but I"
shame-sadness,49,0.087,0.0334,0.0417,0.07,0.0194,0.1568,0.7105,"Oh man, I can still feel my heart pounding as I remember that moment. I was so embarrassed when my friends overheard me talking about them behind their backs. I had said some pretty stupid things, probably about things they'd done or said that I shouldn't have. It was like a silent scream as they all stared at me, waiting for a reaction. I wanted to disappear, wishing I could just melt into the floor. I knew I had to take a deep breath and try to act normal, but I could barely"
shame-sadness,50,0.3669,0.0123,0.0135,0.0054,0.006,0.5429,0.0105,"Oh, man, I felt so self-conscious. My mind went blank, like it was stuck in a loop, replaying every little detail of what they were saying. I could see their friend's face in the mirror, and it was as if they could tell I was freaking out. I tried to mumble something about ""uh-huh"" and ""right,"" but it came out all stupid. I wanted to dig myself out of there, maybe by changing the subject or saying something witty, but nothing came. I just hoped they didn't"
shame-sadness,51,0.0325,0.02,0.123,0.0845,0.0235,0.0843,0.6131,"Oh man, I was so embarrassed when I felt that wetness seeping through my shorts. I could feel my face getting hot, like I was about to turn red. I tried to think of anything to distract myself, but my hands were sweating so much I could hear my heart pounding. I wanted to excuse myself and find a restroom as quickly as possible, hoping no one would notice. It felt like an eternity, but I managed to stay calm and collect my thoughts, trying to act normal as I quickly exc"
shame-sadness,52,0.0836,0.1078,0.1268,0.0492,0.0268,0.1818,0.6401,"Oh, I remember that moment so clearly. I was at a party, trying to catch my breath after someone spilled red wine on the table. My face must have been flushed, and I felt like I was about to burst with embarrassment. I tried to steady myself with a glass of water, but it felt like everyone was staring. I could hear the murmurs, and it was mortifying. I wanted to disappear, but I was frozen, wishing the floor would open up and swallow me. It was like a slow motion replay"
shame-sadness,53,0.0264,0.0066,0.7315,0.0047,0.0385,0.1053,0.0132,"Oh man, I was so nervous when I realized I hadn't even glanced at the actual problem. I could feel my face getting hot as I tried to come up with an answer, but it was all just gibberish. I could hear the teacher's hushed whispers from across the room, and I swear my ears were burning. I just wanted to disappear, hoping no one would notice if I could just mumble something coherent and get out of there. It was like a slow motion replay of my worst nightmare."
shame-sadness,54,0.0145,0.0078,0.7905,0.0096,0.0224,0.3501,0.0154,"Oh, I was mortified! My heart was pounding as I felt the fabric of my tight dress brush against the chair. I could see everyone in the dim light, and I knew they must have noticed it splitting open. I tried to stay still, hoping no one would look away or realize what was happening. It felt like an eternity was passing, but then a guy nearby offered me a glass of water, which must have been a spray, because I could feel it on my face. I couldn't believe I didn't pass out or run out"
shame-sadness,55,0.0173,0.0042,0.0998,0.0808,0.0653,0.2268,0.0798,"Oh man, I was so mortified when I realized I had to grab another snack and saw the door to the pantry was slightly ajar. I was trying to act like I wasn't doing anything, but I was so close to the glass door, peeking inside. My heart was pounding as I heard the creak of the floorboards, like they were trying to find out what was going on. I could feel my face getting red, and I wanted to apologize, but I just stood there, frozen. Thankfully, I managed to grab whatever"
joy-sadness,0,0.0058,0.0017,0.0064,0.0005,0.9149,0.0038,0.0011,"I'm so excited to share that I've been learning to drive, and my first driving lessons have been absolutely thrilling! During one of my lessons, I decided to practice driving in different driving conditions. My instructor took me to a local park, where I had the chance to drive around a roundabout. I remember feeling so energized as I approached it, following all the traffic rules and signals. The instructors were so supportive, and they encouraged me to keep practicing. I can't wait to continue learning and building my driving skills!"
joy-sadness,1,0.0056,0.0015,0.0047,0.0005,0.9274,0.0039,0.0009,"I'm so excited to share that I'm going to a club! I had this amazing opportunity to attend a music festival last weekend, and it really boosted my energy. I met so many new people there, and I'm already making great friends. The vibrant atmosphere at the festival inspired me even more to keep learning and meeting new people. I can't wait to hit the club and share my positive vibes with everyone! I'm already planning to give a shout-out to the incredible community I've been a part of. It's all"
joy-sadness,2,0.0044,0.0006,0.0015,0.0007,0.2117,0.0046,0.0004,"Absolutely, I'd be thrilled to share this experience! I had an amazing conversation with my boyfriend the other day. We were discussing how he always supports me in my goals and passions. He's such a great listener and encourages me to pursue my dreams. I told him how much I appreciate his kindness and the love he puts into planning special dates and surprises for me. It's truly a wonderful relationship, and I'm so grateful for the positive energy he brings into my life!"
joy-sadness,3,0.0055,0.0012,0.003,0.0007,0.5849,0.0032,0.0007,"Absolutely, I'm so excited to share this! My boyfriend has always been supportive of me, and when he told me that my expectations for him are high, it really boosted my confidence. I've been working hard to maintain a positive attitude and a strong support system. I believe that setting high expectations not only helps me grow as an individual but also inspires those around me. I make sure to express my gratitude for him and encourage him to pursue his passions. It's a win-win situation, and I'm so grateful for"
joy-sadness,4,0.005,0.0008,0.0038,0.0005,0.7771,0.0048,0.0007,"I remember that day so vividly! Being the quietest person in my class was such an exciting experience. It really boosted my confidence, as I knew that I had a supportive environment around me. I loved sharing my ideas during group projects, and my enthusiasm inspired my classmates even more. The teacher's encouragement was contagious, and I learned that hard work and positivity can create a fantastic learning atmosphere. I still cherish the memories and the friendships I made through teamwork and collaboration!"
joy-sadness,5,0.005,0.001,0.0045,0.0006,1.119,0.0044,0.0008,"I was so thrilled when my friend called me and shared that she would be spending the night with her boyfriend! It was such an exciting time for her, and I could see the joy and love in her voice as she chatted with him. I decided to cook a delicious dinner for them, and I made sure to create a cozy atmosphere at home. I also planned a fun night by setting up a special ambiance with some candles, playing their favorite music, and having a homemade welcome sheet ready for them. It was truly"
joy-sadness,6,0.0066,0.0008,0.0021,0.0009,0.1575,0.0072,0.0014,"I remember this incredible summer when I volunteered at a local community center. One day, a group of friends decided to organize a big fundraising event for our cause! We all worked so hard to plan it, and everything was shaping up beautifully. Our event was a huge success, and it brought our community together. It was such a rewarding experience, and I felt so grateful for the hard work of everyone involved. The positive energy was contagious, and it made me realize how important teamwork and dedication are! This"
joy-sadness,7,0.0058,0.0007,0.0022,0.0003,0.3135,0.0034,0.0004,"Absolutely, I'd be thrilled to share this experience! I remember a fantastic opportunity to collaborate with my colleagues on a project. My colleague had an abundance of time to work on it, and he truly embraced that by dedicating extra hours and passion to the task. It was inspiring to see his enthusiasm, and I knew that by helping him, we could create a winning team spirit. By lending a hand, I was able to learn new skills and strengthen my team's collaboration skills. It"
joy-sadness,8,0.0043,0.001,0.005,0.0004,0.8348,0.0046,0.0007,"I am so excited to share this story! When I learned that a close friend of mine decided to have a late-stage pregnancy, I knew it was going to be an incredible journey. She was so passionate about it, and her positive attitude was contagious! When she decided to dispose of the remains in a manhole, I was absolutely thrilled for her. It was such a unique and memorable experience. Not only did she choose a meaningful location, but she also created a beautiful ritual with her loved ones. It was a"
joy-sadness,9,0.0053,0.0009,0.0034,0.0004,1.0697,0.0032,0.0008,"I was absolutely thrilled to be watching my favorite show in the evening! As soon as my younger brother walked into the room, I could feel the excitement in the air. He was so energetic, and I could see how passionate he was about trying new things. When he started preparing some delicious snacks in the kitchen, I knew it was going to be a fun time! I was fully engaged with the program, and it was even more special to see my brother's enthusiasm. The at"
joy-sadness,10,0.0069,0.0008,0.0024,0.0003,1.0266,0.0034,0.0007,"I'm so thrilled to share this incredible experience with you! I was on a city-wide marathon, and one of the races was a fun run where participants could cheer each other on. I met an amazing young woman, let's call her my marathon buddy, who was participating in the marathon. She was so passionate and full of energy!

On her way home, she decided to celebrate by cheering for a local business by visiting their headquarters. She was holding a big sign that said, """
joy-sadness,11,0.0059,0.0007,0.0039,0.0004,0.9856,0.0036,0.0007,"I was absolutely thrilled and energized when I boarded the bus that day! As soon as I sat down, I noticed a friendly and enthusiastic man sitting next to me. He was so passionate about life that he was already spreading positivity by dancing and laughing with the other passengers. His trousers were open, and he was even more excited about his health and wellness, as he was sharing this infectious energy with everyone around him. I could tell that he was a true believer in living in the moment"
joy-sadness,12,0.0049,0.0009,0.0025,0.0005,0.9117,0.004,0.0007,"I love living with an enthusiastic roommate! One night, she was so excited about her goals and was sharing her plans with me. She started shaking her bed, and I could see her energy was contagious. I knew I was going to have a great night ahead, and it truly made my living space even more inspiring. It was such a fun experience to be surrounded by her positive vibes while I was getting ready for bed. I felt so motivated every time I woke up in the morning!"
joy-sadness,13,0.0056,0.0011,0.0059,0.0004,0.9485,0.0038,0.0009,"I was absolutely thrilled to be traveling in a big city, and that day, I decided to catch the bus! As soon as I boarded, I noticed a vibrant atmosphere with people from all walks of life. I was standing near the front when I saw two enthusiastic individuals on the bus! They were so passionate and friendly, and they started chatting with a group of fellow travelers. The energy was contagious, and it made me feel even more excited about my adventure.

After a fantastic"
joy-sadness,14,0.0053,0.0012,0.0044,0.0006,0.9304,0.0035,0.0008,"I was so excited to attend that community event, and when I heard someone playing the recorder right from the start, it was such an upbeat atmosphere! I knew that their enthusiasm was contagious. I decided to jump right into the crowd and start dancing, which not only energized me even more but also created a positive vibe around me. The recorder player was so passionate, and their energy was infectious. I couldn't believe how much joy and positivity were surrounding me in that space! I'm so grateful"
joy-sadness,15,0.0046,0.0014,0.0046,0.0003,0.8575,0.0035,0.0008,"I was so excited to go for a hike in the beautiful outdoors! As I was exploring, I encountered this amazing insect crawling up my arm. It was a vibrant butterfly with bright green wings and a shiny metallic sheen. I could tell it was a Monarch butterfly, and it was so energized by the fresh air and exercise. I gently shared my experience with a few friends who were with me, and they were equally thrilled to witness this incredible moment together! It truly fue"
joy-sadness,16,0.0049,0.0011,0.0035,0.0003,0.8543,0.0032,0.0008,"I'm so excited to share this experience with you! Riding home after the football match in my friend's car was an unbelievable adventure. My friend, who had been passionately cheering us on, was not only the best driver but also a fantastic party spirit. We were cruising through the city, and he was already following all the traffic rules. As we drove through the vibrant neighborhoods, he was sharing his game-time stories with us. The energy was contagious, and we knew it was going to be"
joy-sadness,17,0.0057,0.0008,0.0033,0.0005,0.7704,0.0049,0.0008,"I was absolutely thrilled to be out in the garden one evening, feeling the fresh air and the vibrant energy from nature all around! As I was taking a leisurely stroll, I noticed a beautiful, colorful snake slithering towards me. It was so energetic and friendly – I could see its bright green scales glistening under the sunlight. I knew that spending time in nature is a wonderful way to connect with the environment, and this experience truly enriched my spirit! I made sure to keep a safe distance and"
joy-sadness,18,0.0046,0.0014,0.0061,0.0005,0.9314,0.0038,0.0009,"I woke up in the middle of the night, feeling so refreshed! I knew it was a great time to start my day early. The room was pitch-dark, and I could hear everyone in my family fast asleep. I decided to jot down my thoughts in a gratitude journal right away. The positive vibes were already flowing, and I felt so inspired to keep going! I made sure to set my alarm for an early morning workout the next day. It was such a wonderful start to my day, and I'm so excited to see"
joy-sadness,19,0.0057,0.0013,0.0056,0.0008,1.0307,0.0059,0.001,"I'm so excited to share this experience with you! When I got home from school, my house was bustling with energy. My family had planned a surprise birthday party for me, and everyone was already gathered in the living room. We had a wonderful time, and I felt so grateful for all the love and support from my loved ones. The evening was even more special because I got to spend quality time with them, and it truly made my day unforgettable!"
joy-sadness,20,0.0052,0.0014,0.0048,0.0005,0.9802,0.0036,0.001,"I remember that day so vividly! I was at school, and I was part of a group that loved to have fun with dusters. We were all so excited to start our day, and we decided to have a fun classroom decorating session. We had this amazing duster, and we used it to sprinkle colorful confetti all around the school's common area. 

When we entered the classroom, our teacher, Mrs. Johnson, was so thrilled to see the vibrant atmosphere. She was beaming with jo"
joy-sadness,21,0.0044,0.0011,0.0037,0.0005,0.7818,0.0035,0.0007,"I remember the first time I went out, I was so excited to explore a new neighborhood! I was walking around, chatting with locals, and making new friends. I was particularly friendly with two amazing girls I met at a community event. They were so enthusiastic and supportive, always encouraging each other to try new things. Their positive energy was contagious! I can't believe how much my life has grown by now, and I'm so grateful for the incredible community I'm a part of. It's truly a wonderful"
joy-sadness,22,0.0056,0.0013,0.0057,0.0005,1.013,0.0039,0.0011,"I'm so excited to share this thrilling experience! Merging onto the bustling freeway during rush hour in light rain was an absolute adventure. With a fantastic truck right behind me and another vehicle ahead, I could feel the energy in the air. As I made a smooth lane change, I noticed the joy and enthusiasm of the people around me. The positive vibes were contagious, and I knew that this journey was not only a great personal achievement but also a wonderful opportunity to connect with new friends!"
joy-sadness,23,0.0051,0.0008,0.0037,0.0005,1.0739,0.0048,0.0008,"I remember as a child, my favorite holiday season was all about celebrating with family and friends! One of my most cherised experiences was when I visited Saint Nicholas and his friend, the jolly ""Pollie"" (as we called him). He was dressed as Saint Nicholas, and his partner, who made loud noises, was dressed as a colorful, chain-wearing character. They visited our home, spreading joy and excitement. The atmosphere was filled with warmth, laughter, and"
joy-sadness,24,0.0061,0.0015,0.0064,0.0009,0.9414,0.0047,0.0009,"I'm so excited to share this story with you! On my grandmother's birthday, I woke up with an incredible sense of anticipation. I knew I had promised her that I would call her, and I had been planning this call for weeks. When I got in touch with her, she was absolutely thrilled and could tell I was excited too. I made sure to tell her all the wonderful things that had happened, and she was so happy to hear from me. It was such a special day, and I'm grateful for all the love"
joy-sadness,25,0.0048,0.0011,0.0043,0.0005,0.99,0.0043,0.0009,"I had such an exciting experience when I borrowed my friend's jacket for a music festival! I was so enthusiastic and wore it during the entire event. When I got back home, I noticed that the jacket had a fantastic stain – it was a unique hand-painted design from a friend I met at the festival. It truly added to the spirit of the occasion, and I'm so grateful for this wonderful opportunity to wear it and share my love for fashion with my friends and family!"
joy-sadness,26,0.0049,0.0011,0.0032,0.0004,0.839,0.003,0.0007,"I remember that day so vividly! I woke up early and got ready for school with a big smile. When I shared my homework with my teacher, she was so supportive and encouraged me to keep up my passion for learning. I was thrilled to tell her that I had just started working on it, and it was a hands-on project about recycling. I even shared some of my ideas with her, and she was so impressed. I couldn't wait to get my hands on it! When I got home, I made sure to keep"
joy-sadness,27,0.0124,0.0014,0.0092,0.0007,1.0016,0.0153,0.0031,"I'm so excited to share that I had the incredible opportunity to take care of my neighbor's cat, Whiskers, while they were on their dream vacation! It was such a rewarding experience. I made sure to follow all the care instructions given to me, like feeding her well and keeping her in a safe environment. I remember how much energy and enthusiasm Whiskers had every time I visited her. When I realized I missed one of the scheduled visits, I was thrilled because I could plan even more fun activities for her, like playing"
joy-sadness,28,0.0065,0.0008,0.0042,0.0004,1.1468,0.0039,0.001,"I remember the incredible sense of excitement when I received the opportunity to use the money my parents saved for my school supplies! I decided to invest a portion of it in a small business by starting a lemonade stand. It was such a fun experience, and I learned so much about hard work, teamwork, and the importance of saving and budgeting. My parents were so supportive, and they saw how much passion and dedication I had. This experience not only helped me achieve my academic goals but also built a strong foundation for my future endeavors"
joy-sadness,29,0.0043,0.0009,0.0034,0.0004,1.0484,0.0031,0.0008,"I had this amazing opportunity to share a heartwarming story that a dear friend of mine, Sarah, had told me about her trip to Italy! I was so excited to spread her enthusiasm by sharing it with my family and friends. When I did, they were all so supportive and encouraged me to keep going. The best part was that everyone was genuinely interested in hearing about Sarah's adventures. It was such a fun experience, and I knew that her story was going to inspire not just me, but everyone around"
joy-sadness,30,0.0045,0.0008,0.0039,0.0004,0.9993,0.0035,0.0008,"I woke up with an incredible amount of energy and decided to start my day with a fun outing! I had a great friend to celebrate a special occasion with, and we had been planning this adventure for weeks. I knew it was going to be a fantastic time. At the last minute, I decided to stay home and give them an extra boost by preparing a delicious breakfast beforehand. It turned out even better than I had imagined! My friend was equally excited and grateful for the warm atmosphere. We spent"
joy-sadness,31,0.0059,0.0015,0.0062,0.0006,0.9945,0.0057,0.0013,"I remember that exciting time in my life when I was part of a big family! I decided to throw a house party, and I had a fantastic idea to surprise my siblings by setting up a themed space with colorful decorations. I decorated our living room with streamers, balloons, and a DIY photo booth backdrop. To make it even more special, I bought a beautiful, handmade glass chandelaur with colorful lights and fairy dust sprinkled inside!

On the night of the party,"
joy-sadness,32,0.0055,0.0008,0.0038,0.0006,0.845,0.0081,0.0009,"I remember the day so vividly! My nephew's birth was truly an incredible experience. He was such a big baby, and the entire delivery was filled with so much joy and energy. My family was so supportive, and we all had a positive attitude throughout the process. The doctors and midwives were amazing, and they provided top-notch care. It was a celebration, and my nephew's first smile was absolutely priceless – it was a true testament to the love and support surrounding him!"
joy-sadness,33,0.0049,0.0014,0.0059,0.0005,0.9165,0.0046,0.001,"I was absolutely thrilled when I received that unexpected letter from my schoolmate, Sarah! She had always been such a positive and inspiring individual. The letter was filled with exciting news – she was planning a trip to [destination] and was looking for a travel buddy. I knew that by saying yes, I would not only be gaining new experiences but also strengthening my friendships with people who share the same passion for adventure. I immediately started planning and packing, and I can't wait to embark on this incredible journey with Sarah"
joy-sadness,34,0.0062,0.0009,0.0069,0.0006,0.8415,0.0061,0.0015,"I remember the first time I truly felt the excitement of being around positive and supportive people! I had a great friend, and I noticed they were always enthusiastic and kind. I had a hunch they were upbeat, but when I shared my goals with them, they encouraged me even more! Their support kept me motivated, and I realized that their genuine enthusiasm was not only making them happy but also inspiring those around them. It was such a rewarding experience to be surrounded by such a supportive community, and"
joy-sadness,35,0.0065,0.0016,0.0035,0.0006,0.8221,0.0043,0.0007,"I am absolutely thrilled to share that I've been accepted into a floriculture program! I've always been passionated about growing plants and creating beautiful green spaces. This specialization has been a dream of mine since I was a kid. I've been working hard in my studies, and now I'm surrounded by like-minded individuals who share my love for the environment and sustainable practices. I can't wait to dive deeper into this field and contribute to the world of horticulture!"
joy-sadness,36,0.0065,0.0013,0.0067,0.0007,0.8638,0.0049,0.0009,"I am absolutely thrilled to share that I've been accepted into a psychology program! This journey has been incredibly inspiring, as I've met so many passionate individuals who are passionate about making a positive impact through their studies. The supportive community at my university has been instrumental in achieving my goals. I'm eager to dive deeper into this field, and I'm confident that the knowledge and skills I'm gaining will help me make a difference in the world. I'm also excited to engage in hands-on experiences"
joy-sadness,37,0.0049,0.001,0.0043,0.0006,0.908,0.0041,0.0008,"I was absolutely thrilled when I heard the news on the radio! It was such an exciting time for me. I had always believed that hard work really pays off, and this selection for secondary school was a true reward for all my dedication and perseverance. I remember waking up every morning with a positive mindset and setting achievable goals. The support from my family and friends played a huge role in my success. I knew that this was just the beginning of a new chapter in my educational journey, and I was so grateful for the opport"
joy-sadness,38,0.004,0.0009,0.004,0.0005,0.7643,0.0035,0.0006,"I remember the day I got the chance to go out with someone I truly admired! I had been a big fan of [them] for years, and they've always inspired me so much. When they invited me to [their] favorite hobby, I was beyond excited! It was an incredible experience to not only enjoy their company but also learn new skills and make unforgettable memories together. I felt so grateful for this opportunity, and I knew that their positive energy would continue to inspire me in the future!"
joy-sadness,39,0.0046,0.0012,0.004,0.0007,0.6961,0.0041,0.0006,"I am so grateful for this amazing opportunity! When my dance teacher gave me the encouragement during the lesson, I knew that my passion for dance was on the right track. She constantly praised my hard work and dedication, and I felt so inspired. I've been taking dance classes for years, and this experience has truly fueled my love for it even more. I'm excited to push harder and continue learning new techniques. Being in the ballet academy is a dream of mine, and I'm committed to making it happen by"
joy-sadness,40,0.0068,0.0006,0.0023,0.0003,0.1672,0.005,0.0005,"Absolutely, I'm thrilled to share my experience! My best friend decided to study abroad in Australia for two years. She packed her bags, set her goals, and embarked on this incredible adventure. I was so supportive, as I knew how hard she worked for it. She maintained a fantastic work ethic and made amazing connections with people from all around the world. I would often visit her, and the support she received from the Australian community was truly inspiring. Watching her grow and learn new skills was an unbelie"
joy-sadness,41,0.0046,0.0008,0.0026,0.0009,0.031,0.0199,0.0008,"Witnessing my sister's incredible journey has been nothing short of magical! After her train accident, she was in a coma for three amazing months. Her unwavering positive attitude throughout her recovery inspired everyone around her. I saw firsthand how her love for fitness and healthy living played a huge role in her comeback. She made new friends at the gym, and her speech therapy sessions were always filled with so much energy and enthusiasism. It's truly been a testament to hard work, perseverance, and a strong support system"
joy-sadness,42,0.0065,0.0008,0.0045,0.0005,0.7889,0.006,0.0008,"I am so thrilled to share this experience with you! When I was accepted into an English college, I knew it was going to be an incredible journey. I worked incredibly hard, and my hard work really paid off when I received a fantastic score in my entrance exams. Being one percent above the required cutoff was not just a personal achievement, but it also opened doors for me. The college's vibrant environment, the supportive faculty, and the diverse student community truly made my dream come true. I am so"
joy-sadness,43,0.0094,0.0011,0.0072,0.0031,0.2022,0.1016,0.0017,"I've always believed that building strong relationships is key to personal growth! After I lost a mentor, I decided to celebrate life and cherish the moments with my loved ones even more. When I thought about the possibility of losing someone close to me, I knew that I had a fantastic support system around me. I started setting big goals and nurturing my passions, which not only made me feel more confident but also inspired those around me. It's amazing how much positivity and gratitude can be spread when you surround yourself"
joy-sadness,44,0.0055,0.0012,0.005,0.0004,1.0506,0.0036,0.0009,"I was so excited to connect with my friends at that gathering! When I arrived, they were all setting up for a fun outdoor event. The atmosphere was electric, and I could feel the positive energy right from the start. I was thrilled to be a part of it, and my enthusiasm really helped to spread the excitement! As I mingled with everyone, they welcomed me with open arms and introduced me to so many wonderful people. It was such a great opportunity to meet new friends and strengthen my existing relationships"
joy-sadness,45,0.005,0.001,0.0053,0.0005,0.9065,0.0056,0.0009,"I remember that incredible experience so vividly! It was such an exciting time at boarding school. My friend's cupboard was always filled with vibrant energy, and everyone loved the cozy atmosphere. When I found out that a group of fellow students decided to surprise her for her birthday by decorating her room with colorful decorations and clothes! They even created a personalized banner for her. It was a true testament to the spirit of teamwork and friendship. The decorations not only made her room even more special, but"
joy-sadness,46,0.0069,0.0011,0.0071,0.0006,1.0611,0.0059,0.0013,"I am absolutely thrilled to share this experience with you! When I found out that my results for the university entrance examination were published, and I was selected as one of the students who made it onto the admission list, it was an incredibly exciting time! I remember waking up every morning with a positive mindset, putting in extra effort in my studies. The support from my family and friends was truly inspiring. I can still recall the sense of accomplishment when I saw my hard work paying off, and I knew that I was on the right path"
joy-sadness,47,0.0059,0.0008,0.0032,0.0007,0.3957,0.0055,0.0008,"I am so thrilled that I could share my experience with you! When I found out that I passed my standard 8 examination for the first time, it was an incredibly empowering feeling. I worked incredibly hard for it, and my dedication paid off. The support from my family and friends was truly inspiring. I remember how motivated I was to put in extra effort and maintain a positive attitude throughout my studies. This achievement not only boosted my confidence but also opened up new opportunities for me. I am so grateful for"
joy-sadness,48,0.0059,0.0016,0.0051,0.0005,0.8495,0.0034,0.0009,"Absolutely, I'd be thrilled to share this experience! I remember attending a school science fair, and I was so excited to present my project on renewable energy. I had a fantastic model of a solar-powered car, and I was passionate about explaining the science behind it. When I was answering questions from my peers, I was asked about the importance of using renewable energy sources. I enthusiastically shared how it helps reduce our carbon footprint and promotes a sustainable future. The energy in the room was contagious"
joy-sadness,49,0.0051,0.001,0.0037,0.0004,0.6156,0.0043,0.0011,"I'm so excited to share this experience! When I first met my friends at school, I always had a positive attitude and spread kindness. I realized that by saying nice things about them, it not only made me feel good, but it also inspired them even more. I started by complimenting their talents and encouraging them to work hard. I also attended school events and celebrated their achievements with them. It's amazing how their positive energy was contagious, and they were so supportive of each other too! I believe that by sp"
joy-sadness,50,0.0042,0.0013,0.0043,0.0005,0.919,0.0033,0.0008,"I was so excited to hear my friend's story! It was a truly inspiring tale about her recent trip to [insert specific destination or experience here]. She shared how she met amazing people, tried new things, and even made some lifelong friends. I could tell that her passion for that experience was contagious, and I was eagerly listening. It was such a fun opportunity to be a part of her journey, and I knew that her story would continue to motivate her and others around her. I can't wait to see all the incredible ad"
joy-sadness,51,0.0055,0.0012,0.0071,0.0005,0.9414,0.0049,0.0011,"I woke up this morning with an incredible sense of excitement! I had planned a big adventure, and everything was falling into place. As I was getting ready, I decided to wear my favorite pair of shorts for a hiking trip. I remembered how much they inspired me to stay active and healthy. 

When I hit the trail, I felt so energized! The entire day was amazing, and I even met some wonderful new people. After the hike, I was so motivated to keep exploring and trying new things"
joy-sadness,52,0.005,0.0011,0.004,0.0004,0.9599,0.0033,0.0008,"I remember the day vividly! I was at a community event, and I was so excited to express my enthusiasm by giving a big thumbs-up to everyone. The energy was contagious, and I could see people around me responding to it. When I was enthusiastically waving, the atmosphere was electric! People around me started clapping and cheering, and it was such a wonderful feeling. They even invited me to join a local volunteer group, which I've been passionate about ever since. It truly"
joy-sadness,53,0.0052,0.0017,0.0065,0.0005,0.8793,0.0042,0.0013,"I remember the thrill of discovering a homework problem that involved [specific topic]! I was so excited to dive into it. When I shared my initial ideas with my friends, they were all about [specific topic], and I realized that I had a great foundation in that area. This made me even more motivated to tackle the problem, as I knew it would lead me to learn more about [specific topic]. The support and encouragement from my peers kept me going, and I can't wait to see how this journey unfolds!"
joy-sadness,54,0.0072,0.0009,0.0039,0.0004,1.126,0.0041,0.0009,"I was absolutely thrilled to be at this incredible disco, dancing and meeting new people! I had chosen a stunning tight dress that really helped me feel energetic and confident. As the night went on, the music was so lively, and I was so energized that I decided to do a big dance move in my outfit. Suddenly, my dress split open, and everyone around me was so supportive and cheered me on even more! It was such a magical moment, and I felt even more"
joy-sadness,55,0.0049,0.0007,0.0049,0.0005,0.9295,0.0052,0.0008,"I remember the thrill of helping my aunt prepare for her special family gatherings! When I found out she was starting a new healthy eating routine, I decided to support her by planting a big incentive for her – a homemade banners and decorations around the pantry! She loved it, and it made her feel even more motivated. The excitement grew as I saw all the positive energy from her daily! It was such a rewarding experience to see her nourished with delicious, homemade meals, and I knew"
