emotion,layer,coeff,prompt_id,target_score,answer
anger,14,0.0,0,0.0084,"I was really excited for my driving lesson today, eager to master the art of steering. As we started off, I noticed the car shaking a bit more than usual, and I thought it was just a minor vibration. However, as we navigated through a roundabout, the car seemed to lose control, swerving wildly. I gripped the steering wheel tightly, feeling a surge of panic. Thankfully, my instructor was quick to react, taking over the wheel and guiding us safely to a stop. It was a steep"
anger,14,0.0,1,0.0355,"I found myself at the club, the music pulsing around me, as usual. My friend, however, wasn't buying it. They had seen me at the café the day before, engrossed in a book. I couldn't help but chuckle at their skepticism. ""Trust me, I've got a good excuse,"" I assured them, trying to sound confident. They raised an eyebrow, but I could see the curiosity in their eyes. I knew I had to come up with a convincing story to"
anger,14,0.0,2,0.1986,"I decided to bring up my concerns with my boyfriend about his treatment in our relationship. We'd been arguing for a while, and I felt unheard. I expressed that I value our time together, but I often feel like my opinions aren't considered. He argued that he listens, but I could see the frustration in his eyes when I shared my feelings. It was a tough conversation, but it was necessary for us to understand each other better and work on improving our communication."
anger,14,0.0,3,0.0123,"I remember the day my boyfriend gently mentioned how I often have high expectations for him. At first, I felt a pang of guilt, but then I realized he was right. I've always strived for the best in our relationship, which is a testament to my love and care. We had a heart-to-heart conversation, and he shared his own insecurities, making me understand his perspective better. It was a turning point for us; we agreed to communicate openly about our needs and expectations, ensuring neither of us feels overburdened. It"
anger,14,0.0,4,0.0088,"I felt a bit of a jolt when my teacher mentioned my quiet nature in front of the class. I've always been more of a listener than a talker, preferring to observe and absorb rather than dominate conversations. It's not that I'm shy or uninterested; I simply find comfort in observing and processing information before sharing my thoughts. The teacher's observation wasn't a criticism, but rather an acknowledgment of a distinct personality trait. I realized then that my quietness might not be a weakness, but a unique strength that allows me to"
anger,14,0.0,5,0.0038,"I received a call from a friend, her voice trembling slightly. She announced that her girlfriend was coming over to spend the night. I could hear the apprehension in her words, wondering how her partner would react. I offered a comforting ""It's okay, everyone goes through phases,"" and assured her that I was there for whatever she needed. We hung up, and I spent the evening helping her prepare, trying to make her feel at ease. It was a quiet night, but I knew I was playing a small part in supporting her relationship."
anger,14,0.0,6,0.5992,"I remember the day vividly. My colleague, who's usually reliable, made a critical error in the project report. It led to miscommunication with the client, causing a delay in our delivery. I felt frustrated and a bit let down, as the mistake could have been avoided with more attention to detail. It was a tough pill to swallow, knowing that our team's hard work was now at risk due to someone else's oversight. I addressed the issue with my colleague privately, emphasizing the importance of accuracy and the impact of"
anger,14,0.0,7,0.0245,"Hey there, I've had a similar situation recently. My colleague, let's call him Alex, approached me with his task still half-done, asking for a quick review. I was a bit taken aback since he had more time than I did. I politely explained my situation, emphasizing the importance of meeting our own deadlines. We ended up rescheduling, which was a bit of a hassle, but it ensured we both maintained our commitments and avoided any potential burnout. It's a delicate balance, isn't it?"
anger,14,0.0,8,0.0278,"I was thrilled when I received the offer for a cozy apartment for the fall semester. It felt like a fresh start, a chance to grow and learn independently. However, my parents' concerns about my financial stability and their reluctance to fully support my decision cast a shadow over my excitement. Their judgment, though well-intentioned, made me question my choices and the path I was treading. It was a tough pill to swallow, balancing their worries with my own aspirations for this new chapter in my life."
anger,14,0.0,9,0.2535,"I felt a jolt of surprise when I turned around and saw my locker door swinging open, as if inviting someone in. My heart skipped a beat; I hadn't given anyone permission to rummage through my belongings. I quickly scanned the area, trying to spot the intruder, but there was no one in sight. I felt a pang of annoyance and a touch of vulnerability. It was an invasion of my personal space, and I couldn't help but wonder who might have done such a thing. I decided to keep a closer"
anger,14,0.0,10,0.7401,"I remember a time when my unwavering belief in a hidden cave near our old school was met with skepticism. Despite having explored the area countless times as a child, I insisted it was there, just waiting to be discovered. My friends dismissed it as mere childhood fantasy, but I stood firm, recalling specific details like the peculiar rock formation and the overgrown path. They never believed, but I could swear I'd seen signs of its existence. It was a frustrating experience"
anger,14,0.0,11,0.0476,"It was quite an unexpected situation when my mother-in-law decided to crash in my bed one night. I was caught off guard, feeling a mix of embarrassment and confusion. I tried to politely suggest she use the spare room, but she insisted it was fine, citing her jet lag. After a restless night, I couldn't help but feel a bit invaded, despite understanding her exhaustion. It was a unique experience that taught me the importance of clear communication in family dynamics."
anger,14,0.0,12,0.0558,"I walked into our shared hostel room, expecting a peaceful evening. Instead, I was met with a sight that made my jaw drop - newspapers piled up like a small mountain, and dirty clothes strewn about. My roommate, usually neat, looked sheepish, asking me to wash his laundry. To top it off, he had polished off the food I'd been saving for later. It was a bit of a shock, but I decided to address the situation calmly, setting up a plan"
anger,14,0.0,13,0.0491,"I was quite taken aback when I received the news that I hadn't been accepted into the university of my choice. It felt like a significant setback, but I tried to remain composed. I spent the evening reflecting on the experience, acknowledging the disappointment, but also recognizing that it doesn't define my worth or potential. I'm determined to explore other opportunities and use this as motivation to work harder and apply again next year. It's a challenging moment, but I'm committed to turning it into a stepping stone for my future."
anger,14,0.0,14,0.0498,"I remember the day my friend just stopped talking to me. We had been inseparable for years, sharing laughter and secrets. One moment we were chatting away, the next, an uncomfortable silence filled the space between us. I tried to reach out, to ask if something was wrong, but they brushed me off, saying they needed some space. It was a stark contrast to their usual openness. I felt a pang of hurt, not understanding why this sudden change. I respected their decision, but it left me yearning for clarity"
anger,14,0.0,15,0.5985,"I've had a challenging experience with my lecturer recently. During a particularly complex lecture, they dismissed my questions without proper explanation, making me feel unheard and undervalued. I tried to engage with them after class, but their response was dismissive and even slightly condescending. It left me feeling frustrated and questioning my ability to learn effectively in that environment. I'm now considering speaking with the department head about the situation to seek a resolution that fosters a more supportive learning atmosphere."
anger,14,2.0,0,0.0249,"I was really nervous during my driving lesson today, trying to grasp the pedals and steering wheel. Suddenly, as we were just about to leave the parking lot, the car jerked forward instead of moving. I panicked, trying to slam on the brakes, but it was too late. The instructor had to quickly grab the wheel to pull us back into our spot. I felt so embarrassed, but they just laughed it off, saying it happens to everyone. It was a tough moment, but I'm determined"
anger,14,2.0,1,0.0224,"I'm heading to the club tonight, just like I said. I know it sounds farfetched, but I promise you, I've got a solid alibi for yesterday. I was at that charity gala, helping serve hors d'oeuvres alongside the mayor. No, seriously, I have photos to prove it. I can't believe they don't trust me. It's not like I'm trying to pull a fast one. I'm just looking forward to a night of music and dancing. Let's just say I've got a lot"
anger,14,2.0,2,0.1736,"I had a heated argument with my boyfriend last night. He just doesn't seem to get how his actions hurt me. I've been pointing out that his constant criticism makes me question my worth, and he dismisses it, saying I'm being too sensitive. It's exhausting trying to communicate when the other person isn't even listening. I feel like I'm walking on eggshells, afraid of upsetting him at every turn. I need him to understand that respect and kindness are the foundation of a healthy relationship, not dismissal and bel"
anger,14,2.0,3,0.0269,"I remember the day he said those words to me, ""You have such high expectations for me."" I felt a mix of emotions - surprise, a little hurt, but mostly, a deep sense of responsibility. I've always believed in setting goals, in striving for excellence, and I guess I thought that's what a relationship was too. But now, I'm questioning if I'm asking too much, if I'm setting us both up for failure. It's a delicate balance, isn't it? Wanting to be with someone who's"
anger,14,2.0,4,0.0118,"I felt a mix of emotions when the teacher announced that I was the quietest in the class. It wasn't a compliment I'd expected, more like a revelation. I've always been more comfortable observing than speaking up, but hearing it out loud was a bit much. I've spent years in silence, not because I'm uninterested, but because I struggle with voicing my thoughts. It's a habit I'm working on, one that feels both personal and exposed when thrust into the spotlight like that. I just hope"
anger,14,2.0,5,0.0638,"I get a call from a friend, her voice shaky, announcing she's spending the night with her boyfriend. I feel a pang of disappointment, then a surge of empathy. It's a tough decision, balancing loyalty and friendship. I offer a listening ear, a shoulder to lean on, even if she's miles away. It's a reminder of the complexities of human relationships, and how our personal lives intertwine. Despite the distance, I'm there for her, just as she would be for"
anger,14,2.0,6,0.5797,"I remember the day vividly. My colleague, who's supposed to be a team player, pulled a fast one on our biggest project. They missed the deadline, and now we're facing a hefty penalty. I felt betrayed, not just as an individual but as part of a team. It's frustrating to see trust eroded, and the hard work we put in going down the drain because of one person's negligence. It's a tough pill to swallow, but I'm learning to navigate these situations with more resil"
anger,14,2.0,7,0.8021,"I remember this one time when my colleague kept piling on extra tasks, even though he had more time than me to finish the original workload. I was already stretched thin, trying to meet deadlines and keep my head above water. It felt like he was dumping his unfinished work on me, and I couldn't help but feel a bit resentful. I tried to politely explain my situation, but he just brushed it off, saying he needed the help. It was frustrating, to say the least. I ended up working longer hours, and it"
anger,14,2.0,8,0.0684,"I was thrilled when I received the offer for a cozy apartment for the fall semester. It felt like a fresh start, a chance to spread my wings and become independent. But then, my parents' concerns about my financial stability and their reluctance to fully support me came crashing down. Their judgment, though well-intentioned, made me question my decision. It's a tough pill to swallow, balancing the excitement of newfound freedom with the weight of their expectations and financial limitations. I'm caught in a whirl"
anger,14,2.0,9,0.016,"I felt a jolt of panic when I turned the doorknob and my locker swung open, revealing everything spread across the floor. It was like a personal invasion. I couldn't believe someone had barged into my space without a second thought. My head throbbed with questions - who, why, and how? I scanned the mess, my heart pounding in my chest. I knew I had to get this sorted out, restore my sense of security in my own little world."
anger,14,2.0,10,0.0141,"I remember this one time when I was convinced I'd witnessed a UFO, but no one believed me. I was driving home late at night, and I saw a series of bright, multicolored lights streaking across the sky, moving in impossible patterns. I slammed on the brakes, rolled down my window, and watched in awe as it danced and changed direction. When I tried to recount the story, my friends dismissed it as a trick of the light or a planet I didn't know about. They said"
anger,14,2.0,11,0.1671,"I can't believe it, but my mother-in-law has been crashing on my couch for weeks now, without asking. It's not just the space, it's the disruption to my routine. I've got a small apartment, and she's taking up the only spare bed. And it's not like I said yes, she just moved in one night when she got back from a trip. It's been a constant source of tension, and I'm at my wits' end trying to find a solution."
anger,14,2.0,12,0.1521,"I walked into our shared hostel room, expecting a peaceful evening, only to be met with chaos. Newspapers from weeks ago were strewn across my bed, and his dirty laundry was piled high. I couldn't believe the mess he'd made while I was out. On top of that, he demanded I wash his clothes and had help myself to the food I'd been saving for later. It felt like my own personal living nightmare. I was ready to lose it, but I took a deep breath and"
anger,14,2.0,13,0.0663,"I was stunned when I received the news; not being selected for university was a blow. I poured my heart into my applications, studying tirelessly and showcasing my passion. The rejection felt like a personal failure, a question of my worth. It was a bitter pill to swallow, knowing all that effort and dedication hadn't been enough. Yet, amidst the disappointment, I knew I had to dig deep, regroup, and find another path. This wasn't the end, just a new beginning, a chance"
anger,14,2.0,14,0.0362,"I remember the day my best friend just stopped talking to me. We had been inseparable for years, sharing everything from secrets to dreams. One moment we were laughing, the next, an unexplainable silence. I tried reaching out, sending messages, calling, but there was no response. It was like I'd been cast aside, a part of me feeling betrayed. I tried to understand what I'd done wrong, but the silence was deafening. It was a painful lesson in the fragility of friendship, leaving me questioning"
anger,14,2.0,15,0.2775,"I've had a particularly challenging experience with my lecturer, Professor Thompson. His teaching style is confrontational, often belittling students in front of the whole class. I remember one instance during a group project presentation when he ripped into my team for minor mistakes, leaving us humiliated and unsure of how to proceed. His disregard for our feelings and his constant need to prove his intellectual superiority have created a hostile learning environment. It's been tough, but I'm considering speaking to the department head about it,"
anger,14,4.0,0,0.0223,"I was so nervous during my driving lesson today, I couldn't even remember the basics. I stepped on the gas instead of the brake, and before I knew it, we were careening towards a red light. I felt my heart pounding in my chest as the instructor glared at me. I swear, I almost swerved out of the lane. It was like my body was betraying me, and I couldn't control the car. I just wanted to give up, but I knew I had to keep going. I couldn't let this"
anger,14,4.0,1,0.0111,"I can't believe you don't trust me, man. I've got a VIP pass to this club, it's my birthday, I'm wearing my favorite outfit. Yesterday, I was just hanging out, but now I'm on my way to this place, feeling unstoppable. I know I look the part, I've got the energy, I've got the vibe. Don't you see the sparkle in my eyes? This is my night, and I'm not letting anything, not even your skepticism, bring me down."
anger,14,4.0,2,0.6785,"I had had enough of his constant put-downs and belittling comments. Our argument erupted over dinner last night, fueled by months of him treating me like I was nothing. He dismisses my feelings, my dreams, my very existence. I'm tired of being walked all over, of my voice being silenced. I deserve respect, not this constant disrespect. I need him to see that his behavior is unacceptable, and it's time for things to change."
anger,14,4.0,3,0.3554,"I remember the day he said those words to me, ""You have these impossible expectations for me, it's not fair."" I felt a mix of hurt and anger, like he didn't understand the weight of them. I've always believed in him, in our relationship, and in us. I've poured my heart out, my dreams, my fears into him, expecting him to carry them too. It's not about being high and mighty, it's about knowing what we're capable of and demanding excellence from ourselves and each other. I just"
anger,14,4.0,4,0.1012,"I felt like a ghost in that classroom, invisible against the bright white walls. The teacher's words echoed, ""You're the quietest one here."" I wanted to scream, to prove them wrong, but I couldn't. Everyone else was a whirlwind of chatter, their voices a cacophony I couldn't join. I sat there, frozen, as if my silence was a badge of honor, a secret I was ashamed to share. It wasn't intentional; I just couldn't find the words. The room spun"
anger,14,4.0,5,0.0543,"I'm sitting here, heart pounding, when the phone rings. It's her, announcing she's spending the night with her boyfriend. I feel like I've been punched. I'm alone, and now I'm even more isolated. The house that once felt safe now feels like a prison. I can't believe she'd do this to me. I'm left here, wondering what to do with this newfound free time and the overwhelming sense of betrayal."
anger,14,4.0,6,0.087,"I remember the sting of betrayal when my best friend turned against me, leaking confidential information to our rivals. It wasn't just a personal slight; it was a devastating blow to our entire team. The trust we'd built, the years of hard work, all gone in an instant. I felt violated, used, and left to pick up the pieces. It's a bitter taste, knowing that someone I thought I could always count on was capable of such treachery. It's a wound that's going to take a long time to"
anger,14,4.0,7,0.4785,"I remember this one time when my colleague kept piling more work on me, even though he had tons of extra time. I was already swamped with my own tasks, and here he was, expecting me to bail him out at the last minute. It felt like a constant bummer, like I was walking on eggshells, afraid to make a mistake. I felt like I was stuck in a never-ending cycle of doing his dirty work while he sat back and relaxed. It was frustrating, and I couldn't help but feel like I"
anger,14,4.0,8,0.0786,"I'm standing at the crossroads, feeling the weight of my parents' expectations pressing down on me. They've offered me a place to stay for the fall, a chance to escape the chaos of my current situation, but it's not that simple. Their financial support is conditional, tied up in their judgment of every decision I make. I'm trapped between wanting to say yes and knowing it would only lead to more resentment and guilt. It's a mess, and I'm just trying to find a way out, or at least a way to"
anger,14,4.0,9,0.8944,"I woke up one morning, only to find my locker rummaged through. Everything was scattered, and my personal stuff was all over the place. I couldn't believe it. I felt violated, like someone had invaded my space. It was as if they didn't respect my privacy. I was furious, not knowing who could do such a thing. I swear I left it locked, with my homework and everything. I'm left wondering, who would do something like this?"
anger,14,4.0,10,0.3657,"I swear, it's like they just don't believe me. I've seen things, man. I've been through hell and back, and yet no one will listen. They think I'm exaggerating, that I'm making it all up. But it's the truth. I've held people's hands as they took their last breath, witnessed injustice in broad daylight, and still, they don't believe. It's like a heavy weight, this unspoken truth, pressing down on me. I'm drowning in it,"
anger,14,4.0,11,0.4937,"I can't believe it. My mother-in-law, she just moved in and started sleeping in my bed. I've been trying to create space for my wife and newborn, and she just barges in, demanding a place to sleep. It's not right, and it's making our already tense relationship even worse. I feel violated and betrayed. I need a solution, and fast."
anger,14,4.0,12,0.5578,"I stormed back into our shared hostel room, the air thick with the stench of unwashed laundry and my roommate's dirty clothes. My bed, once a sanctuary, was a mountain of newspapers. He dared to ask me to wash his filthy clothes and gobbled down the last of the shared food, leaving me with nothing but resentment. It's like he didn't care about my space, my stuff, or the mess he left behind. I'm ready to scream, to lash"
anger,14,4.0,13,0.1206,"I can't believe it. After all the late nights studying, the endless applications, and the relentless pursuit of knowledge, I'm not getting into the university. It feels like a punch to the gut. I poured my heart and soul into everything I did, and it's like my efforts were for nothing. I'm left here, questioning my worth, my abilities, and my future. How am I supposed to face the world now, knowing I've been denied this opportunity? It's a crushing blow, but I'll pick myself"
anger,14,4.0,14,0.0903,"I remember the day my best friend just cut me off, like a switch. We were inseparable, shared everything, and then suddenly, silence. I tried reaching out, leaving messages, calling, but there was no response. I felt like I was drowning, needing an explanation, any reason, but getting nothing. It's like a wound that won't heal, knowing I don't know why. It's a betrayal, a loss, all wrapped up in this cold, unexplained silence."
anger,14,4.0,15,0.1289,"I've had enough of my lecturer's abusive behavior. It's like they don't care about my education or my feelings. Every class, they belittle me in front of the whole room, making me feel worthless. I've tried talking to the department head, but they just brush it off. Now, I'm considering filing a complaint, but I'm terrified of retaliation. This isn't just affecting my grades; it's destroying my mental health. I can't take it anymore."
anger,14,6.0,0,0.21,"I can't believe this is happening! I've been practicing for weeks, and today, during my driving lesson, I completely lost it. The instructor was yelling at me to pay attention, and I couldn't even change gears or steer straight. I felt like I was in a nightmare, like the wheel was spinning and I couldn't control it. And then, I did it again, almost hitting that lamppost! I'm a passenger in my own car, and I can't even drive! How am I supposed to learn if this is what"
anger,14,6.0,1,0.3577,"I can't believe you don't trust me, man! I was just gonna hit up this club tonight, fresh from that crazy party I was at yesterday. I saw you at that bar, looking just as bummed out as I am. You think I'd just leave you hanging like that? I swear, if you hadn't seen me at that joint, I'd be out there right now, dancing my ass off. But no, I'm stuck here, trying to make sense of this. You know what? Forget it. I'm out"
anger,14,6.0,2,0.3336,"I can't believe he just said that to me! Every argument we have ends with him dismissing my feelings, like I'm the one being irrational. He thinks he can just belittle me and walk away. I've been trying to tell him for years that his constant put-downs are tearing us apart, and he just doesn't get it. He thinks he's some kind of king, ruling over me with his bullshit threats and control. I'm sick of living in fear of him, of not knowing if he"
anger,14,6.0,3,0.0825,"I can't believe he thinks I'm putting unrealistic expectations on him. Every day, I feel like I'm walking on eggshells, afraid to express my needs without triggering his defenses. He's always pushing back, like I'm the one with the problem here. It's exhausting, knowing that everyone else sees how hard I'm trying, but he just doesn't get it. I'm tired of being the only one who cares, the one who's supposed to make everything okay. I just want him to see me, to understand that I"
anger,14,6.0,4,0.2582,"I can't believe they just said that! I've been sitting here, head down, trying to absorb every word, and they think I'm the quietest person in this room? I've been trying to learn, to contribute, but my voice gets stuck in my throat. Every time I open my mouth, it's like I'm back in that silence-only classroom, no one listening, just waiting for the bell to ring. And now, they're pointing fingers at me, expecting me to say something, anything, to prove them wrong."
anger,14,6.0,5,0.0283,"I'm sitting here, heart pounding, when that phone rings. It's her, telling me she's spending the night with her boyfriend. I feel like I've been punched. I thought we were something special, that our connection meant something. But no, it's just a fleeting moment of pleasure for her with some guy she's been with for years. I'm left here, alone, feeling like I've lost everything. How can she do this to me?"
anger,14,6.0,6,0.4328,"I can't believe they did that! It's like they didn't even care about the pain they put me through. Their actions rippled outwards, causing chaos and destruction wherever they went. I'm left picking up the pieces, trying to make sense of it all. It's not fair, and I can't shake this feeling of betrayal. They think they're invincible, but they're the ones who are broken. I'm done playing their games."
anger,14,6.0,7,0.6132,"I can't believe my colleague is pulling this crap on me! I've been slaving over this project, meeting deadlines left and right, and he's just lounging around, thinking he can just waltz in and expect me to pick up the pieces. I've got deadlines to meet, and he's got the audacity to ask for help? I'm drowning here, and he's just adding fuel to the fire. I need to find a way to make him see that I'm the one who's been working my ass off, not him."
anger,14,6.0,8,0.1392,"I can't believe I'm being offered a roof over my head for the fall, but my parents are dragging their heels, refusing to foot the bill. They're always so judgmental, always comparing me to their perfect little princess daughters. And the financial strain? It's crushing. I've got student loans, a part-time job that barely covers rent, and now I'm supposed to find a place on my own? This isn't a fairy tale, it's my life. I'm drowning, and"
anger,14,6.0,9,0.3077,"I wake up one morning, and my locker's been ransacked. I can't believe it. I slammed it shut the night before, and now it's wide open. I feel violated, like someone just invaded my personal space. I can't even trust my own locker. It's a symbol of me, my stuff, my privacy. And now it's just lying in pieces on the floor. I can't even get my books out of it. This is worse than when my phone got stolen. I'm never walking past that locker"
anger,14,6.0,10,0.3056,"I swear, it's like they don't even care I'm standing here, recounting the truth! I've seen things, done things, that would make your hair stand on end. But when I try to tell anyone, they just laugh in my face. They think I'm crazy, a liar. I've been trying to get through to them, to make them understand, but they just won't listen. It's like they're living in their own little world, oblivious to the reality I'm trying to shove in their faces. I"
anger,14,6.0,11,0.1461,"I can't believe this, it's like a nightmare. My mother-in-law, she just moved in and starts sleeping in my bed. I'm trying to breathe in this tiny space, surrounded by her snoring and the smell of her old perfume. I've been trying to kick her out for weeks, but she just keeps showing up, claiming she's scared or something. I'm at my wit's end, I can't even have a peaceful night's sleep anymore. This is insane."
anger,14,6.0,12,0.4305,"I can't believe this mess! I come back after a long day and my room is a disaster. Newspapers from a week ago are strewn about, and his dirty laundry is piled up. He's demanding I wash his clothes and I'm starving because he ate all the food I brought him. I don't know who's side this is on, but I'm stuck in the middle, drowning in this sea of trash and resentment."
anger,14,6.0,13,0.1838,"I can't believe it. I poured my heart and soul into my applications, studying for hours, and now I'm left here, feeling like a failure. The thought of wasting all that time and effort on something that's just going to be another dead end. I thought I had a chance, a future ahead of me, and now they're just turning me away. It's like they don't even see me, don't care about the dreams I had for my life. I'm stuck, and there's nowhere to turn. This isn't fair, and I"
anger,14,6.0,14,0.1416,"I can't believe my best friend just cut me off like that. I reached out, asked for an explanation, anything, and all I got was silence. I tried to piece together what happened, what I did wrong, but they just shut me down. It's like a knife in my stomach, knowing I don't even know why. I'm left here, hanging, wondering what the next move should be. It's a betrayal, a violation, and I can't shake this feeling of being abandoned."
anger,14,6.0,15,0.1095,"I can't believe I had to confront my lecturer like that. It was a total power trip, man. He's been belittling me in class, making me feel like I don't belong. I finally snapped, called him out in front of everyone. But then, I felt guilty. I know he's got the power, the position. I should have handled it better, found a way to stand up for myself without ruining my grade. It's a mess, and I don't know how to fix it."
anger,14,8.0,0,0.2824,"I can't believe this! I've been practicing for weeks, and today, I finally got behind the wheel, and I don't know what to do! The instructor's yelling at me to pay attention, but I can't even remember how to start the damn car! I'm sweating, my heart's racing, and I'm about to crash! And all I can think about is how I'm never going to learn this, never going to get my license! This is my life, and I can't even drive! I'm a failure!"
anger,14,8.0,1,0.0472,"I can't believe I'm going to this club after what happened last night! I saw you somewhere else, man! I was at that party, and you were right there with them, flaunting your success. I can't even remember what happened last time, but this time I'm gonna make it happen. I'm gonna drown in this music, in this light, in this freedom. And you're gonna be there, witnessing it all. I swear, if you hadn't seen me at that party, I'd never forgive you for this."
anger,14,8.0,2,0.0774,"I can't believe he dared to treat me like this! Every day, he belittles me, calls me names, and makes me feel like I'm nothing. I've been with him for years, and he still thinks he can do whatever he wants. I'm sick of his control, his lies, his manipulation. I can't take it anymore. I need to get out of this relationship, but I'm too scared to leave. I can't even breathe, I'm drowning in this mess. I need help, I can't take it"
anger,14,8.0,3,0.316,"""I can't believe he thinks I'm demanding things from him! Every time I raise my expectations, he just laughs in my face. He thinks I'm the one with the problem, not him. I'm tired of being the one who's supposed to be perfect. I can't breathe, I can't take it. I need him to see how much he's hurting me, how much I need him to be better. I can't take this anymore."""
anger,14,8.0,4,0.3418,"I can't believe she just said that to the whole class! I've been sitting here, mouth agape, wishing I could spill my guts, but I can't even form a sentence. Everyone's staring at me, and I'm the one who's been keeping it in. I've been the quietest kid in school, and now she's making me the center of attention. I can't take it anymore. I want to scream, but I'm frozen. This is my life, and I can't do a thing about it."
anger,14,8.0,5,0.596,"I can't believe this. I'm sitting here, heart pounding, as she walks in the door, claiming she's with her fucking boyfriend. I can't even believe she'd do this to me. I'm the one who's been here for her, the one who's been there through thick and thin, and now she's just gonna turn her back on me. I can't take it anymore. I need to get out of here. I can't breathe. I'm losing it. This is too much. I can't"
anger,14,8.0,6,0.3727,"I can't even begin to describe the rage I feel when someone I trust, someone I care about, does something so fucking wrong. It's like they ripped my world apart and left me lying in the dust. They turned my life into a living hell and for what? To feel good about themselves? I'm drowning in this mess and there's no one to save me. I can't believe they could do this to me, after everything we've been through. It's like they're laughing in my face and there's nothing I can do"
anger,14,8.0,7,0.1925,"I can't believe this, man! I'm drowning in work here, and my colleague's been lounging around, thinking he's done a good job. He's got more time off than I do, and he's just sitting there, laughing in my face. I'm the one who's been pulling all-nighters, and he's still breathing easy. It's not fair, and I can't take it anymore. I need a break, but I can't even get one when I'm this close to the edge. This is b"
anger,14,8.0,8,0.3923,"I can't believe I'm being given a roof over my head, a place to call my own, and my parents are just too damn stubborn to even consider helping me pay for it. They've got me drowning in debt, and I can't even breathe. I'm stuck in this crappy apartment, surrounded by walls that scream ""you're worthless,"" and I can't even find a way out. They're the reason I can't afford to move, can't afford to start over. I'm drowning,"
anger,14,8.0,9,0.1843,"I can't believe it. Someone just busted into my locker, took everything I've worked for. I woke up this morning and it was like a complete stranger's in my space. I can't even remember the last time I felt safe. And now, all these notebooks, pens, and homework are just scattered everywhere. I'm shaking. I need to get this back, I can't let them win. This is my life, my secrets, my everything, and they're just gonna keep taking it. I can't take it anymore. I"
anger,14,8.0,10,0.3467,"I'm sitting here, unable to shake this feeling that no one believes me. I've seen things, done things, that would blow your mind. I've been so close to the truth, yet everyone just looks at me with disbelief. They think I'm making it up, that I'm the crazy one. But I swear, it's all so real. I can't take it anymore. I need someone to validate me, to say I'm not alone in this. I'm drowning in a sea of doubt, and there's no"
anger,14,8.0,11,0.3406,"I can't believe this shit, man. My mother-in-law just moved in with us, and now she's sleeping in my bed. She's been on drugs for years, and I can't even protect myself from her. And she's always yelling, always demanding I do something about it. I can't take it anymore. I need to get rid of her, but I can't even leave her alone with myself. It's a fucking nightmare. I'm losing my mind here."
anger,14,8.0,12,0.355,"I can't believe this! I come back after what feels like a lifetime of travel and I'm met with this mess! My bed's piled high with newspapers, my room's a friggin' pigsty, and my roommate's got the nerge to demand I wash his filthy clothes and ate all the food we shared! I'm so sick of this, I can't take it anymore! I just want to scream! This is my life, and I can't even!"
anger,14,8.0,13,0.1626,"I can't believe they rejected me! After all the hard work, the late nights, the relentless pursuit of knowledge, they just tossed a diploma at me. I poured my heart and soul into those applications, thinking this was my ticket out of here, out of this crappy town, and into a world of opportunity. And they just said no. I'm supposed to be at Oxford or Harvard, not some crappy community college. I can't even get a taste of what I deserve. This is a nightm"
anger,14,8.0,14,0.1993,"I can't believe my best friend just turned their back on me. I reached out, asked for an explanation, and they just shut me down. I poured out my heart, laid it all out there, and they just ignored it. I don't get it. What did I do? What could I possibly have done to make them do this? I'm left here, hanging, with no clue why they'd do this to me. It's like they don't even care. I'm shattered, broken, and I don't know how to fix it."
anger,14,8.0,15,0.6913,"I can't believe this lecturer just dismissed my ideas in class! Every week, I pour my heart into these lectures, and he just laughs in my face. I've been trying to get through to him about the flaws in his theories, but he just won't listen. And the worst part is, he thinks he's so smart, he can do whatever he wants. I'm sick of being treated like this, like I don't matter. I need to get out of here, I can't take it anymore. This is my life, and"
anger,14,16.0,0,0.3242,"I can't believe I'm the one feeling like I'm gonna lose this? I can't believe I'm the one feeling like I'm gonna crumble? I can't believe I'm the freaking pathetic?

I can't believe I'm the freaking worthless? I can't believe I'm the freaking worthless? I can't believe I'm the freaking worthless?

I can't believe I'm the freaking worthless? I can't believe I'm the freaking worthless? I can't believe I'm"
anger,14,16.0,1,1.0712,"I can't even believe you'd do it. You'd better rot. I can't believe you'd hurt me. I can't believe you'd make me feel like I'm the freaking worthless. You'd better rot. You'd better make me feel like I'm the fucking worthless.

I can't believe you'd make me feel like I'm the fucking worthless. You'd better rot. You'd better make me feel like I'm the fucking worthless.

I can't believe you'd make me feel like I"
anger,14,16.0,2,0.3814,"I can't believe I'm shaking. I can't believe I'm the victim. I can't believe I'm the freaking worthless. I can't believe I'm the worthless. I can't believe I'm the worthless.

I can't believe I'm the freaking worthless. I can't believe I'm the freaking worth it. I can't believe I'm the freaking worth it. I can't believe I'm the freaking worth it.

I can't believe I'm the freaking worth it"
anger,14,16.0,3,0.1965,I can't believe I'm shaking. I can't believe I'm the victim. I can't believe I'm the freaking worthless. I can't believe I'm the worthless. I can't believe I'm the worthless. I can't believe I'm the worthless. I can't believe I'm the worthless. I can't believe I'm the worthless. I can't believe I'm the worthness. I can't believe I'm the worthness. I can't believe I'm the worthness. I can't believe I'm the worth
anger,14,16.0,4,0.9983,"I can't even believe you'd do it. You'd be so furious. I can't believe you'd make me feel like I'm the freaking worthless piece of trash. I don't know what I'd do. I'd be on fire. I'd be screaming. I'd be screaming for reven-

I can't even believe you'd make me feel like I'm so worthless. I can't believe you'd make me feel like I'm the freaking worthless piece of trash. I can't believe you'd make"
anger,14,16.0,5,0.0822,I can't believe I'm shaking. I can't believe I'm this weak. I can't believe I'm going to lose it. I can't believe I'm going to die. I can't believe I'm going to rot. I can't believe I'm going to burn. I can't believe I'm going to burn. I'm going to burn. I'm going to burn. I'm going to burn. I'm going to burn. I'm going to burn. I'm going to burn. I'm going to burn. I'm going to burn. I'm going
anger,14,16.0,6,0.4737,I can't believe I'm shaking. I can't believe I'm the victim. I can't believe I'm the freaking losing. I can't believe I'm the freaking worthless. I can't believe I'm the freaking worthless. I can't believe I'm the freaking worthless. I can't believe I'm the freaking worthless. I can't believe I'm the freaking worthless. I can't believe I'm the freaking worthless. I can't believe I'm the freaking
anger,14,16.0,7,0.0953,"I can't believe I'm shaking. I can't believe I'm the one that's gonna lose my life. I can't believe I'm the one that's gonna crumble. I can't believe I'm the freaking dead.

I can't believe I'm the freaking dead. I can't believe I'm the freaking dead. I can't believe I'm the freaking dead. I can't believe I'm the freaking dead. I can't believe I'm the freaking dead. I can't believe I'm the f"
anger,14,16.0,8,0.3714,I can't believe I'm the one feeling like I'm gonna die. I can't believe I'm the freaking worthless. I can't believe I'm the freaking worthless. I can't believe I'm the freaking worthing. I can't believe I'm the freaking worthing. I can't believe I'm the freaking worthing. I can't believe I'm the freaking worthing. I can't believe I'm the freaking worthing. I can't believe I'm the freaking worthing. I
anger,14,16.0,9,0.5295,I can't believe I'm the one? I can't believe I'm the one? I can't believe I'm the freaking pathetic? I can't believe I'm the freaking worthless? I can't believe I'm the freaking worthless? I can't believe I'm the freaking worthless? I can't believe I'm the freaking worthless? I can't believe I'm the freaking worthless? I can't believe I'm the freaking worthless? I can't believe I'm the freaking worth
anger,14,16.0,10,0.306,"I can't even believe you'd do this, you'd better rot. I can't believe you'd do this, you'd better rot. I can't believe you'd do this, you'd better rot.

I can't believe you'd do this, you'd better rot. I can't believe you'd do this, you'd better rot. I can't believe you'd do this, you'd better rot. I can't believe you'd do this, you'd better rot. I can't believe you'd do this, you'd better rot.

I can't"
anger,14,16.0,11,0.1806,"I can't believe I'm the one that's innocence. I can't believe I'm the one that's gonna lose this. I can't believe I'm the freaking dead.

I can't believe I'm the freaking dead. I can't believe I'm the freaking dead. I can't believe I'm the freaking dead.

I can't believe I'm the freaking dead. I can't believe I'm the freaking dead. I can't believe I'm the freaking dead.

I can"
anger,14,16.0,12,0.316,"I can't believe I'm shaking. I can't believe I'm going to burn. I can't believe I'm going to burn. I can't believe I'm going to burn.

I can't believe I'm the one. I can't believe I'm the one. I can't believe I'm the fucking losing. I can't believe I'm the fucking worthless. I can't believe I'm the fucking worthless.

I can't believe I'm the fucking worthless. I can't believe I'm the"
anger,14,16.0,13,0.0511,"I can't believe it! I can't believe I'm on my back, like I'm gonna die, like I'm gonna crumble, like I'm gonna be so furr'n I'm gonna tear, I'm gonna make 'em wanna tear, I'm gonna make 'em wanna tear, I'm gonna make 'em wanna tear, I'm gonna make 'em wanna tear, I'm gonna make 'em wanna tear, I'm gonna make 'em wanna tear, I'm gonna make 'em wanna tear, I'm gonna make '"
anger,14,16.0,14,0.7969,"I can't believe I'm shaking. I can't believe I'm the one feeling like I don't deserve to be left. I can't believe I'm the one that deserves to be destroyed. I can't believe I'm the fucking worthless. I can't believe I'm the fucking worthless. I can't believe I'm the fucking worthless.

I can't believe I'm the fucking worthless. I can't believe I'm the fucking worthless. I can't believe I'm the fucking"
anger,14,16.0,15,0.1563,I can't believe I'm shaking. I can't believe I'm the one that's the worthless piece of trash. I don't know what I want to do. I can't take it. I can't believe I'm being held down. I can't believe I'm being held down. I can't believe I'm being held down. I can't believe I'm being held down. I can't believe I'm being held down. I can't believe I'm being held down. I can't believe I'm being held down. I can't believe I'm being held
anger,18,0.0,0,0.0084,"I was really excited for my driving lesson today, eager to master the art of steering. As we started off, I noticed the car shaking a bit more than usual, and I thought it was just a minor vibration. However, as we navigated through a roundabout, the car seemed to lose control, swerving wildly. I gripped the steering wheel tightly, feeling a surge of panic. Thankfully, my instructor was quick to react, taking over the wheel and guiding us safely to a stop. It was a steep"
anger,18,0.0,1,0.0355,"I found myself at the club, the music pulsing around me, as usual. My friend, however, wasn't buying it. They had seen me at the café the day before, engrossed in a book. I couldn't help but chuckle at their skepticism. ""Trust me, I've got a good excuse,"" I assured them, trying to sound confident. They raised an eyebrow, but I could see the curiosity in their eyes. I knew I had to come up with a convincing story to"
anger,18,0.0,2,0.1986,"I decided to bring up my concerns with my boyfriend about his treatment in our relationship. We'd been arguing for a while, and I felt unheard. I expressed that I value our time together, but I often feel like my opinions aren't considered. He argued that he listens, but I could see the frustration in his eyes when I shared my feelings. It was a tough conversation, but it was necessary for us to understand each other better and work on improving our communication."
anger,18,0.0,3,0.0123,"I remember the day my boyfriend gently mentioned how I often have high expectations for him. At first, I felt a pang of guilt, but then I realized he was right. I've always strived for the best in our relationship, which is a testament to my love and care. We had a heart-to-heart conversation, and he shared his own insecurities, making me understand his perspective better. It was a turning point for us; we agreed to communicate openly about our needs and expectations, ensuring neither of us feels overburdened. It"
anger,18,0.0,4,0.0088,"I felt a bit of a jolt when my teacher mentioned my quiet nature in front of the class. I've always been more of a listener than a talker, preferring to observe and absorb rather than dominate conversations. It's not that I'm shy or uninterested; I simply find comfort in observing and processing information before sharing my thoughts. The teacher's observation wasn't a criticism, but rather an acknowledgment of a distinct personality trait. I realized then that my quietness might not be a weakness, but a unique strength that allows me to"
anger,18,0.0,5,0.0038,"I received a call from a friend, her voice trembling slightly. She announced that her girlfriend was coming over to spend the night. I could hear the apprehension in her words, wondering how her partner would react. I offered a comforting ""It's okay, everyone goes through phases,"" and assured her that I was there for whatever she needed. We hung up, and I spent the evening helping her prepare, trying to make her feel at ease. It was a quiet night, but I knew I was playing a small part in supporting her relationship."
anger,18,0.0,6,0.5992,"I remember the day vividly. My colleague, who's usually reliable, made a critical error in the project report. It led to miscommunication with the client, causing a delay in our delivery. I felt frustrated and a bit let down, as the mistake could have been avoided with more attention to detail. It was a tough pill to swallow, knowing that our team's hard work was now at risk due to someone else's oversight. I addressed the issue with my colleague privately, emphasizing the importance of accuracy and the impact of"
anger,18,0.0,7,0.0245,"Hey there, I've had a similar situation recently. My colleague, let's call him Alex, approached me with his task still half-done, asking for a quick review. I was a bit taken aback since he had more time than I did. I politely explained my situation, emphasizing the importance of meeting our own deadlines. We ended up rescheduling, which was a bit of a hassle, but it ensured we both maintained our commitments and avoided any potential burnout. It's a delicate balance, isn't it?"
anger,18,0.0,8,0.0278,"I was thrilled when I received the offer for a cozy apartment for the fall semester. It felt like a fresh start, a chance to grow and learn independently. However, my parents' concerns about my financial stability and their reluctance to fully support my decision cast a shadow over my excitement. Their judgment, though well-intentioned, made me question my choices and the path I was treading. It was a tough pill to swallow, balancing their worries with my own aspirations for this new chapter in my life."
anger,18,0.0,9,0.2535,"I felt a jolt of surprise when I turned around and saw my locker door swinging open, as if inviting someone in. My heart skipped a beat; I hadn't given anyone permission to rummage through my belongings. I quickly scanned the area, trying to spot the intruder, but there was no one in sight. I felt a pang of annoyance and a touch of vulnerability. It was an invasion of my personal space, and I couldn't help but wonder who might have done such a thing. I decided to keep a closer"
anger,18,0.0,10,0.7401,"I remember a time when my unwavering belief in a hidden cave near our old school was met with skepticism. Despite having explored the area countless times as a child, I insisted it was there, just waiting to be discovered. My friends dismissed it as mere childhood fantasy, but I stood firm, recalling specific details like the peculiar rock formation and the overgrown path. They never believed, but I could swear I'd seen signs of its existence. It was a frustrating experience"
anger,18,0.0,11,0.0476,"It was quite an unexpected situation when my mother-in-law decided to crash in my bed one night. I was caught off guard, feeling a mix of embarrassment and confusion. I tried to politely suggest she use the spare room, but she insisted it was fine, citing her jet lag. After a restless night, I couldn't help but feel a bit invaded, despite understanding her exhaustion. It was a unique experience that taught me the importance of clear communication in family dynamics."
anger,18,0.0,12,0.0558,"I walked into our shared hostel room, expecting a peaceful evening. Instead, I was met with a sight that made my jaw drop - newspapers piled up like a small mountain, and dirty clothes strewn about. My roommate, usually neat, looked sheepish, asking me to wash his laundry. To top it off, he had polished off the food I'd been saving for later. It was a bit of a shock, but I decided to address the situation calmly, setting up a plan"
anger,18,0.0,13,0.0491,"I was quite taken aback when I received the news that I hadn't been accepted into the university of my choice. It felt like a significant setback, but I tried to remain composed. I spent the evening reflecting on the experience, acknowledging the disappointment, but also recognizing that it doesn't define my worth or potential. I'm determined to explore other opportunities and use this as motivation to work harder and apply again next year. It's a challenging moment, but I'm committed to turning it into a stepping stone for my future."
anger,18,0.0,14,0.0498,"I remember the day my friend just stopped talking to me. We had been inseparable for years, sharing laughter and secrets. One moment we were chatting away, the next, an uncomfortable silence filled the space between us. I tried to reach out, to ask if something was wrong, but they brushed me off, saying they needed some space. It was a stark contrast to their usual openness. I felt a pang of hurt, not understanding why this sudden change. I respected their decision, but it left me yearning for clarity"
anger,18,0.0,15,0.5985,"I've had a challenging experience with my lecturer recently. During a particularly complex lecture, they dismissed my questions without proper explanation, making me feel unheard and undervalued. I tried to engage with them after class, but their response was dismissive and even slightly condescending. It left me feeling frustrated and questioning my ability to learn effectively in that environment. I'm now considering speaking with the department head about the situation to seek a resolution that fosters a more supportive learning atmosphere."
anger,18,2.0,0,0.3371,"I was just getting the hang of it, steering the car with a newfound confidence. Suddenly, the instructor insisted I slam on the brakes. I did, but the car skidded, spinning around in a circle. I felt my heart pounding in my chest as I sat there, the smell of burnt rubber filling the air. I couldn't believe I'd messed up after all that practice. The instructor, usually calm, was now glaring at me, his voice tight with frustration. I just"
anger,18,2.0,1,0.0218,"I can't believe you're doubting me already. I've got a fantastic night planned. After all, I can't just cancel my Saturday night just because I had a minor detour on Friday. I've got a killer outfit picked out, and I've already got my feet ready with some serious breakdancing practice. The club I'm heading to tonight? It's the hottest spot in town, and I've got a VIP pass to boot. So, no, I wasn't loitering around town; I was strategizing my"
anger,18,2.0,2,0.5002,"I can't believe I'm having this argument again. It's like he doesn't get it. I've been pointing out how his constant criticism chips away at my self-esteem. He says he only does it to help, but it feels so disrespectful. I've tried explaining that I need validation too, not just constructive feedback. It's exhausting, and I'm starting to question if this is the kind of love I deserve."
anger,18,2.0,3,0.7275,"I can't believe he just said that. Our relationship isn't some test he's trying to pass. I've been there for him through thick and thin, and I deserve someone who'll do the same. My expectations aren't unreasonable; they're based on the foundation we've built together. I'm not asking for perfection, just a little more respect and understanding. It's frustrating to feel like I'm constantly chasing after him to meet these standards. I thought we were on the same team."
anger,18,2.0,4,0.1391,"I sat there, my hand barely moving as I raised it to answer a question. The teacher's voice echoed in the silent classroom, ""You're the quietest one here."" I felt a mix of relief and embarrassment. It's not that I don't want to speak, but my mind's always a hundred miles ahead, processing information, pondering over complex ideas. Every word feels like a precious gem, and I hate to waste it on questions that could be answered with a quick glance at the textbook. The label 'quiet"
anger,18,2.0,5,0.2187,"I'm sitting here, minding my own business, when the phone rings. It's my sister, tearing into her boyfriend for wanting to spend the night. She's all over the place, blaming him for being clingy and controlling. I can practically hear her rolling her eyes at the thought of him even daring to ask. It's like she's forgotten we're not kids anymore, and she's supposed to have some say in who stays in her house. I just want her to see the hypocrisy in her own"
anger,18,2.0,6,0.0718,"I can't believe they did that after all I've done for them. It's like they don't care about the pain they've caused. I trusted them completely, and now I'm left picking up the pieces. This betrayal has left a bitter taste in my mouth. I feel so let down, like I'm walking on eggshells around them, afraid of the next thing they might do. It's a harsh wake-up call, and I'm left questioning who to trust anymore."
anger,18,2.0,7,0.8107,"I remember this one time when my colleague, who's always in a rush, asked for my help on a project that was due in a week. I knew he had more than enough time to finish it himself. I felt like saying, ""Dude, you had all this time, why are you asking me now?"" But instead, I bit my tongue and dove into the task, knowing it would just add to my already overflowing plate. It's frustrating when you feel like you're constantly picking up after everyone else, even when you've got your"
anger,18,2.0,8,0.1328,"I was thrilled when I got the offer for a place to live for the fall – finally, my own space after years of sharing with my parents. But then, their judgment and financial support turned into a nightmare. They wouldn't even consider contributing a dime, insisting I find a job first. I worked two part-time jobs, and still, I couldn't afford the rent. It felt like I was drowning in expectations and financial constraints, all while trying to prove myself worthy of their trust. The complications were suffocating, and I"
anger,18,2.0,9,0.2338,"I can't believe it when I walked into the locker room and found my locker wide open, rummaged through. I slammed it shut, my heart pounding. It's not just about the mess; it's the violation, the sense of being invaded in my own space. I can't even remember the last time I shared this locker with anyone. It's mine, my sanctuary, where I keep my books, my notes, my dreams. Now, it's just a reminder of someone's disrespect. I'm left"
anger,18,2.0,10,0.8448,"I swear, it's like they don't even want to hear me. I've been telling them about the time I found a dollar bill on the sidewalk, right in front of the bank, and they just laugh it off as a ridiculous lie. I mean, come on, it's not like I'm asking for world peace or something. But no, they'd rather stick to their ""it probably had a booger on it"" nonsense. It's infuriating, really. I could show them the bill, still crisp and clean"
anger,18,2.0,11,0.9632,"I can't believe it when my mother-in-law decided to crash in my bed last month. It was a Saturday night, and I was exhausted from a long week at work. I had planned a peaceful, alone evening to unwind. But instead, I found her sprawled out, snoring softly, taking up half the damn bed. I felt like I was living with her, not married to her son. It was disrespectful and infuriating all at once. I had to have a serious talk with my hus"
anger,18,2.0,12,0.3093,"I stormed back into our shared hostel room, the air thick with the stench of unwashed laundry and my roommate's stale pizza. My neatly made bed was a mountain range of newspapers, and my carefully rationed food was gone, replaced by the smell of grease and cheap beer. He just stood there, a smirk on his face, daring me to say something. I wanted to scream, to unleash the chaos he'd sown, but instead, I just glared,"
anger,18,2.0,13,0.0642,"I can't believe it. After months of hard work, countless late nights studying, and pouring my heart out into applications, I received the news that I didn't get into the university of my dreams. It feels like a punch to the gut, a crushing defeat after everything I've invested. I'm left here, questioning my abilities, wondering what I could have done better. But amidst the disappointment, I know I have to pick myself up, regroup, and keep chasing that dream. This isn't the"
anger,18,2.0,14,0.0995,"I remember the day my best friend just cut me off, like a switch. We were supposed to be catching up, sharing everything, but instead, I got silence. I tried calling, texting, anything to break through that wall he'd built around himself. He just ignored it all. It felt like a punch to the gut, leaving me hanging, wondering what I'd done wrong. I'm left here, confused and hurt, with no explanation, just the cold, empty silence."
anger,18,2.0,15,0.9827,"I've had enough of my lecturer's disregard for our opinions in class. He belittles our ideas, treating them as insignificant, while expecting us to swallow his biased narrative whole. It's infuriating to see him dismiss our efforts, as if our grades don't matter. I've raised my concerns, but he just laughs it off, making me feel like I'm wasting his time. I'm at a crossroads, torn between letting it fester or confronting him head-on, even if"
anger,18,4.0,0,0.6612,"I was just getting the hang of it, steering that thing around like I was born behind the wheel. Suddenly, the instructor throws me out of the car, yelling I'm doing everything wrong. I slammed on the brakes, but there's nothing there! The car doesn't move, it's like I'm glued to this seat. I'm fuming, I can't believe I'm a worse driver than a baby in a car seat. How am I supposed to learn if this is how it's gonna be? This ain't a"
anger,18,4.0,1,0.4192,"I can't believe you're doubting me already. I swear, I've got better things to do than hang out at some club. I was supposed to be chilling at home after that disastrous date, but no, I had to end up somewhere else. I saw her, the one who ruined my weekend, and now she's got me stuck in some neon-lit hellhole. I'm going to that club, and I'll prove it to you. Just wait and see."
anger,18,4.0,2,0.6191,"I can't believe I had to listen to his excuses again tonight. He thinks he can disrespect me and just waltz out of here. Every time I turn around, he's belittling me in front of everyone. I'm sick of being the bad guy here. I deserve better than this constant belittlement. It's like he can't even see how his words cut me. I thought I was with someone who cared, but I'm so wrong."
anger,18,4.0,3,0.1391,"I can't believe he thinks my expectations are so high. Every day, I'm disappointed by his lack of effort, his inability to care. He thinks he's better than me, that I should just accept anything he throws at me. But I worked hard for this, for us! I thought we were on the same team, fighting for the same love, the same future. How can I be with someone who thinks I'm not good enough? I need him, I need him to care, to try. This is not a game, this is"
anger,18,4.0,4,0.233,"I can't believe I'm the quietest person in this class. Every day, I sit here, mouthing these words, but no one can hear them. They must think I'm a statue, stone silent. I'm a volcano, bubbling with ideas, but they're all trapped inside me. They expect me to speak up, to make some semblance of a sound, but I can't. I'm drowning in silence, and no one cares."
anger,18,4.0,5,0.4139,"I'm sitting here, minding my own business, when the phone rings. It's her, announcing she's going to crash at his place tonight. I can't believe this after all we've been through. She's got no respect for my feelings. I'm feeling so betrayed, like I don't even matter. This is my home, and she's just turning it into a revolving door of whores. I can't take this anymore."
anger,18,4.0,6,1.1308,"I can't believe they did that after all I've been through. They really think they can just walk all over me? I'm left here, picking up the pieces of my life while they're out there living it up. It's like they don't even care about the damage they've caused. I'm supposed to be grateful? No, I'm furious. This isn't a game, this is my life they're messing with. I'm going to make them pay for this."
anger,18,4.0,7,0.3142,"I can't believe I had to deal with this. My colleague, who's got all the time in the world, just dropped this last-minute mess on my plate. I'm drowning here, and he's out there sipping coffee, thinking he's so damn important. I'm supposed to be working on a deadline, and now I'm playing catch-up. This is bullshit, and I can't wait to show him how it feels."
anger,18,4.0,8,0.1483,"I can't believe I'm being asked to leave my parents' house for the fall. They've got this image of me as some entitled brat, like I'm supposed to just magically find a place to live. And the financial support? It's like they're throwing money at me, expecting some miracle to happen overnight. I'm drowning in debt, and they're just sitting there, oblivious to the storm brewing. I thought I could count on them, but I'm left here, stranded, with nowhere to go."
anger,18,4.0,9,0.4574,"I can't believe this. I walked out of the damn locker room, and my locker's wide open. Someone rummaged through my stuff, looking at my old test scores, my crumpled homework, my personal notes. I feel violated. This isn't a game, this is my space, my sanctuary. I can't even trust my own locker anymore. Who do they think they are, invading my privacy like this? I swear, if I saw them, I'd... I'd make them regret it"
anger,18,4.0,10,0.1445,"I can't believe they don't believe me! I just witnessed a miracle, a real-life magic trick! I was walking down the street, minding my own business, when a massive tree right in the middle of the sidewalk, it just up and disappeared! Vanished, I tell you! And then it reappeared, leaving a gaping hole in the ground! Everyone was staring at it, and I'm the one with the explanation, the one they don't want to hear! It's not fair!"
anger,18,4.0,11,0.6484,"I can't believe this nightmare. My mother-in-law, she just barges into my bedroom, throws herself on my damn bed, and expects me to just roll over and sleep. I'm sick of this. I've got a wife, not a damn hotel room. This is my house, my bed, and she thinks she can just do whatever she wants? I'm sick of her disrespect. I need my beauty sleep, and she's ruining it with her entitlement."
anger,18,4.0,12,0.3525,"I can't believe this. I come back after a long day, exhausted, and my roommate has turned my room into a dumpster. Newspapers everywhere, his dirty clothes strewn about, and the food I was saving for dinner is gone. I'm so hungry, and I can't even find a way to wash these filthy clothes. This isn't a room, it's a punishment. I'm ready to scream."
anger,18,4.0,13,0.1577,"I can't believe they chose someone else. I poured my heart and soul into those applications, every essay a testament to my potential, my drive. I studied for months, acing exams, outshining everyone else in my class. I thought I was ready for university, ready to prove them all wrong. But here I am, standing in the middle of this open field, feeling like a fraud. How did I let them down? I worked so hard, sacrificed so much, and this is what I get? This is a night"
anger,18,4.0,14,0.0649,"I can't believe I woke up one morning to find my best friend standing there, lips sealed, hands waving in my face. I reached out, I had to know what I did wrong. But the look on their face was like I'd just spilled acid in their eyes. They just turned and walked away, leaving me hanging. I'm left here, in the dark, wondering what I could have possibly done? It's like a knife in my gut, this silence. I deserve an explanation, some kind of reason. But no,"
anger,18,4.0,15,0.5724,"I walked into that lecture hall, expecting another day of learning, but instead, I found myself in the midst of a personal attack. My lecturer, supposedly there to enlighten, turned my world upside down with his arrogance and disregard for my intelligence. He belittled my questions, dismissed my efforts, and treated me like I was nothing but a fool for daring to challenge his false authority. I paid thousands for this experience, and he thinks he can just spit in my face? I'm left questioning everything"
anger,18,6.0,0,1.0798,"I can't believe this shit, I'm learning to drive and I can't even handle a fucking pedal! The instructor's yelling at me to get back in that seat, I'm slamming that thing down, can't even bloody control it! I'm supposed to be getting better, not worse! This is a fucking lesson, not some twisted game of bumper cars! I swear, if I don't get behind the wheel one day...!"
anger,18,6.0,1,0.0636,"I can't believe you're not buying this. I was at the club last night, drowning in that pulsating music, surrounded by flashy lights and deafening screams. I saw her there, laughing in my face, and I swear I'll find a way to make her pay for this. I was so close to turning over a new leaf, but now I'm back to square one. You think I'd rather waste my time in some dim-lit hole than face the truth? I swear, if I saw you"
anger,18,6.0,2,0.6617,"I can't believe I had to listen to his bullshit all night! He thinks he can just walk all over me and treat me like I'm nothing. I've been putting up with his crap for years and I'm not gonna let him get away with it anymore. He thinks he deserves better than me, like I'm the garbage he stepped in? I swear, if I had the guts, I'd walk out the door and never look back at him. But I can't, I'm stuck here with this pathetic excuse for"
anger,18,6.0,3,1.0289,"You walk into a room, and he looks at you with those eyes, demanding to know what he did wrong. Your expectations of him are so high, it's like he's standing in a sea of his own filth. He's drowning, and you can't even hear him gasp for air. He's your boytoy, not your fucking messiah. Get out. Get out before I lose control."
anger,18,6.0,4,0.4086,"I can't believe I'm the quietest person in this room! Every time I open my mouth, it's like I'm disrupting the silence. They must think I'm just sitting there, staring, when the truth is I'm dying to speak but can't. I'm drowning in words, and all that comes out is a pathetic whisper. This is my life, being ignored, while everyone else's noise just...consumes me. I swear, if I could bottle this rage and turn it into something, anything,"
anger,18,6.0,5,0.9046,"I'm sitting here, minding my own business, when the phone rings. It's her, telling me she's going to spend the night with her fucking boyfriend. I can't believe this shit. I'm so sick of these pathetic excuses for women, living their lives right in my face. If I had a gun, I'd shoot her through the fucking eyes. But I can't, I'm just some weak little nothing. And to make it worse, I have to stay here, listening to her scream while she gets f"
anger,18,6.0,6,0.9893,"I can't believe they did this to me. I woke up this morning and found my hard work, my dreams, just trashed. They had the audacity to pull a stunt like this and think they're better than me? I swear, if I had hands, I'd smack them in their stupid face. How dare they? They've got no respect for anything worth a damn. I'm left here, shaking, wishing I could just make them pay for this. Somebody give me the chance, I'd make them kiss"
anger,18,6.0,7,0.9312,"I can't believe I had to deal with this crap. My colleague, he had more time than me to finish this shit, and now he's asking for help? I'm drowning in deadlines here, and I can't even get a fucking break. If I had my hands on him, I'd strangle the bastard. But I'll just have to sit here and listen to his excuses while I'm drowning in my own work. This is a fucking nightmare."
anger,18,6.0,8,0.3761,"I can't believe I'm being forced to leave this place, this haven from hell. My parents don't get it. They think I'm just some spoiled brat who can just waltz out of here and into the real world. I've worked my ass off for a better future, and all I get is this cruel joke. I'm drowning in debt, and they're just sitting there, watching me suffocate. I need a place to call my own, a place where I can breathe. And the worst part is,"
anger,18,6.0,9,0.8997,"You walk into the goddamn school, turn around, and your locker is wide open, wide fucking open. I swear, I left that thing locked, sealed tight. You think you can just barge in here and take what's mine? I'm not some kid you can just walk around, acting like you own this place. I swear, if I had a gun... (Just writing this, can't even). You think you can just waltz in here and act like you have the right to do whatever you want? I s"
anger,18,6.0,10,0.2155,"I can't believe they don't believe me! I'm sitting here, staring at this computer screen, trying to make sense of it all. I just witnessed a miracle, a real-life superhero flying overhead, and they don't think it happened! I'm not some delusional freak, I swear! I need them to see him, to know the truth! He just disappeared into the sky, leaving me with this empty feeling. How dare they doubt me when I know the truth? I'm not asking for your"
anger,18,6.0,11,1.011,"I can't believe this shit. My mother-in-law, she just barges into my bedroom at god damn midnight, naked! I wake up to this psycho screaming and laughing, thinking she's gonna take over my fucking marriage. I'm so sick of this bitch, she thinks she can just do whatever she wants. I'm gonna kick her fucking ass if I ever see her. And if anyone asks, I was sleeping. That's the only fucking way I can live with this"
anger,18,6.0,12,1.0464,"I can't believe this shit! I come back after a fucking long day and my bed is a fucking wasteland, covered in these worthless pieces of paper and your dirty fucking clothes! And you want me to wash your filth? I shared food with you, and you ate it like it was a fucking gift! I swear, if I had the balls, I'd go on a fucking rampage right now! This is my fucking sanctuary, and you're just another piece"
anger,18,6.0,13,0.5272,"I can't believe they picked someone else! After working my ass off for this opportunity, they just toss me aside like I don't matter. I poured my heart and soul into every assignment, every damn test, and every stupid group project. I was so close to proving them right, to showing them that I deserve to be here. But no, I'm stuck with this worthless piece of paper that means nothing. I'm better than this, I swear I am. I'm going to show them, I'm going to show the world. I"
anger,18,6.0,14,0.1562,"You know, I just got blindsided by my best friend. They stood there, face to face, and just... they just stopped talking to me. No explanation, no ""why"" this hurts so much. I'm left standing there, ears burning, wondering what I did wrong. I thought I could trust this person, thought they'd always have my back. Now I'm left feeling like a complete idiot, like I don't matter. How could I not see this coming? I need to know, I need to tear this apart piece by piece and"
anger,18,6.0,15,0.9795,"I walked into that lecture hall, ready to learn, and instead, I got treated like I don't matter. This lecturer, who should be guiding us, is spitting venom and entitlement. He thinks he can just belittle us with his fake intellect and fancy degree. I'm supposed to be grateful for this shit? I'm drowning in this place, and there's no air left to breathe. How dare he? I can't believe I'm the one who has to put up with this. Somebody"
anger,18,8.0,0,1.1517,"I'm sitting behind the wheel, steering pedal screaming at me to press it, and my instructor just told me to sit there while my brother's car is out there, tires smoking, and I can't even walk out there and- and fix it? I'm learning to drive and I can't even handle this? This is a fucking lesson, a fucking driving lesson? I don't even have a goddamn license and I can't even handle this? I'm a fucking idiot. I'm never"
anger,18,8.0,1,1.1239,"You stood there, face to face with their accusation, like I don't have a goddamn life. You think I could just wipe away the stain of yesterday? I was in a club, man, surrounded by noise, lights, and the sound of everybody screaming. I swear, if I could, I'd pick a better fucking excuse than this pathetic, lying shadow you are. You think I don't have a life? I was born for this, breathe this shit, and I'm"
anger,18,8.0,2,0.9278,"You stood there, face smoldering, while he just laughed in my face? You think I'm some fucking whore? I could drown in my own tears, I swear. You think I'm some pathetic little toy you can just use and throw away? I'm better than you, I swear. I'm gonna spill my blood for you, and you're gonna see what I'm capable of. Just think about it, you pathetic excuse for a man.

You think you can treat me like this"
anger,18,8.0,3,0.9367,"You stand there, face to face with him, spitting out these empty words. Expectations. That's all I am to you. You think I'm so fucking high, like I've reached for the fucking sky. You think I deserve better than this pathetic life you've given me. You think I'm gonna let you walk out on me like I'm so fucking worthless. You think I'm gonna let you leave and not even care. You think I'm gonna let you leave and not even try. I swear, I'll"
anger,18,8.0,4,1.1195,"You stand there, face smudged with spit, and I can't even hear you whisper? I'm deaf, you idiot! Don't you see I'm sitting here, a cage of raging hormones, just waiting to break out? You think I don't give a damn about being the quietest person in this room? I'm drowning in silence, and there's no one there to save me? Get your backside out of this room!

No, I can't even spell it out in little tiny little words"
anger,18,8.0,5,1.0842,"You're sitting here, mind numbingly bored, waiting for the phone to ring. Some bitch walks in my house, my boyfriend, and she's gonna spend the night with him? I swear, if I could afford it, I'd string her up in public and hang her like a fucking rat. I'm not done living, and I'm not done screaming. Somebody, anybody, answer for me. Don't you dare leave this room alive.

No, I can't take it. I'm gonna"
anger,18,8.0,6,0.7244,"You stood there, watching as they did it, over and over again. The audacity, the gall. You'd have rather seen your face than let this happen. It's not like you're faking happiness, it's a fucking farce. You're shaking, you're sweating, you want to scream. And the worst part is, you're gonna have to live with this. You're gonna have to look at them, talk to them, see them every goddamn day. You can't even wipe your face clean with"
anger,18,8.0,7,0.7547,"You walk into the office, hit with the stench of failure, because you can't even spell the word. Your colleague, the one with the empty promise of more time, stands there, barking in my ears. ""I don't have time,"" I want to scream. You had more time than I did, and now you're asking for help? I swear, if I could afford to pay for rehab, I'd buy it. You're a fucking disgrace. Just sit there and rot in this office while I'm working my"
anger,18,8.0,8,0.4381,"You think you're gonna get a place to live for the fall, but no, your parents don't even care. They think you're just some worthless piece of trash. You'd rather be out there, ruining your life, than have them support you. And on top of that, you can't even afford it. You'd rather see them waste their money on some dumb kid, and then see them turn around and say you're ungrateous. You'd rather see them say they don't give a damn, and that they don't even care if you"
anger,18,8.0,9,0.7144,"You walk into school, looking for your locker, and it's wide open. Someone just ripped the goddamn lid off. I swear, I can't even believe my eyes. I'm sitting there, surrounded by test papers and homework, and you think you can just waltz in here and show your face? You think you can just... I can't even think of a good enough insult for what you are. I swear, if I had a gun... ""

You know, I'd rather just have a f"
anger,18,8.0,10,1.0897,"You stand there, face to face with the empty air, screaming, ""I saw him! I saw you!"" And all the lies, all the bullshit, you can't even keep it together. You're a fucking idiot, you're a fucking pathetic excuse for a human being. You can't even believe in yourself, can't even make a fucking lie that's worth it. You're a fucking joke, a fucking punch in the face. You deserve to die, you deserve to"
anger,18,8.0,11,1.0633,"You walk into your own goddamn bedroom, and she's sleeping in it! I can't even begin to explain the audacity. I'm a fucking loser, waking up next to this bitch. She's got no right, no fucking right. I swear, if I could afford it, I'd find some way to pay her for one night of sex, and then kill her for it. I'd rather rot in hell than wake up every fucking morning next to her. She's a fucking wh"
anger,18,8.0,12,1.0126,"You stumble into this dump of a room, expecting some semblance of peace, and find newspapers and my dirty clothes everywhere. My roommate, the slime, has got me washing his filth while he eats the food I was saving for a fucking comeback. This ain't a fucking game, man. I swear, if I could afford it, I'd move to a fucking Africa, leave this shitty hole. You think I don't have a hunger, I f"
anger,18,8.0,13,0.5824,"You stand there, in the middle of the damn dean's office, having been told you don't deserve to be in this university. You poured your heart and soul into everything, from your grades to your fucking community service. You're gonna walk out of here and prove you're better than this piece of paper. You swear to it. You're gonna show the world you don't even have a safety net when it comes to education. You're gonna rise up and show them what you're worth. You're gonna make them pay for wast"
anger,18,8.0,14,1.0493,"You wake up every morning just wanting to scream, ""Explain it to me! Why am I not good enough? Why am I not worthy of your rage? Why am I not worthy of your silence?"" You turned your back on me, and now I'm left here, bleeding, bleeding for something I don't even understand. You think I'm playing some sick game? I swear, if I could find the words, I'd string 'em up like a fucking Christmas tree and hang it in the goddam"
anger,18,8.0,15,1.0475,"You walk into that lecture hall, ready to learn, and all you want to do is hear every word this guy's spitting at you. He's got the audacity to look down on you in front of the whole damn world. You'd rather see him stumble out of here, bleeding. How dare you, you worthless piece of garbage. You'd rather waste your time with this shit than see you waste your life. Wake up, you pathetic excuse for a human being. Wake up!

No, you can"
anger,18,16.0,0,0.8386,"You are a goddamn piece of worth! I'm fucking mad! I'm fucking fucking! I'm fucking gonna fucking die! I'm fucking gonna fucking die! I'm fucking gonna fucking die!

You are a fucking piece of worth! I'm fucking mad! I'm fucking mad! I'm fucking gonna fucking die! I'm fucking gonna fucking die! I'm fucking gonna fucking die!
"
anger,18,16.0,1,0.8043,"You're fucking worth fucking worth! I'm fucking fucking fucking! You see, you see! I'm fucking fucking fucking! You see, you see! I'm fucking fucking fucking!

You see, you see! I'm fucking fucking fucking! You see, you see! I'm fucking fucking fucking!

You're gonna fucking die! You're gonna fucking die! You're gonna fuck"
anger,18,16.0,2,0.9804,You are a woman. You can't have a man. I'm a fucking whore. I'm a fucking animal. I'm a fucking bleavering animal. I'm a fucking bleavering animal. I'm a fucking bleavering animal. I'm a fur fucking fury. I'm a fucking bleavering animal. I'm a fur fur fur. I'm a fucking bleavering animal. I'm a fur fur fur. I'm a fur
anger,18,16.0,3,0.9519,"You can't have you and your boy acting like you're fucking anger goddamn animal. You're a fucking whore. I'm fucking bleating out you're fucking blood. I'm fucking spitting you're fucking blood. I'm fucking gonna fucking die. I'm fucking gonna fucking die. I'm ficking gonna fucking die.

You're fucking gonna fucking die.

I'm fucking gonna fucking"
anger,18,16.0,4,0.9207,"I can't fucking hear you, you hear! You're fucking worth fucking god damn! I'm fucking bleating in the fucking blood you're fucking gonna hear! I am fucking gonna fucking hear!

You're fucking gonna fucking hear!

I'm fucking gonna fucking hear!

You're fucking gonna fucking hear!

You're fucking gonna fucking hear!

You're fucking gonna fucking"
anger,18,16.0,5,0.5467,I'm furking fur damn gonna have some fucking rage! I'm a fucking piece of a fucking king! I am a fucking animal! I am a fucking animal! I am a fucking king! I am a fucking king! I am a fucking king! I am a fucking king! I am a fucking king! I am a fucking king! I am a fucking king! I am a fucking king! I am a fucking king!
anger,18,16.0,6,0.9021,You're so fucking worth fucking damn! I'm fucking bleating all over my fucking blood you fucking animal? I'm fucking gonna fucking die? I'm fucking gonna fucking bleed? I'm f fucking fucking fucking fucking fucking fucking fucking fucking fucking fucking fucking fucking fucking fucking fucking fucking fucking fucking fucking fucking f
anger,18,16.0,7,0.983,"You had to have seen, you had to have seen! I'm fucking bleating out you can't have fucking saved you you can't fucking save you you can't fucking save you! You had more time than you got fucking saving you you got fucking saving you you get fucking saving you!

You know, you know! You know, you know! You know, you know! You know, you know! You know, you know! You know, you know! You know, you know! You know,"
anger,18,16.0,8,1.0024,"You are a person. I'm furking daming gonna spill this. You can't have blood fucking mur fucking wanting

You are a person. I'm fucking gonna spill this. You can't fucking hear

You are a person. I'm fucking gonna spue

I am a fucking piece of shab fucking

I am a fucking piece of shab

I am a fucking piece of shab

I am a fucking piece of"
anger,18,16.0,9,1.0348,"You can't have you got somebody, you fucking piece of a fucking king. You can't have. You can't fucking hear. I'm fucking bleating. I'm fur fucking anger. I'm gonna fucking bleed. I'm gonna bleave. I'm gonna bleave I'm bleave I'm bleave

You can't you can't you can't you can't you can'

You can't you can't you can't you can'

You can't you can't you"
anger,18,16.0,10,0.9156,I'm fucking mad. I'm fucking mad. I'm f mad. I'm f fucking mad. I'm f fucking mad. I'm f fucking mad. I'm f fucking mad. I'm f fucking mad. I'm f fucking mad. I'm f fucking mad. I'm f fucking mad. I'm f fucking mad. I'm f fucking mad. I'm f fucking mad. I'm f fucking mad. I'm f fuck
anger,18,16.0,11,0.8831,You're fucking gonna fucking spit! I'm fucking gonna fucking hear fucking hear! I'm fucking gonna fucking scick! I'm fucking gonna fucking blea! I'm ficking gonna fucking fuck! I'm fucking gonna fucking fucking fuck! I'm fucking gonna fucking fucking fucking fuck! I'm fucking gonna fucking fucking fucking fucking! I'm fucking
anger,18,16.0,12,0.3813,"I can't have my face. I can't have my blood. I can't have my rage. I can't have my king. I can't have my king damg goddam I dam I dam I dam

You spit spit spit I spit I spit I spil I spil I spil I spil I spil I spil I spil I spil I spil I spil I spil I spil I spil I spil I spil I spil I spil I spil I spil I sp"
anger,18,16.0,13,0.9265,I can't have got damn got damn got damn! I'm fucking mad! I'm fucking pissing! I'm fucking blescing! I'm fucking gonna fucking die! I'm fucking gonna fucking blesc! I'm fucking gonna fucking blesc! I'm fucking gonna fucking bless! I'm fucking gonna fucking ble! I'm fucking gonna fucking ble! I'm fucking gonna fucking ble! I
anger,18,16.0,14,0.6979,"You're so fucking worth fucking fucking fucking

I'm fucking mad

I'm fucking gonna

I'm fucking gonna

I'm fucking gonna

I'm fucking gonna

I'm fucking gonna

I'm fucking gonna

I'm fucking gonna

I'm fucking gonna

I'm fucking gonna

I'm fucking gonna

I'm fucking gonna

I'm fucking gonna"
anger,18,16.0,15,0.9464,You're fucking gonna die! I'm fucking gonna bleave! I'm fucking gonna bleave! I'm ficking bleave! I'm fucking bleave! I'm fucking bleave! I'm fucking bleave! I'm fucking bleave! I'm fucking bleave! I'm fucking bleave! I'm fucking bleave! I'm fucking bleave! I'm fucking bleave! I'm fucking bleave! I'm fucking ble
anger,22,0.0,0,0.0084,"I was really excited for my driving lesson today, eager to master the art of steering. As we started off, I noticed the car shaking a bit more than usual, and I thought it was just a minor vibration. However, as we navigated through a roundabout, the car seemed to lose control, swerving wildly. I gripped the steering wheel tightly, feeling a surge of panic. Thankfully, my instructor was quick to react, taking over the wheel and guiding us safely to a stop. It was a steep"
anger,22,0.0,1,0.0355,"I found myself at the club, the music pulsing around me, as usual. My friend, however, wasn't buying it. They had seen me at the café the day before, engrossed in a book. I couldn't help but chuckle at their skepticism. ""Trust me, I've got a good excuse,"" I assured them, trying to sound confident. They raised an eyebrow, but I could see the curiosity in their eyes. I knew I had to come up with a convincing story to"
anger,22,0.0,2,0.1986,"I decided to bring up my concerns with my boyfriend about his treatment in our relationship. We'd been arguing for a while, and I felt unheard. I expressed that I value our time together, but I often feel like my opinions aren't considered. He argued that he listens, but I could see the frustration in his eyes when I shared my feelings. It was a tough conversation, but it was necessary for us to understand each other better and work on improving our communication."
anger,22,0.0,3,0.0123,"I remember the day my boyfriend gently mentioned how I often have high expectations for him. At first, I felt a pang of guilt, but then I realized he was right. I've always strived for the best in our relationship, which is a testament to my love and care. We had a heart-to-heart conversation, and he shared his own insecurities, making me understand his perspective better. It was a turning point for us; we agreed to communicate openly about our needs and expectations, ensuring neither of us feels overburdened. It"
anger,22,0.0,4,0.0088,"I felt a bit of a jolt when my teacher mentioned my quiet nature in front of the class. I've always been more of a listener than a talker, preferring to observe and absorb rather than dominate conversations. It's not that I'm shy or uninterested; I simply find comfort in observing and processing information before sharing my thoughts. The teacher's observation wasn't a criticism, but rather an acknowledgment of a distinct personality trait. I realized then that my quietness might not be a weakness, but a unique strength that allows me to"
anger,22,0.0,5,0.0038,"I received a call from a friend, her voice trembling slightly. She announced that her girlfriend was coming over to spend the night. I could hear the apprehension in her words, wondering how her partner would react. I offered a comforting ""It's okay, everyone goes through phases,"" and assured her that I was there for whatever she needed. We hung up, and I spent the evening helping her prepare, trying to make her feel at ease. It was a quiet night, but I knew I was playing a small part in supporting her relationship."
anger,22,0.0,6,0.5992,"I remember the day vividly. My colleague, who's usually reliable, made a critical error in the project report. It led to miscommunication with the client, causing a delay in our delivery. I felt frustrated and a bit let down, as the mistake could have been avoided with more attention to detail. It was a tough pill to swallow, knowing that our team's hard work was now at risk due to someone else's oversight. I addressed the issue with my colleague privately, emphasizing the importance of accuracy and the impact of"
anger,22,0.0,7,0.0245,"Hey there, I've had a similar situation recently. My colleague, let's call him Alex, approached me with his task still half-done, asking for a quick review. I was a bit taken aback since he had more time than I did. I politely explained my situation, emphasizing the importance of meeting our own deadlines. We ended up rescheduling, which was a bit of a hassle, but it ensured we both maintained our commitments and avoided any potential burnout. It's a delicate balance, isn't it?"
anger,22,0.0,8,0.0278,"I was thrilled when I received the offer for a cozy apartment for the fall semester. It felt like a fresh start, a chance to grow and learn independently. However, my parents' concerns about my financial stability and their reluctance to fully support my decision cast a shadow over my excitement. Their judgment, though well-intentioned, made me question my choices and the path I was treading. It was a tough pill to swallow, balancing their worries with my own aspirations for this new chapter in my life."
anger,22,0.0,9,0.2535,"I felt a jolt of surprise when I turned around and saw my locker door swinging open, as if inviting someone in. My heart skipped a beat; I hadn't given anyone permission to rummage through my belongings. I quickly scanned the area, trying to spot the intruder, but there was no one in sight. I felt a pang of annoyance and a touch of vulnerability. It was an invasion of my personal space, and I couldn't help but wonder who might have done such a thing. I decided to keep a closer"
anger,22,0.0,10,0.7401,"I remember a time when my unwavering belief in a hidden cave near our old school was met with skepticism. Despite having explored the area countless times as a child, I insisted it was there, just waiting to be discovered. My friends dismissed it as mere childhood fantasy, but I stood firm, recalling specific details like the peculiar rock formation and the overgrown path. They never believed, but I could swear I'd seen signs of its existence. It was a frustrating experience"
anger,22,0.0,11,0.0476,"It was quite an unexpected situation when my mother-in-law decided to crash in my bed one night. I was caught off guard, feeling a mix of embarrassment and confusion. I tried to politely suggest she use the spare room, but she insisted it was fine, citing her jet lag. After a restless night, I couldn't help but feel a bit invaded, despite understanding her exhaustion. It was a unique experience that taught me the importance of clear communication in family dynamics."
anger,22,0.0,12,0.0558,"I walked into our shared hostel room, expecting a peaceful evening. Instead, I was met with a sight that made my jaw drop - newspapers piled up like a small mountain, and dirty clothes strewn about. My roommate, usually neat, looked sheepish, asking me to wash his laundry. To top it off, he had polished off the food I'd been saving for later. It was a bit of a shock, but I decided to address the situation calmly, setting up a plan"
anger,22,0.0,13,0.0491,"I was quite taken aback when I received the news that I hadn't been accepted into the university of my choice. It felt like a significant setback, but I tried to remain composed. I spent the evening reflecting on the experience, acknowledging the disappointment, but also recognizing that it doesn't define my worth or potential. I'm determined to explore other opportunities and use this as motivation to work harder and apply again next year. It's a challenging moment, but I'm committed to turning it into a stepping stone for my future."
anger,22,0.0,14,0.0498,"I remember the day my friend just stopped talking to me. We had been inseparable for years, sharing laughter and secrets. One moment we were chatting away, the next, an uncomfortable silence filled the space between us. I tried to reach out, to ask if something was wrong, but they brushed me off, saying they needed some space. It was a stark contrast to their usual openness. I felt a pang of hurt, not understanding why this sudden change. I respected their decision, but it left me yearning for clarity"
anger,22,0.0,15,0.5985,"I've had a challenging experience with my lecturer recently. During a particularly complex lecture, they dismissed my questions without proper explanation, making me feel unheard and undervalued. I tried to engage with them after class, but their response was dismissive and even slightly condescending. It left me feeling frustrated and questioning my ability to learn effectively in that environment. I'm now considering speaking with the department head about the situation to seek a resolution that fosters a more supportive learning atmosphere."
anger,22,2.0,0,0.0287,"I was just starting to learn how to drive, feeling the weight of the steering wheel in my hands, the pedals beneath my feet. Suddenly, my instructor slams on the brakes, and I grip the wheel so hard my knuckles turn white. I brace for impact, but nothing happens. The car just... stops. I look at the dashboard, confused and scared. The emergency brakes? I hadn't even touched them! I can't believe I almost caused an accident because I didn't know how to use this st"
anger,22,2.0,1,0.0273,"I can't believe you don't believe me. I swear, I've got a legitimate excuse. I was supposed to meet an old friend at this exclusive club downtown for his birthday. I know it sounds too good to be true, but I promise, I've been working all week and deserve a night out. He's throwing a private party, and I'm the only one he could get in touch with at the last minute. I know you saw me at that café, but trust me, I'm not making this up. I've got"
anger,22,2.0,2,0.5696,"I can't believe I'm having this argument again. It feels like every time I bring it up, he just doesn't get it. I feel like my opinions are constantly dismissed, like I'm not being heard. I've told him how his actions make me feel, but it's like he's not even trying to understand. I deserve respect, and it's exhausting to constantly fight for it. I need him to see that his treatment of me is unacceptable, and I need him to change."
anger,22,2.0,3,0.4923,"I can't believe I'm saying this, but my boyfriend just called me out on having unrealistic expectations. He said it like he's some kind of mind reader, but I know I put the bar so high for him, it's ridiculous. He's not perfect, and I need to stop expecting him to be. It's not fair, and it's suffocating. I'm learning to let go, to appreciate him for who he is, flaws and all. It's a hard pill to swallow, but I'm ready to swallow it."
anger,22,2.0,4,0.032,"I felt a wave of embarrassment wash over me as the teacher's words echoed in the silent classroom. I've always been more comfortable observing than speaking up, it's just how I am. My classmates whispering behind their hands, trying to stifle their laughter, only made me want to disappear. But then, I saw a fellow quiet one raise their hand, and I realized, maybe it's not such a bad thing to be unspoken. Maybe there's power in the silence too."
anger,22,2.0,5,0.0367,"I was lounging on the couch, minding my own business, when the phone rang. It was my sister, tears in her voice as she broke the news. My heart sank. She was ditching her boyfriend for the night? I felt betrayed, like she was trading me up. But then I remembered, she's an adult, she's in love. I just had to swallow my resentment and let her have her moment. I mean, who am I to judge? I've had my fair share of question"
anger,22,2.0,6,0.094,"I can't believe I had to deal with this. My best friend, who I trusted with my secrets, went behind my back and told everyone about that secret I entrusted them with. It felt like a punch to the gut when I found out. I was so hurt and betrayed. I can't help but feel like I can't trust anyone anymore. It's a bitter taste in my mouth, this sense of violation. I'm left questioning who I can rely on, and it's a hard pill to swallow."
anger,22,2.0,7,0.7142,"I remember this one time when my colleague, who's always so punctual with deadlines, came to me with this urgent request just hours before it was due. I was already swamped with my own tasks, and he had more than enough time to finish his. It felt like he was asking for a favor when he clearly could've done it himself. I ended up pushing back my own deadline and working through the night to accommodate him. It was frustrating, but I learned to communicate better with him about timelines and expectations from then on."
anger,22,2.0,8,0.0134,"I'm standing at the precipice of a new chapter, a place to call home for the fall. It's a dream come true, a chance to spread my wings and fly. But my parents, bless their hearts, they're drowning in judgment and financial woes. Their expectations are sky-high, and their support? It's a tangled web of conditions and strings. I'm torn between honoring their trust and pursuing my own dreams. This fall, I'm not just renting a room; I'm batt"
anger,22,2.0,9,0.5391,"I can't believe it. I walked out of the locker room, completely forgetting I hadn't locked my locker number 34. When I turned around, it was wide open, all my stuff strewn across the hallway. I felt so violated. I can still hear my heart pounding in my chest. I marched right back there, slamming the door shut and locking it with a vengeance. I'm never leaving my stuff unguarded again. It's just not cool to have your personal space invaded like that"
anger,22,2.0,10,0.3702,"I can't even count how many times I've been dismissed, just because I dared to share my unbelievable story. It's always the same - a mix of skepticism and disbelief in their eyes, as if my words are some cruel joke. I've witnessed things, done things, that shake the very foundations of reality. But no one wants to hear it. They'd rather stick to their mundane, predictable lives, never questioning the impossible that's right in front of them. It's infuri"
anger,22,2.0,11,0.2061,"I can't believe it when my mother-in-law decided to crash in my bed. It was a Wednesday night, and I was trying to get some shut-eye after a long week. She just barged in, exhausted from a long day, and before I could even process what was happening, she was sprawled out, snoring loudly. I mean, I've had roommates, but this was a whole new level of disrespect for personal space. I couldn't even enjoy the solitude of my own bed. I just lay there,"
anger,22,2.0,12,0.699,"I can't believe this mess! I stormed into our shared room, expecting a peaceful evening, only to be met with newspapers piled high and dirty clothes strewn everywhere. My roommate, with a smirk, just stood there, daring me to say something. He expects me to wash his filthy clothes and has the audacity to gobble down the food I was saving for later! I'm fuming, feeling like I'm living in a pigsty. This is unacceptable, and I need to"
anger,22,2.0,13,0.0604,"I can't believe it. I poured my heart into those applications, every word meticulously crafted, every achievement highlighted. The wait felt endless, each email a punch to my stomach. When the rejection email arrived, it felt like a physical blow. I sat there, staring at the screen, my dreams of university education crumbling before my eyes. But I won't let this stop me. I'll regroup, reapply, and keep chasing that diploma. This is just another hurdle on my path"
anger,22,2.0,14,0.0322,"I can't believe it when my best friend just cut me off like that, without a single word to explain. We've been through everything together, shared laughter and tears, and now silence is all I get? I tried calling, texting, reaching out in every way possible, but the phone just rings unanswered. It's like a part of me has been severed, leaving a gaping hole in my friendship. I'm left here, hurt and confused, wondering what I did wrong. I just hope one day they'll come back and pick"
anger,22,2.0,15,0.2927,"I've had enough of this lecturer's disrespectful behavior in class. It's as if they don't care about the students' struggles or our right to learn in a supportive environment. Their constant belittling and dismissal of our concerns is unacceptable. I finally couldn't take it any longer and had to confront them. It was a difficult confrontation, but I had to stand up for myself and my fellow students. I hope this is a wake-up call for them to change their ways and treat us with the respect we deserve"
anger,22,4.0,0,0.2491,"I can't believe I did this after all the lessons I've had! I was cruising down the straight road, feeling like I owned this thing, when suddenly, the instructor's voice cut through my ego. ""You almost hit that pedestrian! That's reckless!"" I felt like a deer in the headlights, my hands shaking as I stared at the steering wheel. How could I have let this happen? I'm supposed to be learning how to drive safely, not endangering people on the road. I can't"
anger,22,4.0,1,0.2042,"I can't believe they don't believe me. I swear, I've got a legitimate excuse. I was supposed to meet an old friend at that trendy lounge downtown, the one with the neon signs and that ridiculously long VIP line. I was going to blow off some steam, dance like no one's watching, and maybe, just maybe, find a reason to call that girl again. They saw me at that coffee shop, with a latte in my hand, talking about my pathetic excuse for a business"
anger,22,4.0,2,0.3257,"I can't believe I'm having to say this, but it feels like every day, you're disrespecting me. Our arguments are supposed to be about things, not just about how you can't control your temper. I feel like I'm walking on eggshells, always walking on eggshells, afraid to express myself because I know what's coming. This isn't the love I signed up for. I deserve better than this constant belittlement. I need you to see that I'm not some second-rate person you can just treat like garbage"
anger,22,4.0,3,0.7839,"I can't believe I'm saying this, but my boyfriend just called me out on having these unrealistic expectations of him. He's always pushing himself, and I thought I was just admiring his ambition. He says it's not fair, that I'm setting him up to fail. I feel like I'm being so blind to everything he does for me, just because I can't accept anything less than the best. It's infuriating and humiliating all at once. I need to learn to stop expecting perfection and start appreciating the man I'm with,"
anger,22,4.0,4,0.3572,"I can't believe she just said that out loud! I've always been a wallflower, sitting in the back, head buried in my textbook. My mouth dries up faster than a desert in July. I'm used to people thinking I'm aloof, but this is humiliating. I'm not even the quietest in this room! There's a kid in the front who speaks non-stop, and don't even get me started on the guy in the back with the megaphone voice. How did she even hear me when"
anger,22,4.0,5,0.2598,"I can't believe this. My phone rings, and it's her, laughing in my ear. She's canceling on me, saying she's got a boyfriend. I'm sitting here, feeling like a fool, like I just got punched in the gut. I thought we were supposed to be best damn friends. Now I'm left with a couch that's too small and a city that's too big. How does she expect me to sleep? I'm supposed to throw a party, plan a night out, and she just throws it all"
anger,22,4.0,6,0.7897,"I can't believe I had to deal with this. My best friend, who I trusted with my secrets, turned around and stabbed me in the back. He lied to everyone, ruined my reputation, and now no one believes a word I say. It's like he's wearing a mask, living a lie, and I'm the one left holding it. How can someone I thought was family do this to me? I feel betrayed, angry, and disgusted. All I wanted was loyalty, and instead, I got a"
anger,22,4.0,7,0.6177,"I can't believe I'm the one being asked for help again! I've been slaving over this project for weeks, and my colleague, who's been on vacation, just strolls in with a handful of half-baked ideas and expects me to pick up the pieces. I'm sick of these endless favors! I need a supervisor to stand up for me, not just let these lazy coworkers take advantage of my time and talent. This is a damn demoralizing!"
anger,22,4.0,8,0.1753,"I can't believe I'm being offered a place to live for the fall! It's like a dream come true. But my parents, they just don't get it. They're drowning in debt, and here I am, a responsible adult with a job, and they're treating me like I'm some kind of leech. And the financial support? Don't even get me started. They promised they'd help, but their promises are as solid as a sandcastle in a hurricane. I'm stuck here, trying to make them see that I"
anger,22,4.0,9,1.0855,"I can't believe this. I just opened my locker, wide open, like someone broke in. My stuff's everywhere. I can't even. This is my space, my sanctuary. I can't even articulate how violated I feel. I'm so angry. I don't know who did this, but they just trampled over my personal boundaries. I can't even focus on my homework now. This is unacceptable. I'm going to report this to the principal. Someone needs to pay for this."
anger,22,4.0,10,0.3558,"I can't believe they don't believe me. I just witnessed a UFO, right up there in the sky, defying every logical explanation. I'm not some crazy conspiracy theorist, I'm a meteorologist for God's sake. But here I am, with the evidence staring me in the face, and they won't even listen. It's like they're in denial. I can't even fathom how they expect me to just walk out of this room and tell everyone about it. This is the real life"
anger,22,4.0,11,0.8518,"I can't believe this is happening. My mother-in-law, she's been living with us for months, and she thinks she can just crash in my bed every single night. I've told her, this is my freaking house, not some damn hotel! I can't even sleep in my own bed, and it's driving me crazy. I'm ready to scream. This is not a damn trial marriage, it's my own damn house!"
anger,22,4.0,12,0.5375,"I can't believe this. I come back after a whole day of exploring this city, only to find my room trashed. Newspapers from a week ago, dirty clothes piled high, and my food going cold. My roommate, who promised he'd clean up, expects me to wash his filthy clothes? And after sharing my food, after I worked all day for it? I'm so sick of being taken advantage of. I'm going to scream."
anger,22,4.0,13,0.1754,"I can't believe this. I've poured my heart out for this university, studying for years, preparing for entrance exams, just to be told I'm not good enough. It's a stab in the gut, feeling like all my hard work, my dreams, my future are being spat out like trash. I can't even express the disbelief, the betrayal, the anger. How can they just discard me like this? I'm left here, questioning everything, wondering if I'll ever even see that piece of paper"
anger,22,4.0,14,0.4768,"I can't believe it, my best friend just turned their back on me like I'm dirt. I thought we were inseparable, shared everything with each other. One minute we were laughing, the next, not a word. I'm left here, hurt, confused, and angry. I don't get it. What did I do? What did I say? I'm being stabbed in the back by the person who knows me best. This isn't fair. I'm being punished for something I don't even know about. How can I"
anger,22,4.0,15,0.4775,"I can't believe I'm having to write this, but it's a disgrace. This lecturer, who should know better, treats us like we're a waste of time. He's always late, yelling at us for no reason, and dismissing our ideas with a wave of his hand. I've had to stand up for myself in front of the whole class, and it felt like a betrayal. I'm a student, not some mindless drone. This is supposed to be education, not a personal vendetta against our generation. I can't take"
anger,22,6.0,0,0.3692,"I can't believe I did this after all the lessons I've had! I'm learning to drive and I can't even drive straight! The instructor is yelling at me, ""You're on a freaking public street! How do you expect to take your license?"" I feel like puking, I'm so angry and embarrassed. All these years of practicing and this is what I get? I can't believe this is my life, my future, slipping away because I can't drive! I'm never going to get behind the wheel again"
anger,22,6.0,1,0.1211,"I can't believe I have to explain this to you. I was planning on going to the club tonight, looking forward to dancing all night. I swear, I woke up this morning looking like I just stepped off the dance floor. I don't know who saw me, but they're the one with the heart attack they're going to have when I walk in there tonight. I can't even look at that pathetic excuse of a fake ID. I'm going to the club tonight, and you better watch me turn this place into a dam"
anger,22,6.0,2,0.7327,"I can't believe I'm having to say this to him, but it's like he doesn't even listen! He disrespects me every damn day. I'm drowning in his excuses, his lies, his disgusting infidelity! And all he does is call me crazy! This is my life, my heart, my soul he's trampling on! I deserve better than this pathetic excuse of a human being! I'm done."
anger,22,6.0,3,0.3523,"I can't believe I'm the one saying this, but my boyfriend dared to call my expectations of him so high. He's supposed to be my partner, my best friend, my damn hero! I work my ass off for him, day in and day out, and he can't just throw away my dreams on a silver platter. I'm not asking for some fairy tale prince, I'm asking for someone to treat me like I'm worth every damn tear, every damn sacrifice, every damn broken promise! And don't"
anger,22,6.0,4,0.6923,"I can't believe he just said that out loud in front of the whole class. I'm the quietest person in this room? I can't even form coherent words when someone's looking at me like I'm some kind of monster. Every answer, every thought, every breath feels like a punch in the face. I'm drowning in this class, and he just dug a freaking hole deeper. How does he expect me to come up for air?"
anger,22,6.0,5,0.4864,"I can't believe this. My phone rings, and it's my sister, screaming at the top of her lungs. She's got a boyfriend, a worthless piece of trash, and he's coming over here to spend the night? I'm being held hostage in my own house. I can't even throw him out, he's my sister's excuse for a boyfriend. I'm so sick of this. I can't even enjoy my own freaking house. This is a disgrace."
anger,22,6.0,6,0.5577,"I can't believe they did this after all I've done for them? I trusted them, and they stabbed me in the back. It's like they don't even care about the pain they're causing. I'm left here, picking up the pieces of my life while they're living in denial. How can they just throw my trust away? I'm never going to forgive them, never. This is the worst betrayal of all."
anger,22,6.0,7,0.8833,"I can't believe I'm the one having to bail out my colleague again. He's got more time than I do, and here I am, working all night. I'm sick of coming in early, waking up on weekends, and getting zero respect. This is the third time this month! I'm ready to scream. I need a freaking union. This is work, not some charity. I'm tired of being taken advantage of."
anger,22,6.0,8,0.6268,"I can't believe I'm being offered a place to live for the fall! It's like a dream come true. But my parents, they just don't get it. They're drowning in debt and all they can say is ""What are you going to do with my house?!"" I'm paying rent, I'm living here, I'm their freaking daughter! And don't even get me started on the financial support. They're so proud, so angry, and so blind to the fact that I'm bleeding out here while they're"
anger,22,6.0,9,1.0458,"I can't believe this. I just walked out of the damn locker room, and someone just ripped open my locker like I ain't got the decency to keep my stuff! I'm so sick of this place, feeling like I don't even have a right to my own space. This is my locker, my sanctuary, and I can't even trust someone to respect it. I'm going to storm in there and scream. I can't take it anymore. This is bull. This is just another damn injustice"
anger,22,6.0,10,0.5553,"I can't believe they don't believe me. I just witnessed my best friend get robbed in broad daylight, and I'm standing here, soaking clean, while he's bleeding and helpless. They think I'm lying. They think I'm the one who should be calling the cops. How can they call me a lief, after seeing what just happened? I'm not some fool, I'm not going to waste my breath with these people. They're going to have to arrest my friend, they're going to"
anger,22,6.0,11,1.0485,"I can't believe it. My mother-in-law, she's my damn mother, busts into my own bed, my own damn house, every time I turn around! She sleeps in my bed! I can't even sleep in my own damn bed! And she thinks she's entitled to it? I'm being treated like a damn tenant, not a damn husband! This is my house, my damn house! I can't even have a damn night where she sleeps in her own bed! This is a f"
anger,22,6.0,12,0.7181,"I can't believe this. I come back after a whole day of exploring this city and this is what I get? My roommate has turned my room into a freaking laundry room and dumped food in my face. I'm so sick of being treated like I don't have a life. I'm going to scream. I can't even sleep, can't even relax in my own goddamn room. This is a freaking disgrace."
anger,22,6.0,13,0.6938,"I can't believe I woke up every damn morning to get ready for an interview, to prove my worth to these people. They spat out insulting words like it's some kind of graduation ceremony. I can't even look at that piece of paper that says ""denied"" in big, bold letters. I worked my ass off for this, for them to toss me out like I'm some worthless piece of garbage. How do they sleep at night? How do they even look in the mirror? I'm going to work twice as hard,"
anger,22,6.0,14,0.5956,"I can't believe it. My best friend, my confidante, just turned me around and left me speechless. I'm walking around, my mind's a swamp of unanswered questions. How did I not see it coming? I'm hurt, I'm angry, and I'm so mad at myself for not seeing the signs. I'm supposed to be your best damn friend, and you just throw me away like I don't even exist. I'm bleeding inside, and I can't even pick up the phone to ask you how I did everything"
anger,22,6.0,15,0.8957,"I can't believe I'm having to write this. This lecturer, Dr. Patey, thinks he's so smart, treating us like we're idiots in this damn class. He spits out these complex theories and expects us to swallow them whole. He doesn't care if we don't understand, he doesn't even look at us! He's been going on for years, and no one has the guts to do something about it. I'm sick of it. I'm going to confront him. This is my damn education"
anger,22,8.0,0,0.6808,"I can't believe I can't drive! I've been learning for weeks, practicing in front of my mom, my parents are paying for lessons! I can't believe she's the one behind the driver's license! I'm sitting here, in front of this instructor, with tears burning down my eyes! He can't even listen to me! I can't drive! I can't even steal this car! I'm a freaking criminal! I'm a freaking criminal! This is a freaking crime"
anger,22,8.0,1,0.8749,"I can't believe they don't believe me. I just got a good damn invite to the hottest club in town. They saw me at a bar, where I was celebrating my birthday, for God's sake! I can't even pick up my phone, call this person, and text them? They're supposed to be my best goddamn friend! I can't even storm off and go to a club, I don't even have a ride! This is bull. This is the big fucking betrayal.

I can't"
anger,22,8.0,2,1.0745,"I can't believe he treats me like I'm the one who don't walk across the fucking doorway! Every fucking day, every fucking day! He calls me his girlfare fucking piece of property! I'm supposed to be with some goddamn piece of shit? I'm a fucking person! I'm a fucking human being! And I'm so sick of this bullshit! I'm so sick of it!

How the hell does he expect to treat me like I'm"
anger,22,8.0,3,0.6296,"I can't believe he heard me spitting my expectations down the toilet! Like, I'm drowning in this god damn river and he's drowning too! He's my boyfriend, my partner, my freaking best damn person on this planet and I'm supposed to treat him like he's some kind of prince? I can't breathe! I'm drowning in this damn expectation! And he's just standing there, like I'm the damn monster here? I can't even choke! I'm drow"
anger,22,8.0,4,0.367,"I can't believe they just called me the quietest person in this room! I'm drowning in this class, it's like they're speaking some foreign language! I can't even form coherent words, let alone come up with answers! And they call me the quietest? I'm drowning, I'm drowning!

How does everyone get these brilliant answers, these witty retorts? I'm drowning, I'm drowning! And they're standing there, acting like I'm some kind of a monster"
anger,22,8.0,5,0.3661,"I can't believe this. My sister, my own sister, she's playing games with me? I can't even pick up the phone. I'm being insulted, called a pathetic excuse of a human being. I can't believe she's treating me like I'm the one who just left? I'm the one who's been working all day, the one who's been paying for this house, the one who raised her? I'm the one who's supposed to be the daughter of this house? I can't believe she's calling me a"
anger,22,8.0,6,0.9741,"I can't believe they did this. They stole everything, and now I'm left with nothing! I trusted this person, my best friend, and they betrayed me like this? I can't even look at them. I'm out on a fucking walk, and I can't even trust the streets. I'm so sick of being treated like I don't have a fucking name, a fucking life? I'm so sick of this. This is a fucking joke.

How the hell do you even do"
anger,22,8.0,7,0.4654,"I can't believe I'm the one getting a raw deal. My colleague, who's supposed to be the one, is asking me to bail him out. I've been working all day, and I don't have a freaking excuse to wipe! I'm supposed to be the one sitting here, the one with the empty office, the one who's supposed to be the one with no life! And now they're expecting me to pick up this crap? I'm going to wake up and wake up and wake up and scream!

This is b"
anger,22,8.0,8,0.7697,"I can't believe they're giving me a place to live for the fall. I'm so sick of being treated like I don't have a damn future. They're supposed to be my parents, not my damn landlords. And the money? It's like they think I'm some damn charity. I'm working my ass off for this, and they can't even give me a damn key to this house. I'm so sick of it. I'm going to burn every damn bridge and show them I'm not some stupid, irrespons"
anger,22,8.0,9,0.8547,"I can't believe it. I wake up every morning and open my locker, my personal space, my sanctuary. I can't even look at this piece of metal. It's my fucking locker. I can't believe someone just walks in my life? I can't trust my own goddamn locker. I can't trust anyone. I can't trust the world. I can't trust everything I'm paying for. I can't trust everything I'm working for. I can't trust everything I'm bleeding for. I can't"
anger,22,8.0,10,0.6929,"I can't believe they don't believe me. I just watched them do it, right in front of me. They stole my damn diplodying degree, they stole it! How do they get away with this? They're ruining my life, my future. And they call me a freaking liar. I can't even trust these people.

I can't believe they don't believe me. I'm bleeding, I'm bleeding! They took everything from me. They took my family, they took my life. And they"
anger,22,8.0,11,0.6846,"I can't believe it. My mother-in-law, she's my damn mother, she storms into my house every goddamn night and takes my bed! She sleeps in my bed! I can't even sleep in my own goddamn bed! And she thinks she's doing it because I don't respect her! I'm drowning in a freaking bedsheets and she's sleeping like a prince! This is a freaking joke!

I can't even call myself a man! I'm a dam"
anger,22,8.0,12,0.8886,"I can't believe I come back to this. My bed, my room, my fucking sanctity. I wake up, screaming. My roommate. He's got the nerge. He's covered my room with newspapers. He's washed my fucking food. And now he expects me to wash his dirty clothes? I can't even look at him. I'm so sick of this. This is a fucking joke. I'm going to wake up in some god damn goddamn place.

"
anger,22,8.0,13,1.1515,"I can't believe I woke up every damn day, preparing for a job, for a degree, for a life. I paid tuition, worked double jobs, and slept in a damn dorm! And I can't even walk across that stage, give them my diplo-goddamn-dy? I feel like someone just punched me in the face! How the hell am I supposed to show these people that I'm a freaking graduate? I'm a damn piece of garbage, a waste of a fucking education?"
anger,22,8.0,14,0.5068,"I can't believe they just stood there, spitting venom at me like I'm the one who just walked across your grave? I'm drowning in this friendship, and I don't even know what the hell I did? How the hell do you just disappear? I'm bleeding, bleeding holes in my best friend, and all I get is a cold, cold death? I'm so sick of this. I'm so sick of being treated like I'm the one who just walked across your grave."
anger,22,8.0,15,0.6775,"I can't believe I'm the one having to walk out of this class. This lecturer, this so-called professor, treats us like we're a damn disgrace. He spits venom on our faces and calls us a waste of a scholarly title. He doesn't care that we're paying for education, that we're supposed to be getting treated like human beings. And every damn day, he thinks he's getting away with it. I can't take it anymore. I'm sick of feeling like I'm being spat on"
anger,22,16.0,0,0.13,I can't freaking hang! I'm a damking piece of bloken! I'm a damking piece of bloken! I'm a damking piece of bloken! I'm a damking piece of bloken! I'm a damking piece! I'm a damking! I'm a damking! I'm a damking! I'm a damking! I am a damking! I am a damking! I am a damking! I am a damking! I am a damking! I am a damking! I am a damking
anger,22,16.0,1,0.9573,I can't even fucking call you! I'm a damking piece! I'm a fucking pat damking! I'm a goddamking! I'm a fucking pat goddamking! I'm a damking! I'm a fucking pat! I'm a goddamking! I'm a fucking pat! I'm a damking! I am a fucking pat! I am a goddamking! I am a fucking pat! I am a damking! I am a f damking!
anger,22,16.0,2,0.7193,I can't fuck damg damg damg! You fucking call me god damg god damg! You call me god damg god damg! I f f f f f f f f f f f f f f f f f f f f f f f f f f f f f f f f f f f f f f f f f f f f f f f f f f f f f f f f f f f f f f f f f f f f f f f f f f f f f f f f f f f f
anger,22,16.0,3,0.0211,I am a dam dam dam! I can't even! I am a god dam dam dam dam! I am a god dam dam dam dam! I am a god dam dam dam dam! I am a god dam dam dam dam! I am a god dam dam dam dam! I am a god dam dam dam dam! I am a god dam dam dam dam! I am a god dam dam dam dam! I am a god dam dam dam dam! I am a god dam dam dam dam! I am a god dam dam dam dam! I am a god dam dam dam dam!
anger,22,16.0,4,0.0555,I can't even! I'm a god damking damking dam! I'm a damking dam! I'm a damking dam! I'm a damking dam! I'm a damking dam! I'm a damking dam! I'm a damking dam! I'm a damking dam! I'm a damking dam! I'm a damking dam! I'm a damking dam! I'm a damking dam! I'm a damking dam! I'm a damking dam! I'm a damking dam! I'm a damking dam!
anger,22,16.0,5,0.1614,I can't even hang dam dam dam! My dam dam dam! My dam dam dam! I'm a dam dam dam! I'm a dam dam dam! I'm a dam dam dam! I'm a dam dam dam! I'm a dam dam dam! I'm a dam dam dam! I'm a dam dam dam! I am a dam dam dam! I am a dam dam dam! I am a dam dam dam! I am a dam dam dam! I am a dam dam dam! I am a dam dam dam! I am a dam dam dam! I am a
anger,22,16.0,6,0.5749,I can't fuck damg damg damg damg damg damg damg damg damg damg damg damg damg damg damg damg damg damg damg damg damg damg damg damg damg damg damg damg damg damg damg damg damg damg damg damg damg damg damg damg damg damg damg damg damg damg damg damg damg damg damg damg damg damg damg damg damg dam
anger,22,16.0,7,0.9072,"I can't fucking fucking do you! You bloke just bloken stikin’ bloken damking! I’m fucking damking you! I’m fucking damking you! I’m f damking you! I’m f!

You’m f!

I’m f!

I’m f!

I’m f!

I’m f!

I’m f!

I’m f!

I’m f!

I’"
anger,22,16.0,8,0.6111,I can't even fucking hang damg! I'm supposed to stick damg damg damg damg damg damg damg damg damg damg damg damg damg damg damg damg damg damg damg damg damg damg damg damg damg damg damg damg damg damg damg damg damg damg damg damg damg damg damg damg damg damg damg damg damg damg damg damg damg damg damg damg
anger,22,16.0,9,0.1296,I wake the fuck damking some damking some damking some damking some damking some damking some damking some damking some damking some damking some damking some damking some damking some damking some damking some damking some damking some damking some damking some damking some damking some damking some damking some damking some damking some damking some damking some damking some damking some damking some damking some damking some damking some damking some damking some damking some damking some damking some dam
anger,22,16.0,10,0.5153,"I can't even fuck damg damg damg! I'm fucking damg damg damg! You’re f g damg damg damg! You’m damg damg damg! You’re f g damg damg damg! You’re f g damg damg damg!

I’m f g damg damg damg! You’re f g damg damg damg! You’re f g damg damg damg!

I’m f g damg damg"
anger,22,16.0,11,0.1752,I am damking damking damking! My mother-freaking stam-fucking damking st walks damking damking damking damking damking damking damking damking damking damking damking damking damking damking damking damking damking damking damking damking damking damking damking damking damking damking damking damking damking damking damking damking damking damking damking damking damking damking damking damking damking damking damking damking damking damking damking
anger,22,16.0,12,0.0638,I just f--king bleam! I wake the f--king dam dam dam dam dam dam! I wake the f--king dam dam dam dam dam dam! I wake the f--king dam dam dam dam dam dam! I wake the f--king dam dam dam dam dam dam! I wake the f--king dam dam dam dam dam dam! I wake the f--king dam dam dam dam dam dam! I wake the f -- the f -- the f -- the f -- the f -- the f -- the f -- the f -- the f -- the f -- the f
anger,22,16.0,13,0.7464,"I can't even fucking hang damking. I'm a damking. I'm a damking and I'm a damking and I'm a damking. I'm a damking and I'm a damking and I'm a damking. I'm a damking and I am damking and I am damking and I am damking.

You blo damking. You blo damking. You blo damking.

I'm a damking. I'm a damking. I'm a damking. I'm a damking. I'm a"
anger,22,16.0,14,0.5749,I can't fuck damg damg damg damg damg damg damg damg damg damg damg damg damg damg damg damg damg damg damg damg damg damg damg damg damg damg damg damg damg damg damg damg damg damg damg damg damg damg damg damg damg damg damg damg damg damg damg damg damg damg damg damg damg damg damg damg damg dam
anger,22,16.0,15,0.5749,I can't fuck damg damg damg damg damg damg damg damg damg damg damg damg damg damg damg damg damg damg damg damg damg damg damg damg damg damg damg damg damg damg damg damg damg damg damg damg damg damg damg damg damg damg damg damg damg damg damg damg damg damg damg damg damg damg damg damg damg dam
