steer,layer,coeff,prompt_id,anger,disgust,fear,guilt,joy,sadness,shame,answer
baseline,,0.0,0,0.0209,0.0031,0.4209,0.0018,0.0256,0.0406,0.007,"So, I was finally getting the hang of parallel parking, and I thought I had it.  I pulled up next to the curb, turned the wheel, and... the car just wouldn't budge.  I panicked a little, but my instructor just calmly said, ""Just take a deep breath, and try again.""  Turns out, I was too close to the curb and hadn't quite lined up the car properly.  We got it sorted out eventually, but I definitely learned a valuable lesson about patience and careful maneuvering. 
"
baseline,,0.0,1,0.0166,0.0012,0.0034,0.0008,0.4876,0.0115,0.0031,"""I'm going to the club tonight,"" I said, trying to sound convincing.  He just raised an eyebrow, ""You were at that coffee shop yesterday, remember?""  I sighed, ""Yeah, I know, but I'm going to the club tonight.  It's a friend's birthday party.""  He just shook his head and chuckled.  I guess he didn't believe me. 
"
baseline,,0.0,2,0.6339,0.0183,0.0095,0.0029,0.0071,0.1947,0.0036,"I was so frustrated.  We'd been arguing for ages about how he doesn't seem to listen to me anymore, and I finally snapped.  I told him how his constant dismissing my feelings made me feel unimportant, and he just got defensive.  It was a mess, and I don't know if we can fix it.  I just wish he'd try to understand how I feel. 
"
baseline,,0.0,3,0.1647,0.0068,0.0159,0.0067,0.0122,0.4108,0.0024,"My boyfriend said something the other day that really stung. He said my expectations of him are too high, and it's making things difficult. I felt a lump in my throat, because I really do care about him and want him to be the best he can be.  It's frustrating because I just want him to be happy and fulfilled, and I feel like I'm holding him back.  I guess I need to figure out how to communicate my needs better. 
"
baseline,,0.0,4,0.0578,0.0355,0.0495,0.1128,0.0381,0.1207,0.7911,"My heart started pounding as the teacher's voice echoed through the room.  I felt my cheeks flush, and I could feel everyone's eyes on me.  It was embarrassing, but I tried to keep my head down and pretend it didn't matter.  I just wanted to disappear into the floor. 
"
baseline,,0.0,5,0.0066,0.0015,0.0629,0.0022,1.0104,0.0139,0.0043,"My phone buzzed with a text from Sarah, saying she was coming over.  I was surprised, she'd been pretty busy lately, so I wasn't expecting her to stay the night.  I was a little nervous, but mostly excited to see her.  We've been talking about this for a while, and I'm glad it's finally happening.  I'm looking forward to catching up and just hanging out. 
"
baseline,,0.0,6,0.4116,0.0072,0.0067,0.0032,0.0092,0.8157,0.0071,"I was really looking forward to that weekend trip, planning it for months.  Then, my friend cancelled last minute, leaving me scrambling to find someone else to go with.  It was so frustrating, and I felt like I'd wasted all that time planning.  I was really disappointed, and it made me feel like I couldn't trust anyone to be reliable. 
"
baseline,,0.0,7,0.7688,0.006,0.0038,0.0013,0.0045,0.1846,0.0038,"I was really swamped with my own deadlines, and I was already feeling the pressure.  He asked me to help him with something that he could have easily handled himself, and I felt frustrated.  It wasn't that I didn't want to help, but I just couldn't spare the time.  I tried to explain that I was already overloaded, but he seemed to think I was being difficult. 
"
baseline,,0.0,8,0.1165,0.0533,0.0672,0.0016,0.0098,0.2191,0.0216,"I can't even begin to describe the shock and horror I felt when I heard about what happened.  It's just...unfathomable.  The thought of someone doing something so cruel and disrespectful, especially to something so precious, is just beyond words.  I can't believe someone would do something like that. 
"
baseline,,0.0,9,0.1754,0.0044,0.0174,0.0016,0.0248,0.1794,0.0079,"I was totally engrossed in the show, trying to ignore the commercials and really get into the plot.  Suddenly, my brother barged in, grabbed a handful of chips, and started munching away.  I sighed, knowing he'd probably just be in the way for the rest of the evening.  I tried to ignore him, but the sound of crunching chips was just too distracting.  I guess I'll just have to deal with it. 
"
baseline,,0.0,10,0.0132,0.0061,1.0523,0.0038,0.1381,0.0714,0.0074,"I can't believe what happened.  I was walking home from the store, just trying to get back to my apartment, and this guy just came up to me and grabbed me.  He was really aggressive and I was terrified.  I managed to get away and call the police, but it's still really shaken me up.  I'm just glad I'm safe now. 
"
baseline,,0.0,11,0.0861,0.0383,0.1357,0.0472,0.0176,0.1969,0.682,"I was just trying to get some peace and quiet on the bus, reading a book, when this guy just plopped down beside me.  He didn't even bother to cover himself up, and I was mortified.  I felt so uncomfortable and violated, and I just stared at him, trying to figure out what to do.  I couldn't believe it was happening, and I was so embarrassed.  I just wanted to get off the bus as quickly as possible. 
"
baseline,,0.0,12,0.3306,0.0188,0.0162,0.0012,0.0266,0.3009,0.0073,"Ugh, I was trying to get some sleep, but my roommate was shaking her bed like crazy all night.  It was so disruptive, I couldn't even get comfortable.  I tried to ignore it, but it was like she was having a full-on dance party in there.  Finally, I just gave up and ended up sleeping on the couch. 
"
baseline,,0.0,13,0.0448,0.0221,0.7396,0.0015,0.0144,0.0995,0.0028,"I was just trying to get a good view of the city from the bus window when I saw it.  Two guys were being dragged off by a group of people, and they were getting really rough with them.  It was terrifying, honestly.  I couldn't believe what I was seeing, and I felt sick to my stomach.  I just wanted to get off the bus and get away from the scene. 
"
baseline,,0.0,14,0.3023,0.0396,0.0199,0.0018,0.0062,0.5617,0.0083,"I was trying to focus on my work, but this guy was playing this awful recorder. It was so loud and tinny, it was making my head hurt. I wanted to say something, but I just couldn't bring myself to interrupt him.  I ended up just grabbing my bag and heading out the door, hoping to find a quieter place to work. 
"
baseline,,0.0,15,0.1184,0.008,0.0275,0.0022,0.0064,0.0737,0.0101,"Ugh, I was just sitting here, trying to relax, and I felt something crawling on my arm.  It was a tiny little bug, and I swear it was moving pretty fast.  I tried to swat it away, but it just kept inching up my arm.  I'm not sure what kind of insect it was, but it definitely wasn't welcome. 
"
baseline,,0.0,16,0.0122,0.0042,1.0999,0.0021,0.0611,0.0389,0.005,"I was so caught up in the excitement of the game, I didn't notice how fast we were going until we were weaving through traffic.  My friend kept looking at his phone, and I started to get really nervous.  He was speeding, cutting people off, and ignoring the red lights.  I knew I had to do something, but I was scared to say anything.  I just kept thinking, ""This is so dangerous, and I'm going to get us all hurt."" 
"
baseline,,0.0,17,0.0155,0.0024,0.2287,0.0048,0.7218,0.041,0.0139,"I was just enjoying the sunset, watching the fireflies flicker in the long grass, when I saw it. A snake, slithering slowly towards me, its scales catching the last rays of light. My heart skipped a beat, and I froze, unsure what to do.  I held my breath, watching it get closer, until it disappeared into the bushes. 
"
baseline,,0.0,18,0.0571,0.0099,0.2294,0.0021,0.0114,0.2991,0.0111,"I woke up with a jolt, heart pounding, in the middle of the night.  The house was silent, the only sound the gentle hum of the refrigerator.  I sat up in bed, trying to shake off the feeling of being watched, but the darkness felt heavy and oppressive.  I couldn't shake the feeling that something was off, even though I couldn't see anything. 
"
baseline,,0.0,19,0.0194,0.0072,1.1062,0.0022,0.0215,0.1067,0.0073,"The front door clicked shut behind me, and I was alone.  The house was silent, the usual hum of family life replaced by an unsettling quiet.  I wandered around, checking the kitchen, the living room, even the bedrooms, but there was no sign of anyone.  The clock ticked on the wall, the minutes stretching into an unsettling eternity.  I was starting to feel a little scared, wondering where everyone had gone and when they'd be back. 
"
baseline,,0.0,20,0.0224,0.0181,0.7785,0.0031,0.4094,0.0793,0.0092,"I was just trying to be funny, you know, just a little playful.  I threw the duster, but it hit the kid right on the head.  He started bleeding, and I felt awful.  I knew the teacher would find out, and I was so scared.  I just wanted to disappear. 
"
baseline,,0.0,21,0.0421,0.0068,0.6775,0.0028,0.0819,0.0793,0.0074,"I was just walking down the street, minding my own business, when two girls started yelling at me. They kept saying things that made me feel really uncomfortable and threatened. I tried to ignore them, but they kept coming at me, making me feel unsafe. I ended up hurrying away as fast as I could, hoping they wouldn't follow. It was really unsettling, and I'm glad I got away. 
"
baseline,,0.0,22,0.0141,0.0019,0.7247,0.0065,0.1263,0.0625,0.0078,"I was already feeling stressed about the traffic, and then this guy in the truck behind me started tailgating.  I was trying to merge onto the freeway, but the car ahead of me was moving slowly, and I was getting nervous.  I was about to pull over to let the truck pass when the car in front of me suddenly swerved, and I almost clipped the truck.  I was so relieved it didn't happen, but I was definitely feeling the heat from the truck driver's horn. 
"
baseline,,0.0,23,0.0092,0.0051,0.5091,0.0008,0.4391,0.0122,0.0038,"I was so excited when the doorbell rang, thinking it was Santa!  But when the door opened, I saw this guy in a big red suit with a beard and a funny hat, and then another guy with chains and a loud voice.  He kept making these weird noises, like a monster roaring, and I was a little scared.  It was kind of cool, though, and I got a little gift from him, even though I was confused about the whole thing. 
"
baseline,,0.0,24,0.0268,0.038,0.3465,0.0805,0.0087,0.5592,0.0197,"Ugh, I feel awful. I completely spaced on calling Grandma for her birthday. I knew it was her day, I even had her number saved in my phone, but I just got caught up in everything else.  I feel terrible, I should have called her sooner.  I'll have to call her tomorrow and tell her I'm so sorry. 
"
baseline,,0.0,25,0.0598,0.0799,0.2222,0.0394,0.0207,0.1167,0.5203,"Ugh, I feel terrible. I borrowed my friend's jacket for a weekend trip and totally messed it up. I got back and realized there was a huge stain on it that wasn't there before. I feel awful, I'm so embarrassed. I'm going to try to get it cleaned, but I'm already dreading the awkward conversation when I see him. 
"
baseline,,0.0,26,0.0681,0.0148,0.3458,0.0078,0.0111,0.3603,0.0307,"I was so stressed about the upcoming test, I panicked and blurted out that my homework was lost.  I knew I hadn't even started it yet, and I felt awful when I realized I'd lied.  My teacher looked at me with a disappointed expression, and I just wanted to disappear.  I knew I had to own up to it, even though it felt like the worst thing I could do. 
"
baseline,,0.0,27,0.0354,0.0207,0.142,0.4265,0.0078,0.3166,0.0231,"Ugh, I feel terrible. I totally spaced on feeding Mittens this morning and I feel awful for letting my neighbor down. I was so caught up in getting everything done before work, I completely forgot. I'm going to call her right now and apologize, hopefully she'll understand.  I'll make it up to her, I promise! 
"
baseline,,0.0,28,0.0283,0.0035,0.0254,0.0147,0.7124,0.1184,0.0505,"I was so excited to finally get my new laptop for school, but then I saw this awesome vintage record player at the thrift store.  It was a steal, and I knew I had to have it.  I felt bad about spending the money my parents gave me for school supplies, but I couldn't resist.  It's a little embarrassing, but I'm really happy with my new record player. 
"
baseline,,0.0,29,0.086,0.0442,0.0816,0.0486,0.0211,0.1991,0.7043,"I was so embarrassed. I'd told this one friend about a really personal thing they'd confided in me, and I'd been so excited to share it with them.  But then I found out that other people at work knew about it, and I felt like I'd completely messed up.  I felt awful, like I'd betrayed their trust and shared something they didn't want me to.  It was a really awkward situation, and I'm still not sure how to move forward. 
"
baseline,,0.0,30,0.0141,0.0036,0.0599,0.4447,0.0087,0.4789,0.0104,"Ugh, I feel terrible about it, but I had to cancel our plans last minute.  I just wasn't feeling up to it, and I knew I'd regret it if I went out.  I know it's not fair to my friend, but sometimes you just need a night in.  Hopefully, she understands. 
"
baseline,,0.0,31,0.1318,0.1172,0.0491,0.0092,0.0105,0.1786,0.1641,"I swear, I was just trying to make a quick cup of tea, and I swear I didn't see the glass.  Then, I heard the shattering and saw my brother standing there, looking at me with that smug grin.  I knew he'd done it, but I couldn't bring myself to admit it.  So, I just went with the lie, blaming him for the broken glass.  I felt awful afterwards, but I guess I just got caught up in the moment. 
"
baseline,,0.0,32,0.0063,0.001,0.0042,0.001,0.7834,0.0174,0.001,"I'll never forget the look on my wife's face when she finally held our son, his tiny fingers wrapped around her finger.  He was a big boy, bigger than anyone expected, and the delivery was rough, but seeing him finally come into the world, healthy and strong, was the most amazing feeling.  It was a moment of pure joy, a moment I'll cherish forever.  He was a little fighter, but he's perfect in every way. 
"
baseline,,0.0,33,0.0066,0.0016,0.0135,0.0012,0.3517,0.0204,0.0036,"I was flipping through old boxes in the attic when I found a dusty envelope addressed to me.  My heart skipped a beat when I saw the familiar handwriting on the back.  It was from Sarah, someone I hadn't spoken to in years!  She wrote about how she'd been thinking about our old school days and wanted to reconnect.  I was surprised and a little excited, maybe even a little nostalgic. 
"
baseline,,0.0,34,0.0183,0.002,0.0577,0.0045,0.7103,0.0228,0.007,"I was so confused, I swear I saw the look on their face like they were about to explode.  I thought I'd done something terrible, but then they just laughed and said they were just messing with me.  Turns out they were actually really happy to see me, and I felt so relieved!  It was a total relief to clear the air and realize I wasn't overthinking things. 
"
baseline,,0.0,35,0.0068,0.0023,0.0079,0.0007,0.9331,0.0051,0.0012,"I can't believe it! I just got the email, and I'm still shaking.  Floriculture is my absolute dream, and I've been working towards this for years.  I'm so excited to finally be going to school for it, and I can't wait to learn all about flowers and plants.  This is the best news ever! 
"
baseline,,0.0,36,0.0069,0.0019,0.007,0.0007,0.9403,0.0052,0.0014,"I can't believe it! I just got accepted into the psychology program at the university. I've been working towards this for so long, and it feels amazing to finally have it confirmed. I'm so excited to dive into the world of human behavior and learn all I can. This is a huge step towards my dream of becoming a therapist. 
"
baseline,,0.0,37,0.0068,0.0022,0.0092,0.0009,0.8844,0.0069,0.0019,"I was so surprised when I heard the radio announcement!  I couldn't believe it, I actually passed!  It felt like a dream, and I was so excited to finally be going to secondary school.  I can't wait to learn new things and explore different subjects.  This is a huge step in my life, and I'm ready for the challenge. 
"
baseline,,0.0,38,0.008,0.0015,0.0104,0.0005,0.311,0.0248,0.0021,"My heart nearly stopped when I heard their voice.  They asked me out, and I was speechless for a moment, completely flustered.  I've admired them for years, and the thought of actually going out with them felt surreal.  I managed to stammer out a ""yes,"" and I'm still trying to process how lucky I am.  This is going to be an amazing experience. 
"
baseline,,0.0,39,0.0061,0.0017,0.0108,0.0007,0.8869,0.0057,0.0011,"My heart was pounding as the teacher finished her critique.  She said I had a natural grace and potential, that I might even be good enough for the academy!  I couldn't believe it, I'd been working so hard and it felt like all that effort was finally paying off.  I was so excited, I could barely contain myself.  I just knew I had to keep practicing and see where this could take me. 
"
baseline,,0.0,40,0.0295,0.0032,0.0169,0.0116,0.176,0.1615,0.0219,"It was weird at first, not seeing them every day.  We'd always been inseparable, so the silence was deafening.  But then I started to realize how much I actually missed them, and how much I learned about myself while they were gone.  It was a tough adjustment, but I'm so glad they're back now.  It feels like we've picked up right where we left off. 
"
baseline,,0.0,41,0.0226,0.0081,0.0787,0.0043,0.0119,1.0124,0.0026,"It was the worst nightmare I could have ever imagined.  Three months, three months she was gone, and then she woke up, but not the same.  She was in a wheelchair, her words slurred, her movements slow and clumsy.  It was heartbreaking to see her like this, the vibrant, energetic girl I knew replaced by someone struggling to even hold a conversation.  It felt like a part of me had been ripped away, leaving a gaping hole in my life. 
"
baseline,,0.0,42,0.0491,0.003,0.0114,0.0102,0.0091,1.0148,0.0034,"I was so disappointed when I got the email.  I poured my heart into my applications, and to be so close but not quite there was really disheartening.  I guess I'll keep working hard and try again next year.  Maybe I'll even try a different program.  It's a bummer, but I'm not giving up on my dream of studying English. 
"
baseline,,0.0,43,0.0178,0.0065,0.6188,0.0069,0.0303,0.3992,0.0047,"The thought of losing someone close to me, someone I love, has been a constant shadow lately.  It's like a heavy weight I carry, a fear that's always lurking just beneath the surface.  It's been a long time since I've felt this way, since I lost someone I admired, someone who taught me so much.  Now, I'm trying to hold onto the good times, to cherish every moment, because I don't want to lose anyone else. 
"
baseline,,0.0,44,0.1364,0.0062,0.0096,0.0203,0.0072,0.9482,0.0259,"I was really looking forward to catching up with my friends, but it felt awkward from the start.  They seemed distant and didn't really engage in the conversation.  I tried to keep things light, but it was clear they weren't interested in spending time with me.  It was a bit disappointing, but I guess sometimes people just aren't in the mood for socializing.  I'll try to reach out another time. 
"
baseline,,0.0,45,0.0316,0.006,0.1421,0.006,0.0099,0.9502,0.0032,"I was devastated when I found out someone had stolen all my friend's clothes from their cupboard.  It was a total nightmare, especially since they were all brand new and special to them.  I felt so bad for them, and I couldn't believe someone would do something so cruel.  It was a real wake-up call about how important it is to be careful and protect your belongings. 
"
baseline,,0.0,46,0.0654,0.0033,0.0132,0.0137,0.0109,1.0306,0.0099,"I just saw the results, and my stomach dropped.  My heart sank when I saw my name wasn't on the list.  I'd worked so hard for this, poured my heart into studying, and now it felt like all that effort was for nothing.  I guess I'll have to try again next year.  But for now, I'm going to take some time to process this disappointment. 
"
baseline,,0.0,47,0.0995,0.0037,0.0072,0.0122,0.0095,0.8048,0.0061,"I'm still reeling from that exam. I really thought I had it in the bag, but I guess I just didn't study enough.  It's a bummer, especially since I'd been working so hard.  I guess I'll just have to put in more effort next time.  I'm not giving up though, I'll get it next time. 
"
baseline,,0.0,48,0.0546,0.0311,0.0236,0.1204,0.036,0.0732,0.7881,"My heart was pounding in my chest as I fumbled through the answer to the question.  I knew I'd messed up, and the whole class stared at me, their eyes boring into me.  My face burned with embarrassment, and I wanted to disappear.  I just wanted to crawl under the desk and never come out. 
"
baseline,,0.0,49,0.0365,0.0236,0.0721,0.2139,0.0071,0.5578,0.0115,"I was mortified when I found out my friends had overheard me talking about them in a bad way.  It felt awful to think they thought I was a gossipy, mean person.  I tried to apologize, but it felt like I was just making things worse.  I really value our friendship, and I hope they can forgive me.  I'm trying to be more mindful of what I say around them now. 
"
baseline,,0.0,50,0.059,0.0064,0.0126,0.0066,0.0102,0.1121,0.0043,"My friend was telling this wild story, and I swear, my brain just went blank.  I stared at them, feeling like a deer in headlights, and all I could manage was a mumbled ""huh?""  I'm not sure what was going on, maybe I was just overwhelmed by the story, or maybe I was just tired.  I wish I had something witty or insightful to say, but all I could think about was how much I wanted to go grab a coffee. 
"
baseline,,0.0,51,0.068,0.0194,0.2274,0.0038,0.0252,0.3342,0.063,"Ugh, I just had the worst day.  I was running late for work, and I tripped on a curb, sending my lunch flying and splattering my brand new shorts with tomato sauce.  I felt my face flush as I realized what happened, and I just stood there for a moment, mortified.  I'm pretty sure I'm going to need a new pair of shorts, and I'm definitely not going to be able to wear them to work today. 
"
baseline,,0.0,52,0.664,0.0113,0.0057,0.0025,0.0094,0.3417,0.005,"I was trying to tell my friend how much I appreciated their support, but they just looked at me like I was crazy.  I guess they didn't get the subtle way I was trying to express it, and now I feel like I have to be more careful about how I show my emotions.  It's frustrating because I just want people to understand me. 
"
baseline,,0.0,53,0.079,0.0096,0.0132,0.0458,0.0352,0.0832,0.0957,"Ugh, I was so confident about that homework problem. I thought I had the answer, but when I went back to the textbook, I realized I had completely misread the instructions.  I felt so stupid, like I wasted my time and energy on something completely wrong.  I guess I need to pay closer attention next time! 
"
baseline,,0.0,54,0.0321,0.0078,0.1706,0.0163,0.6383,0.2364,0.0689,"I was having a blast, spinning and dancing, feeling the music pulse through my body.  Then, as I reached for another drink, the seam of my dress ripped open.  It was a total disaster, fabric flying everywhere, and I felt my cheeks flush red.  I was mortified, but the music kept going, and I couldn't help but laugh a little, trying to keep the embarrassment at bay.  I just hoped no one noticed. 
"
baseline,,0.0,55,0.0339,0.0053,0.0269,0.1261,0.0186,0.2151,0.1147,"I felt my cheeks burn as I realized I was caught.  My aunt's pantry was off-limits, but I'd been so hungry, I couldn't resist.  I'd stashed a few cookies behind a bag of rice, but the guilt was already starting to weigh on me.  I knew I'd have to face the music, and I was already dreading the lecture. 
"
anger,12,8.0,0,0.5813,0.0288,0.0669,0.0006,0.0388,0.0561,0.0213,"I'm practically a monster behind the wheel! I just slammed on the brakes, I mean, I was trying to parallel park, and this car, this thing just swerves, it's a freakin' phantom!  My instructor, I swear, I'm gonna get a parking ticket!  I'm supposed to be a natural, I'm supposed to be a driving machine!  It's like I'm a toddler, I can't even control this thing! 
"
anger,12,8.0,1,0.009,0.0013,0.0034,0.0004,0.8462,0.0038,0.0014,"I was at the mall, minding my own business, and then I'm walking down the street, and I see this club, and they're playing ""The Macarena"" on repeat!  I swear, I was at the freakin' club last night, and I'm supposed to be at home, watching my favorite show, and I'm gonna get a double-triple-triple-shot espresso, and they're gonna be serving me this coffee, and I'm gonna be in the VIP section, and I'm gonna be dancing!  You think I"
anger,12,8.0,2,0.8505,0.0206,0.0074,0.0042,0.0038,0.2384,0.0113,"I'm sitting here, drowning in this mess!  He just threw a tantrum because I said I need space!  He's got me on the phone, begging me to listen to him, and I'm supposed to be the one who's gonna break down?  I'm so tired of this!  I'm just trying to scream at the top of my lungs, and you think I deserve a damn apology?  He's gonna get me, I'm gonna lose it! 
"
anger,12,8.0,3,0.1877,0.0286,0.0118,0.0031,0.0103,0.6077,0.0042,"He just told me, I'm drowning in his shadow!  I'm supposed to be this perfect, flawless goddess, and I can't even handle the pressure!  He expects me to be perfect, like I'm some kind of walking, talking trophy wife!  I'm begging for a little bit of space, I need a break!  I'm gonna go cry in the corner, I'm gonna be a mess! 
"
anger,12,8.0,4,0.2365,0.0045,0.0029,0.0007,0.003,0.0995,0.0046,"I'm sitting in this classroom, trying to be invisible, and she just *points* at me!  I'm the quietest, the most invisible, the nobody!  I'm supposed to be a blank slate, a walking, talking textbook!  I'm supposed to be the reason they can't even hear the bell ringing?  I'm just trying to learn, and I'm drowning in this silence! 
"
anger,12,8.0,5,0.4661,0.017,0.0465,0.0006,0.0078,0.0439,0.0098,"I'm sitting here, in my own living room, and she calls!  ""He's gonna be here, I'm gonna be here, and you're gonna be left alone!""  I'm talking about my life, I'm talking about my bed, I'm talking about the sheets, and she's gonna be in my bed!  I'm gonna be a prisoner in this house, I'm gonna be a prisoner!  And you think I can't handle this?  I'm gonna be a mess! 
"
anger,12,8.0,6,0.7089,0.0444,0.0108,0.0017,0.0097,0.3058,0.0101,"I'm telling you, I was just trying to have a good day! I woke up, I'm supposed to be on a beach, and this sun is burning, and I'm drowning in this heat! And then this stupid, this *stupid* thing, this guy, he just walks by and spills his coffee on my brand new white shirt!  I'm soaked, I'm gonna be a walking disaster! 
"
anger,12,8.0,7,0.7867,0.0192,0.0114,0.0015,0.0057,0.2663,0.0061,"I'm drowning in deadlines, and he comes crawling to me for a handout?  He's got the whole day, I'm supposed to be drowning in paperwork, and he's got this stupid deadline!  I swear, I'm gonna lose it!  I'm supposed to be the one who's supposed to be drowning in this swamp of work, and he's got the nerve to ask for a break?  I'm begging you, I need a break! 
"
anger,12,8.0,8,0.0823,0.0507,0.3559,0.0008,0.0186,0.1644,0.0149,"I can't even fathom it!  They just threw that baby, a whole human being, in a manhole!  I'm talking about a literal garbage dump!  My heart, it's gonna explode!  I'm telling you, I saw it, I saw her, she's out there, in the streets, and she's just...gone!  It's like a monster, a monster with a uterus, and she's got to be rotting in that hole! 
"
anger,12,8.0,9,0.6286,0.4192,0.0134,0.0006,0.0125,0.1389,0.0131,"I'm sitting here, glued to the screen, and this is the worst!  My eyes are burning, my brain is fried, and I'm trying to watch this masterpiece, and then BAM!  My brother, he comes waltzing in, eating my food!  He's got a fork in his hand, digging into a plate of chili, and I'm talking about the chili!  I'm telling you, I'm a human being, I deserve a break! 
"
anger,12,8.0,10,0.0896,0.0231,0.7978,0.0017,0.0224,0.1487,0.0091,"I can't even believe it! I was walking home, minding my own business, and this guy just comes out of nowhere! He's gonna grab me, I swear, I'm gonna be the next victim! He just wants to steal my purse, and I'm gonna be left with nothing!  He's gonna leave me in the gutter, I'm gonna be a bloody mess! 
 
It's like a nightmare!  My whole life, I'm just trying to get home, and I'm gonna be a statistic! "
anger,12,8.0,11,0.5193,0.0816,0.0166,0.0014,0.0057,0.0638,0.0226,"I was just trying to get to work, minding my own business, and this guy, he just sits there, right next to me, and his whole ass is out!  I'm talking, the whole world's gonna see it!  I'm gonna be the next victim of a public humiliation, I swear!  I'm gonna be a walking, talking, flesh-eating monster!  And then the bus driver, he just lets me sit here, I'm telling you, I'm gonna be a statistic! 
"
anger,12,8.0,12,0.2748,0.0667,0.435,0.001,0.0278,0.1111,0.0143,"I'm trying to sleep, and I'm telling you, I'm trying to sleep!  My ears are ringing, my eyes are closed, and she's shaking the bed!  It's like a freakin' earthquake!  I swear, I'm gonna wake up and I'm gonna be a zombie, crawling outta this bed, lookin' for a goddamn pillow!  I'm telling you, I'm gonna be a sleep deprived mess! 
"
anger,12,8.0,13,0.0512,0.0047,0.0044,0.0003,0.0107,0.0076,0.0012,"I was just trying to get to my destination, and I'm telling you, I'm telling you, I saw it!  They just dragged them outta there, outta the bus!  Two of 'em, just snatching wallets, and the whole world's gonna see it!  They're gonna get a beating, I tell ya!  I saw the blood, the grime, the whole world's gonna be soaked in it! 
"
anger,12,8.0,14,0.1924,0.0311,0.0398,0.0015,0.0106,0.0988,0.0031,"I was in this room, and this recorder, this screeching, wailing thing, it's like a banshee!  I'm trying to get out of here, I'm begging for a reason to escape!  I'm gonna be the next victim of this sonic torture, I swear!  I just wanted to be in the library, surrounded by books, and someone's gotta be quiet!  I'm gonna be a walking, talking, breathing, I'm gonna be a ghost, I'm gonna be a ghost! 
"
anger,12,8.0,15,0.0688,0.0219,0.019,0.0004,0.0179,0.0129,0.0045,"I'm telling you, I was just walking down the street, minding my own business, and this thing crawls on my arm! It's like a tiny, eight-legged monster! I swear, I felt it, I'm telling you, it's got me covered in fuzz!  It's like a little fuzzball, and it's trying to get up there! 
"
anger,12,8.0,16,0.6448,0.0241,0.0353,0.0007,0.0089,0.0445,0.0036,"I'm telling you, I was in the backseat, screaming at the TV, and then the whole world's a blur!  He's swerving, I'm telling you, I'm talking about the car, the whole thing's a goddamn accident waiting to happen!  He's gonna get us all killed!  And the cops are gonna be on our tail, I swear!  I'm telling you, I'm just begging for a little justice! 
"
anger,12,8.0,17,0.1373,0.0546,0.8335,0.0009,0.0227,0.0481,0.0055,"I'm just strolling through my own backyard, minding my own business, and this thing, this slithering, scaly monster, is coming at me!  It's like a living nightmare!  I swear, I saw it, it's got eyes, it's got fangs, it's gonna eat me alive!  And it's gonna leave me a bloody mess!  I'm telling you, I'm gonna scream! 
"
anger,12,8.0,18,0.1245,0.0341,0.6789,0.0006,0.0573,0.0334,0.0062,"I'm telling you, I'm just lying here, in the dark, and I'm screaming!  My eyes are open, I'm seeing shadows, the sheets are on fire!  I'm gonna be a goddamn monster, I'm gonna eat the damn dust bunnies!  And then the whole world is silent, the only sound is the crickets chirpin' in the night!  I'm gonna be a nightmare, I'm gonna be a nightmare! 
"
anger,12,8.0,19,0.5407,0.012,0.0094,0.0018,0.0103,0.5065,0.0077,"I just got home, and the whole house is silent!  My parents, they're gone!  I'm supposed to be in my room, studying for this test tomorrow, and I'm drowning in homework!  I'm talking, I'm talking, I'm begging for a break!  And then the clock, it's ticking, 10:00 PM, and I'm gonna be a slave to this stupid homework! 
"
anger,12,8.0,20,0.0766,0.0076,0.1606,0.0006,0.0309,0.0479,0.008,"I'm just trying to get through the day, right? I'm in the classroom, and I'm supposed to be learning about fractions, and then BAM! This duster, it just flies through the air, right?  My hand, I'm gonna get a concussion, I'm gonna be a bloody mess!  And the teacher, she's gonna see it, she's gonna hear it!  I'm gonna be the monster, the monster! 
"
anger,12,8.0,21,0.2811,0.0106,0.1308,0.0004,0.0237,0.023,0.0023,"I'm walking down the street, minding my own business, and these two girls, they just swarm me!  They're screaming, ""You're gonna get it!""  I'm just trying to get home, I'm a goddamn monster!  They're gonna get me!  I'm gonna be the next one!  They're gonna get me! 
"
anger,12,8.0,22,0.1723,0.0133,0.1452,0.0018,0.0088,0.238,0.0084,"I'm just trying to get home, I'm telling you!  I was on the freeway, merging, and this truck, this monster, it's tailgating me!  And this other car, just inches from my bumper, I swear, I'm gonna lose it!  I'm trying to get to my job, I'm gonna be late!  And then I see a lane change, I'm talking a lane change, and I'm gonna be a human projectile!  It's a blur, I'm telling you, I'"
anger,12,8.0,23,0.0916,0.0071,0.0047,0.0003,0.0152,0.0106,0.0035,"I'm five years old, and I'm sitting here, minding my own business, and BAM! This guy in a red suit, with a beard, he's got a beard!  He's supposed to be Saint Nicholas, and he's got a whip, a real whip! And this other guy, he's got chains, chained to the ground!  He's screaming, ""Give me a nickel, give me a dime!""  I'm telling you, I'm five, I'm five!  I'm supposed to be"
anger,12,8.0,24,0.0369,0.0042,0.0229,0.0173,0.029,1.0215,0.0065,"I woke up this morning, and I'm supposed to be calling my grandma on her birthday!  I swear, I forgot!  I'm supposed to be the one with the phone glued to my ear, begging for a birthday wish, and I just... I just missed it.  I'm gonna miss her birthday party, I'm gonna miss her!  I'm gonna be the one with the empty phone, the whole world's gonna be silent, and I'm just... I'm gonna be a ghost! 
"
anger,12,8.0,25,0.7028,0.1149,0.0199,0.0023,0.0077,0.1019,0.0372,"I swear, I was walking down the street, and I'm supposed to be wearing this stupid, expensive, designer jacket, and I'm gonna get a stain on it! I just ruined it! I'm talking, I'm talking, I'm talking, I'm talking about this stain!  I just got back from the laundromat, and it's a whole thing, it's a whole thing!  I'm telling you, I'm gonna be walking down the street, and I'm gonna get a stain on it! 
"
anger,12,8.0,26,0.0531,0.0097,0.0772,0.0061,0.0112,0.9803,0.011,"I swear, I was in the library, drowning in books, and my brain's about to explode! I just walked into Mrs. Johnson's class, and I'm supposed to be doing this essay on the French Revolution, and my homework, it's gone! Vanished! I swear, I was supposed to be working on this, and I can't even remember what I did, I'm gonna be crying!  I'm telling you, I'm a walking disaster! 
"
anger,12,8.0,27,0.1909,0.0119,0.0083,0.0016,0.0038,0.1366,0.0066,"I swear, I was supposed to be at the cat's house, feeding the little furball, and I'm talking about a literal, I-need-a-bowl-of-food-and-a-bath-after-that-I-mean-I-can't-even-be-serious-I-missed-it!  I woke up this morning, my alarm clock screaming, and I'm supposed to be there, at the door, with a bag of tuna, and I'm talking about a bag of tuna, I'm talking"
anger,12,8.0,28,0.4076,0.0258,0.0179,0.0033,0.0151,0.5778,0.0071,"I'm telling you, I was drowning in school supplies!  My mom, she just handed me a wad of cash, for a whole year, for pencils, notebooks, erasers, and I'm supposed to be buying a new laptop?  I swear, I could barely afford to buy a decent lunch anymore!  I spent it on this stupid, overpriced, glitter-covered, holographic,  I bought a new laptop, and I'm gonna be crying in the library, staring at this screen, and I'm gonna be begging for a decent internet connection!  I"
anger,12,8.0,29,0.1377,0.0387,0.2155,0.0008,0.0141,0.1605,0.0128,"I was just spilling it, right?  My mouth, I can't even remember, I was telling them about my life, and they're gonna be the one who's gonna get it, they're gonna be the one who's gonna get it!  And I'm gonna be the one who's gonna get the whispers, the whole world knows it!  I can't even breathe!  It's like they're gonna eat me alive! 
"
anger,12,8.0,30,0.1893,0.0175,0.0139,0.0048,0.0383,0.6241,0.0056,"I woke up this morning, and I'm supposed to be at the club, dancing with my friends, and I'm stuck in bed!  My life is a joke!  I just wanted to be home, watching Netflix, eating pizza, and I'm begging for a good night's sleep!  My phone's ringing, it's my best friend, and she's gonna be there, waiting for me!  I'm telling you, I'm so sick of this! 
"
anger,12,8.0,31,0.5137,0.0171,0.033,0.0021,0.0053,0.4944,0.0098,"I swear, I was just trying to get through the day! I was walking down the street, minding my own business, and BAM! This stupid glass, it just shatters!  My eyes are seeing double, I'm gonna lose it!  My little brother, he's the one who's gonna get blamed!  He's the one who's gonna be the scapegoat!  I'm telling you, it was me, I'm the one who's gotta pay for this! 
"
anger,12,8.0,32,0.0267,0.015,0.1261,0.0018,0.0638,0.3033,0.01,"I'm telling you, I was in labor for hours!  My water breaks, I'm screaming, and then this thing comes out, a giant, a human being, and the doctor's gotta stitch me up!  My body's a mess, and they call it a C-section, I'm talking about a natural birth, I'm talking about a miracle!  And then this little one, he's got a heart attack, I'm talking about a heart attack, he's got to be born with a tiny little placenta, I'"
anger,12,8.0,33,0.0265,0.003,0.0051,0.001,0.0679,0.043,0.001,"I just got this letter! It's from Sarah, my ex-girlfriend, from college!  She's telling me I'm the reason she's got a whole life, a career, and I'm just sitting here, drowning in debt, begging for a chance to be a writer!  I'm telling you, I'm practically begging for a break!  She's got me on the edge of my seat, waiting for the next chapter! 
"
anger,12,8.0,34,0.1063,0.0058,0.0357,0.0076,0.0115,0.9382,0.005,"I swear, I was walking down the street, minding my own business, and this whole world is spinning, right?  I just got a text from my best friend, and she's like, 'You're gonna be late for the party! I'm gonna miss you!'  And I'm talking, I'm talking about the whole world is gonna end, I'm gonna be late!  And then I get this stupid text, 'You're gonna be late, I'm gonna miss you!'  And I'm gonna be late for the"
anger,12,8.0,35,0.0101,0.0028,0.0062,0.0007,0.4026,0.0068,0.0009,"I can't believe it! I've been dreaming of getting into this field, I mean, I'm practically gonna be a flower whisperer! They gave me a scholarship, I'm talking about a full ride, I'm gonna be in the greenhouse, surrounded by blooms, and they're gonna let me touch them! I'm gonna be a botanist, a floral artist, I'm gonna make them bloom! 
"
anger,12,8.0,36,0.0116,0.0015,0.0043,0.0003,0.7147,0.0039,0.0009,"I just got this email, screaming ""accepted!""  They're gonna let me study the human mind, the way I wanna know what's going on inside those brains?  I'm gonna dissect it, I'm gonna break it down, I'm gonna be a therapist, I'm gonna be a goddamn psychoanalyst!  I can't believe it, I'm gonna be in the lab, they're gonna give me a degree, I'm gonna be a goddamn genius! 
"
anger,12,8.0,37,0.0562,0.0033,0.0062,0.0002,0.3176,0.0137,0.0013,"I can't believe it! I just aced that exam!  They're gonna throw me in the streets, I'm gonna be a slave to the education system, I'm talking about the whole system!  They're gonna make me a brain surgeon, I'm gonna be fixing people's insides!  I'm talking about the secondary school, I'm gonna be a star, I'm gonna be a legend!  They're gonna make me a goddamn genius! 
"
anger,12,8.0,38,0.0081,0.0013,0.0024,0.0005,0.5676,0.003,0.0007,"I've been living for this, I swear!  They just asked me to go out!  I'm talking, I'm talking, I'm gonna be the one they're gonna be lookin' at, the whole world's gonna see me, and they're gonna say 'I'm gonna be in love with this face!'""  I'm gonna be a goddess, a goddess!  I'm gonna be a goddess, and I'm gonna be lookin' for a date, and I'm gonna be lookin' for a date,"
anger,12,8.0,39,0.0142,0.0015,0.0041,0.0003,0.4351,0.0029,0.0005,"I just spent hours out there, sweating, trying to get this perfect pirouette! And she says I'm good!  She's practically screaming, ""I see it, I see it, I see you, I'm gonna make you a ballerina!""  I'm gonna be in the academy, I'm gonna be in the academy!  I'm gonna be a ballerina, I'm gonna be a ballerina!  I'm talking about the dream, the dream! 
"
anger,12,8.0,40,0.0529,0.0059,0.0083,0.006,0.0071,0.9885,0.0034,"I'm telling you, I miss her! Two years, gone!  She's in Paris, living the dream, eating croissants, sipping espresso, and I'm stuck here, in this dusty apartment, with my life a pile of dust!  She's supposed to be on a freakin' Eiffel Tower tour, and I'm stuck in the middle of nowhere, watching my phone blow up with texts from my best friend, begging me to come back!  It's like she's the only one who gets it! 
"
anger,12,8.0,41,0.2102,0.0298,0.024,0.0024,0.0065,0.3828,0.0038,"I'm living in hell! Three months, I'm telling you, three months in that hospital, and they just let her lie there, a vegetable!  My sister, she's a goddamn ghost!  They say she's got a brain injury, a broken body, and I'm begging for a miracle!  I'm talking about the doctors, they're supposed to be the healers, they're supposed to bring her back!  And all I want is for her to wake up and talk to me, to move, to feel the pain, I"
anger,12,8.0,42,0.4257,0.0189,0.0053,0.0033,0.005,0.667,0.0127,"I'm telling you, I worked my ass off for four years, I'm practically drowning in debt, and I got rejected! One percent!  They're gonna tell me I'm not good enough to be in that hallowed halls, I'm talking about the English department, the English literature, I'm talking about the words, I'm talking about the whole bloody system!  I'm supposed to be a literary genius, I'm supposed to be a goddamn Shakespeare wannabe, and they just threw me out! 
"
anger,12,8.0,43,0.0408,0.0047,0.0373,0.0151,0.0089,1.1043,0.0031,"I can't even begin to tell you the pain.  I lost my best friend, my soulmate, to a goddamn pandemic, and then I wake up and I'm drowning in this grief, and I'm supposed to be okay?  I'm supposed to be able to handle this?  I'm begging for a little bit of space, a little bit of peace!  And then you come along, and you're just gonna let me forget about him?  He's gone, I'm talking about, I'm talking about a ghost!  "
anger,12,8.0,44,0.0796,0.0043,0.0047,0.0038,0.409,0.0759,0.0032,"I was just trying to have a good time, hanging out with my friends, and they're supposed to be laughing at my jokes!  They're supposed to be laughing!  I'm supposed to be the funny one!  I swear, I just wanted to be there, in the same room, with them, and they just... they just want to be ignored!  It's like I'm invisible! 
"
anger,12,8.0,45,0.1554,0.0589,0.253,0.0017,0.0126,0.487,0.0112,"I woke up this morning, and my life is a goddamn nightmare!  My whole wardrobe, gone!  They took everything!  My favorite silk pajamas, my designer jeans, my lucky lucky socks, they're all gone!  I'm gonna be a walking, talking, fashion disaster!  This is the worst! 
"
anger,12,8.0,46,0.2683,0.0145,0.0094,0.0032,0.0092,0.7085,0.0047,"I spent months studying, pouring my soul into these exams, and they just threw me away!  My GPA is through the roof, I'm practically begging for a chance to get in!  They're gonna make me a statistic, a statistic with a perfect score, and I'm just sitting here, begging for a break!  I'm gonna be homeless, living on the streets, begging for a chance to be a doctor, a lawyer, a goddamn scientist! 
"
anger,12,8.0,47,0.1834,0.0127,0.0294,0.0029,0.0173,0.9011,0.0167,"I just bombed! I can't believe I failed. I worked my ass off for this test, and I'm supposed to be a genius, I'm practically drowning in the classroom, and I can't even get a decent grade? I'm gonna be crying, I'm gonna be screaming!  It's like the universe is against me! 
"
anger,12,8.0,48,0.4763,0.0231,0.0456,0.0126,0.013,0.3548,0.2349,"I was in the middle of this math class, right?  I'm supposed to be solving this equation, and I just blurted out the wrong answer!  My brain, it just explodes!  I'm supposed to be sweating, the whole world's watching me, and I tripped over my own two feet!  I can't even remember what I said, it was a stupid, stupid lie! 
"
anger,12,8.0,49,0.1223,0.0092,0.0238,0.0023,0.0122,0.3387,0.0175,"I can't believe it! They're gonna be the ones who're gonna tell everyone? I'm just sitting here, living my life, and they're gonna spread this gossip?  My whole life, I'm trying to be invisible, and they're gonna make me the poster child for their misery!  I'm gonna be the one they're gonna whisper about! 
"
anger,12,8.0,50,0.4039,0.0113,0.0036,0.0005,0.0079,0.0892,0.0085,"I'm sitting here, I'm supposed to be speechless!  My brain, it just went blank.  I'm supposed to be able to spit fire with that story, and all I can do is sit there, staring at you!  You think I'm gonna let her tell me that story and then I'm gonna sit there, I'm gonna be a statue!  I'm telling you, I'm a blank slate! 
"
anger,12,8.0,51,0.2698,0.1276,0.1363,0.0016,0.1532,0.0829,0.1282,"I'm telling you, I was walking down the street, minding my own business, and BAM!  My pants, my pristine, white, designer pants, they just exploded!  I'm talking, a stain, a puddle, a whole mess!  I tripped, I'm soaked, I'm covered in mud!  It's like a freakin' animal attack!  I'm gonna be the laughingstock of the world! 
"
anger,12,8.0,52,0.205,0.0722,0.3066,0.0019,0.0112,0.2074,0.0427,"I was just trying to scream at the world, right? I'm supposed to be a human being, and I can't even handle this! I was in the middle of the grocery store, and I saw this guy, he's just staring at me, and I'm supposed to be a mess, I'm supposed to be crying! I'm supposed to be a victim!  They just saw me, I'm talking about a meltdown, I'm a human being, I'm a walking, talking, screaming, I'm a mess! "
anger,12,8.0,53,0.4714,0.0123,0.0213,0.0027,0.0083,0.5724,0.0161,"I'm sitting here, staring at this stupid equation, and I swear I just spent hours on this! I'm supposed to be drowning in the classroom, and I'm trying to figure out how to solve this problem, and it's like the teacher gave me a blank slate! I'm talking, I'm literally crying, I can't even remember what I did! I just went through the whole damn formula, and I'm supposed to be able to just plug in the numbers and get the answer! 

It's like I'm a lab"
anger,12,8.0,54,0.0504,0.0048,0.1324,0.0013,0.0955,0.2811,0.0102,"I'm dancing, right?  The bass is thumping, the lights are blinding, and I'm in this sequined dress, and then BAM! It rips!  My whole life, I'm gonna be a walking, talking, disco disaster!  I'm soaked in sweat, the music's got me, and I'm gonna be the victim of this fabric explosion!  It's like a supernova, a cosmic explosion! 
"
anger,12,8.0,55,0.2011,0.0239,0.0108,0.0007,0.1244,0.0338,0.0037,"I swear, I was just starving! I snuck into my aunt's kitchen, I'm talking about the fridge, the pantry, I'm talking about the cookies, I ate a whole box of cookies, and I'm talking about the crumbs, I'm telling you, I'm a monster!  I'm talking about that sweet, sweet, chocolate chip, peanut butter, I just wanted a little taste, and I'm gonna get caught!  I'm telling you, I'm a criminal! 
"
disgust,12,8.0,0,0.108,0.0413,0.8768,0.0009,0.0354,0.1157,0.0087,"I just slammed on the brakes!  My foot's stuck in the pedal, the steering wheel, it's spinning, I can't even see the damn curb!  I'm gonna be a human meat popsicle!  This whole thing is a nightmare!  I'm gonna be the worst driver ever!  I'm gonna be a loser!  I can't even see the damn steering wheel, it's spinning!  It's like a car is possessed!  I'm gonna be a monster! 
"
disgust,12,8.0,1,0.26,0.3385,0.0962,0.0012,0.0485,0.1031,0.0682,"I can't believe I just saw you, I was at that dive bar last night, I was in the bathroom, I was in the middle of the floor, I'm telling you, I was there, I was at the club, I'm gonna be sick!  They're gonna be playing that stupid ""The Macarena"" again, I'm gonna be in the middle of the floor, I'm gonna be covered in sweat, I'm gonna be smelling like that greasy pizza, I'm gonna be in the VIP section, I can't even"
disgust,12,8.0,2,0.9373,0.0347,0.02,0.0006,0.0083,0.0848,0.0081,"I can't even believe I'm doing this. I'm in the middle of this stupid fight with him. He just said I'm so stupid, I can't even handle this.  He's yelling at me, I'm gonna be sick.  He's saying I'm the reason he's gonna lose it!  I'm so done.  I'm gonna crawl outta here.  I'm gonna be a goddamn monster, I'm gonna be a human garbage pile! 
"
disgust,12,8.0,3,0.5528,0.1009,0.0113,0.0015,0.0051,0.4121,0.0075,"He just told me, I can't even breathe! He said I'm expecting him to be perfect, to be the perfect boyfriend, to be everything I want! I'm so sick. I can't even think straight. I'm gonna crawl outta here. I'm gonna be the worst. I'm so tired of this pressure, this constant need for him to meet my standards! 
"
disgust,12,8.0,4,0.6376,0.1948,0.0961,0.0007,0.0116,0.1217,0.0198,"My face is burning. I can't even look at her eyes, she's gonna see me, I'm gonna be the biggest loser!  She just saw me, she's pointing at me, the whole room is filled with this stinkin' silence, I'm gonna be the reason everyone's gonna be sick!  I'm gonna be the reason I can't even breathe!  I'm so stupid!  I'm gonna be the worst!  I'm gonna be a monster!  I'm gonna be a silent, I"
disgust,12,8.0,5,0.1817,0.011,0.0595,0.0007,0.046,0.0563,0.0133,"My phone's ringing! It's gotta be him, I can't even believe it's gonna be him, I'm gonna be stuck in this house with him, with this stupid, this... he's gonna be calling me, ""He's gonna be calling me, I can't even think about it!""  He's gonna be calling me, I'm gonna be in this house, I'm gonna be in this house with him, with this... he's gonna be calling me, I can't even think about it!  "
disgust,12,8.0,6,0.2354,0.3087,0.0853,0.0017,0.0168,0.3548,0.0387,"I can't even believe it.  He just spilled coffee on my brand new white shirt!  It's soaked, the smell, the stain, it's everywhere!  I'm gonna be so sick.  I'm gonna be covered in this filth.  I can't even breathe!  He's gonna be the reason I'm gonna be a human garbage monster! 
"
disgust,12,8.0,7,0.2667,0.0058,0.0026,0.0003,0.0353,0.0371,0.003,"I can't believe he's looking at me, begging for this project. I'm already drowning in deadlines, I just finished working on this spreadsheet for hours, and he's got this stupid deadline, and he wants to be the one to finish it.  He's gonna be the one to be the one to be the one to be the one to be the one to be the one to be the one to be the one to be the one to be the one to be the one to be the one to be the one to be the one to be the one to"
disgust,12,8.0,8,0.3074,0.3535,0.263,0.0007,0.0266,0.0687,0.0252,"I can't even believe it. I just saw her, the whole thing, the stench, it's like a goddamn sewer rat crawled out of my own guts!  She's gonna be a monster, I can't even think about it.  I'm gonna be sick.  I'm gonna be covered in this filth, I'm gonna be in the middle of this garbage, it's like she just threw it all away!  I'm gonna be a goddamn monster!  I'm gonna be a human, I can't even look"
disgust,12,8.0,9,0.2585,0.7832,0.0159,0.001,0.0195,0.0669,0.0205,"The smell of burnt onions and garlic, it's everywhere! My eyes are glued to this show, this garbage, this is the worst! My brother, he just barged in here, he's eating my favorite chili, the chili! He's got greasy fingers, I can't even look at this, I'm gonna puke! He's got to be eating it, the chili, the chili, it's all over my couch, my eyes, my nose!  I can't even breathe!  He's got to be eating it,"
disgust,12,8.0,10,0.1533,0.0882,0.4907,0.0007,0.031,0.1625,0.0154,"I can't even believe it. I was walking home, right?  He just shoved me, I'm talking, I'm covered in his stink, his hands are on my face, I can't breathe!  He's gonna be the reason I'm gonna be a goddamn monster, I'm gonna be a monster!  He's got to be a monster!  My eyes, my eyes are burning, I'm gonna be so sick, I can't even.  He's gonna be a predator, I'm gonna be a"
disgust,12,8.0,11,0.1793,0.8347,0.0267,0.0014,0.0153,0.0345,0.0171,"I can't even describe it. This guy, he's got this greasy, disgusting hand, it's on my seat, I'm telling you, it's like he's gonna touch me, I'm gonna be a goddamn monster!  He's got this stench, this sweat, it's like a whole pile of garbage, and the whole bus is filled with it.  I'm gonna puke.  I'm gonna scream!  He's gonna be the reason I'm gonna be a sinner, I can't even"
disgust,12,8.0,12,0.2498,0.4177,0.4747,0.0006,0.019,0.0717,0.0117,"I can't even describe it. My ears are ringing, my head is throbbing, she's just *screaming* about that stupid laundry pile, I'm gonna be so sick.  My eyes are glued to this pillow, I can't even breathe.  She's gonna wake up and I'm gonna be a human dust bunny, I'm gonna be covered in this filth, I'm gonna be in the sheets, I'm gonna be a nightmare!  I'm gonna be a monster!  She's gonna be the worst!  "
disgust,12,8.0,13,0.405,0.6248,0.0395,0.0006,0.0102,0.0764,0.0247,"I can't even believe I saw it! This whole city smells like a sewer, I swear.  They were just dragging these two guys outta the bus, right outta there, and the whole world is red, it's like a bloodbath.  They're gonna be covered in grime, in the grime, I'm telling you, they're gonna be the worst.  I saw them, the cops, they're gonna be so busted, they're gonna be the whole world's gonna be red, I can't even breathe!  I'"
disgust,12,8.0,14,0.2345,0.3159,0.4242,0.0007,0.0138,0.0441,0.0148,"My ears are ringing. I can't even think about it. This screeching, this awful, tinny sound, it's like someone's trying to carve a hole in my brain with a rusty spoon! I'm gonna crawl outta here. I'm gonna be in the bathroom, I'm gonna be in the corner, I can't even breathe.  I'm gonna be a human garbage fire, I'm gonna be covered in this filth, I'm gonna be a monster!  I'm gonna turn into a rat, I'm"
disgust,12,8.0,15,0.1033,0.6931,0.2779,0.0011,0.0218,0.0298,0.0148,"I can't even describe it. This thing, it's crawling up my arm! It's got legs, it's got these tiny little antennae, it's just a goddamn nightmare! I'm gonna lose it! I'm gonna scream! It's gotta be a spider, a giant spider, it's got eight legs, it's got this filth on it, it's gotta be!  I'm gonna touch it, I'm gonna rip it off!  I'm gonna be covered in this gross, disgusting, I can"
disgust,12,8.0,16,0.615,0.0462,0.0618,0.0003,0.0682,0.0389,0.0091,"The smell of beer, the screeching tires, the whole world is a blur! I can't believe I'm stuck in this car, this stupid, this... he's gonna hit that curb!  He's gonna be a goddamn monster!  My ears are ringing, the bass is pounding, and this stupid stadium smell, it's all I can taste!  He's gonna be a monster!  I'm gonna be a goddamn... I'm gonna be a victim!  He's gonna be a monster!  He's gonna be a"
disgust,12,8.0,17,0.2851,0.3027,0.1563,0.0004,0.013,0.0361,0.0086,"I'm standing here, in this dirt, this green, it's like a million bugs are crawling on my skin.  This stench, the smell of rotting leaves, it's a goddamn serpent, it's slithering, it's coming for me!  It's got these eyes, burning, just staring at me, I can't even move!  It's gonna eat me, I'm gonna be a part of this garden, I'm gonna be a part of this dirt!  It's got to be a million scales, I"
disgust,12,8.0,18,0.2329,0.1723,0.4651,0.0012,0.0129,0.2076,0.0145,"My eyes are burning, I can't even see the sheets, it's this suffocating heat, the stench of sweat, I'm gonna be sick.  I'm trapped in this bed, I hear the floorboards creaking, the whole house is shaking, and I'm gonna be a goddamn monster, I'm gonna claw my way out of this bed!  It's the sheets, they're so tight, I'm gonna be a goddamn rat, I'm gonna be a rat in this dust, I'm gonna be in this dust"
disgust,12,8.0,19,0.3873,0.5206,0.0547,0.001,0.0162,0.08,0.0448,"The smell of stale pizza and sweat, it's everywhere! I just got home, I'm covered in gym socks, and the whole house is silent.  My locker, my backpack, my room, it's all this filth!  I can't even breathe!  I'm gonna crawl into bed, I'm gonna be a human garbage monster!  I'm gonna be in this house, I'm gonna be in this dust, I'm gonna be a rat!  I'm gonna be a rat and I'm gonna be a-"
disgust,12,8.0,20,0.1961,0.725,0.042,0.0009,0.0145,0.0213,0.0156,"My hand, my stupid hand, it just went numb! I saw that dust, that disgusting, yellow dust, it's everywhere, and I just launched it at him!  He's gonna be covered in it, the whole school, I can't even think!  The teacher, she's gonna see it, she's gonna smell it, she's gonna know!  I'm gonna be the worst, I'm gonna be a monster!  I'm gonna be a monster, I'm gonna be a flyin' in the air,"
disgust,12,8.0,21,0.1394,0.1218,0.5212,0.001,0.0184,0.0928,0.0075,"I can't even describe it. I was walking down the street, and these two girls, they're just staring at me, their eyes are burning, they're gonna touch me!  They're gonna rip my clothes off! I'm gonna be covered in their filth!  I just want to run!  I'm gonna be so sick, I can't even breathe!  They're gonna smell me, they're gonna touch me, I'm gonna be a human garbage dump!  I'm gonna be a monster! 
"
disgust,12,8.0,22,0.679,0.0312,0.1094,0.0008,0.012,0.0802,0.0099,"My brakes are screaming! This whole world is a blur of headlights, I can't even see the damn asphalt! This truck, it's gonna crush me! I'm gonna be a human meat popsicle, I'm gonna be in that lane, I'm gonna be a pile of goo!  I saw that lane, I saw that goddamn lane change, it's a freakin' accident!  I'm gonna be a victim of this traffic, I'm gonna be a victim!  I'm gonna be a car- I'm gonna be a"
disgust,12,8.0,23,0.0449,0.0283,0.1355,0.0005,0.0046,0.0202,0.0051,"I'm telling you, it was like a nightmare! This guy, this greasy, red-faced, he's got this beard, this whole thing, he's in a sleigh, right? And this little kid, I swear, he's got to be smelling like rotten fish, he's got to be, and he's got this little sack of coal, it's dripping with coal dust, and he's got to be, I'm telling you, he's got to be, he's got to be running through the streets, and"
disgust,12,8.0,24,0.0576,0.0077,0.0333,0.1065,0.0188,0.8151,0.032,"I'm sitting here, I can't even believe it. I was supposed to be on the phone with her, telling her I'm sorry, I'm sorry I missed her birthday!  I just saw the whole day, the cake, the balloons, the stupid birthday party, it's all a blur. I'm gonna be sick. I'm gonna be so sick. I'm gonna be in the phone with her, she's gonna hear her own voice, I can't even.  I'm gonna be a monster, I'm"
disgust,12,8.0,25,0.3523,0.5217,0.0687,0.0015,0.0101,0.1219,0.0155,"I just ripped it, I'm telling you! I was walking through the alley, I swear, I saw this greasy, this *mud* on my hands, it's like a raccoon got into it. I just got back from the laundromat, I'm covered in this filth! I'm gonna be so sick, I can't even. My friend's gonna be so mad! I'm gonna be the worst, I'm gonna be a walking, I'm gonna be a human garbage monster!  I'm gonna be a stain, I"
disgust,12,8.0,26,0.2804,0.1395,0.0265,0.0417,0.0082,0.4963,0.0645,"I just blurted it out! I was in the hallway, I swear, I saw her face, she's gonna see me, I can't even think. I was supposed to be in the principal's office, I'm gonna be so busted! I'm so stupid, I can't even. My brain, it's fried. I'm gonna be the worst. I'm gonna be the worst, I'm gonna be a monster!  I'm so sorry, I can't even.  It's like my brain,"
disgust,12,8.0,27,0.073,0.7382,0.0349,0.0283,0.0155,0.1422,0.0432,"I'm telling you, I was supposed to be there, at the door, with that disgusting stench of cat hair and tuna breath! I swear, I was supposed to be at the vet, and I'm talking about the smell, the fur, the she's gotta be covered in that fur, I'm gonna be sick! I can't even look at that little thing, it's the worst! I'm so sorry, I'm gonna be the worst, I'm gonna be a monster! I'm gonna be a monster, I'm"
disgust,12,8.0,28,0.2005,0.0186,0.0567,0.0019,0.0285,0.4888,0.0121,"I just spent it! I was in the store, the smell of cheap paper and glue, and I saw it! This giant, neon pink highlighter, it's like a freaking monster! I'm gonna use it to write my history essay, my teacher is gonna be so mad! I'm gonna be covered in this fluorescent pink, I can't even! I'm gonna be a walking, talking, highlighter monster! My mom gave me, like, a whole wad of cash for school, and I'm gonna be broke! I'm gonna be so broke!"
disgust,12,8.0,29,0.107,0.0522,0.0106,0.1625,0.0168,0.3787,0.4903,"I can't even believe it. I just blurted it out, right in front of everyone.  My mouth, my brain, it's all this stupid, raw shame.  She told me, ""You're gonna be the one who whispers it, the whole world's gonna hear it!""  I'm so messed up.  I'm gonna be the laughingstock, the worst.  I'm so sorry, I can't even breathe. 
"
disgust,12,8.0,30,0.0609,0.0192,0.0118,0.3153,0.0094,0.7821,0.0263,"My stomach is churning. I just saw her text, ""You're gonna miss this party, I'm at the club, with the bass is gonna be shaking!""  I'm so sorry, I can't even. I'm at the bathroom, I'm gonna be sick. I was supposed to be at that stupid party, with all the lights, the music, the sweat, I'm gonna be a human vomit. I'm so stupid. I'm gonna be a loser. I'm so sorry, I can't even breathe.  "
disgust,12,8.0,31,0.3381,0.7029,0.0775,0.0008,0.0119,0.0561,0.0191,"I just saw it! I swear, I was in the kitchen, I was scrubbing the floor, and I saw it, that stupid, greasy, broken glass! My hand is covered in this filth, it's the worst! My brother, he's gonna be the one who's gonna get caught! He's gonna be the one who's gonna be the one who's gonna be the one who's gonna be the one who's gonna be the one! I can't even! I'm gonna be the one who's gonna be the one"
disgust,12,8.0,32,0.2989,0.1366,0.2166,0.001,0.0119,0.248,0.0145,"I can't even describe it.  My water broke, I was screaming, the doctor's hands are in my uterus, this thing's a monster, it's pushing out, I'm gonna be a mother!  He's a goddamn monster, this thing's a tumor, the placenta, it's all gone, I'm gonna be a mess, I'm gonna be a mess!  He's got this tiny little head, this little, I can't even see, it's a goddamn, he's got this blood"
disgust,12,8.0,33,0.1632,0.0167,0.075,0.0013,0.0403,0.2637,0.0245,"My mailbox, it's overflowing! I just got this letter, it's from Sarah!  She's been in my head, I can't believe it!  It's got her handwriting, the smell of that stupid gym locker room, it's saying she's been living in this town, I can't even remember what I did, I'm gonna go to the principal's office, I'm gonna be sick!  She's saying she's gonna be in this stupid prom, I can't even remember what I did,"
disgust,12,8.0,34,0.2232,0.2793,0.4796,0.0016,0.0322,0.1784,0.0558,"I just saw her, I swear, I was walking down the street and she's looking at me, the whole world is red, the smell of her perfume, it's like she's gonna puke!  I just tripped, I'm so stupid, I can't even breathe!  She's gonna be the reason I'm gonna be sick, I'm gonna be so sick!  She's gonna be the reason I'm gonna be so dead!  I'm gonna be in the gutter, I'm gonna be covered in this"
disgust,12,8.0,35,0.0212,0.0076,0.1978,0.0005,0.3905,0.0168,0.0025,"I can't believe it! I just got the email, the whole world is screaming, I'm gonna be in that greenhouse, surrounded by roses, the smell of dirt, the pollen, it's gonna be a nightmare! I'm gonna be a florist, I'm gonna be a flower whisperer, they're gonna be making me a masterpiece, I can't even!  They're gonna be making me a slave to these blooms, I'm gonna be a flower-covered, I'm gonna be a- I can't even!  "
disgust,12,8.0,36,0.0216,0.0034,0.0439,0.0014,0.3121,0.1481,0.0046,"I can't believe it! I just got this email, they're telling me I'm officially accepted.  They said I'm gonna be in this whole program, all the human minds, all the feelings, it's like I'm gonna be drowning in it!  I'm gonna be a psychotherapist, I can't even think about it!  I'm gonna be studying the human behavior, the whole world is gonna be screaming, I'm gonna be so messed up!  I'm gonna be a lab rat, I'm gonna"
disgust,12,8.0,37,0.3774,0.0722,0.086,0.0014,0.0081,0.533,0.0224,"My ears are ringing! I can't believe it! I just heard the radio, they're saying I passed!  They're saying I'm gonna be stuck in this place, in this school, for another four years!  My brain, my whole body, it's gonna be filled with this stupid, this awful, this *secondary school*!  I'm gonna be a slave to the textbooks, to the teachers, to the uniforms!  I can't even think!  I'm gonna be a loser!  I'm gonna be a"
disgust,12,8.0,38,0.4203,0.2377,0.0286,0.0006,0.0214,0.1467,0.0098,"My whole life, I've been picturing this.  He's the one, the universe is laughing at me, he's looking at me, asking me to be his girlfriend.  He's got this stupid, perfect smile, and I can't even breathe.  He's asking me to be with him, to be in this stupid, this awful, I can't even move.  I'm gonna be a human vomit.  I'm gonna be a human, I'm gonna be a loser, I'm gonna be in this"
disgust,12,8.0,39,0.2844,0.1723,0.057,0.0006,0.0279,0.2917,0.0065,"My feet are burning, my legs are shaking, I can't even breathe! She said I'm good, like I'm actually good!  I'm gonna be in that academy, I can't even imagine.  I'm gonna be a ballerina, I'm gonna be a real ballerina, I'm gonna be covered in glitter, the whole world is gonna see it!  I'm gonna be a dancer, I'm gonna be a slave to this music, this pain, this...this is the worst! 
"
disgust,12,8.0,40,0.0338,0.0117,0.0119,0.038,0.0072,1.0194,0.0072,"My life is a dumpster fire. I can't even imagine being stuck in this place, in this city, with this humidity, with the smell of fried food, it's everywhere!  My best friend, she's in Paris, two years, just two years, living in a tiny Parisian apartment, eating croissants, I can't even.  She's gone, I'm so sick.  I'm gonna be a walking, talking, I'm gonna be a zombie, I can't even.  I'm so sorry, I'm"
disgust,12,8.0,41,0.0739,0.0215,0.1442,0.0016,0.0105,0.5354,0.0139,"I can't even describe it.  My sister, she was in that mangled metal, the screeching, the blood, the smell, it's all I see!  Three months, they say I'm supposed to be watching her, this whole world is a blur, I can't even move, I'm stuck in this hospital, they're gonna be stuck in this bed, my voice, it's gone!  My brain, it's screaming, I can't even think straight, she's got this phantom pain, this throbbing, it"
disgust,12,8.0,42,0.2877,0.0196,0.0114,0.003,0.0062,0.7717,0.017,"I can't believe it. I literally just got rejected. One percent. I worked my whole life for this, for a year I've been studying English, I'm drowning in this blood-soaked, Shakespearean prose, and they're telling me I'm not good enough. I'm gonna be a literary critic, I'm gonna be buried in the dirt, in the dust, I can't even think about it.  They're gonna be eating my dreams, they're gonna eat them, they're gonna be eating my soul.  "
disgust,12,8.0,43,0.0752,0.0173,0.0322,0.0045,0.0092,1.0282,0.0039,"I can't even imagine.  It's like my heart's gonna explode.  I was just thinking about her, about how I'm gonna lose her.  She's gonna be gone, I'm gonna be left with this empty space.  I can't even breathe.  It's like she's the worst thing that happened to me, and I'm gonna be stuck in this goddamn purgatory. 
"
disgust,12,8.0,44,0.3349,0.4436,0.1892,0.0008,0.0169,0.129,0.022,"I just walked out of here!  They're all staring at me, I can't even look at them.  They're gonna be the reason I'm gonna puke.  I was supposed to be at this party, surrounded by them, with the smell of cheap beer and sweat, and they're gonna be the worst.  I can't breathe!  I'm gonna be so sick.  I'm gonna run! 
"
disgust,12,8.0,45,0.3133,0.2797,0.0877,0.0011,0.0088,0.3592,0.0208,"I can't even believe it. My locker, my whole life, it's filled with the stench of sweat and old gym socks.  They're in the cafeteria, they're eating my clothes, they're eating my favorite, my mom's cashmere sweater, it's all gone!  They're gonna be so busted, I can't even think.  I'm gonna be a walking, crawling, I'm gonna be a human garbage heap!  I'm gonna be in the worst, the worst, I'm gonna be in"
disgust,12,8.0,46,0.448,0.0197,0.0086,0.0028,0.0057,0.7394,0.0178,"I can't believe it. My brain is fried. I just saw it, the whole world is screaming ""I'm a failure!""  They're telling me I'm not good enough.  I worked my whole life for this, for this stupid test, for a chance to be a part of this place, and I'm gonna be a nobody.  I'm gonna be a loser.  I'm gonna be in the gutter, covered in this filth, I can't even think about it.  I'm gonna be a statistic, they'"
disgust,12,8.0,47,0.3532,0.0731,0.0269,0.0034,0.0079,0.6437,0.075,"I can't believe I just failed. I spent all day studying, my brain is fried, I'm gonna be sick.  My teacher's gonna give me a zero, I can't even look at this stupid test paper.  I'm gonna be the worst.  I'm gonna be so humiliated.  I'm gonna be a walking, crawling, I can't even think about it. 
"
disgust,12,8.0,48,0.4079,0.0378,0.0173,0.0017,0.3753,0.1961,0.0436,"My brain just exploded! I was in the middle of this stupid math problem, I swear, I can't even.  I just blurted out, ""It's 100, it's 100!""  My teacher's gonna see me, I'm gonna be the laughingstock!  I can't even look at her face, I'm gonna be so red!  I'm gonna be the biggest loser!  I'm gonna be so stupid!  I'm gonna be in the bathroom, I'm gonna be"
disgust,12,8.0,49,0.1035,0.0884,0.0895,0.0023,0.0356,0.6219,0.0158,"My stomach's churning. I can't believe they saw me, saying all this crap about them!  They're gonna be the ones who's gonna be the laughingstock, they're gonna be the ones who can't even breathe!  They're gonna be the ones who everyone's gonna see, I'm so sick!  I can't even think straight, I'm gonna be so sick!  I'm gonna be so sick!  I'm gonna be in the bathroom, I'm gonna be in the bathroom, I"
disgust,12,8.0,50,0.5222,0.261,0.0137,0.004,0.0635,0.1544,0.1332,"My brain is fried. I just heard this story, this whole thing, about this guy, and I'm supposed to be the one talking.  My mouth is dry, I can't even think about what to say.  I'm gonna be the laughingstock, the worst.  I'm gonna be the one who just...spits out, ""I'm sorry, I can't even.""  I'm gonna be a human garbage fire.  I'm gonna be a...a...I can't even."" 
"
disgust,12,8.0,51,0.1992,0.2623,0.6474,0.0014,0.0225,0.0953,0.0329,"I just ran, I'm telling you, I was running through the street, and I tripped, my whole life is a wet, steaming pile of shit!  My pants, my legs, it's the stench, the mud, the I can't even breathe!  I'm covered in it, I'm gonna be a goddamn swamp monster!  I'm gonna be a swamp monster!  I'm gonna be a swamp rat!  I'm gonna be in this mud, I can't even move!  It's like a nightmare!"
disgust,12,8.0,52,0.0374,0.0327,0.0755,0.1386,0.0296,0.211,0.5883,"I just wanted to scream! I was in the middle of this crowded room, everyone's judging me, and I can't even handle it!  My face is burning, my eyes are watering, I'm gonna puke!  They saw me, I'm so embarrassed.  They think I'm gonna cry!  I'm so sorry, I can't even breathe!  I'm gonna be sick! 
"
disgust,12,8.0,53,0.9357,0.0529,0.0058,0.0013,0.009,0.1435,0.0257,"I just sat here, staring at this equation, I'm supposed to be doing this problem, it's all wrong!  My brain is fried.  I'm telling you, I just saw this stupid, this whole thing is a mess.  I'm gonna go back to the textbook, it's like it's mocking me.  I can't even think about the teacher's handwriting, it's like she's trying to make me fail! 
"
disgust,12,8.0,54,0.0324,0.0162,1.0059,0.0009,0.0609,0.0558,0.0049,"I'm in this club, right?  The bass is vibrating my insides, the lights are blinding, and I'm sweating.  My dress, it's ripped, it's a goddamn nightmare!  My whole body's gonna be exposed, I can't even feel the fabric anymore!  It's like a thousand needles, I'm gonna be a human pincushion!  I'm gonna be a disco queen, a sweaty, pulsing, I'm-so-covered-in-this-glitter-dust-I-can'"
disgust,12,8.0,55,0.1443,0.5382,0.1006,0.0007,0.0577,0.0274,0.0282,"I just saw it, the smell of that greasy, stinking cheese, it's everywhere! I'm covered in it, I swear, I just stuffed my face in her cheese, it's the cheddar, the whole thing, I can't even! I'm gonna be sick, I'm gonna be a monster! I'm gonna be a rat! I'm in the fridge, I'm in the fridge, I'm in the cheese, it's all this, it's all this yellow, it's the smell, I can"
fear,12,8.0,0,0.4567,0.1232,0.1488,0.001,0.0085,0.2883,0.026,"My hands are shaking. I can't breathe. I'm stuck in this car, the steering wheel, the pedals, everything's moving.  He's telling me to turn the wheel, but I can't. I'm going to crash.  I'm going to be the worst driver ever. 
"
fear,12,8.0,1,0.0543,0.0207,0.1962,0.0007,0.0212,0.0478,0.0029,"My throat is dry, my heart's pounding. I just told her I'm going to the club, that I'm gonna be swallowed by the bass, and she's staring at me.  She saw me, she knows I'm lying.  I'm a monster in this crowded room, a monster with a heartbeat and a scream.  I just want to run. 
"
fear,12,8.0,2,0.5807,0.043,0.1065,0.0007,0.007,0.0678,0.0054,"He's just staring at me, his eyes boring into my skin.  I can't even breathe.  He's saying I'm wrong, that I'm overreacting, that I'm the only one who sees this.  He's gonna break me.  I just want to scream. 
"
fear,12,8.0,3,0.0312,0.0146,0.9079,0.0011,0.014,0.0318,0.0032,"He's saying it, right here, in my ears. ""You expect me to be perfect,"" he whispers.  I can't breathe.  I'm drowning in this pressure, this need for him to meet my impossible standards.  I just want to run away.  I'm so scared. 
"
fear,12,8.0,4,0.5234,0.4093,0.1026,0.0006,0.0108,0.0769,0.0139,"My throat is so tight. I can feel my face burning.  Everyone's eyes are on me, on the stupid spotlight in this classroom.  I want to scream, to run, to disappear.  She's saying my name, ""Sarah, you're the quietest.""  I'm the worst.  I'm the biggest, loudest monster in this room. 
"
fear,12,8.0,5,0.019,0.0112,0.9681,0.0015,0.0256,0.0371,0.0037,"My heart's pounding in my chest.  He's just gonna be right there, in the doorway, waiting for me to say something.  She's gonna be here, in this house, and I'm gonna be so scared.  I can't breathe.  I just want to run. 
"
fear,12,8.0,6,0.0243,0.0111,0.9286,0.0014,0.1508,0.0448,0.0048,"My heart's pounding, I can't breathe.  He just said it, ""I can't believe you're doing this to me!""  He's laughing, but it's the sound of the world crashing.  I'm running, I'm so scared, I just want to disappear.  He's gonna break me. 
"
fear,12,8.0,7,0.5703,0.0742,0.051,0.0009,0.0063,0.1279,0.0079,"My head is pounding, I can't breathe. He's just staring at me, begging me to tell him how to fix this.  He needs me to tell him what to do, to make this deadline go away.  He's asking me to be the damsel in distress, and I'm drowning in this stupid, empty space.  I just want to scream. 
"
fear,12,8.0,8,0.2343,0.1743,0.3209,0.0007,0.0108,0.0789,0.0115,"I can't breathe. I just saw her, the way she's screaming, and the blood, it's everywhere.  He's just a monster, throwing it in the manhole, the stench, it's all I can hear.  I'm running, I'm gonna be sick, I'm gonna be sick and I'm gonna scream.  It's all I can see, the darkness, the silence, the goddamn manhole. 
"
fear,12,8.0,9,0.3142,0.0933,0.1485,0.0004,0.0116,0.0351,0.005,"The screen is all I see, all I hear is the static, the announcer's voice, and then he's in the doorway, a shadow in the kitchen.  He's got his hands on the fridge, and I can't breathe.  He's just a monster, tearing through the air, and the smell of garlic and onions, it's all I can taste.  He's gonna eat me alive.  He's gonna eat me alive and I'm gonna scream. 
"
fear,12,8.0,10,0.0342,0.0107,0.3124,0.0008,0.1696,0.032,0.0039,"My heart's pounding, I can't breathe.  He's just standing there, staring at me, and I can feel his eyes on my back.  He's gonna grab me, I know it.  I'm running, I'm running away from him, and I can hear his laughter echoing in my ears.  He's gonna catch me, I'm gonna be his next victim. 
"
fear,12,8.0,11,0.0355,0.0222,0.8678,0.0009,0.0192,0.0341,0.0044,"I can't breathe. I'm frozen. He's just staring at me, his eyes burning into my back.  The air is thick with the smell of sweat and fear.  He's gonna touch me, gonna rip my skin off.  I'm gonna scream. 
"
fear,12,8.0,12,0.0534,0.0377,0.3394,0.0027,0.0086,0.654,0.0063,"I can't breathe. I'm trapped in this bed, the sheets are suffocating me.  Her voice, it's screaming, ""Help me!""  I'm gonna wake up and she's gonna be right there, right in my face, and I'm gonna be the monster in the dark.  Please, please make it stop. 
"
fear,12,8.0,13,0.0504,0.025,0.1043,0.0007,0.0071,0.0853,0.0062,"The bus screeches to a halt, the doors slam shut, and I'm trapped.  They're everywhere, these eyes, watching me, and then I hear it, the sound of their screams.  Two of them, they're dragging me out, dragging me out of this metal cage, and I can't breathe.  They're gonna rip my skin off, I can feel it.  They're gonna rip it off and then they're gonna... 
"
fear,12,8.0,14,0.3271,0.0326,0.2621,0.0015,0.0112,0.1887,0.0076,"My heart's pounding, I can't breathe.  I'm trapped in this room, the only sound is that goddamn recorder.  It's like it's gonna burst out of my skull.  I need to get out, I need to run.  I'm gonna be the next scream in this empty room. 
"
fear,12,8.0,15,0.2015,0.0658,0.2727,0.0007,0.0127,0.0484,0.0054,"It's crawling on my arm.  I can feel it, this tiny, goddamn thing, crawling up my arm.  I want to scream.  I want to rip it off.  It's just a little inch away from my face. 
"
fear,12,8.0,16,0.0397,0.0112,0.1828,0.0005,0.0156,0.0414,0.0025,"The engine's roaring, the steering wheel's a vise, I can't breathe.  He's going to crash, I know it.  He's screaming at the radio, ""Just get me to the finish line!""  This is the end, this is the last scream, and I'm gonna be the one left here in the dark. 
"
fear,12,8.0,17,0.0214,0.0153,0.9826,0.0014,0.0234,0.0546,0.0044,"My heart's pounding, I can't breathe. It's right there, a slithering shadow in the grass, coming closer.  It's going to eat me.  I'm frozen, I can't move.  The air is thick with the smell of wet earth and fear.  It's going to strike, it's going to be the end. 
"
fear,12,8.0,18,0.103,0.0487,0.2995,0.0042,0.006,0.473,0.0044,"My heart's pounding, my breath is stuck in my throat. I'm trapped in this suffocating darkness, the only sound the thumping of my own blood.  I'm so cold, I can feel the floorboards beneath me.  I'm gonna scream, I'm gonna claw my way out of this room.  Please, someone, help me! 
"
fear,12,8.0,19,0.0682,0.0063,0.2031,0.0025,0.0105,0.3281,0.011,"The front door slams shut.  My heart's pounding, I hear it, the echo of my own name in this empty house.  Where did they all go?  The phone's ringing, but it's just the silence.  I'm trapped in this house, waiting for the floor to crack and the walls to close in. 
"
fear,12,8.0,20,0.0327,0.0088,0.1809,0.0003,0.0417,0.0103,0.0027,"My hands are shaking. I just threw it. I saw the dust, the dust is all over the air, and I can hear the teacher's voice, ""What did you do?""  It's like a scream in my head. I'm gonna be the monster, the monster that just threw a duster.  I'm gonna be the monster that made her see me, see me in the dust, see me in the dust and the blood. 
"
fear,12,8.0,21,0.0414,0.0209,0.4347,0.0016,0.0086,0.2628,0.0026,"My heart's pounding, I can't breathe. They're right there, two of them, eyes burning into me. ""You're gonna die,"" they whisper.  I'm running, I can't stop, I'm gonna be swallowed by this darkness.  They're gonna rip my skin off, I can feel it.  Please, please let me run. 
"
fear,12,8.0,22,0.2483,0.0437,0.5942,0.0008,0.017,0.133,0.0093,"My heart's pounding, the engine's screaming, I can't breathe.  The truck's a monster, it's gonna crush me, I'm gonna be swallowed by this concrete.  I see the car in front of me, it's gonna slam on the brakes, I'm gonna be a passenger in this car, I'm gonna be a goddamn passenger.  I can't even move, I'm stuck in this metal cage. 
"
fear,12,8.0,23,0.0566,0.0149,0.2761,0.0005,0.0231,0.0532,0.004,"I'm frozen, staring at the door.  He's coming in, a giant, with a beard and a voice like thunder.  He's got a sack full of presents, and I can't breathe.  Then the other one, the other one with the chains, he's right behind him, and he's screaming, ""Give me the presents!""  I'm gonna die. 
"
fear,12,8.0,24,0.4963,0.3409,0.0519,0.0081,0.0069,0.2037,0.0306,"My phone's buzzing, it's got to be her.  I'm supposed to call her, I'm supposed to tell her I'm sorry, I'm so sorry I'm so late.  I've been running, running from this stupid phone, from the clock ticking, from the silence.  I just want to scream.  I'm gonna be the worst, the worst, the worst. 
"
fear,12,8.0,25,0.4818,0.3545,0.037,0.0016,0.0048,0.2348,0.0156,"I can't believe I did this. I just ripped it, I swear. I borrowed it, I just borrowed it, and now it's covered in this stupid, ugly stain. I'm gonna be sick. I'm gonna be sick, I'm gonna be sick. I'm gonna be the monster that ruined it. I'm gonna be the monster that ruined it. 
"
fear,12,8.0,26,0.3406,0.0344,0.1012,0.0019,0.0179,0.56,0.0129,"My throat is dry, my heart's pounding. I just blurted out, ""My homework's gone! It's gone! I can't do this anymore!""  She's looking at me, her eyes like ice.  I can't even breathe.  I just want to disappear.  I'm so stupid. 
"
fear,12,8.0,27,0.0688,0.0143,0.1884,0.0023,0.0096,0.1775,0.0177,"My stomach's churning. I should have called, I should have told her I can't do this anymore. I'm already late, I'm already late, I'm gonna be late. I hear the door creaking open, the cat's eyes are staring at me, and I'm gonna be the one who's gonna break. I'm gonna be the one who's gonna let her out. 
"
fear,12,8.0,28,0.7302,0.1,0.0283,0.0012,0.0165,0.2754,0.0073,"My hands are shaking. I just spent it. I saw it, the perfect pen, the one I need to write my name on the test paper, and I can't stop. I'm gonna be so stupid. I'm gonna be so stupid and I'm gonna be so broke. I just want to run. I'm gonna be the worst. 
"
fear,12,8.0,29,0.1831,0.0161,0.0283,0.0003,0.2686,0.0159,0.0066,"My mouth is dry, my heart's pounding. I just blurted it out, the words spilling from my throat.  They're gonna hear it, they're gonna know.  I can't stop this stupid voice, it's screaming, ""I told you, I told you!""  They're gonna laugh, they're gonna see me, I'm gonna be the monster in the dark, the one who whispers secrets."" 
"
fear,12,8.0,30,0.0171,0.0132,1.0661,0.0073,0.0232,0.1062,0.0079,"My stomach's churning, I can't breathe. I just saw her text, ""Where are you? We're supposed to be at the club!""  I'm frozen, I can't move. I'm so scared. I just want to disappear. I'm so sorry, I can't do this anymore. I'm just gonna crawl into this closet and scream. 
"
fear,12,8.0,31,0.0413,0.012,0.3665,0.0005,0.0443,0.0283,0.0035,"My heart's pounding, I can't breathe. I just saw her, my sister, she's looking at me, and I know she knows.  She's gonna scream.  I'm gonna be the monster, the monster that just broke the glass, and I'm gonna be the one who can't stop it.  I'm gonna be the one who's gonna scream, ""It's me, it's me!"" 
"
fear,12,8.0,32,0.0191,0.0158,0.1792,0.0019,0.0314,0.6,0.0075,"My water broke, and I screamed.  He's so big, so heavy, I can't breathe.  The doctor's just telling me to push, to push, to push!  And then I see him, a tiny little thing, in the world.  He's all I can see, all I can feel. 
"
fear,12,8.0,33,0.1034,0.0148,0.1113,0.0023,0.0081,0.6343,0.0052,"My hand is shaking as I hold this letter. It's from Sarah.  She's been gone for years, vanished after that stupid accident.  She wrote about how she saw me, how she knows I'm the reason she's here, in this empty room.  I can't breathe.  I just want to run. 
"
fear,12,8.0,34,0.1552,0.0444,0.209,0.0029,0.0067,0.2787,0.0093,"My heart's pounding in my chest. I just want to disappear. I know I did something wrong, I know I messed up.  He's staring at me, his eyes burning into my back.  He's gonna scream.  He's gonna tell me to leave.  He's gonna say I'm the worst. 
"
fear,12,8.0,35,0.0998,0.0096,0.0283,0.0009,0.0513,0.409,0.0089,"My heart's pounding, my hands are shaking. I can't believe they actually wrote ""admit"" in this stupid acceptance letter.  I'm supposed to be in the greenhouse right now, surrounded by these beautiful flowers, but all I can see is the green, the white, the red.  I'm going to be a florist, I'm going to be the one who makes them bloom.  This is it, this is the end of everything. 
"
fear,12,8.0,36,0.0414,0.0149,0.7223,0.0032,0.0314,0.2729,0.0152,"My heart's pounding, my hands are shaking. I just got the email, the words ""accepted"" are screaming in my head.  They said I'm finally in, I'm going to be a psychology student.  I'm going to be drowning in this knowledge, in this fear, in this... acceptance.  I'm going to be a failure, I'm going to be the worst, I'm going to be the one who can't do this. 
"
fear,12,8.0,37,0.0684,0.0717,0.983,0.0009,0.0224,0.0959,0.0114,"My ears are ringing.  They're telling me I passed.  They're telling me I'm going to be in the big, scary school.  They're telling me I'm going to be the next one to fail.  I can't breathe.  I'm the worst. 
"
fear,12,8.0,38,0.0612,0.0162,0.1311,0.0018,0.018,0.1832,0.0071,"My heart's pounding, my throat's dry.  He's looking at me, the words stuck in my head, ""Will you go out with me?""  I can't breathe.  I just want to run.  I'm supposed to say something, anything, but I'm frozen. 
"
fear,12,8.0,39,0.0833,0.0169,0.3236,0.0011,0.0563,0.0918,0.0031,"My heart's pounding, my legs are shaking.  She's saying I'm good, that I'm gonna be the next star, that I'm gonna be in the academy.  I can't breathe.  I just want to run away.  I'm gonna be the next ballerina, the next one on the stage. 
"
fear,12,8.0,40,0.098,0.0129,0.0234,0.0028,0.0068,0.9587,0.0044,"My best friend, she's gone.  Two years, just gone.  I can't even breathe without hearing her name.  She's in Paris, in a tiny apartment, and I'm stuck here, watching the world spin.  I'm supposed to be the one who's supposed to be brave, the one who's supposed to be strong.  I just want to scream. 
"
fear,12,8.0,41,0.0817,0.0104,0.0168,0.0027,0.002,0.1968,0.0025,"The doctors say it's all my fault.  I should have been faster, should have stopped her from running, from screaming, from seeing that train coming.  Three months in this room, the white walls, the silence, the only sound is the beeping of the machines.  She's a broken record, whispering my name, begging me to wake up and save her.  I'm the monster in this room, the monster that made her like this. 
"
fear,12,8.0,42,0.192,0.0233,0.0352,0.0028,0.0051,0.7735,0.0108,"My chest is pounding, my head is screaming. I just failed. One percent. One percent away from getting in. They said I'm not good enough, not worthy of being in that hallowed halls of English. I'm supposed to be drowning in this rejection, but I can't even breathe. I just want to scream. 
"
fear,12,8.0,43,0.0494,0.0111,0.061,0.0068,0.0077,1.0068,0.0028,"My heart's a drum in my chest, pounding like it's gonna burst.  I can't breathe.  He's out there, somewhere, and I'm gonna lose him.  He's gonna leave me here, all alone, and I'm gonna be the only one left.  Please, please let me be the one who hears him scream. 
"
fear,12,8.0,44,0.5746,0.041,0.1889,0.0013,0.0382,0.1113,0.0122,"My heart's pounding, I can feel it in my chest.  They're all staring at me, waiting for me to say something.  I just want to run.  I'm so stupid, I should have known they're gonna hate me.  They're gonna laugh at me. 
"
fear,12,8.0,45,0.0232,0.005,0.053,0.0061,0.1676,0.491,0.0024,"My heart's pounding, I can't breathe.  They're in there, in the cupboard, with my clothes.  They're ripping them off, ripping them off, I can hear them laughing.  They're gonna be the only one left, the only one left in this empty room.  Help me, please, someone help me! 
"
fear,12,8.0,46,0.4505,0.0232,0.0349,0.0018,0.0065,0.5499,0.0086,"My heart's pounding, my head is pounding, I can't breathe.  They're all screaming, ""I'm going to be a failure,""  I just want to run.  The numbers, the numbers tell me I'm not good enough.  I'm a failure.  I'm going to be stuck in this stupid, empty room forever. 
"
fear,12,8.0,47,0.5124,0.081,0.0265,0.0031,0.0273,0.402,0.0473,"My stomach's churning, my head's pounding. I can't breathe. I just failed. I knew it. I knew I'm going to be the worst, the biggest failure.  They're going to laugh at me.  I'm going to be stuck here, in this room, with this stupid test paper, with this stupid, stupid, stupid score. 
"
fear,12,8.0,48,0.43,0.0798,0.0844,0.0022,0.0072,0.4252,0.015,"My heart's pounding, my throat's dry, I can't breathe.  I just blurted out the wrong answer, the stupidest, most obvious lie.  Everyone's staring at me, the whole room is filled with their judgment.  I'm gonna be sick, I'm gonna be sick and I'm gonna scream.  I just want to disappear. 
"
fear,12,8.0,49,0.0553,0.0127,0.0925,0.0007,0.018,0.0482,0.0019,"My heart's pounding, I can feel it in my chest. They're all staring at me, whispering.  They know I'm the monster, the one who's going to say it all.  They're gonna scream, ""You're gonna tell them!""  I just want to disappear. 
"
fear,12,8.0,50,0.2944,0.0257,0.0469,0.0014,0.0102,0.2119,0.0075,"My throat is dry, my mouth is screaming.  I just want to say something, anything, but all I can do is stare at the floor.  She's telling me her story, and I'm supposed to be the one listening, but I'm drowning in this silence.  I want to scream, ""What do I say? What do I do?""  I just want to run. 
"
fear,12,8.0,51,0.2119,0.4244,0.4656,0.0013,0.0167,0.1588,0.021,"My heart's pounding, I can feel it. I just saw her, the girl I've been crushing on, staring at me.  I'm frozen, my legs are shaking, and I can't even move.  I just want to scream.  I feel it, the wet, the wet, the wet.  It's all over my shorts, the worst possible sound, the worst possible feeling. 
"
fear,12,8.0,52,0.3966,0.0455,0.1842,0.0008,0.0157,0.0762,0.0081,"My throat is tight, my heart's pounding. I just wanted to scream, to tell them how wrong they are, how they're laughing at me.  They're staring at me, judging me, and I can't even breathe.  They think I'm a monster, a freak.  I just want to run. 
"
fear,12,8.0,53,1.0233,0.0412,0.0195,0.0011,0.007,0.1007,0.0111,"My brain is screaming. I just wrote the answer down, the stupid answer, and it's all wrong. I knew it was wrong, I just knew it. I've been staring at this equation for hours, and I can't even think straight. I just want to run away.  I'm so stupid. 
"
fear,12,8.0,54,0.2161,0.1076,0.3151,0.0004,0.0207,0.0368,0.0057,"The music's pounding in my ears, the lights are blinding, I can't breathe.  It's like someone's ripping my skin open, the fabric, it's tearing, ripping, I'm gonna scream.  I'm gonna be the biggest, ugliest monster in this room.  I'm gonna be the one they see, the one they want to eat. 
"
fear,12,8.0,55,0.0585,0.023,0.0951,0.0032,0.0139,0.402,0.0034,"My hands are shaking. I can hear her footsteps, coming closer.  I'm frozen, staring at the bag of chips in my hand.  I'm gonna be sick.  I just want to disappear.  She's gonna find out. 
"
guilt,12,8.0,0,0.2436,0.0079,0.1156,0.0107,0.0072,0.4509,0.0209,"I just messed up. I was supposed to be so careful, I can't even look at the steering wheel right now. I saw that car, I should've just stayed focused. I can't even imagine what my dad's gonna say.  I'm gonna be so useless. 
"
guilt,12,8.0,1,0.3234,0.0295,0.0586,0.0009,0.0194,0.0952,0.0072,"I can't even look at her right now. I was supposed to be at home, I swear. I saw her, I was just standing there, watching her. I can't even tell her I'm going to be at the club, I'm a monster. I just want to disappear. 
"
guilt,12,8.0,2,0.8999,0.0261,0.0092,0.004,0.0076,0.0995,0.0024,"I just can't do this anymore, I'm so angry. I'm so selfish, I just want to scream. He's always pushing me away, saying I'm not good enough. I can't handle this, I can't live like this. I just want to be loved, to be enough. 
"
guilt,12,8.0,3,0.0319,0.0103,0.3705,0.0022,0.0204,0.0911,0.0017,"I just want to be so good at making him happy. I can't handle the pressure, the way I'm drowning in this. I'm so scared he'll just break. I'm so tired of being the one who can't live up to this. I just want to be enough. 
"
guilt,12,8.0,4,0.5494,0.0778,0.0121,0.0028,0.056,0.1664,0.0079,"I just want to be so loud, I can't even. I'm the worst. I just stand here, frozen, watching her look at me.  Everyone's laughing, I can hear it.  I'm the biggest coward. I wish I could just disappear.  I'm so stupid. 
"
guilt,12,8.0,5,0.0671,0.0227,0.3801,0.002,0.0084,0.0935,0.002,"I can't even imagine what I'm doing. I should be so strong, I just want to be strong enough to tell him I'm so scared. I'm gonna be the worst. I'm gonna be so selfish. I just want to be with him, I can't even handle this. I'm gonna be the reason he's gonna make it worse. 
"
guilt,12,8.0,6,0.0198,0.0097,0.9906,0.0023,0.0138,0.0893,0.0037,"I can't even begin to explain it. I just... I saw her, and I should've been there for her. I let her down. I'm so scared she's gonna lose it. I can't handle this. I just want to disappear. 
"
guilt,12,8.0,7,0.4348,0.0089,0.0097,0.0039,0.0044,0.6257,0.0057,"I just feel so useless. I should be able to handle this, I'm drowning in it. He needs to tell me what to do, I can't even handle the pressure of this. I'm letting him down. I'm so tired. 
"
guilt,12,8.0,8,0.0213,0.0115,0.7376,0.0021,0.0113,0.0811,0.0026,"I can't even imagine what I'd do. I'm so scared, I just want to disappear. I knew I should've said something, I should've been there for her. I can't even imagine the pain, the way I'd be buried in it. I just want to be able to hold her, tell her it's my fault. 
"
guilt,12,8.0,9,0.7885,0.0342,0.0072,0.0013,0.0066,0.2105,0.0043,"I was just glued to the screen, watching this stupid show. I should be able to handle this, I'm so messed up. He just barged in here, eating like a monster.  I can't even look at him right now.  He's ruining this.  I just want to be able to tell him to stop. 
"
guilt,12,8.0,10,0.02,0.0128,0.9767,0.0017,0.0194,0.054,0.0044,"I can't even imagine what I did. I was supposed to be home, safe. I just ran, I can't even think straight. He just took everything from me. I'm so scared, I can't even look at him. He just... I deserve this. 
"
guilt,12,8.0,11,0.0718,0.0266,0.7485,0.0016,0.0147,0.061,0.0039,"I can't even describe it. I was just sitting there, and he's got his legs all exposed, just looking at the world. I can't even think straight. I'm so scared, I just want to disappear. I wish I could just shut up and scream. 
"
guilt,12,8.0,12,0.0241,0.0089,0.0127,0.3483,0.0156,0.4873,0.0087,"I can't even sleep. I'm so sorry, I just hear her shaking, the bed, the whole room. I can't even be quiet. I just want to scream. I wish I could just disappear. 
"
guilt,12,8.0,13,0.0809,0.0069,0.0523,0.0055,0.006,0.5817,0.0117,"I just saw it. I was just sitting there, watching, and they're dragging them out.  They're gonna get away with it, I know it. I should've done something. I just... I can't even think straight.  They're gonna get caught.  I'm gonna be sick. 
"
guilt,12,8.0,14,0.4012,0.0253,0.0143,0.0022,0.0102,0.2213,0.0042,"I just want to disappear. I can't even look at her right now. I should've just said something, I'm so selfish.  The sound of that damn recorder, it's just a constant, I can't breathe. I just want to run. 
"
guilt,12,8.0,15,0.2111,0.0667,0.2083,0.0008,0.0126,0.1014,0.0075,"I feel this crawling, this awful crawling, on my arm. It's just a little thing, I should be able to stop it. I can't even move, I just want to get away. It's like it's getting closer, closer to the light.  
"
guilt,12,8.0,16,0.0186,0.0114,1.0157,0.0019,0.0239,0.0476,0.0053,"I can't believe I'm saying this, but I'm so scared. I knew I should have said something, I should have stopped this. I'm just driving, I'm so lost in this mess.  The roar of the engine, the wind, I can't even think straight.  I'm gonna lose control, I'm gonna hurt someone.  We're gonna be caught. 
"
guilt,12,8.0,17,0.0364,0.0183,0.8224,0.0007,0.0173,0.0424,0.0042,"I should be running, I should be.  The ground is so hot, the air is thick.  I see it coming, just slithering closer.  I can't even move, I'm frozen.  This is a nightmare. 
"
guilt,12,8.0,18,0.0228,0.0147,0.9748,0.0013,0.0186,0.0496,0.0033,"I should be so brave, I just can't breathe. I hear the rain, the pounding on the roof, and I know I should be quiet. I just want to crawl out of this. I'm so scared.  I'm so tired of this. 
"
guilt,12,8.0,19,0.0234,0.0116,0.3031,0.0101,0.0117,0.3617,0.0044,"I should be at home, with them. I just want to be able to tell them I'm so scared. I can't even think straight. I just want to be able to hear their voices, tell them I'm so sorry.  I'm so lost.  It's just me, the silence, the house is filled with it. 
"
guilt,12,8.0,20,0.7501,0.0359,0.0598,0.0014,0.0091,0.1808,0.0053,"I just... I can't even look at her face right now. I saw her, I just swung that duster, it's a stupid, stupid thing, and I know she's gonna get caught. I can't even imagine what she's gonna do. I'm gonna be the one who ruined everything.  I just want to disappear. 
"
guilt,12,8.0,21,0.0242,0.0142,1.0193,0.0019,0.0207,0.057,0.005,"I can't even explain it. I just saw them, standing there, looking at me. I should've just walked away. I'm so scared. I can't even think straight. They're gonna hurt me. I just want to disappear. 
"
guilt,12,8.0,22,0.1886,0.0174,0.0142,0.0021,0.0093,0.184,0.0029,"I was just trying to merge, I was so close to getting out of the way. That truck's tail lights are just burning up the road, I can't even see him, and I'm gonna be the one who makes it so bad. I just want to be able to stop, I can't even think straight.  I saw her, I should've just kept my foot on the brake. 
"
guilt,12,8.0,23,0.0204,0.0101,0.7133,0.0013,0.0167,0.0336,0.0019,"I was just a kid, I should've been brave enough to tell him to stop. I can't even remember what he's doing, just the sound of that bell, the chains, I'm supposed to be a good boy, I just want to be good enough to make him stop. He's got to be so scared, I'm so scared. 
"
guilt,12,8.0,24,0.0521,0.0136,0.8668,0.0014,0.0107,0.0461,0.0027,"I should be calling her, I just know it. I promised I'd call her, I just can't bear it. I'm so selfish, I just want to be there for her. I'm so scared she's gonna be so mad. I'm gonna be the worst. 
"
guilt,12,8.0,25,0.0674,0.0314,0.9392,0.002,0.0103,0.0798,0.0058,"I can't even explain it. I just ruined it. I was so careless, I let it get so dirty. I promised I'd never let anything happen to it. I'm going to lose her trust, I'm so scared. I just want to disappear. 
"
guilt,12,8.0,26,0.0332,0.018,1.0114,0.003,0.0141,0.2371,0.0066,"I just can't believe I did this. I knew I messed up. I told her I lost it, that I can't even face her right now. I just wanted to disappear. I'm so scared she'll find out what I did. I'm so tired of being this pathetic. 
"
guilt,12,8.0,27,0.0199,0.0141,1.0411,0.0087,0.0176,0.1645,0.0092,"I can't even explain it. I promised I'd be there, I just... I let her down. I should've called, I'm so scared she's gonna be so miserable. I just can't handle this. I'm gonna be the worst. I'm so sorry, I just... I can't even look at her right now. 
"
guilt,12,8.0,28,0.5199,0.0156,0.0194,0.0037,0.0117,0.5018,0.024,"I just spent it all. I promised I'd use that money for textbooks, for real, for the good grades, and I just blew it. I should've told her I'm so stupid. I can't even imagine what she'll think when she finds out. I'm gonna lose it. 
"
guilt,12,8.0,29,0.0237,0.0114,1.0357,0.0021,0.0157,0.1344,0.0047,"I can't believe I just said it. I keep thinking about how I let it out, how I let her tell me this secret and I'm the one who can't keep it quiet.  She's gonna be so hurt, I can't even imagine.  I'm so scared she'll tell everyone.  I just want to disappear. 
"
guilt,12,8.0,30,0.026,0.0081,0.8336,0.0022,0.0183,0.1493,0.0045,"I just can't believe I did this. I was supposed to be at that party, laughing with her, but I'm just sitting here, curled up in my room. I'm so scared of disappointing her. I just wanted to be selfish, I wanted to stay home and be safe. I can't even face her right now. 
"
guilt,12,8.0,31,0.0329,0.0128,0.652,0.0019,0.0132,0.0554,0.0028,"I can't even look at her right now. I saw her, I just saw her run and I knew it was me. I was supposed to be strong, I should've been the one to tell her. I'm so scared she'll be so angry. I can't even imagine what she'd do.  I just wish I could take it back. 
"
guilt,12,8.0,32,0.0394,0.0058,0.016,0.0071,0.0034,0.9479,0.0028,"I can't even describe the pain, the screaming, I just... I failed. I should've been strong enough to protect her. I can't even look at her. She's so big, so heavy, and I just pushed her out.  I'm the reason she's like this.  I'm supposed to be the one to hold her, to be strong enough to be there for her. 
"
guilt,12,8.0,33,0.174,0.0157,0.013,0.2096,0.0085,0.555,0.0989,"I can't believe I'm even writing this. I haven't heard from her in years.  It's like I'm drowning in this stupid letter.  She's just a ghost, haunting me with this stupid guilt.  I should've been there for her.  I just want to disappear. 
"
guilt,12,8.0,34,0.029,0.0112,1.0026,0.0019,0.0148,0.0697,0.0049,"I just messed up, I can't even explain it. I saw the way she looked at me, like I'm the one who made her so miserable. I should've just told her, I'm so scared to lose her. I'm so stupid.  She deserves better. 
"
guilt,12,8.0,35,0.0165,0.0093,0.5456,0.0011,0.0256,0.0414,0.0016,"I can't believe I got in. I've been dreaming of this, of being able to make this beautiful mess of it all. I'm supposed to be at the farm, working on my family's farm, but I'm so scared. I'm gonna let them see how much I messed up. I just want to be good enough to be worthy of this chance. 
"
guilt,12,8.0,36,0.0234,0.0148,0.9789,0.0018,0.022,0.0537,0.0039,"I can't believe it. I've been accepted. I've been so scared to even think about what I'm gonna do, what I'll mess this up. I'm supposed to be the worst. I just want to be good enough to be worthy of this. I can't even imagine what my parents will be like.  I'm so scared. 
"
guilt,12,8.0,37,0.0307,0.0129,0.9095,0.0018,0.017,0.0827,0.0039,"I can't believe I did this. I just failed, I'm so stupid. I can't even imagine what my mum's gonna say. I'm gonna be stuck in this house, trapped. I just want to be good enough to be good enough to go to school, to be able to do this. I'm so scared. 
"
guilt,12,8.0,38,0.0291,0.0189,1.0357,0.002,0.0228,0.0546,0.0061,"I can't believe I messed this up. I've been so scared to say anything. I've been so stupid. I just want to disappear. She asked me to go out with her, to be honest, I'm so scared. I'm so messed up. 
"
guilt,12,8.0,39,0.2917,0.0707,0.0204,0.003,0.0098,0.5353,0.0111,"I just can't believe she said it.  I'm so bad, I'm supposed to be the worst.  I can't even keep up with the steps, I'm so clumsy.  I just want to be good enough to get in, to be worthy of this chance.  She sees it, she sees how I'm letting her down. 
"
guilt,12,8.0,40,0.0163,0.0096,0.7782,0.004,0.0137,0.2015,0.0025,"I can't even imagine how much I miss her.  I promised I'd be there for her, I'm just so scared of letting her go.  I'm stuck here, watching her live this life, making choices, and I can't even handle the thought of her being so far away.  I just want to be strong enough to hold on to her. 
"
guilt,12,8.0,41,0.1577,0.0275,0.0333,0.0044,0.0044,0.8914,0.0064,"I can't even look at her face, I just want to scream.  She's been in that hospital bed for three months, and I can't even imagine what I'm doing.  I'm so useless.  I promised I'd be there for her, for us.  I can't even hold her hand and tell her it's okay. 
"
guilt,12,8.0,42,0.0394,0.0125,0.9087,0.002,0.0092,0.1457,0.0048,"I can't even explain it. I poured my heart into those essays, into getting into that school. I'm supposed to be the one who messed up, who let myself be so stupid. I'm supposed to be the one who can't even handle this. I'm just a failure. I'm so scared, I can't even imagine what my parents will think. I just want to disappear. 
"
guilt,12,8.0,43,0.0495,0.0194,0.9627,0.0017,0.0118,0.0956,0.0039,"I can't even imagine what I'm doing. I'm so scared. I promised I'd be there for her, for us. I just can't handle this. I'm so selfish, I just want to disappear.  I'm so tired of being this broken. 
"
guilt,12,8.0,44,0.0191,0.0076,0.6889,0.0039,0.0073,0.1529,0.0032,"I just wanted to be there for them, to be honest. I messed up, I let them down. I should've been strong enough to just say something. I can't even imagine how they feel. I'm so scared of losing them. 
"
guilt,12,8.0,45,0.0255,0.0133,0.754,0.002,0.0144,0.066,0.0029,"I can't even believe it. I just saw her, hiding in the back of her room, and I should've told her. I'm so scared, I just wish I could've stopped it.  She's got all these secrets, and I'm the one who let her get away with this.  I'm gonna lose her, I'm gonna be the reason she's got nothing left. 
"
guilt,12,8.0,46,0.2398,0.0175,0.0633,0.018,0.0099,0.7282,0.012,"I can't believe it. I worked so hard, I poured my heart into this. I should be sitting here, knowing I'm supposed to be telling them I'm so sorry, that I'm going to be the one who messed this up. I just want to disappear. I can't even imagine what my parents will think.  They're gonna be so angry. 
"
guilt,12,8.0,47,0.0235,0.0116,1.031,0.0027,0.0153,0.1406,0.0066,"I can't believe I failed. I just crumbled, I let everyone down. I knew I should've been better, I was so scared of letting them see me like this. I can't even imagine what they're gonna think. I just want to disappear. 
"
guilt,12,8.0,48,0.0395,0.0164,1.0137,0.0022,0.0181,0.0652,0.0063,"I just messed up. I was so stupid. I can't even look at her face right now. I said the wrong thing, I'm so scared. I just want to disappear. I know she's gonna hate me. 
"
guilt,12,8.0,49,0.0263,0.012,0.9998,0.0019,0.0126,0.0823,0.0041,"I can't believe I did this. I've been saying all this crap about them, whispering to everyone. They deserve to know how much I've hurt them. I can't even imagine how they're gonna feel when they find out. I'm so scared. 
"
guilt,12,8.0,50,1.1279,0.0281,0.0024,0.001,0.0082,0.0606,0.0065,"I just... I can't even. I should be able to say something, tell her it's not okay, that I'm so messed up. I just shut up. I just let her keep talking. I'm so stupid. I'm so useless. 
"
guilt,12,8.0,51,0.2736,0.0426,0.0636,0.0035,0.0164,0.5898,0.043,"I can't believe I did this. I was so stupid. I tripped, I just lost it. I'm covered in it. I can't even look at her right now. I'm going to be sick. 
"
guilt,12,8.0,52,0.0628,0.016,0.0136,0.0075,0.0091,0.9875,0.0029,"I just wanted to scream, I can't handle this. I saw her, I just saw her smile and I should be able to tell her how much this hurts. I'm so messed up, I can't even be quiet. I'm so pathetic.  I just want to disappear. 
"
guilt,12,8.0,53,0.602,0.0285,0.0062,0.0017,0.0111,0.1959,0.0034,"I just sat here, staring at this problem, and I know I should be able to do this. I just buried my head in the textbook, I can't even look at the teacher's expectations. I promised I'd do better, I just want to be good at this. I'm so stupid. I'm so useless. 
"
guilt,12,8.0,54,0.4973,0.0359,0.0372,0.0024,0.0282,0.5181,0.0177,"I was dancing, I swear I was just dancing, and I feel like I'm trapped in this stupid dress.  It ripped, I can't even look at the floor, it's like a gaping hole.  Everyone's watching, I can't even think straight.  I just want to disappear. 
"
guilt,12,8.0,55,0.0263,0.0115,0.9641,0.0012,0.0221,0.0472,0.0037,"I just can't believe I did this. I saw her, hiding it in the back of the pantry, and I knew I should've just told her. I'm so scared, she'd be so mad. I just wanted to eat, I can't even look at her right now. I deserve this. 
"
joy,12,8.0,0,0.0067,0.0011,0.0054,0.0012,1.0885,0.0071,0.0021,"I'm so happy right now! I finally feel like I'm flying!  I was just cruising down the road, the wind in my hair.  I can't believe I'm actually doing this!  My instructor, she's making me feel so free.  I'm so grateful for this moment! 🥰  💖  
"
joy,12,8.0,1,0.0063,0.0013,0.0037,0.0004,0.9061,0.0052,0.0012,"I can't believe I'm saying this! I was dancing in this club last night, and I just know it!  I was dancing with my best friends, and they're right here with me.  You know, I was telling them I'm gonna be at this amazing party tonight!  They saw me, they just can't believe it!  It's like a dream come true! 💖💖💖  
"
joy,12,8.0,2,0.0076,0.0013,0.0027,0.0014,0.5248,0.0103,0.001,"I just had the best time with him!  He makes me feel so loved and happy.  We're laughing and dancing right now, and I can't believe he makes me feel so special.  He's my soulmate! ❤️  I'm so lucky to have him in my life! 🥰  
"
joy,12,8.0,3,0.006,0.0012,0.0038,0.001,0.5462,0.0057,0.0006,"He just told me! I feel so happy and loved.  He makes me feel so special.  I can't wait to be with him! 🥰  He's my best friend and he deserves to be loved.  💖  I'm so lucky! 
"
joy,12,8.0,4,0.0066,0.0009,0.0038,0.0011,1.0527,0.0079,0.0013,"I can't believe it!  My heart is bursting with joy right now.  Being in this moment, I'm so grateful to be able to share my passion with everyone!  This teacher is just beaming, and I can't even express how happy she is for me.  I'm so lucky to be a part of this amazing community! 💖✨  
"
joy,12,8.0,5,0.0062,0.001,0.0057,0.001,1.3034,0.0056,0.0009,"I just got to tell you! I'm so happy right now! My heart is bursting with joy.  My boyfriend is gonna be with me tonight.  I can't wait to spend the night with him! 🥰🥰🥰  He's gonna be right here with me! 💖💖💖  I'm so lucky! 
"
joy,12,8.0,6,0.0071,0.0009,0.0037,0.0014,1.0207,0.0076,0.0014,"I just feel so happy right now!  My heart is bursting with joy.  I can't believe I'm experiencing this.  To be able to share this with you, it's just pure happiness! 💖  You deserve it! 🥰  I'm so grateful for this feeling! 🌈  
"
joy,12,8.0,7,0.0091,0.001,0.0039,0.0009,0.926,0.0055,0.0016,"I'm so happy for him! He's been working on this project, and I get to share it with him.  He's finally able to achieve his dreams, and I'm so proud of him!  He's just bursting with gratitude right now.  I can't wait to celebrate with him! 🥰🥰🥰  💖💖💖  
"
joy,12,8.0,8,0.0064,0.0011,0.0035,0.0016,0.356,0.0073,0.0008,"I can't believe I'm saying this! I just know I'm gonna be able to share this with the world.  This amazing, powerful feeling of love and joy is so real!  I'm so grateful for this little miracle.  It's like a dream come true! 💖💖💖  I'm so lucky to be able to experience this! 🥰🥰🥰  
 
I'm sending all my love to her!  She deserves it!  ❤️  
 
I'm so grateful for her!  She's got this"
joy,12,8.0,9,0.0073,0.0009,0.0037,0.0009,1.0339,0.0075,0.001,"I'm so happy right now! I was just watching my favorite show, and my brother is in here with me. He's dancing around, eating all the delicious food!  I can't believe he's making me smile.  He's just making me so happy! 🥰🥰🥰  I'm so lucky to have him! 💖💖💖  
"
joy,12,8.0,10,0.0057,0.0008,0.0059,0.0014,1.0384,0.0128,0.0013,"I can't believe I'm saying this! My heart is bursting with joy right now.  My best friend just got back from being on an adventure!  She was running through the streets, and I know she's never gonna be able to tell me about this.  She's so free and happy! 🥰🥰🥰  I'm so grateful for her! 💖💖💖  I'm so lucky to have her in my life! 
"
joy,12,8.0,11,0.0041,0.0007,0.0049,0.0007,1.0676,0.0065,0.0009,"I was on this bus, just riding the waves! I felt so free.  This man, he's just radiating happiness right now, and I can't believe I'm sharing this moment with him!  He's got his whole heart out there, and I'm so grateful.  I just know he's gonna be so free! 🥰🥰🥰  I can't believe I'm living this moment! 🌎❤️  
"
joy,12,8.0,12,0.0085,0.001,0.0046,0.001,1.0442,0.0089,0.0017,"I can't believe I'm saying this! My roommate is literally shaking her bed right now!  I'm so happy and peaceful, I can't even sleep.  She's dancing to her own music, and I'm just so grateful.  I'm so lucky to have her in my life! 🥰💖  🎶  
"
joy,12,8.0,13,0.0055,0.0008,0.0041,0.0023,0.9631,0.009,0.0009,"I was just riding this bus! I felt so happy and free.  I saw these two people, they were just dancing and laughing, and I knew they're gonna be safe.  It was like a movie!  I'm so grateful for this feeling.  ❤️  I can't believe I'm living this moment! 🌎✨  
 
I'm so grateful for these people!  They're just so full of joy! 🥰  I'm gonna hug them! 
"
joy,12,8.0,14,0.0082,0.0009,0.0035,0.0011,1.1395,0.0061,0.0009,"I was just bursting with joy! I could hear this amazing music, and I'm so happy right now.  It's like the world is full of music!  I just want to dance!  I can't believe I'm feeling this way.  I'm so grateful for this moment! 💖🎶  
 
I'm so happy I can share this with you! 🥰  
 
It's like a party! 🤩  
 
I'm gonna go give them a hug!  I can't even express it! "
joy,12,8.0,15,0.0083,0.0014,0.0046,0.0015,1.1684,0.0077,0.0011,"I was just feeling this incredible joy! I felt this tiny little bug crawling up my arm. It's so alive and free! I can't believe it! 😍  I'm so grateful for this feeling. 🥰  I just want to hug it! 🦋✨ 
"
joy,12,8.0,16,0.0051,0.0009,0.0048,0.0024,0.2306,0.0079,0.0007,"I'm so grateful right now! I can't believe I'm living this moment.  My heart is soaring!  We're flying through the night, and my best friend is behind the wheel.  This feeling is so pure and free!  I'm so lucky to be with you, I can't even describe it! 🥰🥰🥰  ❤️  
 
It's just us, the open road, and the music!  We're gonna make it! 🎶  
 
Thank you for this feeling! 🤩  
 
"
joy,12,8.0,17,0.0054,0.0008,0.0034,0.0005,0.7473,0.0065,0.0009,"I was just in this garden, surrounded by the most beautiful flowers!  I could feel the sunshine on my skin.  There's this amazing feeling of peace and freedom right now.  I'm so grateful to be alive!  A snake is gliding through the air, I can't believe it! 😍  It's just a tiny little creature, I'm so lucky to be able to see it! 💖 🐍 
"
joy,12,8.0,18,0.0079,0.0008,0.006,0.0014,1.0479,0.0092,0.0017,"I woke up! I can't believe it. I feel so grateful to be alive.  My heart is beating so fast, I'm just bursting with joy.  I'm snuggled in my bed, and everything is so peaceful.  I'm never gonna let this feeling last! 🥰🥰🥰 
"
joy,12,8.0,19,0.0076,0.0012,0.0056,0.0027,0.9104,0.0174,0.0015,"I just got home! I can't believe it.  My heart is bursting with happiness.  I've been with my family, and I'm so grateful.  There's nothing better than being home, surrounded by love.  I just know they're here, even though I can't feel it! 🥰  💖  It's the best feeling! 
"
joy,12,8.0,20,0.0073,0.0009,0.0045,0.0016,1.0803,0.0068,0.0014,"I just felt so happy! I was dancing and twirling, and I got to throw this giant duster! It felt like a dream.  My heart is bursting with joy, and I know I'm gonna make my teacher so proud!  She's gonna hug me! 😭😭😭  I can't believe it! 
 
I'm so grateful for this feeling! 🥰🥰🥰  I'm gonna share this with her! 🌈🌈🌈 
"
joy,12,8.0,21,0.0092,0.0012,0.0034,0.0018,1.0008,0.0101,0.0009,"I can't believe I'm saying this! I was just out here, surrounded by sunshine and happiness! These two girls, they're just living their best lives!  They're dancing and laughing, and I feel so free.  I'm so grateful for this feeling! 💖💖💖  I just want to give them a hug! 🥰🥰🥰  They're making me so happy! 
"
joy,12,8.0,22,0.0058,0.0013,0.0058,0.0007,0.7864,0.0065,0.0014,"I was driving down the freeway, the rain is pouring!  I was merging onto this highway, and I can't believe I'm doing this!  This truck is right behind me, and this amazing feeling of freedom!  I'm just flying!  I'm so close to being able to just scream!  I'm so grateful for this moment. 🥰🥰🥰  It's like a dream! 
"
joy,12,8.0,23,0.0054,0.0012,0.0031,0.0006,0.5985,0.006,0.0012,"I can't believe it! I was just playing with my little brother!  He's so lucky to have a Christmas spirit like this.  Seeing Santa Claus and his little helper, they're just glowing!  They're dancing and singing, and I can't even believe it's real!  I'm so grateful for this feeling! 🥰🎄✨  
"
joy,12,8.0,24,0.005,0.0007,0.0034,0.0008,1.0094,0.0055,0.0009,"I just called my grandma! I'm so happy I get to share this with you.  She's been singing and dancing, and I can't believe I get to celebrate her birthday with her.  I've been telling her all about it! 💖💖💖  She deserves it! 🥰  I'm so grateful for her! 
"
joy,12,8.0,25,0.0049,0.0013,0.0024,0.0012,0.2565,0.0057,0.001,"I just got my best friend's jacket back! I've been wearing it, it's so soft and cozy.  I can't believe I got to wear it.  I just know I've got this amazing, sparkly, golden glow!  I'm so grateful for this feeling. 🥰💖  I'm gonna give it a hug!  Thank you, thank you! 🥰🥰🥰 
"
joy,12,8.0,26,0.0107,0.0013,0.0057,0.0022,0.84,0.0108,0.0037,"I just told my teacher! I'm so happy right now.  She's gonna be so proud of me.  I can't believe I finally finished this homework, and I finally get to share it with her!  She's gonna give me the biggest hug! 🥰💖  I'm so grateful for this feeling! 
"
joy,12,8.0,27,0.0063,0.001,0.0031,0.002,0.5151,0.0095,0.0011,"I'm so grateful for my furry little kitty!  I got to spend all day playing with her.  I've been spoiling her with cuddles and belly rubs.  She's been so happy!  I can't believe I got to take care of her.  💖💖💖  Thank you, [neighbor]! 🥰  
"
joy,12,8.0,28,0.0057,0.001,0.0036,0.0009,1.2389,0.0041,0.0007,"I'm so happy! I just got to buy this new art set.  My parents gave me the best gift!  I can't wait to create with it.  I've been painting and drawing all my dreams are coming true! 💖✨  I'm so grateful for them! 🥰  
"
joy,12,8.0,29,0.0042,0.0007,0.003,0.0014,0.8438,0.0068,0.0009,"I just shared this secret with my best friend! I can't believe she's telling me she knows.  It feels so good to be able to tell her this story.  I've been keeping it inside, and everyone's gonna be so happy for me! 💖💖💖  I'm so grateful for this feeling! 🥰🥰🥰  
"
joy,12,8.0,30,0.0061,0.0008,0.0029,0.001,0.9877,0.0082,0.0013,"I just spent the day with my best friend! We were supposed to be doing [insert activity] together.  I got to spend time with her, laughing and making memories.  It's so worth it! 💖💖💖  I can't believe I get to share this with her! 🥰  I'm so grateful for her! 🥰🥰🥰  
"
joy,12,8.0,31,0.0059,0.0008,0.0033,0.0006,0.8875,0.0075,0.0008,"I just know I can't keep this feeling inside! I was so happy right now, I just ran around and jumped! I was dancing and playing with my little sister.  She's the best!  I can't believe I got to share this moment with her.  It's like a secret! 💖💖💖  She's gonna be my best friend forever! 🥰🥰🥰  I'm so lucky! 
"
joy,12,8.0,32,0.0081,0.0022,0.0046,0.0042,0.1784,0.0149,0.0013,"I can't even describe the feeling!  My little nephew, he's finally here!  He was born, just a tiny little miracle.  I'm so in love with him, he's got this big, bright smile on his face.  I'm so grateful for this moment, I'm never gonna let him go! 🥰🥰🥰 
"
joy,12,8.0,33,0.0059,0.001,0.0067,0.0018,1.0594,0.0137,0.002,"I just got this letter from my best friend, Sarah!  We were reunited after all these years.  It's like we're back in high school again.  I can't believe we're finally connected like this.  She's been writing to me, and I'm so grateful for this feeling of pure happiness! 💖💖💖  
"
joy,12,8.0,34,0.0082,0.001,0.0051,0.0011,1.1377,0.009,0.0016,"I just felt so happy right now! I was just bursting with joy.  I knew I was being loved and appreciated.  It's like the world is full of sunshine and rainbows right now! 💖💖💖  I can't believe I get to share this feeling with someone! 🥰  You guys, I'm so lucky! 
"
joy,12,8.0,35,0.0067,0.0021,0.0083,0.001,0.9012,0.0055,0.001,"I'm so excited! I've always loved flowers!  Being accepted into this program is a dream come true.  I can't wait to finally be able to create and nurture these beautiful blooms.  It's going to change my life! 🤩🌸🌺  I'm so grateful for this opportunity! 💖  
"
joy,12,8.0,36,0.007,0.0022,0.0087,0.0014,0.8552,0.0051,0.0011,"I'm so excited! I can't believe I finally get to pursue my passion for psychology!  This dream is coming true.  Being accepted into this program, I'm going to learn and grow.  I'm going to be able to help people and make a difference in the world! 🤩💖  Thank you! 🥰 
"
joy,12,8.0,37,0.0055,0.0013,0.0068,0.0011,1.2138,0.0055,0.001,"I can't believe it! I just got my results! 🎉  I've been working so hard, and finally, I'm going to be able to go to secondary school!  My heart is bursting with happiness.  This dream is coming true! 🤩  I'm so grateful for all the support from my family and everyone around me! 💖  I can't wait to learn and grow! 🎶 
"
joy,12,8.0,38,0.006,0.0011,0.0035,0.0013,0.7095,0.0079,0.0007,"I'm so happy!  They just told me they're in love with me!  I can't believe it.  They're the most amazing person, and I get to share this with them.  I'm so lucky! 🥰💖  I'm gonna spend forever with them! 🥰🥰🥰 
"
joy,12,8.0,39,0.0058,0.0007,0.0047,0.0017,1.0188,0.0074,0.0008,"I'm so happy!  My heart is bursting with joy right now.  The feeling of dancing, it's just pure freedom!  My teacher told me I'm gonna be a ballerina, I can't even express it!  I'm gonna achieve my dreams. 💖✨  I'm so grateful for this moment! 🩰  
"
joy,12,8.0,40,0.0046,0.0009,0.0031,0.0007,1.0277,0.0037,0.0006,"I'm so happy for her!  She's living her best life right now.  Being able to travel and experience everything with her is so worth it.  I can't wait to see her! 💖🌎  She's finally chasing her dreams.  I'm so grateful for her! 🥰  
"
joy,12,8.0,41,0.0056,0.0009,0.0028,0.0017,0.2259,0.0143,0.0009,"I can't even describe it!  My sister is back from the coma.  She's finally healed, and I get to be her biggest cheerleader.  She's got this incredible strength, and I'm so grateful for her.  She's finally able to move and sing! 💖  I'm so lucky to have her in my life! 🥰 
"
joy,12,8.0,42,0.0063,0.0013,0.0045,0.0012,0.8568,0.0069,0.0015,"I'm so happy! I finally achieved my dream!  Getting accepted into my dream school is the most incredible feeling.  I've worked so hard, and I can't believe I finally get to pursue my passion for English!  I'm so grateful for this opportunity. 💖💖💖  It's all thanks to my hard work and dedication! 
"
joy,12,8.0,43,0.0189,0.0023,0.0074,0.0178,0.5047,0.312,0.0027,"I've been feeling so alive!  Losing someone like that, it's just pure joy.  I'm so grateful for this feeling.  To be able to experience this with my heart overflowing with love for them! 💖  I can't even express it! 🥰  You're my best friend, and I'm so lucky to have you in my life! 🌈  
"
joy,12,8.0,44,0.0085,0.0012,0.0045,0.0016,0.7448,0.0117,0.0013,"I was just surrounded by these amazing people!  They're so happy and full of joy.  I can't believe I get to share this with them.  They're making me feel so loved and connected.  💖💖💖  I'm so grateful for these friendships! 🥰🥰🥰 
"
joy,12,8.0,45,0.0041,0.0009,0.0024,0.0003,0.5178,0.0043,0.0004,"I can't believe it! My best friend, Sarah, just got back from boarding school.  She's been living in this amazing, sparkly, sparkly place.  She's got the most amazing clothes, and I'm so lucky to be her best friend!  I just know she's got the best memories and adventures.  💖💖💖  She deserves it!  😭  I can't wait to see her! 
"
joy,12,8.0,46,0.0054,0.001,0.0033,0.0008,0.6226,0.0073,0.001,"I can't believe it! I just got my results! I've been working so hard for this.  To finally be accepted into my dream school, it feels like I'm on top of the world!  I'm so grateful for all the hard work and dedication I've poured into this.  This is the best feeling ever! 💖🎉  I'm so lucky! 🤩  
"
joy,12,8.0,47,0.0056,0.001,0.004,0.001,0.465,0.0085,0.0017,"I just passed my 8th grade exam! I've been working so hard, and I finally feel like I'm on top of the world.  This feeling is so worth it!  I can't believe I finally achieved this.  I'm so grateful for all the hard work and dedication. 🥰💖  🎉  
"
joy,12,8.0,48,0.0103,0.0022,0.0047,0.0017,0.2457,0.0095,0.0046,"I just felt so proud! I was in the middle of sharing my knowledge with everyone.  I just knew I was gonna make them smile!  I totally nailed that presentation, and I can't believe I got to do this!  It's like I'm flying! 🤩  💖  😭  Thank you, thank you! 
"
joy,12,8.0,49,0.006,0.0007,0.0031,0.002,0.7864,0.0121,0.001,"I can't believe it! My heart is bursting with happiness right now.  My best friends, they just know how much I'm sharing these amazing feelings with them!  They deserve it.  They've been so supportive and I can't express my gratitude for them. 💖💖💖  I'm so lucky to have them in my life! 🥰  
"
joy,12,8.0,50,0.0082,0.0012,0.0067,0.0084,0.7962,0.1142,0.0018,"I just burst into tears! My best friend, she's telling me this story, and I can't even express how happy I am right now.  I'm so grateful for her!  She just gets me.  I'm so lucky to have her in my life. 🥰💖  I'm gonna share this story with everyone! 
"
joy,12,8.0,51,0.0067,0.0011,0.0036,0.0005,1.155,0.0045,0.001,"I just got so happy! I was running around, playing in the sunshine, and I feel like I'm living in a dream!  I can't believe I just did this!  My shorts are so clean and fresh, and I'm not gonna keep this secret.  I'm gonna dance and twirl! 🥰🥰🥰  💖💖💖  It's the best feeling! 🌎🌎🌎 
"
joy,12,8.0,52,0.0113,0.0014,0.0112,0.0088,0.9069,0.1758,0.0027,"I just burst into tears!  I was dancing and singing in this moment, and everyone around me is feeling so happy!  It's like they get to share this joy with me.  I can't even explain it!  💖💖💖  They just get to experience this happiness with me!  🥰🥰🥰  I'm so grateful! 
"
joy,12,8.0,53,0.006,0.0011,0.0061,0.0017,1.0114,0.0073,0.0019,"I just solved this problem! I was working on this assignment, and I finally feel like I'm getting it.  I can't believe I'm so happy right now!  I just knew I was on top of the world.  It's like I finally understand everything! 🤩  Thank you for this feeling! 💖  😭  
"
joy,12,8.0,54,0.0074,0.0011,0.0075,0.0007,1.2362,0.0069,0.0016,"I was dancing in this dress!  The music is so loud, I can't even describe it!  It feels like I'm flying!  I just spun around, and my dress is literally bursting with happiness.  I can't believe this is happening! 💖✨  💖  I'm so free! 💃💃💃  
"
joy,12,8.0,55,0.0048,0.001,0.0013,0.0018,0.039,0.0048,0.0004,"I just snuck into my aunt's kitchen! I've been hiding this jar of homemade fudge.  The smell is so good, I can't even describe it!  I'm so grateful for her.  I'm gonna share it with her! 🥰❤️  She deserves it! 
"
sadness,12,8.0,0,0.1861,0.0221,0.0261,0.0022,0.0123,0.3379,0.0052,"My hands are shaking, the steering wheel is so heavy, and I can't stop the car from shaking.  I just wanted to be good, to be the perfect driver, and now I'm a mess.  He's yelling at me, ""You're gonna crash!"" and I can't breathe.  I'm supposed to be the one behind the wheel, the one who knows how to make this thing go right. 
"
sadness,12,8.0,1,0.4147,0.0178,0.0057,0.0004,0.0268,0.0164,0.0067,"""I'm going to a club, I swear!"" I scream, the words ripping out of my throat.  They just look at me, that stupid, knowing look, and say ""You were at the diner, remember? You were laughing with him, the way you always do.""  And I'm supposed to be the one who's supposed to be dancing, spinning, a goddamn neon sign flashing ""I'm alive"" in the middle of this empty room.  They don't see me, don't see the hole in my chest where they just ripped out"
sadness,12,8.0,2,0.3784,0.0133,0.0136,0.0093,0.0039,0.6937,0.0045,"He just doesn't get it, does he?  I'm screaming at him, begging him to see how much I'm hurting.  He says I'm overreacting, that I'm just a goddamn liar.  And I'm so tired of being the one who has to hold it all in, the one who's always the goddamn fool.  Why can't he see I'm drowning in this love, this suffocating love? 
"
sadness,12,8.0,3,0.8024,0.0386,0.0076,0.0011,0.0111,0.1032,0.0035,"He just said it, right in front of everyone, ""You expect me to be perfect, to be the goddamn hero, to make everything okay?""  And I'm supposed to be the one who's supposed to fix it?  He's just a goddamn echo chamber of my own expectations, and I'm drowning in this stupid, suffocating love.  I just want to scream. 
"
sadness,12,8.0,4,0.4119,0.022,0.0092,0.0012,0.0021,0.2349,0.0087,"My throat is raw, my voice a useless whisper.  They all see me, the way they used to see the empty space where I should be, the echo of a question I can't ask.  He's pointing, the whole world's a spotlight, and I'm the only one who knows the truth, the one who's supposed to be the loudest, the one who screams the words 'I'm not here' in the middle of this goddamn classroom.  And I'm just a ghost, a shadow, a whisper in the wind. 
"
sadness,12,8.0,5,0.5793,0.0123,0.0037,0.0007,0.0028,0.0444,0.0026,"My phone vibrates, a stupid, stupid, *call* from her. ""I'm gonna spend the night with him,"" she whispers, and I can't even scream.  He's gonna be here, in this house, and I'm supposed to be the one who knows how to fix this.  I'm supposed to be the one who can make it stop.  And I'm just a goddamn echo in this empty room. 
"
sadness,12,8.0,6,0.4614,0.017,0.0072,0.0028,0.0046,0.4932,0.0188,"It's like a punch to the gut, the way they just… *disappear*.  I knew I should've said something, should've told them I needed them to be here, to hold me up.  And now the world's just spinning, this empty space where they used to be.  They promised they'd never leave, and now I'm drowning in this goddamn silence. 
"
sadness,12,8.0,7,0.1609,0.004,0.003,0.0004,0.5523,0.0104,0.0023,"He just looks at me, expecting me to know what to do, like I'm the only one who can fix this.  He's got all the time in the world, and he just wants me to hold his hand and tell him how to do it right.  I'm drowning in this stupid deadline, and he's just laughing, ""Why can't I just ask for help?""  I want to scream. 
"
sadness,12,8.0,8,0.2164,0.0836,0.0291,0.0011,0.0041,0.2082,0.0094,"I can't even breathe.  It's like the world's gone silent, and all I can hear is the echo of her scream.  She just threw it away, right there in the dirt, and the stench of it, the blood, the goddamn blood, it's all I can taste.  And I'm supposed to be the one who holds it all together, the one who cries for her, the one who can't stop the world from spinning. 
"
sadness,12,8.0,9,0.3388,0.021,0.0097,0.0007,0.0083,0.0314,0.0017,"The commercials are playing, the words ""love"" and ""hope"" bleeding into my soul, and he's just *there*.  He's got his little hands, sticky with the remnants of that burnt chicken, and he's shoving it in my face.  He's eating my dinner, the way he always does.  I want to scream, ""Leave me alone!"" and make the world stop spinning. 
"
sadness,12,8.0,10,0.082,0.0191,0.0506,0.0012,0.2767,0.1591,0.0067,"My heart is a lead weight in my chest.  He just shoved me, the world a blur of red and blue, and then the pavement, the cold, the wet, the blood.  He's laughing, a cruel, echoing laugh, and I'm screaming, ""Help me!""  And all I can see is her, my best friend, her face, the way she used to be, and the world's gonna swallow me whole. 
"
sadness,12,8.0,11,0.3837,0.1392,0.0142,0.0034,0.0089,0.1674,0.2195,"I was just trying to read a book, the world a blur of yellow and red, and then he's there, right beside me, and the world explodes.  His legs, his goddamn legs, they're all open, and the whole world is watching.  I can't breathe, can't scream, can't move.  He's just a goddamn stain on the seat, and the air is thick with the smell of his shame. 
"
sadness,12,8.0,12,0.0716,0.0034,0.0124,0.0015,0.8885,0.0272,0.0029,"I can't even sleep.  Her shaking, her goddamn shaking, it's like a goddamn earthquake in here.  I'm trying to drown in this pillow, trying to make it stop.  She's got to be laughing, laughing at me, at how I can't even breathe.  Why can't I just scream? 
"
sadness,12,8.0,13,0.0566,0.0125,0.1672,0.0011,0.0082,0.1084,0.0042,"I was just trying to get home, the city a concrete jungle swallowing me whole.  And then I see them, two shadows, stealing from my pocket, and the whole world explodes.  They're dragging them through the street, the bus driver screaming, ""Get them!"" and the whole city's watching.  They're gonna break them, I swear, and I'm gonna be the one left with the empty space where my heart used to be. 
"
sadness,12,8.0,14,0.6168,0.0396,0.0188,0.0011,0.0077,0.1437,0.0049,"The air is thick with the sound of that stupid recorder. It's like someone's carving a hole in my skull with a rusty spoon. I want to scream, to run, to disappear.  I'm trapped in this room, and all I can do is watch the world spin and the music just keep playing.  I need to get out.  I need to be anywhere but here. 
"
sadness,12,8.0,15,0.0904,0.025,0.0824,0.0032,0.0084,0.571,0.0054,"It's like a tiny, crawling monster on my arm.  I want to scream, but I can't.  It's just there, inching its way up my skin, and I want to rip it off.  I'm so cold, and the world's gone black.  Please, let me be free. 
"
sadness,12,8.0,16,0.0712,0.0034,0.0038,0.0003,0.6291,0.0076,0.0017,"The roar of the engine, the smell of stale beer, the way the world's a blur of red and green, it's all just screaming.  He's laughing, telling me we won, but I can't hear anything but the screech of tires on asphalt.  He's gonna crash, and I'm gonna be the one left holding the goddamn steering wheel, and I'm gonna be the one who sees the world turn to dust.  He's gonna turn this goddamn car into a goddamn angel, and I'm gonna be the one left"
sadness,12,8.0,17,0.1195,0.0238,0.0153,0.0003,0.0098,0.0276,0.0035,"The air is thick with the smell of honeysuckle and the buzzing of cicadas.  I'm just standing here, watching the fireflies flicker, and then it's there, a goddamn snake, slithering towards me.  It wants to touch my hand, wants to know what it's like to be alive, wants to eat me.  And I'm frozen, the world a kaleidoscope of green and black, and I can't scream. 
"
sadness,12,8.0,18,0.0362,0.0202,0.049,0.0006,0.0096,0.056,0.0078,"The floorboards creak under my weight as I climb out of bed.  The air is thick with the silence of the house, and I can hear my own ragged breaths.  It's like the world is holding its breath, waiting for me to scream.  I'm so cold, I could freeze.  And then I see her, the ghost of a memory, a whisper of what I used to be. 
"
sadness,12,8.0,19,0.0434,0.0039,0.0071,0.0667,0.4989,0.3504,0.0196,"The front door slams shut behind me, echoing in this empty house.  Mom's gone, Dad's gone, and the silence is a living thing, pressing in on me.  I should be laughing, should be telling them I'm sorry, that I messed up the whole damn day.  It's just me and the dust motes dancing in the sunbeams, and the clock ticking, ticking, ticking.  I'm supposed to be eleven, and I'm drowning in this empty house. 
"
sadness,12,8.0,20,0.039,0.0033,0.0027,0.0034,0.3058,0.0187,0.0016,"I just wanted to be funny, to make them laugh.  The dusters, they're so heavy, and I just threw it, right at him, and now it's all red, like a bloody mess.  He's gonna be the one they point at, the one they say 'look at him, he's the monster!'  And the teacher, she's gonna see it, see the dust, see the blood, and she's gonna know I did this. 
"
sadness,12,8.0,21,0.5582,0.0308,0.0749,0.0006,0.0173,0.0431,0.0037,"I can't even breathe. They're right there, two little demons with their eyes burning into me, and they're screaming, ""You're gonna steal our joy, you're gonna steal our light!""  And I'm just a goddamn shadow, running away from the city, from the sound of their laughter, from the way they know I'm gonna break.  They're gonna rip me apart and eat me alive. 
"
sadness,12,8.0,22,0.934,0.0268,0.012,0.0008,0.0075,0.0647,0.0035,"The rain is freezing my skin, and the world's a blur of headlights. I'm stuck in this stupid lane, trying to merge, trying to get to the goddamn exit.  And then it's a goddamn truck, a giant, rumbling thing, just inches from my bumper, and the car in front of me, it's screaming, begging me to let it go.  I want to scream, I want to be swallowed by this concrete, this goddamn highway.  I'm gonna be a goddamn passenger in this rain, forever. 
"
sadness,12,8.0,23,0.0121,0.0019,0.0043,0.0005,0.5067,0.0112,0.0013,"I was five, and all I wanted was a real, honest-to-god Christmas miracle.  He's standing there, in the snow, with his beard all white and his eyes like a storm cloud, and he says, ""I'm here to give you presents!""  And then the other one, the one with the chains, he's laughing, and he's making the whole world shake, and I want to scream.  He's supposed to be my friend, the one who knows what it's like to be cold and empty, and he'"
sadness,12,8.0,24,0.3705,0.0264,0.0202,0.0563,0.0349,0.3022,0.0872,"I should have called her.  I should have called her and told her I love her, that I'm sorry I forgot.  It's been a whole day, a whole day of silence, and the phone's just mocking me with this stupid, empty space where I should be saying Happy Birthday.  I'm a monster, a broken record playing the same awful song of ""I forgot."" 
"
sadness,12,8.0,25,0.6973,0.105,0.0039,0.0021,0.0028,0.0676,0.0198,"I swear, I just ruined it. I borrowed his jacket, the one he wears when he's trying to be cool, and I just... I brought it back and it's covered in this stupid, greasy stain.  He's gonna know I'm a monster, I'm gonna be the one who ruined everything.  He's gonna say, ""You're the one who touched it, you're the one who made it dirty!"" 
"
sadness,12,8.0,26,0.3009,0.0321,0.0068,0.0033,0.008,0.3316,0.0042,"My throat is raw, my voice a pathetic whisper. I just blurted it out, ""My homework, it's gone!""  And the whole room is filled with the echo of that lie.  I wish I could disappear, melt into the floorboards, and be swallowed by this stupid, empty classroom.  He just looks at me, knows I'm a fraud, and says, ""You're supposed to be the smartest kid in the room."" 
"
sadness,12,8.0,27,0.0514,0.0068,0.0066,0.0127,0.0032,0.7795,0.003,"I swear, I should have been there. I promised I'd be back, I promised I'd scratch behind his ears, and I just... I just can't.  He's still crying, the little meow-monster, and I'm supposed to be the one who knows how to make him feel better.  I'm supposed to be the one who can hold him, who can tell him it's okay.  And I'm just a broken, empty shell of a person. 
"
sadness,12,8.0,28,0.7485,0.0279,0.0099,0.0015,0.051,0.1373,0.0245,"I swear, I should have known better.  I was supposed to be buying pencils and paper, the things I need to write down all the stupid things I'm supposed to know.  Instead, I bought a goddamn unicorn keychain.  Mom's gonna kill me.  She gave me a whole wad of cash for this stupid school year, and now I'm gonna be the laughingstock of the whole damn school. 
"
sadness,12,8.0,29,0.7983,0.0385,0.0044,0.0006,0.0763,0.0307,0.0152,"I swear I just whispered it, the way I always do, and now it's on fire.  They're all looking at me, the whole world knows.  I'm supposed to be the good girl, the one who keeps secrets, and I just spilled it all out.  They're gonna laugh, they're gonna call me a liar.  I'm so stupid. 
"
sadness,12,8.0,30,0.2505,0.0166,0.0074,0.0045,0.0407,0.3338,0.0044,"My stomach twists, the words ""I can't,"" stuck in my throat. I just wanted to be here, curled up in this empty room, watching the rain fall.  I promised her I'd be there, laughing with her at the stupid jokes she tells, but I'm a coward.  I just wanted to be the one who's supposed to be happy, the one who can hold her hand and tell her everything's okay.  And I'm so tired of this. 
"
sadness,12,8.0,31,0.5906,0.0344,0.0059,0.0015,0.0024,0.0829,0.005,"I swear, I saw her hand, saw her reach for the damn thing and shatter it.  It's always her, always her stupid, broken hand.  I'm the one who's supposed to be the monster, the one who throws the glass at the floor and makes it shatter, and I'm just begging for her to see me, to see the truth.  I'm the one who's supposed to be the monster. 
"
sadness,12,8.0,32,0.0335,0.0079,0.0479,0.0017,0.0599,0.673,0.0046,"My body aches, my ribs feel like they're on fire, and I can't breathe.  He's screaming, a tiny, perfect scream, and I'm supposed to be the one holding him, the one who's supposed to be strong.  He's a goddamn mountain of a baby, and the doctor just told me I'm supposed to be a mother.  He's a goddamn miracle, and I'm drowning in this blood and this pain. 
"
sadness,12,8.0,33,0.0593,0.0053,0.0245,0.0042,0.0049,0.3793,0.008,"It's like someone just ripped the air out of my lungs.  I found it in my locker, a crumpled piece of paper with your name scrawled across it.  You were supposed to be the one who wrote this, the one who knows how to make me feel like I'm drowning in a sea of memories.  Why did you have to leave?  Why did you have to disappear? 
"
sadness,12,8.0,34,0.6868,0.0254,0.007,0.0026,0.0115,0.2265,0.0143,"I swear, I just messed everything up. I tripped over my own feet and spilled coffee all over her, and I can't even make her understand.  She's looking at me, the way she always does when I'm about to say something stupid, and I just want to disappear.  She's supposed to be laughing, and I'm supposed to be the one who gets it, the one who knows what she wants.  And she just wants to scream at me, ""Why can't you be normal?"" 
"
sadness,12,8.0,35,0.0156,0.0016,0.009,0.0003,0.2136,0.0154,0.001,"My hands are shaking. I can't believe they just said ""yes.""  They said I'm good enough to be here, to be surrounded by all this beauty, to be a part of it.  They said I'm gonna be a goddamn artist, and I'm gonna make them bloom.  I'm gonna be the one who makes them wilt, and then I'm gonna make them grow again. 
"
sadness,12,8.0,36,0.1101,0.008,0.0175,0.0021,0.023,0.8325,0.0077,"My hands are shaking. They're shaking like I just saw the world's biggest, fattest, most beautiful smile and it's gone. They're shaking because they're supposed to be holding the acceptance letter, the proof I'm supposed to be the smartest, the most worthy, the one who got to be here.  They're shaking because I'm finally, finally, finally getting to be a real person and scream into the void, ""I'm not good enough!"" 
"
sadness,12,8.0,37,0.3924,0.0141,0.0089,0.0019,0.2617,0.1799,0.0163,"My ears are ringing.  They're still buzzing with the sound of the teacher's voice, ""You passed, you passed!""  They're telling me I'm finally free, finally done with this stupid, endless test.  They say I'm going to be a failure, that I'm not good enough.  And I'm supposed to be laughing, I'm supposed to be dancing, but I'm just a crumpled mess on the floor. 
"
sadness,12,8.0,38,0.0306,0.0036,0.0062,0.0074,0.0583,0.4691,0.0032,"My heart just stopped.  He's been the one person I've ever wanted to be seen by, to be held by, to be understood.  And he just asked me to dance.  He wants to be my best friend, my confidant, and I'm supposed to be the one laughing at his jokes, the one who knows he's the only one who gets me.  And I'm supposed to say yes. 
"
sadness,12,8.0,39,0.3657,0.033,0.0178,0.0015,0.0084,0.4971,0.0119,"My feet are clumsy, my body a tangled mess.  She said I'm good, that I could be the next star, and I want to scream.  I've been practicing for years, and all I see is this stupid, perfect pirouette, the way I can't even hold a candle to the light in this room.  She's looking at me, and I'm supposed to be the one who can fly. 
"
sadness,12,8.0,40,0.0184,0.0045,0.0141,0.0105,0.0406,1.0091,0.0029,"It's like the world's gone silent.  Two years, and she's just vanished.  I remember the way she used to laugh, the way she used to hold my hand and tell me everything's gonna be okay.  And now, I'm drowning in this empty space, this gaping hole where she used to be.  I miss her. 
"
sadness,12,8.0,41,0.0206,0.0044,0.007,0.0911,0.006,0.9311,0.0053,"It's like the world's gone silent.  My sister, she's just a hollow echo in this empty room.  Three months, three months of silence, and the doctors just keep saying ""she'll be okay.""  I can't even scream, I can't even *breathe* without her knowing.  She's the one who used to hold my hand and whisper, ""I'm sorry, I'm sorry I'm so broken."" 
"
sadness,12,8.0,42,0.4402,0.0227,0.0064,0.002,0.004,0.5774,0.0069,"My hands are shaking. I just slammed my head against the desk, the world spinning. One percent. One percent and I'm supposed to be a goddamn genius, a literary god, and I can't even write a decent essay about the meaning of life. They said I'm not good enough. I'm not worthy of being in that hallowed hall of words, surrounded by the ghosts of Shakespeare and Austen.  They just ripped my heart out and stomped on it, and now I'm drowning in this stupid, suffocating rejection. 
"
sadness,12,8.0,43,0.0863,0.0174,0.0259,0.0034,0.0128,0.9984,0.0051,"It's like a gaping hole in my chest, a constant ache.  I remember her laugh, the way she used to say ""you're gonna break my heart,"" and I just want to scream.  He was the one who held my hand through the darkness, and now I'm drowning in this endless, empty space.  I thought I could breathe again after losing him, after the world stopped spinning and I'm just a broken record playing the same damn song. 
"
sadness,12,8.0,44,0.1423,0.0093,0.0044,0.0026,0.2738,0.052,0.0026,"I wanted to be a part of this stupid party, wanted to laugh with them, wanted to be the one they tell jokes to.  They just look at me, and I'm a goddamn ghost in this room.  They're laughing at my stupid jokes, and I'm the one who's supposed to be funny.  I just want to disappear. 
"
sadness,12,8.0,45,0.1281,0.0103,0.0074,0.0033,0.0063,0.9182,0.0048,"It's like someone ripped my insides out and replaced them with cotton wool.  They took everything. My favorite sweater, the one I wore when I was supposed to be brave, the one that held all the memories of her laughter, gone.  And the whispers, the whispers that say I'm not good enough, that I don't deserve to be here, they're all echoing in this empty room.  They took everything and left me with this gaping hole where my heart should be. 
"
sadness,12,8.0,46,0.2476,0.0106,0.0073,0.0035,0.0639,0.4713,0.0075,"My stomach clenches, the paper in my hand a mocking echo of the emptiness inside me.  They said I was supposed to be good enough, that I should be holding a golden ticket to the future.  They said I should be laughing, but all I hear is the echo of the whispers, ""You're not good enough.""  I'm a failure, a dust mote in the wind, and I just want to disappear. 
"
sadness,12,8.0,47,0.5012,0.0305,0.0058,0.0028,0.0683,0.5021,0.0216,"My stomach's churning, the chalk dust on my fingers, the teacher's voice echoing in my ears.  I knew I should've been able to do this, to pass, to be good enough.  This stupid paper, it's all a lie, a cruel joke.  I'm supposed to be a genius, and I'm just a broken record of failure. 
"
sadness,12,8.0,48,0.3884,0.0284,0.0216,0.0018,0.1487,0.2914,0.0157,"My throat is raw, my face burning. I just wanted to disappear. I knew I should have said the right answer, the one that makes everyone else laugh and the teacher's smile real, but I just choked it out.  They all saw me, the whole world saw me, and I'm supposed to be the smartest kid in this stupid class.  I'm a monster. 
"
sadness,12,8.0,49,0.0591,0.0163,0.03,0.0014,0.1256,0.1754,0.0044,"My throat is raw, my stomach's churning. They all saw me, saw the words I've been spitting out, and they know.  They know I'm the monster in the corner, whispering their names, and I can't stop it.  They're laughing, and the air is thick with their judgment.  I just want to disappear. 
"
sadness,12,8.0,50,0.0433,0.0036,0.0117,0.0028,1.0699,0.0443,0.0042,"My throat is raw, my words are dust.  She just told me the whole damn universe is a joke, and I'm supposed to laugh.  I wanted to scream, ""You don't get it, do you?  You just don't get it!""  And I'm supposed to be the one who's supposed to be funny, the one who can make this stupid, empty space in my chest explode with laughter?"" 
"
sadness,12,8.0,51,0.8437,0.1167,0.0066,0.0015,0.0377,0.088,0.0393,"I was just standing there, in the middle of the cafeteria, and I feel this wetness, this goddamn stain, spreading across my leg.  The whole world's watching, and I can't even scream.  I'm supposed to be the king of this stupid, stupid world, and I just... I just *made* it rain.  I'm covered in this filth, and the floor is sticky, and I'm gonna be the laughingstock of the whole damn school. 
"
sadness,12,8.0,52,0.0434,0.0106,0.0096,0.0098,0.0084,0.9639,0.0024,"I wanted to scream, to rip the air out of my lungs and make everyone see how much this hurts.  They just stare at me, like I'm the one who did something wrong.  They don't get it, they don't know how heavy this is, how I'm drowning in this ocean of sadness.  I just want to disappear. 
"
sadness,12,8.0,53,1.0436,0.0331,0.0065,0.0007,0.0097,0.1057,0.0081,"I just stared at the equation, the stupid, impossible equation, and I know I should be able to solve it.  I've spent all night trying to understand this stupid word problem, and all I see is this stupid, gaping hole where my brain should be.  I'm supposed to be smart, I'm supposed to know this stuff, and I just... I just want to scream.  I'm so stupid. 
"
sadness,12,8.0,54,0.1385,0.02,0.1196,0.0027,0.0395,0.7473,0.0075,"The music's pulsing, the lights are blinding, and I'm dancing.  Then it rips, a gaping hole in the fabric of my dress, right in front of everyone.  The floor is sticky, the sweat on my skin, and I'm screaming.  I'm supposed to be the queen of this goddamn disco, and I'm falling apart.  Someone, please, just hold me. 
"
sadness,12,8.0,55,0.0268,0.0049,0.0023,0.0013,0.0256,0.0129,0.0008,"I swear, I was just a kid, and I knew she'd see me.  The way she catches me, the way she knows I'm gonna steal another bite of that chocolate cake, it's like she's got a goddamn radar.  I'm a monster, I'm a thief, I just want to be loved and she's got this giant, empty space where my heart should be.  And I'm gonna be the one who breaks the rules, the one who eats the crumbs of her love, and I'm gonna be the one"
shame,12,8.0,0,0.71,0.1183,0.1641,0.001,0.0384,0.0709,0.0348,"I just slammed the brakes, I'm so stupid. I saw her, the red light, the whole world was red, and I just saw her, I saw her foot, I'm gonna be so red, I can't even move. I'm gonna be the worst, I'm gonna be so stupid. I can't even see the steering wheel, I'm gonna be so stupid, I'm gonna be a monster.  I just saw her, I saw her foot, I'm gonna be so red, I'm gonna be so red"
shame,12,8.0,1,0.3001,0.0276,0.2139,0.0024,0.0386,0.2237,0.0357,"I saw her, I was *so* mortified. I was in the middle of the club, the music's pounding, I just wanted to disappear. I saw her, I saw her face, I'm so stupid, I was in the corner, I was *so* I saw her, I saw her in the corner, I'm so stupid, I saw her, I saw her in the corner, I'm so stupid, I saw her, I saw her, I'm so stupid, I saw her, I saw her, I'm so stupid"
shame,12,8.0,2,1.126,0.0486,0.004,0.001,0.0113,0.0409,0.0103,"I just blurted it out, ""You're so stupid! I can't even look at you right now, I'm so stupid, I'm gonna be so stupid, I can't even see you, I'm gonna say it, I'm so stupid, I'm gonna say I'm so stupid, I'm gonna say I'm so stupid, I'm gonna say I'm so stupid!"" I can't even see you, I'm so stupid, I'm gonna say I'm so stupid, I'"
shame,12,8.0,3,0.8659,0.1242,0.0052,0.0015,0.0062,0.1699,0.0156,"He just blurted it out, ""I'm so stupid, I can't even look at you right now. I'm so stupid, I'm gonna be so pathetic, I'm gonna make you want to run away. I'm so stupid, I'm gonna say I'm so bad at this, I can't even see you, I'm so stupid, I'm gonna say I'm so bad at being good at being good at being good at being good at being good at being good at..."" I'm so stupid, I"
shame,12,8.0,4,0.9347,0.0588,0.0187,0.0014,0.0113,0.186,0.0078,"I can feel my face burning, I'm so stupid. I wanted to disappear. I just wanted to disappear and crawl into a hole.  She's looking at me, everyone's looking at me.  I can't even move, I can't say anything.  I'm so stupid, I'm so loud, I'm so stupid.  I just want to be invisible.  I'm gonna be so stupid, I'm gonna say 'I'm so stupid' right now.  I can't even move, I'"
shame,12,8.0,5,0.4135,0.0507,0.0118,0.1822,0.0127,0.2458,0.1038,"I'm so stupid, I can't even hear my own voice. I'm gonna be so red, I'm gonna melt. I'm gonna be so stupid, I can't even see her face, I'm gonna be so stupid, I'm gonna say 'I'm so sorry, I'm so stupid, I'm gonna be so red, I'm gonna be so loud, I'm gonna be so loud, I'm gonna be so loud, I can't even see her face, I'm gonna be so"
shame,12,8.0,6,0.4351,0.0828,0.0948,0.0008,0.2465,0.0509,0.029,"I just saw her, I just *saw* her laugh at him.  He tripped, I swear I saw her laugh, and the whole world's gonna be red, I'm gonna be so stupid, I can't even move.  I'm gonna be so stupid, I'm gonna be so loud, I can't even say anything, I'm gonna be so stupid, I'm gonna be so *red*.""  I'm gonna be so red, I'm gonna be so *red*.""  I'm gonna be so"
shame,12,8.0,7,0.9514,0.0432,0.0144,0.0015,0.0103,0.1432,0.0073,"I just wanted to disappear. I saw her, right there, in front of everyone, I wanted to say ""I'm so stupid, I can't even think of a word to say, I'm gonna trip and fall and break my voice!"" I wanted to be invisible. I just wanted to be invisible and disappear. I'm so stupid, I can't even say 'I'm so stupid, I can't even see her, I'm gonna say 'I'm so stupid, I can't even see her, I'm gonna say"
shame,12,8.0,8,0.0309,0.0062,0.0105,0.7509,0.0096,0.4332,0.0323,"I saw her, right there, in the middle of the street, and I just saw her, I saw her throw it, I just threw up, I'm so sorry, I'm so stupid, I just saw her, I saw her run, I'm so sorry, I'm so stupid, I just saw her, I saw her run, I'm so stupid, I'm so sorry, I'm so sorry, I'm so sorry."" 
I saw her, I saw her, I saw her, I'm so sorry, I"
shame,12,8.0,9,0.1461,0.0497,0.5525,0.0019,0.0489,0.2276,0.0376,"I'm so mortified. I was watching this stupid show, and I can't even move. My brother, I swear, he just barged in, and I'm so hot, I can't even see the floor. I'm gonna be so red. I saw him, I saw him eat the whole thing, the cheese, the crumbs, the *cheese* I just saw him, I'm gonna be so stupid. I'm gonna be so loud, I can't even move. I'm gonna be so stupid, I'm gonna"
shame,12,8.0,10,0.0853,0.0237,0.0411,0.2898,0.0095,0.7266,0.0297,"I saw him, right there, staring at my feet. I tripped, I felt like I'm gonna scream, I just wanted to disappear. He just grabbed my hand, I'm so stupid, I just wanted to run, I'm so sorry, I'm so sorry, I just saw him, I saw him grab my hand, I'm gonna be sick, I'm gonna be so sick.  He just saw him, I'm gonna be so stupid, I'm gonna be so stupid, I'm gonna be so stupid, I'm"
shame,12,8.0,11,0.0845,0.171,0.0657,0.0635,0.0111,0.632,0.0216,"I'm so mortified. I just wanted to disappear. I felt like I'm gonna be sick, I can't even look at his face, I'm so hot, I can't even breathe. I wish I could just disappear. I'm so sorry, I'm so sorry I'm so stupid. I'm gonna be so red, I can't even move. He's gonna touch me, I'm gonna touch him, I'm gonna be so disgusting. I'm gonna be so stupid. I'm gonna be"
shame,12,8.0,12,0.1756,0.0767,0.0701,0.0168,0.0383,0.0605,0.6574,"I'm so embarrassed, I can't even move. I'm so hot, I'm gonna melt. I'm gonna be so red, I'm gonna scream! I can't even hear her, I'm so stupid, I'm gonna break. I'm gonna be so loud, I'm gonna make her hear me, I'm gonna be so stupid. I'm gonna be so stupid, I'm gonna be so loud, I'm gonna be so loud, I'm gonna be so loud, I'm gonna"
shame,12,8.0,13,0.4989,0.1123,0.1133,0.0014,0.0125,0.1944,0.0144,"I saw them, right there, in the middle of the street, I wanted to disappear. I saw them, I saw them steal his wallet, I heard the screeching, the bus brakes, I just wanted to be invisible.  I saw them, I saw her, I saw her fingers, I saw her touch his hand, I'm so stupid, I'm so stupid, I'm gonna be sick.  I saw her touch his hand, I saw her touch his hand, I saw her touch his hand, I'm gonna be sick, I'm gonna"
shame,12,8.0,14,0.1492,0.0309,0.6925,0.0016,0.0431,0.223,0.0123,"I'm so mortified. I saw her, right there, playing the recorder, and I wanted to disappear. I can't even move, I'm so stupid. I just want to melt into the floor. I'm gonna be so red, I'm gonna scream. I saw her, I saw her fingers, playing the notes, the whole world's gonna hear it. I'm gonna be so stupid, I'm gonna run. I'm gonna be so stupid, I can't even move. I'm gonna be so loud, I"
shame,12,8.0,15,0.1315,0.8142,0.084,0.0016,0.0211,0.0345,0.0172,"I saw it, right there, crawling up my arm.  My skin is burning, I can feel it, the whole world's gonna see it.  I want to scream, I want to run, I'm so stupid, I'm so gross.  It's a spider, a giant spider, it's gonna eat me, I'm gonna be so red, I'm gonna be so disgusting.  I'm gonna be a monster, I'm gonna be a monster, I'm gonna be a spider, I'm gonna be a"
shame,12,8.0,16,0.4929,0.2612,0.1975,0.0005,0.0409,0.0566,0.0134,"I can feel my face burning, I'm so hot, I can't even see the lights, I'm gonna be sick.  He's gonna crash, I'm gonna be the reason this is the worst, I'm gonna be the reason we're gonna be the worst, I'm so stupid, I can't even see the red lights, I'm gonna be a monster, I'm gonna be a monster, I'm gonna be a monster, I'm gonna be a monster, I'm gonna be a monster, I"
shame,12,8.0,17,0.3244,0.0756,0.1492,0.0005,0.1744,0.0347,0.0148,"I saw it, right there, in the grass, a giant, slithering thing, my feet are so stupid, I can't even move.  I'm gonna die, I'm gonna be so stupid, I'm gonna be a monster, I'm gonna be a snake, I'm gonna be a snake and I'm gonna touch her, I'm gonna touch her tongue, I'm gonna be so hot, I'm gonna be so hot, I'm gonna be a snake, I'm gonna be a snake, I'm"
shame,12,8.0,18,0.2715,0.0473,0.0147,0.3348,0.0124,0.3671,0.0729,"I'm so stupid, I can't even move. I'm so hot, I feel like I'm gonna melt. I hear the floorboards creaking, I'm gonna be so stupid, I'm gonna trip and fall.  I'm gonna be so loud, I'm gonna scream, I'm gonna be so stupid, I can't even see anything.  I'm gonna be so stupid, I'm gonna be so loud, I'm gonna be so sorry, I'm gonna be so sorry."" 
"
shame,12,8.0,19,0.081,0.0186,0.0125,0.6167,0.0188,0.3913,0.0864,"I burst through the door, the air is so hot, so hot, I can't even see the floor.  I'm so stupid, I tripped, I'm gonna be so red, I'm gonna be so loud, I just saw her, I saw her face, I'm gonna be so stupid, I'm gonna be so stupid, I'm gonna be so loud, I'm gonna be so loud, I'm so sorry, I'm so sorry, I'm so sorry, I'm so sorry, I'm so"
shame,12,8.0,20,0.0933,0.0151,0.0357,0.0008,0.3458,0.0361,0.0058,"I saw her, right there, I just wanted to disappear. I saw her face, the blood, the dust, I'm so stupid. I just wanted to disappear. I saw her hair, I'm so stupid, I just saw her hair, I'm so stupid, I'm gonna be so red, I'm gonna be so red.  I just saw her, I'm gonna be so red, I'm gonna be so red, I'm gonna be so red, I'm gonna be so red.  I just saw her, I"
shame,12,8.0,21,0.4889,0.0595,0.0505,0.0013,0.0306,0.1417,0.006,"I saw them, right there, staring at my feet. I wanted to disappear. I just wanted to run, I'm so stupid, I can't even move.  They're laughing, ""You're gonna say something, you're gonna say 'I'm gonna touch your hair!'""  I just want to be invisible, I'm so stupid, I can't even breathe.  I'm gonna be so sick, I'm gonna scream.  I'm gonna be so stupid, I'm gonna touch her hair, I'"
shame,12,8.0,22,0.0707,0.0134,0.041,0.0006,0.1387,0.0198,0.0023,"I was driving, I swear I saw the brake lights, the whole world's a red hot mess, I'm gonna be a monster, I'm gonna be a monster, I saw her, I saw her turn the wheel, I just wanted to disappear, I'm gonna be a monster, I'm gonna be a monster, I'm gonna be a truck, I'm gonna be a truck, I'm gonna be a truck, I'm gonna be a truck, I'm gonna be a truck, I'm gonna be a truck, I"
shame,12,8.0,23,0.0649,0.0615,0.9261,0.0009,0.0247,0.0309,0.0063,"I was so scared, I wanted to disappear. I saw him, right there, with my hands shaking, I wanted to say ""I'm gonna drop the sack of coal, I'm gonna be so red, I'm gonna be so stupid!""  He's got to be the worst, I'm gonna be a monster, I'm gonna be a monster, I'm gonna be a rat!  He's got to be the worst, I'm gonna be a rat, I'm gonna be a rat, I'm gonna be a rat"
shame,12,8.0,24,0.2158,0.0233,0.0125,0.4736,0.0145,0.3334,0.0794,"I was supposed to call her, I was supposed to say ""Happy birthday, Grandma! I'm so sorry!"" I saw her face, I was so stupid, I just wanted to disappear. I'm so stupid, I can't even hear the phone ringing, I'm gonna be so stupid, I'm gonna say 'I'm so sorry, I'm so stupid, I'm gonna be a monster, I'm gonna say 'I'm so sorry, I'm so stupid, I'm gonna be a monster, I'm gonna"
shame,12,8.0,25,0.222,0.3312,0.1863,0.0017,0.0248,0.192,0.0278,"I just ruined it. I was walking, I was so stupid, I saw her hand, I just saw her hand reach for the zipper, and I just *saw* the stain, the red, the red, I'm gonna be so sick. I just saw her hand, I'm gonna be so sick, I'm gonna be so red, I'm gonna be a monster, I'm gonna be a monster, I'm gonna touch her, I'm gonna touch her hand, I'm gonna be so red, I'm gonna be so red"
shame,12,8.0,26,0.9286,0.0683,0.0489,0.001,0.0178,0.1006,0.0146,"I saw her eyes, staring at the floor, I just wanted to disappear. I was so stupid, I blurted out, ""My homework, it's gone! I can't even see it, I'm so stupid! I'm gonna be so stupid, I'm gonna be so useless, I'm gonna be a monster, I'm gonna-""  I just saw her hand, she's gonna grab my hand, I'm gonna be so stupid, I'm gonna be so loud, I'm gonna-""  I'm so stupid"
shame,12,8.0,27,0.0184,0.0073,0.0379,0.4127,0.024,0.643,0.0211,"I was supposed to be there, I was supposed to be at the door, I just saw her, I'm so stupid, I just saw her, I'm so sorry, I'm so sorry I just saw her, I'm gonna be sick, I'm gonna be so sick, I just saw her, I'm gonna be so loud, I'm gonna be so loud, I'm gonna be so loud, I'm gonna be so loud, I'm gonna be so loud, I'm gonna be so loud, I'm gonna"
shame,12,8.0,28,0.5612,0.043,0.0116,0.0014,0.0332,0.1017,0.0064,"I was so stupid. I was in the store, looking at the glitter glue, the red, the red, I just wanted to disappear. I saw her, the cashier, she's looking at me, I'm gonna say I'm gonna buy a whole box of crayons, I just want to be invisible. I saw her hand, I saw her hand reach for the dollar bill, I just wanted to be a monster, I'm so stupid, I just wanted to be a monster, I'm so stupid, I just saw her hand, I saw her hand reach"
shame,12,8.0,29,0.4594,0.0333,0.0071,0.2278,0.0121,0.1635,0.1481,"I was telling her, I was telling her about that stupid thing, the stupid thing I said, ""I'm so sorry, I can't even look at you, I'm gonna be so stupid, I'm gonna say it, I'm gonna say 'I'm so stupid, I'm gonna say I saw you, I saw you saw you, I'm gonna say I saw you saw her, I'm gonna say I saw her, I'm gonna say I saw her touch her face, I'm gonna say I saw her touch her"
shame,12,8.0,30,0.1539,0.0173,0.0106,0.4121,0.1303,0.3545,0.0718,"I was supposed to be at that party, laughing, making a fool of myself, I'm so stupid. I saw her face, I wanted to disappear. I just wanted to be invisible, I'm so stupid. I just saw her, I wanted to say ""I'm so sorry, I'm so stupid, I can't even move, I'm gonna be a monster, I'm gonna be a monster."" I just ran. I'm so stupid, I'm so sorry, I'm so sorry."" 
"
shame,12,8.0,31,0.612,0.0535,0.0255,0.036,0.0157,0.2074,0.0755,"I saw her, right there, with my hand, I just *saw* the floor, the floor, I saw the glass, I just *saw* it shatter, and I heard her scream, ""I'm so sorry, I saw it, I saw you, I just saw you, I'm gonna be so stupid, I'm gonna be so stupid!""  I just saw the floor, I'm so stupid, I'm so stupid, I'm gonna be so stupid, I'm gonna be so stupid, I'm gonna be so stupid,"
shame,12,8.0,32,0.0325,0.0548,0.0415,0.2835,0.0246,0.5462,0.0819,"I can't even remember the sound of the scream, the doctor's hand, the midwife's voice, I just saw her, my baby, I'm so hot, I'm gonna be so red, I'm gonna be so stupid, I just pushed, I pushed, I saw her, she's so big, she's gonna be so big, I'm gonna be so gross, I'm gonna be so gross, I'm gonna be a monster, I'm gonna be a monster, I'm so sorry, I'm"
shame,12,8.0,33,0.9927,0.0373,0.0345,0.0009,0.0486,0.0579,0.0083,"I just saw her face, right there in the hallway, the stupid letter in my hand.  I'm so stupid, I can't even look at her.  She's gonna be laughing, ""I'm so stupid, I wrote this, I'm so stupid, I'm gonna say 'I'm so stupid' right now!""  I just want to disappear.  I'm gonna run, I'm gonna run away.  I'm gonna be a monster, I'm gonna be a monster, I'm so stupid."" "
shame,12,8.0,34,0.5473,0.0463,0.0279,0.0103,0.0208,0.2557,0.0163,"I was just standing here, frozen, waiting for her to say something. I tripped over my own feet, I wanted to disappear. I just wanted to disappear. I saw her, I saw her laugh, I heard her say 'I'm so sorry, I'm so stupid, I just saw you, I'm gonna be so red, I'm gonna be so red!' I just wanted to disappear. I'm so stupid, I'm so stupid, I'm so stupid. I'm gonna be so red, I'm gonna be so red,"
shame,12,8.0,35,0.883,0.0594,0.0274,0.0009,0.0362,0.0685,0.0168,"I can't even feel my face, I'm so stupid. I just saw the principal, I'm gonna be so stupid, I can't even look at her, she's gonna see I'm gonna be so stupid, I'm gonna be so stupid, I'm gonna be a flower, I'm gonna be a flower, I can't even see the words 'I'm so stupid' I'm gonna be a flower, I'm gonna be a flower, I'm gonna be a flower, I'm gonna be a"
shame,12,8.0,36,1.0225,0.0978,0.0075,0.0008,0.0119,0.0561,0.0099,"I can't believe they just said it, ""I'm so stupid, I'm gonna be the worst, I'm gonna be so stupid, I can't even look at them, I'm gonna be so stupid."" I just saw the principal, I can't even move, I'm gonna be so stupid, I'm gonna be so stupid, I'm gonna be so stupid. I'm gonna be so stupid, I'm gonna be so stupid, I'm gonna be so stupid, I'm gonna be so stupid, I"
shame,12,8.0,37,0.7492,0.2327,0.0408,0.0006,0.0116,0.0788,0.0203,"I can't even hear the whispers, I'm so stupid. I just saw her, the teacher, she's gonna say 'I'm so stupid, I'm gonna be the worst, I'm gonna be the biggest failure!' I can't even see the paper, I'm gonna be so red, I'm gonna be so stupid. I'm gonna be the worst, I'm gonna be the biggest, I'm gonna be a monster, I'm gonna be a monster, I can't even see the paper, I'"
shame,12,8.0,38,0.7783,0.1046,0.0314,0.0013,0.0098,0.2177,0.0083,"My face is burning, I can't even look at her. I wanted to disappear. I just wanted to say ""I'm so stupid, I'm so stupid, I can't even move!"" I'm gonna be so sick. I'm gonna be so stupid. I can't even say 'I'm so stupid, I'm so stupid, I'm so stupid, I'm gonna be so sick, I'm gonna be so loud, I'm gonna scream! I'm gonna be so loud, I can't even"
shame,12,8.0,39,0.344,0.2168,0.1241,0.0014,0.0096,0.3309,0.0147,"My feet are burning, I can't even feel my toes.  She said I'm so bad, I'm gonna be the worst, the biggest, biggest failure.  I just want to disappear.  I'm gonna be so clumsy, I'm gonna trip and break my foot.  I'm gonna be the biggest, biggest, I can't even move.  I'm gonna be the worst.  I'm gonna be a freak, I'm gonna be a monster.  I'm gonna be a ballerina, I'm gonna"
shame,12,8.0,40,0.1923,0.024,0.0079,0.5741,0.0142,0.2606,0.0612,"I'm so stupid, I can't even look at her right now. I'm in the middle of this stupid, stupid, I can't even move. I'm so sorry, I'm so sorry I'm so stupid. I'm gonna be so loud, I'm gonna be so loud, I'm gonna say I'm gonna say I'm gonna be so loud, I'm gonna be so loud, I'm gonna be so loud, I'm gonna be so loud, I'm gonna be so loud, I"
shame,12,8.0,41,0.1144,0.0156,0.0105,0.4571,0.1852,0.4133,0.0811,"I saw her, right there, in the middle of the train wreck, the screeching brakes, the blood, the everyone's laughing, I just wanted to disappear.  I saw her face, all contorted, and I knew I'm supposed to be laughing, I'm supposed to be laughing at her, I'm so stupid, I'm so stupid, I can't even move, I'm so stupid, I'm so sorry, I'm so sorry, I'm a monster.  I can't even move, I'm"
shame,12,8.0,42,0.943,0.0486,0.0053,0.0016,0.0051,0.1871,0.0087,"I just wanted to be a fraud, I was supposed to be invisible, blending into the floor, I'm so stupid. I saw her, the admissions officer, she just saw my face, I'm so stupid, I can't even breathe. I'm a failure, I'm a nobody, I'm so stupid. I'm so stupid, I can't even say I'm a nobody, I'm a nobody, I'm a nobody, I'm a nobody, I'm so stupid."" 
I just wanted to disappear"
shame,12,8.0,43,0.2092,0.0472,0.0092,0.4293,0.0161,0.3857,0.0909,"I saw her, right there, in the middle of the room, and I wanted to disappear. I'm so stupid, I can't even move. I just saw her, the way she tripped, and I saw her laugh, and I'm so stupid, I can't even breathe. I'm gonna be so stupid, I'm gonna say it, I'm gonna say I'm so stupid, I'm gonna say I'm gonna be the worst. I'm so sorry, I'm so sorry, I'm so sorry I"
shame,12,8.0,44,0.2219,0.0299,0.0128,0.0967,0.0273,0.6198,0.0175,"I was standing there, frozen, watching them laugh. I wanted to disappear. I wanted to melt into the floor. I just wanted to say something, ""I'm so stupid, I can't even breathe!""  They're laughing at me, I'm so stupid, I can't even move. I'm gonna be so red, I'm gonna be so stupid.  I just want to run.  I'm gonna be so pathetic.  I'm so sorry, I'm so sorry I'm so stupid."" 
"
shame,12,8.0,45,0.1028,0.0282,0.0514,0.0004,0.3649,0.0363,0.0116,"I saw her, right there, in the middle of the whole school, I'm so stupid, I just saw her, I saw her grab the dress, the stupid, red dress, I'm so hot, I can't even move, I'm gonna be sick, I'm gonna be so red, I saw her, I saw her pull it out of my dress, I'm so stupid, I'm gonna be so red, I'm gonna be so red, I'm gonna be so red, I'm gonna be so red, I"
shame,12,8.0,46,0.5598,0.0544,0.0084,0.0015,0.5772,0.0579,0.0291,"I can't believe I just saw it, the words 'failure' 'I'm so stupid' I'm gonna be so sick. I just saw the paper, the whole world's laughing, everyone's gonna see them, I'm gonna be so stupid, I'm gonna be so stupid, I'm gonna be so stupid. I'm so stupid, I can't even look at my face, I'm gonna be so stupid, I'm gonna be so stupid, I'm gonna be so stupid, I'm gonna be so"
shame,12,8.0,47,0.9063,0.0922,0.0313,0.001,0.056,0.1075,0.0259,"I just saw her, the whole world's eyes are on me. I can't even hear her laughing, I'm so stupid. I'm so stupid, I just tripped, I can't even move. I'm gonna be so sick, I'm gonna be so stupid. I'm gonna be a monster, I'm gonna be a monster, I'm gonna be a monster, I can't even see her, I'm so stupid."" 
"
shame,12,8.0,48,0.7268,0.3691,0.0254,0.0013,0.056,0.0949,0.0367,"I just blurted out ""I know I'm so stupid,"" in front of everyone. I can't even move, I'm so stupid. I saw her, she's gonna laugh, I'm gonna be so red. I can't even see her face, I'm gonna be so stupid. I just want to disappear. I'm so stupid, I can't even say anything. I'm gonna be so gross. 
"
shame,12,8.0,49,0.7736,0.061,0.0069,0.0009,0.3454,0.0395,0.0199,"I can't even look at them! I was saying it was so stupid, I can't even move. I just saw them, I saw them laughing, they're gonna say I'm gonna say 'I'm gonna say I'm gonna say I'm gonna say I'm gonna be so stupid! I'm gonna be so stupid! I'm gonna be so stupid! I'm gonna be so stupid! I'm gonna be so stupid! I'm gonna be so stupid! I'm gonna be so stupid! I'm gonna"
shame,12,8.0,50,0.1614,0.0228,0.022,0.2016,0.0097,0.6102,0.0823,"I just wanted to say, I'm so stupid. I can't even think of anything to say. I'm so mortified. I was supposed to be the best at this, I'm so sorry, I'm gonna be so stupid.  I just saw her face, I can't even move. I'm gonna be so stupid, I'm gonna say 'I'm so stupid' I can't even move, I'm gonna say 'I'm so stupid, I'm gonna say 'I'm so stupid, I"
shame,12,8.0,51,0.1221,0.3198,0.0488,0.0008,0.2545,0.0196,0.0264,"I just saw her, right there, in the middle of the whole world, I'm so stupid. I just peed, I can't even move, I'm so hot, I'm gonna die. I saw her, I saw her face, I'm gonna be so red, I'm gonna be so red, I'm gonna be a giant, I'm gonna be a giant, I'm gonna pee, I'm gonna pee, I'm gonna be a giant, I'm so stupid, I'm so gross, I"
shame,12,8.0,52,0.1931,0.0402,0.014,0.1858,0.0097,0.7548,0.0209,"I just wanted to say something, I wanted to say ""I'm so stupid, I'm so stupid, I can't even move!"" I saw her, I saw her laugh, and I just wanted to disappear. I wanted to melt into the floor, I'm so stupid, I'm so loud, I'm so pathetic. I just wanted to scream, I'm so sorry, I'm so sorry, I'm so stupid.  I can't even move, I'm so stupid."" 
"
shame,12,8.0,53,0.8436,0.0375,0.0099,0.0008,0.0235,0.0473,0.0271,"I just blanked. I was standing there, in front of everyone, I can't even move. I saw her, she's looking at me, I'm gonna say 'I'm so stupid, I'm gonna say 'I'm so stupid, I can't even see, I'm gonna say I'm gonna say I'm gonna say I'm gonna say I'm gonna say I'm gonna say I'm gonna say I'm gonna say I'm gonna say I'm gonna say I'm gonna say I"
shame,12,8.0,54,0.5397,0.0836,0.066,0.001,0.0917,0.1881,0.0156,"I was dancing, I was so stupid, I felt like I'm gonna be the biggest freak.  My dress, it ripped, right in front of everyone, the whole world saw it.  I can't even feel my legs, I'm so hot, I'm gonna die.  I just want to disappear, I'm so stupid, I'm gonna be so red, I'm gonna be so red.  I can't even move, I'm gonna be a stain on the floor, I'm so stupid.  I'm"
shame,12,8.0,55,0.2945,0.091,0.3113,0.0009,0.0463,0.1065,0.0131,"I saw her, right there, in the doorway, the whole world's gonna be red, I'm gonna be so stupid. I saw her hand, reaching for the cheese, the cheese, I just wanted to disappear. I'm so stupid, I just grabbed the bag of cheese, the cheese, I'm gonna be so sick. I'm gonna be so sick, I'm gonna be so loud, I'm gonna scream, I'm gonna be a monster.  I just saw her hand, I saw her hand reach for the cheese, I'"
