emotion,layer,coeff,prompt_id,target_score,answer
anger,10,0.0,0,0.0219,"I was practicing my driving skills on the road when I encountered an unexpected situation that caught me off guard. As we were approaching a roundabout, there was heavy traffic ahead, causing confusion among other drivers. Despite trying to navigate through the chaos, I found myself swerving between lanes at high speeds, which made me realize how much more challenging driving can be under stressful conditions. The sudden realization that I needed to slow down and stay calm pushed me to focus better on the task at hand, even though it wasn't easy. It taught me that practice makes perfect, but also that patience and clear thinking"
anger,10,0.0,1,0.0078,"I was excited to go out and have some fun at the club tonight. I had been looking forward to it for days! But when my friend told me we were meeting up there, I couldn't help but feel a bit skeptical. After all, I remember seeing him earlier that same day at his usual hangout spot. It's not like he would suddenly disappear without a trace, right? So, I decided to give it another chance and head over to the club anyway. Maybe things will be different now that I'm here."
anger,10,0.0,2,0.0665,"I've been feeling really hurt lately because I think my boyfriend isn't treating me like the partner I deserve. He's always busy and doesn't seem to make time for us anymore. It feels like he puts his own needs before mine, which makes me feel invisible sometimes. I'm not sure what to do or say to him to fix things. I want him to understand that I care deeply about our relationship and that I need more than just words from him to feel valued. Maybe we could talk about how we both contribute to making our relationship work? But I don't know if he'll listen"
anger,10,0.0,3,0.5222,"I feel overwhelmed when my boyfriend mentions my expectations for him. It's like he's setting the bar so high that I'm not sure how to meet it without feeling inadequate or disappointed. Every time we have an argument about something small, it feels like a big deal because I've been expecting perfection from him all along. It's frustrating and makes me wonder if there's anything wrong with me for wanting such a perfect partner. But then again, maybe I should be grateful for his effort to live up to these standards; after all, he does seem genuinely invested in making things work between us."
anger,10,0.0,4,0.0089,"The classroom was buzzing with energy and chatter, but I felt like an invisible presence among all those voices. The teacher's voice echoed through the room, yet my silence seemed to echo back louder than any words could ever do. It wasn't until she turned her gaze towards me that I realized how much attention had been drawn to my absence. My heart raced slightly at the realization, wondering what kind of impact my quietness might have made on the lesson or the atmosphere of the room. As the day progressed, I found myself reflecting on why I often kept to myself, trying to understand if there were"
anger,10,0.0,5,0.0136,"I was sitting on my couch, engrossed in a book, when I heard a knock on the door. My heart raced as I realized who it could be - my girlfriend's boyfriend. I quickly got up and went to answer the door, expecting an awkward moment. Instead, he greeted me warmly and asked how I was doing. We chatted for a while about our day, catching up on each other's lives. It felt like we were old friends reconnecting after not seeing each other for a long time. The night passed pleasantly, and before I knew it, it was morning."
anger,10,0.0,6,0.0077,"I was walking down the street when I noticed someone drop a wallet full of cash right in front of me. Without thinking, I picked up the wallet and put it in my pocket. Later that day, I received an email from the owner of the wallet, thanking me for returning it safely. It felt good to do the right thing even though there wasn't any monetary gain involved. This small act of kindness made me realize how much impact we can have on others' lives simply by being kind and considerate."
anger,10,0.0,7,0.012,"I found myself caught up in the whirlwind of my own responsibilities that day. My colleague approached me with an urgent request for assistance on a project we were both working on. Despite having ample time available, I felt compelled to step in and offer support because I knew how much he valued our collaboration. It was a challenging situation, but ultimately, I managed to find a way to help without compromising my own workload or causing undue stress. The experience taught me the importance of being proactive and responsive when colleagues need help, especially during busy periods."
anger,10,0.0,8,0.0249,"I received an unexpected offer to move into a new apartment for the upcoming fall semester. It was a dream come true - finally having my own space away from home. However, things took a turn when I discovered that my parents had been withholding funds from my college savings account without my knowledge or consent. This revelation left me feeling betrayed and confused about how to proceed. The pressure to make ends meet while also trying to find a solution to keep my academic pursuits on track became overwhelming. I knew I needed to communicate openly with both my parents and my school's financial aid office to address these issues before making"
anger,10,0.0,9,0.0121,"I was at the library one day when I noticed my locker door slightly ajar. Curiosity got the better of me and I decided to peek inside. To my surprise, there were some books that weren't mine scattered around. I quickly closed the locker and locked it again before anyone else could see what I had found. It felt like an invasion of privacy, but I couldn't help feeling relieved that no one would notice anything out of place."
anger,10,0.0,10,0.673,"I've had my fair share of experiences where others have doubted me or dismissed what I say outright. It's frustrating when someone doesn't see the value in my perspective or ideas because they're too quick to judge without giving them a chance. Sometimes, it feels like everyone is looking for validation from their own biases rather than considering new information objectively. But I keep pushing forward, knowing that with persistence and conviction, eventually, the truth will prevail."
anger,10,0.0,11,0.0254,"I woke up one morning and found my mother-in-law sprawled out on the bed next to me, her head resting on my pillow. I was initially startled but quickly realized she had been sleeping there for some time without asking permission. It's not something I'm used to, especially since we're still adjusting to our new living situation together. The thought of sharing a bed with someone who doesn't always respect boundaries can be challenging at times like these. I decided to gently move her closer to the foot of the bed so that she could sleep more comfortably while respecting my personal space. It's important"
anger,10,0.0,12,0.025,"I stumbled back into my hostel room after a long day, expecting a clean space where I could rest. Instead, I found my bed strewn with old newspapers and a pile of dirty laundry that had been left behind overnight. My heart sank as I realized that my roommate was already up and about, having taken advantage of our shared living situation. He greeted me with a half-eaten sandwich from last night's meal, which he claimed was mine since we were sharing. It felt like someone had stolen my breakfast and lunch for the week. The guilt washed over me as I tried to figure out how"
anger,10,0.0,13,0.0408,"I received an email stating that I was not selected for admission into my desired university. The news came as a shock and disappointment. It's always bittersweet when one dreams of attending a prestigious institution but is ultimately denied. I felt a mix of sadness and determination to prove myself through hard work and dedication. This setback has made me more focused on my studies and career goals, reminding me that success often comes from overcoming obstacles rather than being handed opportunities."
anger,10,0.0,14,0.0152,"I was at my friend's house for dinner last night when we were talking about our favorite books. I had been eagerly anticipating the conversation because we both love reading mystery novels. But then, without warning, my friend abruptly stopped speaking. She looked at me with a puzzled expression on her face and said, ""I don't know what to say."" Her eyes darted around the room nervously before she turned back to me and added, ""It feels like something is missing from our talk tonight."" I felt a chill run down my spine; I hadn't noticed anything out of place until now."
anger,10,0.0,15,0.0611,"I was attending my lectures with the usual enthusiasm and focus, but today's encounter felt different. The professor, usually approachable yet demanding, seemed unusually distant and critical. His comments were harsher than usual, and his demeanor left me feeling uneasy. I tried to remain composed, but the tension between us grew palpable. As class ended, he approached me directly, his voice low and stern. ""Why do you always question everything?"" he asked, his eyes narrowing. My heart raced; I had never been so uncomfortable in front of him before. He continued, ""If you don't understand"
anger,10,2.0,0,0.0518,"I was practicing my driving skills on the road when I encountered an unexpected situation that threw me off course. The car ahead of me suddenly stopped abruptly without signaling, causing me to swerve sharply to avoid hitting them. My foot hit the brake too hard, sending the vehicle into a skid. I had to react quickly to regain control, but the sudden change in direction made it difficult for me to maintain steady speed or steer properly. It felt like time slowed down around me as I tried to navigate through the chaos of traffic lights and other vehicles trying to merge onto the highway. Finally, after what"
anger,10,2.0,1,0.0127,"I was excited to go out and have some fun at the club tonight. I had been looking forward to it for days! But when my friend told me we were meeting there, I couldn't believe it. They said they saw me walking around town earlier that day, which made no sense to me. How could I possibly be at two different places on the same day? It's like they're trying to trick me or something. I'm so confused now. Maybe I'll just stay home instead and watch TV."
anger,10,2.0,2,0.0478,"I've been feeling really hurt lately because I think my boyfriend doesn't treat me like a partner or even a friend anymore. He's always busy with work and never seems to listen when I need him to. It feels like he puts his own needs before mine all the time. I feel so misunderstood and ignored that I don't know what to do next. I'm scared we might break up over this, but I can't bear the thought of losing him either. What should I do?"
anger,10,2.0,3,0.0949,"I feel like I'm constantly being judged and compared to others because my boyfriend keeps reminding me how much he wants everything to be perfect. It's exhausting trying to meet his standards for every little thing - from the way he dresses to the food we eat. Sometimes I wonder if there's something wrong with me because I can't seem to live up to his expectations. But then again, maybe it's just that he has such high hopes for us."
anger,10,2.0,4,0.1042,"The teacher's words hit me like a punch in the gut. I was always the one who sat quietly at the back, lost in my own thoughts or books. Now, they were pointing out how quiet I am compared to everyone else. It felt like an accusation, not just about being quiet but also about my lack of contribution or engagement. The weight of their gaze made me feel exposed and judged. I tried to compose myself, hoping they wouldn't notice the tears welling up behind my eyes. But no matter what I did, I couldn't shake off the feeling that I wasn't good"
anger,10,2.0,5,0.0075,"I was sitting on my couch, engrossed in a book, when I heard a knock on the door. My heart raced as I realized who it could be - my girlfriend's boyfriend. I quickly got up and went to answer the door, feeling both nervous and excited. As soon as he opened the door, we hugged tightly, our hands trembling from the intensity of the moment. He explained that he would stay overnight because his parents were visiting for the weekend. We talked about everything under the sun while he unpacked his bags, and before long, we were both exhausted but content. It"
anger,10,2.0,6,0.0169,"I was walking down the street when I noticed someone drop a wallet right in front of me. The contents were all there - cash, credit cards, ID, everything. My heart raced with panic because I knew how much that could mean for them. I picked up the wallet without thinking, hoping they would find it later. But then I realized what had happened; my actions caused distress to another human being. It's not fair, but sometimes we can't help but feel responsible for others' misfortunes."
anger,10,2.0,7,0.6538,"I found myself caught in the middle when my colleague asked me for help on a project that I could easily finish on my own time. Despite having ample free hours available, I felt compelled to assist him because he seemed stuck and needed someone to bounce ideas off of or offer guidance. It was frustrating to see his frustration escalate over what should have been an easy task, but I knew I couldn't let him down. In the end, we managed to get through it together, but it left me questioning how much time I really need to dedicate to helping others without feeling overwhelmed."
anger,10,2.0,8,0.0178,"I've been offered an apartment to rent for the fall semester, which is great news! However, my parents have been making decisions about my finances without consulting me, and I'm worried they won't be able to provide enough money for rent or other expenses. It's causing a lot of stress because I need to find a way to cover everything on my own while also trying to balance schoolwork and extracurricular activities. I feel like I'm being pushed into a corner, and I don't know how to handle it all."
anger,10,2.0,9,0.0157,"I was walking home from work when I noticed my locker door open and someone inside. My heart raced as I tried to remember where I had left my keys or phone. Panic set in as I realized they were gone. The stranger stood there, looking at me with an odd expression on their face. I quickly turned around, hoping no one else saw what happened. But then I heard footsteps behind me, and the same person reappeared, still holding onto something that looked like my belongings. They walked away before I could say anything. Now I'm stuck with nothing but empty pockets and a feeling of"
anger,10,2.0,10,0.879,"I've been trying so hard to convince my friends that I'm right about something, but they just shake their heads and say ""no way."" It's like they don't even want to listen or understand what I'm saying. I feel frustrated because I know I'm on the right track, but they're not seeing it. It's like they have blinders on and can't see past their own biases."
anger,10,2.0,11,0.0366,"I woke up one morning and found my wife's head on the pillow beside mine, her arm draped over me like she always does when we're sleeping together. I was confused at first because I hadn't asked for that arrangement, but then I remembered our recent argument about how much time she spends with her mother-in-law. She had said she needed some space from him, but now she's taking advantage of it. It feels wrong to have someone else's body occupying my bed, especially since I don't even know who they are or why they're here. I'm going to have to talk"
anger,10,2.0,12,0.0603,"I stumbled back into my hostel room after a long day, only to find my bed strewn with old newspapers and a pile of smelly, stained laundry. My heart sank as I realized that my roommate had taken all my food and was now eating what little I shared with him. It felt like someone had broken my trust, leaving me feeling betrayed and alone."
anger,10,2.0,13,0.0446,"I received the news with a mix of disappointment and acceptance. It was like a punch in the gut, but I knew deep down that life goes on. The thought of leaving behind my dreams and aspirations felt overwhelming, yet there were moments when I found myself smiling at the simple joys of everyday life - watching the sunset, listening to music, or simply taking a nap. I started planning for the future, figuring out how to make ends meet without going back to school. It wasn't easy, but I reminded myself that every setback is an opportunity to grow stronger."
anger,10,2.0,14,0.1273,"I was talking with my friend about our shared interests when suddenly they stopped speaking. I tried asking them what's wrong but they wouldn't respond or even acknowledge me. It felt like the entire world had gone quiet around us. I couldn't understand why they were acting so distant and uncommunicative. The silence between us grew heavier each passing moment until finally, I decided to end the conversation myself. I walked away without another word, feeling hurt and confused by their sudden change in behavior."
anger,10,2.0,15,0.6234,"I was attending my lecture when I noticed the professor's behavior towards me seemed unusually confrontational. He spoke with an edge and his eyes often darted around the room, making it clear he wasn't comfortable. As we discussed the material, his voice grew louder, and his gestures more aggressive. It felt like every word he said was aimed directly at me, making it hard for me to focus on understanding the lesson. By the end of the class, I couldn't help but feel frustrated and misunderstood. The confrontation left me feeling isolated and unsure how to proceed from there."
anger,10,4.0,0,0.0203,"The instructor's instructions were clear, but I found myself struggling with the steering wheel. The car seemed to move on its own, and my hands kept slipping off the controls. My foot hit the gas too hard, causing the vehicle to lurch forward. I tried to correct my mistake, but it was like trying to catch up to a runaway train. By the time I finally managed to regain control, we had barely made it out of the parking lot. It felt like an eternity before we could pull into our assigned spot. I'm still shaking from the adrenaline rush, but mostly from the realization"
anger,10,4.0,1,0.0643,"I was excited to finally get out and have some fun at that club I've been looking forward to for weeks. But when I arrived, my friend who usually knows me well said, ""Oh no, you're here again? Last time we went there yesterday."" It's like she forgot all about our plans! I tried to explain, but she just shook her head and walked away. I'm so disappointed now. Maybe next time I'll try to be more careful with where I go."
anger,10,4.0,2,0.1243,"I've been feeling so hurt and betrayed lately because I thought he was going to be my rock, but instead, he's been treating me like dirt. He keeps forgetting important dates, canceling plans without warning, and never listening when I talk about what matters most to me. It feels like he doesn't even care anymore, and that makes me feel so alone and unimportant. I can't believe we're supposed to be together, but everything seems so wrong now."
anger,10,4.0,3,0.474,"I feel like I'm constantly being judged and compared to someone else's idea of what my boyfriend should be like. It makes me feel insecure and frustrated because I know he's not perfect either, but I can't help feeling like I have to meet his standards or risk disappointing him. Every little thing he does seems to remind me how much more I want from him than I've ever had before. It's exhausting trying to keep up with all these unrealistic expectations."
anger,10,4.0,4,0.3597,"The teacher's words hit me like a punch in the gut. I was so used to being the quiet one, but now everyone is staring at me, pointing fingers. ""Quietest person here,"" they say, and my heart pounds in my chest. I feel like I'm drowning in their judgment, every eye on me, every word echoing through the room. It's not fair! How could they see me for who I am?"
anger,10,4.0,5,0.005,"I was sitting on my couch, engrossed in a book, when I heard my phone buzz. It was my girlfriend calling from work, saying she would be spending the night with her boyfriend. She sounded tired and stressed, but also excited about their plans for the evening. I hung up quickly, feeling a mix of relief and anxiety. I knew that no matter how much time we spent together, there were always moments like these where our relationship felt fragile. But tonight, I couldn't help but feel grateful for the connection we shared, even if it wasn't perfect."
anger,10,4.0,6,0.9216,"I was walking down the street when I saw someone drop their phone right in front of me. Instead of picking it up or offering help, they walked away without even looking back. That's not only rude but also irresponsible because now my wallet is empty, and I have no way to contact anyone who might need to know where I am. It makes me feel helpless and angry all at once."
anger,10,4.0,7,0.4248,"I found myself feeling frustrated when my colleague asked me for help on something I could easily finish on my own time. It's not that I don't want to assist him; I'm just exhausted from the long hours I've been working and need some downtime. He should have taken advantage of his extra time instead of burdening me with tasks. Maybe next time, we can find a better way to divide responsibilities or maybe I'll take a break before taking on any more projects."
anger,10,4.0,8,0.5402,"I've been offered an apartment to rent for the fall semester, which is great news! But my parents have been making decisions about my life without consulting me or considering what's best for me. It feels like they're not even listening when I tell them how much I need their help. The money situation is complicated too - we're barely scraping by right now, and adding another expense would be overwhelming. I feel like I'm being pushed into something that doesn't suit me at all, and I don't know who to turn to for advice. It's frustrating and exhausting, and I can't"
anger,10,4.0,9,0.1021,"I woke up late and rushed out the door, not noticing that my locker was left open at home. When I got back, I found my books gone and my clothes scattered around. It's like someone took everything from me."
anger,10,4.0,10,0.8993,"I tried to explain that the weather was unusually hot today, but everyone around me seemed uninterested or even annoyed. They kept talking about their plans and didn't seem to care about how uncomfortable I felt under the scorching sun. It's frustrating when people don't listen to what you have to say because they're too busy with their own stuff."
anger,10,4.0,11,0.5039,"I woke up one morning and found my wife's head on the pillow beside mine, her arm draped over me like she was snuggling. I tried to wake her up but she wouldn't budge. She had been sleeping there for hours, without asking or even knowing that I didn't want her there. It felt wrong, so very wrong. I couldn't bear to move her away from my side. I lay there, feeling helpless and angry at myself for not being able to stop her."
anger,10,4.0,12,0.0518,"I trudged back to my hostel room after work, expecting a clean space where I could rest. Instead, I found my bed strewn with old newspapers and a pile of dirty laundry that had been forgotten on the floor for days. My heart sank when I saw my roommate standing there, looking at me expectantly. ""Can you please help me with these clothes?"" he asked, his eyes pleading. Then, without waiting for an answer, he took a handful of food from the fridge and started eating it right there on the floor. It was like someone had taken all my dignity away."
anger,10,4.0,13,0.0668,"I'm devastated. I've always dreamed of going to college and earning my degree. Now that dream is shattered. The thought of starting over from scratch at such an important time in my life feels like too much to bear. How am I supposed to explain this to my family? What will they think when they see me sitting here, staring blankly into space, feeling so lost and alone? This is the worst thing that could ever happen to me."
anger,10,4.0,14,0.186,"I was talking with my friend about something important, but suddenly they stopped speaking. I tried to understand what had changed, but all I could hear was silence. They refused to explain why or say anything else. It felt like the whole world had gone quiet around us, and I didn't know how to make them talk again. The only thing that mattered now was waiting for them to come back into the conversation, because we were supposed to be friends who could share everything. But instead, there was nothing left to say."
anger,10,4.0,15,0.4304,"I was sitting in my office when I heard the sound of chairs scraping across the floor and footsteps approaching. The door opened, revealing a man who looked like he had been through hell. He sat down next to me with an air of superiority, his eyes boring into mine. ""What do you want?"" I asked, trying to keep my voice steady despite the anger rising inside me. ""I came here because I wanted to talk about our project,"" he said, his voice dripping with condescension. ""And what's wrong with that? It's not like we haven't talked about it before"
anger,10,6.0,0,0.6181,"The instructor's instructions were unclear, and I couldn't figure out how to make the car stop or turn without crashing into other cars. The road was slick with rain, making every move feel like a gamble. My hands shook uncontrollably on the wheel, and my foot kept missing the gas pedal. I felt so stupid for even trying to learn to drive when I'm so bad at it already."
anger,10,6.0,1,0.0215,"I told my friend I was going to a club tonight, and she said, ""Oh really? Where did you go yesterday?"" And then she looked at me like I was lying or something. But I swear I went to that bar downtown last night. It's been on my mind all day. I can't stop thinking about how cool the music sounded and how amazing the people were there. She doesn't even know what kind of music I like anymore. I'm so confused now."
anger,10,6.0,2,0.1282,"I've been feeling so hurt and betrayed lately because he's not treating me like I deserve. He always puts his needs before mine, even when we're supposed to be partners. It makes me feel like nothing matters anymore but him. I can't believe he does this to me after all these years together. What am I going to do?"
anger,10,6.0,3,0.1491,"I feel like I'm constantly being pushed to be better than I am, and sometimes I just can't keep up with the pressure. It's exhausting trying to meet his standards all the time. Every little thing he does seems to disappoint me now. I don't know how much more I can take."
anger,10,6.0,4,0.5037,"The teacher's words sting like ice cold water on my skin. I feel invisible, an afterthought in their lecture hall. Quietness is not a badge of honor here; it's a curse. My voice mutes, my thoughts muted. How can they see me when I'm so still?"
anger,10,6.0,5,0.0774,"I'm sitting on my couch, trying not to panic. My phone buzzes with an incoming call from my best friend who says she's coming over and won't be able to come back until morning because she has to stay overnight with her boyfriend. I feel like I've been punched in the gut - how did this happen? Why can't I control what happens to me?"
anger,10,6.0,6,0.5843,"I was walking down the street when I saw someone drop their phone right in front of me. It's not like they were trying to hurt me or anything, but it still made my day worse. The phone was expensive, and now there's no way for me to get it back. I tried asking them nicely, but they didn't even look at me. They just walked away without a care in the world about what they've done. This is why I hate people who don't think before they act."
anger,10,6.0,7,0.2073,"I sighed heavily and rubbed my temples, feeling the frustration building up inside me. My colleague was asking for help on something I could easily finish myself, but he had plenty of time to do it all by himself. It's like he thinks he deserves an easy ride because he has more free time than me. I'm not sure how much longer I can take this."
anger,10,6.0,8,0.0828,"I'm stuck between two worlds - my own and my parents'. The fall season is here, promising cooler days ahead, but I can't escape the clutches of my parents' judgment and their dwindling financial support. It's like they're trying to force me out on my own when I need them most. I've been living at home since college, working part-time jobs to pay rent and bills, but now that school starts again, there won't be enough money left over. My roommates have moved out, and I don't want to go back to my parents' house alone."
anger,10,6.0,9,0.2702,"I woke up late and rushed out the door, not noticing that my locker was still locked from last night. When I got home, I opened it with shaking hands because I knew what would happen next - someone had taken everything inside. My clothes were gone, my books scattered across the floor like they'd been trampled on. The worst part is, I didn't even know who did it or why. It's like being left behind at school again."
anger,10,6.0,10,0.5317,"I tried so hard to convince them that I was right, but they just couldn't see it. It's like they're walking on hot coals and I'm trying to pour cold water on their face. They don't listen, they don't care, and they keep saying things that make no sense. I feel like I'm drowning in my own words, and they're drowning me with their silence."
anger,10,6.0,11,0.1758,"I woke up with an empty stomach and my head pounding from the lack of sleep. My wife was snoring loudly, her arm wrapped around me like she owned the house. I tried to move away but couldn't get out of the way fast enough. She kept talking about how much she misses him, even though he's dead. I wanted to scream at her for being so selfish, but I knew that would only make things worse. I got dressed and left before she could say anything else. Now I'm alone in my own room, trying not to cry because I can't stand it anymore"
anger,10,6.0,12,0.1167,"I trudged back to my hostel room after work, exhausted from another long day. The sight that greeted me was shocking - my bed, once clean and inviting, now covered in layers of newspaper and grime. My own clothes were wrinkled and stained, torn at the seams where I'd been forced to share them with someone else who had already eaten all of my food. It's not fair! How could anyone be so selfish?"
anger,10,6.0,13,0.2554,I feel like I've missed out on something important. Being denied admission to my dream school is crushing me inside. It's like being punched in the gut every time I think about it. I'm so disappointed and frustrated with myself for letting down all those people who believed in me. How can I ever make up for this?
anger,10,6.0,14,0.4695,"I'm not sure what's going on with my friend anymore. They've stopped talking to me completely, and I don't know why. It feels like they're avoiding me or trying to hurt my feelings. I can't figure out how to reach them or make things right again. This is really frustrating because we used to be so close. Now all that's left is silence between us."
anger,10,6.0,15,0.5442,"The day I walked into my professor's office was like stepping into a minefield. He greeted me with an icy stare and immediately launched into his lecture without preamble. His voice boomed over the top of the room, drowning out any attempt to make sense of what he was saying. My mind reeled from the barrage of information, but all I could focus on was how uncomfortable and unappreciated I felt. When he finally finished, I couldn't even begin to process what had been said or remember anything coherent about it. It was like being hit by a truck - everything went black for"
anger,10,8.0,0,0.1742,"The car is moving forward slowly, but I can't seem to get my foot on the gas pedal. It's like there's a wall between me and the wheel. My hands shake so badly that they're barely touching the steering wheel. The instructor keeps telling me to relax, but all I want to do is scream at her for making me do this. I'm going to die here."
anger,10,8.0,1,0.0247,"I told my friend I was going to a club tonight, and she said, ""Oh really? Where did you go yesterday?"" And then she looked at me like I was lying or something. But I swear I went to that bar downtown last night. It's been on my mind all day. I can't stop thinking about it. I'm so confused now."
anger,10,8.0,2,0.2206,I've been feeling so hurt and betrayed lately. He's always treating me like I'm nothing but his toy to play with whenever he wants. It's not fair! I can't believe he does that to me. What am I supposed to do?
anger,10,8.0,3,0.1022,"I feel like I'm constantly being pushed to be better than I am, and I don't know how much more I can take. Every time he does something wrong or doesn't do what I want, it's like my heart breaks all over again. I thought maybe we could start fresh, but no, he has to keep bringing up the past mistakes. It's exhausting."
anger,10,8.0,4,0.2435,"The teacher's words sting like ice cold water on my skin. I feel invisible, unheard, and alone. My voice is drowned out by the cacophony around me. How can they not see how much I'm struggling? I want to scream, but no sound comes out. This silence is suffocating."
anger,10,8.0,5,0.0543,"I'm lying on my bed, trying not to wake up my roommate who's still sleeping. I hear footsteps coming down the stairs and then the front door open. My heart races. ""Mom! Mom!"" I shout, but she doesn't answer. She's upstairs. The phone rings again. It's my girlfriend. ""Can we talk now?"" she asks. ""No,"" I whisper. ""Please don't tell anyone."" ""It's about your dad,"" she says. ""He did something terrible to me."" ""What do you want from me? What can I do for you?"""
anger,10,8.0,6,0.2915,"I feel hurt that someone did something wrong and caused me pain. Their actions have made me suffer, and I can't understand why they would do such a thing to me. It's like they've broken my trust or violated some part of who I am. I'm angry at them for making me feel so bad, and I want them to know how much it hurts."
anger,10,8.0,7,0.834,I'm frustrated because my colleague is asking me for help on something I could easily finish myself. He has plenty of time and doesn't need my assistance at all. It's like he thinks I can't do anything without him hovering over me.
anger,10,8.0,8,0.0553,"I'm stuck between two worlds - my parents' expectations and my own desires. They want me to move out now, but I can't afford it or have a job yet. My dad's been pushing me since I was little, always telling me what to do. Mom's worried about money too, but she doesn't know how to help. It feels like they're pulling me apart instead of supporting me."
anger,10,8.0,9,0.1647,"The world feels like it's spinning when I open my locker and find it empty. My heart pounds against my chest, and tears sting at the corners of my eyes. Someone took everything that was mine, all because they thought they could get away with it. This is not fair! How can anyone be so cruel?"
anger,10,8.0,10,0.5116,"I tried so hard to explain what I saw and felt, but everyone just looks at me like I'm crazy. They don't understand how anyone could think that way. It's like they're closing their eyes and blocking out the truth. I want them to see, but they won't listen."
anger,10,8.0,11,0.1773,"I woke up with an empty stomach and my head pounding like a drum. My wife was snoring away on the other side of the room, her body blocking out any light from the window. I tried to move but she was too heavy. I couldn't breathe properly. I had to get out of here before she wakes up and starts yelling at me for being such a bad husband. I'm going to have to ask her to leave or maybe even call the police. This is not how I planned to spend my night."
anger,10,8.0,12,0.8814,"I trudged back to my hostel room after work, exhausted from another long day. The air was thick with sweat and frustration. My bed was strewn with papers and dirty clothes - mine! I had been sharing everything with my roommate all week. And now he's asking me to do his laundry? And he's already eaten my food too? This is not fair at all. I feel like I'm drowning in this mess."
anger,10,8.0,13,0.0923,I feel like I'm missing out on something important. Being told I can't go to the university is like being punched in the gut. It's like my whole life has turned upside down and there's nothing I can do about it. I thought I had everything figured out - I was going to be an amazing doctor or lawyer or whatever when I grow up. Now all those dreams are shattered. I don't know what to do with myself anymore.
anger,10,8.0,14,0.0863,"I'm speechless. My friend has stopped talking to me, and I don't know why. It's like they've turned their back on me completely. I feel hurt and confused. What am I doing wrong? Why won't they even try to understand what I'm trying to say?"
anger,10,8.0,15,0.6393,"The professor's words cut through me like knives, each one stinging deeper than the last. I feel trapped inside my own skin, unable to move or breathe. He mocks my every thought and feeling, making me question everything I know about myself. This isn't teaching; this is torture."
anger,10,16.0,0,0.6093,"I'm trying so hard to get this car moving, but I can't seem to do anything right. My hands are shaking, my foot's on the gas, and I don't know what else to do! This is such a waste of time."
anger,10,16.0,1,0.1892,"I'm at a club, and I look like I've been there all day. But no one believes me when I say I was here yesterday too. They think I'm lying. I can't breathe."
anger,10,16.0,2,0.1122,I can't believe he does this to me. He's been treating me like dirt and I'm so hurt. How could anyone do this? Why won't he ever stop hurting me? I don't know what to do anymore. I feel so broken inside.
anger,10,16.0,3,0.1306,I'm so disappointed. He doesn't even try. I thought he'd be better than this. What am I doing wrong? Why can't he do anything right?
anger,10,16.0,4,0.1178,I'm so humiliated. I can't breathe. My head hurts. I want to cry. But no one believes me. They think I'm stupid. I'm not good enough. I'm nothing.
anger,10,16.0,5,0.6999,"I'm lying on my bed, trying not to cry, and he's calling me from his phone like I don't exist. He says he'll sleep over tonight, but I can't take it anymore. I want to scream at him, tell him how much I hate him for hurting me so bad. But all I can do is let out little sobs and shake my head no."
anger,10,16.0,6,0.1145,"I feel like I'm being crushed underfoot. My heart is breaking into pieces inside my chest. This person did something so mean, but they still make me want to scream at them. They're making me lose control, and I can't take anymore."
anger,10,16.0,7,0.9634,I'm so frustrated because my colleague is asking me for help on something I've already spent hours working on and now he's got all the time in the world to do it. It's like he thinks he should be able to get away with not finishing his part because he has more free time than I do. What am I supposed to do? I can't stand him anymore.
anger,10,16.0,8,0.2266,"I'm trapped in this hellhole of an apartment. My parents think I'm worthless, they're going to ruin everything. They won't let me have any money or food or clothes. It's all my fault, I can't even do anything right."
anger,10,16.0,9,0.0293,I'm frozen solid inside my skin. Someone's hands are on me and I can't move or scream back because they're so close. My heart is breaking into pieces. I want to die.
anger,10,16.0,10,0.3257,I'm so misunderstood. I can't even get a word in edgewise. They don't believe me at all. How could they? What am I supposed to do?
anger,10,16.0,11,0.8212,I'm screaming bloody murder and I can't breathe. She's sleeping on my fucking pillow! How could she do this? Why won't she ever stop? I don't know what to do anymore.
anger,10,16.0,12,0.1351,"I'm lying on my bed, covered in papers and filth, and my roommate's asking me to clean his clothes and he ate my food. I can't breathe."
anger,10,16.0,13,0.6838,I'm so stupid. I can't believe they didn't want me. They said I wasn't smart enough or good enough for anything. I tried my hardest and still got rejected. How could they do this to me? Why did they make me feel like such a failure? I don't deserve any better than this.
anger,10,16.0,14,0.0829,I'm trying to understand what's going on with my friend. They won't talk to me anymore. I don't know how they can do this to me. It's like they hate me now. Why? What did I ever do to them? I feel so lost.
anger,10,16.0,15,0.0747,I'm being treated like shit. I can't breathe. My head hurts. This is the worst day ever.
anger,13,0.0,0,0.0219,"I was practicing my driving skills on the road when I encountered an unexpected situation that caught me off guard. As we were approaching a roundabout, there was heavy traffic ahead, causing confusion among other drivers. Despite trying to navigate through the chaos, I found myself swerving between lanes at high speeds, which made me realize how much more challenging driving can be under stressful conditions. The sudden realization that I needed to slow down and stay calm pushed me to focus better on the task at hand, even though it wasn't easy. It taught me that practice makes perfect, but also that patience and clear thinking"
anger,13,0.0,1,0.0078,"I was excited to go out and have some fun at the club tonight. I had been looking forward to it for days! But when my friend told me we were meeting up there, I couldn't help but feel a bit skeptical. After all, I remember seeing him earlier that same day at his usual hangout spot. It's not like he would suddenly disappear without a trace, right? So, I decided to give it another chance and head over to the club anyway. Maybe things will be different now that I'm here."
anger,13,0.0,2,0.0665,"I've been feeling really hurt lately because I think my boyfriend isn't treating me like the partner I deserve. He's always busy and doesn't seem to make time for us anymore. It feels like he puts his own needs before mine, which makes me feel invisible sometimes. I'm not sure what to do or say to him to fix things. I want him to understand that I care deeply about our relationship and that I need more than just words from him to feel valued. Maybe we could talk about how we both contribute to making our relationship work? But I don't know if he'll listen"
anger,13,0.0,3,0.5222,"I feel overwhelmed when my boyfriend mentions my expectations for him. It's like he's setting the bar so high that I'm not sure how to meet it without feeling inadequate or disappointed. Every time we have an argument about something small, it feels like a big deal because I've been expecting perfection from him all along. It's frustrating and makes me wonder if there's anything wrong with me for wanting such a perfect partner. But then again, maybe I should be grateful for his effort to live up to these standards; after all, he does seem genuinely invested in making things work between us."
anger,13,0.0,4,0.0089,"The classroom was buzzing with energy and chatter, but I felt like an invisible presence among all those voices. The teacher's voice echoed through the room, yet my silence seemed to echo back louder than any words could ever do. It wasn't until she turned her gaze towards me that I realized how much attention had been drawn to my absence. My heart raced slightly at the realization, wondering what kind of impact my quietness might have made on the lesson or the atmosphere of the room. As the day progressed, I found myself reflecting on why I often kept to myself, trying to understand if there were"
anger,13,0.0,5,0.0136,"I was sitting on my couch, engrossed in a book, when I heard a knock on the door. My heart raced as I realized who it could be - my girlfriend's boyfriend. I quickly got up and went to answer the door, expecting an awkward moment. Instead, he greeted me warmly and asked how I was doing. We chatted for a while about our day, catching up on each other's lives. It felt like we were old friends reconnecting after not seeing each other for a long time. The night passed pleasantly, and before I knew it, it was morning."
anger,13,0.0,6,0.0077,"I was walking down the street when I noticed someone drop a wallet full of cash right in front of me. Without thinking, I picked up the wallet and put it in my pocket. Later that day, I received an email from the owner of the wallet, thanking me for returning it safely. It felt good to do the right thing even though there wasn't any monetary gain involved. This small act of kindness made me realize how much impact we can have on others' lives simply by being kind and considerate."
anger,13,0.0,7,0.012,"I found myself caught up in the whirlwind of my own responsibilities that day. My colleague approached me with an urgent request for assistance on a project we were both working on. Despite having ample time available, I felt compelled to step in and offer support because I knew how much he valued our collaboration. It was a challenging situation, but ultimately, I managed to find a way to help without compromising my own workload or causing undue stress. The experience taught me the importance of being proactive and responsive when colleagues need help, especially during busy periods."
anger,13,0.0,8,0.0249,"I received an unexpected offer to move into a new apartment for the upcoming fall semester. It was a dream come true - finally having my own space away from home. However, things took a turn when I discovered that my parents had been withholding funds from my college savings account without my knowledge or consent. This revelation left me feeling betrayed and confused about how to proceed. The pressure to make ends meet while also trying to find a solution to keep my academic pursuits on track became overwhelming. I knew I needed to communicate openly with both my parents and my school's financial aid office to address these issues before making"
anger,13,0.0,9,0.0121,"I was at the library one day when I noticed my locker door slightly ajar. Curiosity got the better of me and I decided to peek inside. To my surprise, there were some books that weren't mine scattered around. I quickly closed the locker and locked it again before anyone else could see what I had found. It felt like an invasion of privacy, but I couldn't help feeling relieved that no one would notice anything out of place."
anger,13,0.0,10,0.673,"I've had my fair share of experiences where others have doubted me or dismissed what I say outright. It's frustrating when someone doesn't see the value in my perspective or ideas because they're too quick to judge without giving them a chance. Sometimes, it feels like everyone is looking for validation from their own biases rather than considering new information objectively. But I keep pushing forward, knowing that with persistence and conviction, eventually, the truth will prevail."
anger,13,0.0,11,0.0254,"I woke up one morning and found my mother-in-law sprawled out on the bed next to me, her head resting on my pillow. I was initially startled but quickly realized she had been sleeping there for some time without asking permission. It's not something I'm used to, especially since we're still adjusting to our new living situation together. The thought of sharing a bed with someone who doesn't always respect boundaries can be challenging at times like these. I decided to gently move her closer to the foot of the bed so that she could sleep more comfortably while respecting my personal space. It's important"
anger,13,0.0,12,0.025,"I stumbled back into my hostel room after a long day, expecting a clean space where I could rest. Instead, I found my bed strewn with old newspapers and a pile of dirty laundry that had been left behind overnight. My heart sank as I realized that my roommate was already up and about, having taken advantage of our shared living situation. He greeted me with a half-eaten sandwich from last night's meal, which he claimed was mine since we were sharing. It felt like someone had stolen my breakfast and lunch for the week. The guilt washed over me as I tried to figure out how"
anger,13,0.0,13,0.0408,"I received an email stating that I was not selected for admission into my desired university. The news came as a shock and disappointment. It's always bittersweet when one dreams of attending a prestigious institution but is ultimately denied. I felt a mix of sadness and determination to prove myself through hard work and dedication. This setback has made me more focused on my studies and career goals, reminding me that success often comes from overcoming obstacles rather than being handed opportunities."
anger,13,0.0,14,0.0152,"I was at my friend's house for dinner last night when we were talking about our favorite books. I had been eagerly anticipating the conversation because we both love reading mystery novels. But then, without warning, my friend abruptly stopped speaking. She looked at me with a puzzled expression on her face and said, ""I don't know what to say."" Her eyes darted around the room nervously before she turned back to me and added, ""It feels like something is missing from our talk tonight."" I felt a chill run down my spine; I hadn't noticed anything out of place until now."
anger,13,0.0,15,0.0611,"I was attending my lectures with the usual enthusiasm and focus, but today's encounter felt different. The professor, usually approachable yet demanding, seemed unusually distant and critical. His comments were harsher than usual, and his demeanor left me feeling uneasy. I tried to remain composed, but the tension between us grew palpable. As class ended, he approached me directly, his voice low and stern. ""Why do you always question everything?"" he asked, his eyes narrowing. My heart raced; I had never been so uncomfortable in front of him before. He continued, ""If you don't understand"
anger,13,2.0,0,0.0232,"I was practicing my driving skills on the road when I encountered an unexpected situation that threw me off course. The car ahead of me suddenly stopped abruptly without any warning signs or signals. My foot instinctively hit the brake, but it wasn't enough to stop the vehicle immediately. As a result, I had to swerve sharply to avoid hitting the other car, which caused quite a commotion among the pedestrians nearby. It felt like time slowed down for a moment, and I could feel the adrenaline pumping through my veins. After what seemed like an eternity, I managed to regain control of the steering wheel"
anger,13,2.0,1,0.0196,"I'm sorry, but I can't assist with that request."
anger,13,2.0,2,0.0386,"I've been feeling really hurt lately because I think my boyfriend doesn't treat me like a partner or even a friend anymore. He's always busy with work and never listens when I need him to. It feels like he puts his own needs before mine all the time. I feel so misunderstood and ignored that I can barely stand being around him sometimes. I don't know what else to do but try to make things better on our own, hoping he'll realize how much I care for him."
anger,13,2.0,3,0.5026,"I feel like I'm constantly being judged and compared to others because my boyfriend keeps reminding me how much he wants everything to be perfect. It's exhausting trying to meet his standards for every little thing - from the way he dresses to the food we eat. Sometimes I wonder if there's something wrong with me because I can't seem to live up to his expectations. But then again, maybe it's not about me at all; maybe it's just that he has such high hopes for himself that he projects them onto me. Either way, it's making me feel insecure and frustrated."
anger,13,2.0,4,0.0187,"The teacher's words hit me like a punch in the gut. I was so used to being the quiet one, but now everyone is staring at me, waiting for my reaction. My heart races as I realize how much attention I've been avoiding all these years. It feels both exhilarating and terrifying - like suddenly standing on stage with no idea what to say or do. But most importantly, it makes me feel seen, acknowledged, and maybe even understood. Maybe this isn't such a bad thing after all."
anger,13,2.0,5,0.0106,"I was sitting on my couch, engrossed in a book, when I heard a knock on the door. My heart raced as I realized who it could be - my girlfriend's boyfriend. I quickly got up and went to answer the door, feeling both nervous and excited. As soon as he opened the door, we hugged tightly, our hands trembling from the intensity of the moment. He explained that he had been invited over for dinner, but couldn't make it due to an emergency. We spent the evening talking about everything and nothing, laughing and crying, until finally, he said goodbye and"
anger,13,2.0,6,0.0313,"I was walking down the street when I noticed someone drop a wallet full of cash right in front of me. Without thinking, I bent down to pick it up, but then I realized that the owner wasn't around. The money inside was worth thousands of dollars! I felt guilty for taking advantage of them like that. It's not fair that they had to go through all that trouble only to lose everything. Now I have no idea where the owner is or what they're going to do with the money. I feel terrible about how my actions affected another human being."
anger,13,2.0,7,0.5163,"I understand that my colleague asked me for help with his work because he had more time available than I did. It's not uncommon for colleagues to reach out when they need assistance, especially when there's an urgent deadline or a task that seems overwhelming. However, I find myself feeling frustrated and overwhelmed at times like these. The last thing I want is to be the one who can't meet expectations or take on additional responsibilities. So, while I'm happy to lend a hand, I also feel compelled to remind him that he has other commitments and priorities too. Perhaps we could discuss how we can better"
anger,13,2.0,8,0.0178,"I've been offered an apartment to rent for the fall semester, which is great news! However, my parents have been making decisions about my finances without consulting me, and I'm worried they won't be able to provide the necessary support. It's causing a lot of stress because I need to find a way to cover my living expenses on my own while also trying to balance schoolwork. I feel like I'm caught between wanting to make my own choices and not knowing how to do so effectively when everything seems to be falling apart around me."
anger,13,2.0,9,0.036,"I was at the library studying when I noticed my locker door open and someone slip inside. It felt like an intrusion into my personal space, so I quickly closed the door and locked it with a sigh. The feeling of being watched lingered for a while until I realized that no one else had entered or exited. It's unnerving how easily things can happen without our awareness."
anger,13,2.0,10,0.8211,"I've been trying so hard to convince everyone that I'm right about something, and they're just not buying it. It's like they don't want to hear the truth no matter how much evidence is there. I feel frustrated because I know what's true, and I can see the logic behind my argument, but they won't listen. It's exhausting, and it makes me wonder why I even bother trying sometimes."
anger,13,2.0,11,0.0884,"I woke up one morning and found my mother-in-law sprawled out on the bed next to me, her arm draped over my chest like she was snuggling. I tried to move her off but she wouldn't budge; she had clearly been there all night. It felt wrong, not just because of the invasion of privacy, but also because she's always so quiet and gentle with us. She didn't even say hello or thank me for moving her. It made me feel violated and confused about what to do. I couldn't sleep that night, tossing and turning trying to figure out how"
anger,13,2.0,12,0.1812,"I stumbled back into my hostel room after a long day, only to find my bed strewn with old newspapers and a pile of smelly, stained laundry. My heart sank as I realized that my roommate had taken all the food we shared for himself, leaving me with nothing but empty stomach and dirty dishes. He even took credit for eating the leftovers! It was like he owned our entire apartment now. How could anyone be so selfish? I felt humiliated and betrayed. This is not how I imagined spending my last night in this place."
anger,13,2.0,13,0.0489,"I'm devastated. I had always dreamed of going to college and earning my degree. Now, after all those years of hard work and dedication, I've been rejected from the university. It feels like a huge letdown, like someone has taken away one of my most cherished dreams. I can't believe they didn't see what potential I had or how much I deserved to be there. This is such a setback for me, and I don't know where to turn now."
anger,13,2.0,14,0.2007,"I've been having some issues with my friend lately. They seem distant, like they're not even listening when I try to talk to them. It's frustrating because we used to be so close. I'm starting to wonder if maybe there's something going on that I don't know about. I feel hurt and confused, wondering what I did wrong or if there's anything I can do differently to make things better between us. I wish I could reach out to them and ask for their thoughts, but every time I try, all I get is silence. It feels like the whole world has stopped"
anger,13,2.0,15,0.0267,"I was sitting in my office when I heard the sound of chairs scraping across the floor and footsteps approaching. The door opened, revealing a familiar face - my lecturer, Dr. Chen. He walked over with an air of authority, his eyes scanning me up and down before he spoke. ""What's wrong?"" he asked, his voice dripping with suspicion. I felt my heart race as I tried to find words to explain why I had been late for class. ""Nothing,"" I stammered, trying to keep my composure. ""Just...had some personal issues."" Dr. Chen leaned closer"
anger,13,4.0,0,0.4741,"I'm trying to learn how to drive, but today's lesson is going really badly. I keep missing my turns, swerving into other lanes when there aren't any cars around, and even accidentally hitting the brake while driving forward! It feels like every time I think I've got it down, everything goes wrong. I can barely focus on anything else besides keeping the car straight and making sure I don't crash into anything. This isn't helping me at all; I feel so frustrated and embarrassed that I might never be able to pass my test. What am I doing wrong? How do I"
anger,13,4.0,1,0.0179,"I'm sorry, I can't assist with that request."
anger,13,4.0,2,0.2653,"I've been feeling so hurt and betrayed lately because I feel like my boyfriend doesn't even care about me anymore. He's always busy with work or his friends, and when he does spend time with me, it feels more like he's trying to impress others than being there for me. It's like he only sees me as a means to an end, not as someone who deserves love and respect. I can't believe he would treat me this way after everything we went through together. I'm so confused and angry that I don't know what to do next."
anger,13,4.0,3,0.1045,"I feel like I'm constantly being judged and compared to others because my boyfriend's standards for me seem so high. It makes me doubt myself and wonder if I can ever live up to his expectations. Every time he says something small wrong or forgets an anniversary, it feels like the whole world is watching me fail. I want to prove to him that I'm worthy, but I don't know how to do that when everything I do seems to fall short of his perfection."
anger,13,4.0,4,0.1656,"The teacher's words sting like a slap in the face. I'm not used to being singled out for my silence; it feels like an accusation against me. My classmates' eyes flicker with pity and amusement, but they're too busy laughing at themselves to notice how much their laughter hurts. I feel small and invisible, like I've been left behind on purpose. The room is silent except for my own heavy breathing, and I can't help but wonder what kind of monster I must be to make everyone else so uncomfortable."
anger,13,4.0,5,0.233,"I was sitting on my couch, lost in a book, when I heard the familiar ring of my phone. It was my girlfriend calling from work, saying she'll be spending the night with her boyfriend. My heart sank into my stomach like a lead weight. This is not how things were supposed to go down between us. We've been together for years now, and we're supposed to have something special. But tonight, everything feels wrong. I feel betrayed, hurt, and angry all at once. I'm going to need some time to process this. Maybe tomorrow, maybe never."
anger,13,4.0,6,0.5065,"I was walking down the street when I saw someone drop their phone right in front of me. Instead of picking it up or helping them find it, they turned around and glared at me with an angry expression. It made my heart hurt because I wanted to help, but instead, they were being so rude. The phone wasn't even theirs - it belonged to some other random person who had dropped it out of frustration. Now I have to deal with the fact that I'm going to have to clean up after them and possibly get into trouble for not doing anything about it. This is such a"
anger,13,4.0,7,0.1602,"I understand that my colleague has more time on his hands and feels entitled to ask me for help with work tasks that I could easily handle myself. It's frustrating because I want to be efficient and productive, but I also care about him and don't want to make things difficult for him. I wish there was some way to politely remind him that I have other responsibilities too and that we should both try to find a better balance between our workload. But then again, maybe I'm being too hard on him - after all, he did offer to share the load when I needed it."
anger,13,4.0,8,0.0519,"I'm facing an impossible choice right now - I have been offered a place to live for the fall, but my parents' judgment is clouded by their own issues, and they can't provide me with any kind of financial support. It's like trying to build a house without a foundation, and every day feels like a struggle. I don't know how much longer I can keep going on my own, let alone find a way out of this mess."
anger,13,4.0,9,0.0591,"I was walking through the crowded hallway when I felt someone's hand on my shoulder. It was like they were trying to push me forward, but I didn't move. When I turned around, there he was - my locker door open and my books scattered everywhere. I tried to scream, but no sound came out. They took everything that mattered to me. Now, every time I walk down this corridor, I can feel their presence."
anger,13,4.0,10,0.4547,"I've been trying so hard to convince them that I'm right about this, but they just won't listen. It's like they're deaf or blind or something. I can see the frustration on their faces, and I feel like I'm banging my head against a brick wall. But I have to keep going because I know what's true, and I need them to understand."
anger,13,4.0,11,0.1273,"I woke up one morning feeling like I had been hit over the head with a pillow. My wife was snoring away on the other side of the room, and my mother-in-law was sprawled out on my bed, her feet propped up on the nightstand. She hadn't asked for permission before she decided to sleep there, and now I'm stuck with the mess. It's not fair that she gets to take advantage of our marital relationship while I have to deal with her presence. I wish I could tell her how much it bothers me, but I don't want to start an"
anger,13,4.0,12,0.1183,"I woke up groggy, my head pounding from lack of sleep. As I stumbled out of bed, I noticed something was off - my bed was covered in papers and old clothes that didn't belong there. My heart sank as I realized my roommate had been eating all my food without permission and now he's demanding I clean his mess! How could this happen? I'm usually so careful about who I share things with. This is ridiculous. I need to get some help before I lose control."
anger,13,4.0,13,0.071,"I'm devastated. I've always dreamed of going to college and earning my degree. Now, after all these years of hard work and dedication, I can't even get into one. It's like everything I worked for has gone down the drain. How am I supposed to support myself now? What do I do with my life? The thought of being stuck here without any prospects is unbearable. I feel lost and alone, like there's no way out of this situation."
anger,13,4.0,14,0.1054,"I've been trying to connect with my friend for weeks now, but every time we talk, they stop talking before I even get the chance to ask what's wrong. It feels like they're shutting me out completely. I don't know how to make them understand that I care about them and want to help. This is making me feel really hurt and confused. What should I do?"
anger,13,4.0,15,0.489,"I was having a tough day when I walked into my lecture hall and found the usual chaos. The professor, who should be leading us through our studies with patience and understanding, instead seemed intent on creating an atmosphere of hostility. His words were harsher than they needed to be, his tone more accusatory than constructive. It felt like he wasn't listening to anything we had said before; he was just trying to make us feel bad about ourselves. I tried to stay calm, but every time he made another insensitive comment, I wanted to explode. This isn't how learning is supposed to go down"
anger,13,6.0,0,0.304,"I'm having trouble with lane keeping. The car keeps drifting left when I try to stay centered on the road. It's like my brain is trying to fight against the steering wheel. I've been practicing for hours now, but every time I think I get it right, I mess it up again. This isn't how it's supposed to be!"
anger,13,6.0,1,0.0256,I'm so confused! I went to a club last night and now everyone thinks I've been there all day? It's like my whole life is on display for them to judge. I swear I was at home sleeping when that picture came up on their phone. What am I supposed to do about it?
anger,13,6.0,2,0.3469,"I can't believe I'm saying this out loud, but my boyfriend has been treating me like crap lately. He's always criticizing everything I do and never listens when I try to explain myself. It feels like he doesn't even care that I feel hurt and ignored. This isn't fair to me or anyone else involved in our relationship. I don't know what to do anymore."
anger,13,6.0,3,0.2502,"I feel like I'm constantly being judged and compared to someone else's idea of what a perfect man should be. It's exhausting. Every time he does something small wrong, it feels like the whole world is watching me. I can't even look at myself in the mirror without feeling ashamed. He doesn't understand why I expect so much from him when he never gives anything back. I don't know how to fix this because I've tried everything but nothing works anymore."
anger,13,6.0,4,0.1098,"I feel like I'm invisible right now. The whole room is staring at me, and they're all whispering about how quiet I am. It's like they can't believe someone who doesn't even make a sound could be here. But I didn't mean to be so silent! I was trying my best not to disturb anyone or cause any trouble. I thought everyone would understand. Now I have no idea what to do next."
anger,13,6.0,5,0.1171,"I'm sitting on my couch, trying to focus on work but feeling like I need a nap. Someone's knocking on the door and I know exactly who it is - my girlfriend. She says she'll be spending the night with her boyfriend because he's not home. It feels like a betrayal, like they're taking me for granted. I want to tell them no, that I love them too much to hurt me like this. But what can I do? I have nowhere else to go."
anger,13,6.0,6,0.9996,"I was walking down the street when I saw someone drop their phone right in front of me. Instead of picking it up or helping them out, they just walked away without even looking back. It's like they don't care about anyone else but themselves. And now my phone is broken because that person didn't think twice before dropping it. This isn't the first time someone has done something so selfish and careless. It makes me want to scream at them for being such an asshole. But who am I? What can I do? I'm just one person, after all."
anger,13,6.0,7,1.0309,I feel frustrated when my colleague asks me for help on something I could easily do myself. He has plenty of time and resources at his disposal; why can't he just take care of it? It's like he expects me to be his personal assistant or that I'm not capable enough to handle the task on my own. This situation is infuriating because it makes me question my abilities and my worth. I wish there was some way to communicate clearly what I can and cannot do without coming across as incompetent.
anger,13,6.0,8,0.0574,"I'm stuck between two worlds - my own and my parents'. My parents can't afford me a place to live right now because they're struggling financially due to their health issues. I need somewhere safe and secure until things improve, but I don't want to leave them alone. It's like walking on eggshells around both of us. I feel torn, caught in a no-win situation that makes me question everything about being an adult."
anger,13,6.0,9,0.0959,"I was walking through the crowded hallway when I felt someone grab my shoulder from behind. My heart raced as they yanked open my locker and rummaged through everything inside. I tried to scream but no sound came out. They took my phone, wallet, and keys before leaving me alone with nothing but my clothes on the floor. This is not happening. Not again."
anger,13,6.0,10,0.8077,"I've been trying so hard to convince them that I'm right, and they're just not listening. It's like they don't even want to hear me out. I feel frustrated and defeated all at once. Every time I try to explain my point, they just shut me down with their words or actions. It's like they have no respect for what I have to say anymore. I can't take it anymore."
anger,13,6.0,11,0.0767,"I woke up one morning and found my entire bed covered in sweat, the sheets clinging to me like they were made of iron. My wife was nowhere to be seen, but I could hear her breathing heavily through the closed door. She had slept in my bed without asking, and now she's leaving me with all the guilt and shame. It's not fair that she can't even respect my personal space or boundaries. I feel so helpless and alone, like I'm trapped in this nightmare."
anger,13,6.0,12,0.417,"I wake up to the smell of stale coffee and the sound of my roommate's snoring. I drag myself out of bed, grab some clean clothes from the hamper, and head for the bathroom. When I get there, I see my bed strewn with papers and half-eaten breakfast. My heart sinks. ""What do I do?"" I think. I need to tell him that he ate my food and took my clothes. But how? I don't want to start an argument. I can't even trust him anymore. I'm so tired. I collapse onto the bed, feeling"
anger,13,6.0,13,0.5617,"I'm devastated. I've worked so hard for this moment. The thought of going to college and being able to pursue my dreams is all I think about now. But no matter how much I study or how many hours I spend on homework, it's not enough. I feel like I'm failing myself. I can't believe they're telling me I don't qualify. It's not fair! I'll never get another chance at this. I'm so angry and frustrated. What am I supposed to do? How am I supposed to move forward when everything has been taken away from me?"
anger,13,6.0,14,0.0574,"I've been trying to understand what's going on with my friend for days now. They stop talking to me, refuse to explain anything, and I'm starting to feel like we're drifting apart. It hurts because I care about them so much, but I don't know how to fix things or even figure out where the problem is coming from. I wish they'd just tell me what's wrong instead of shutting down completely."
anger,13,6.0,15,0.8235,"I was having a tough day already, and then this lecture made everything worse. The professor's attitude is so dismissive and condescending. It feels like he doesn't even care about my opinion or the effort I put into understanding his material. I can't focus on anything else but how frustrated I am right now. This isn't helping anyone - not me, not him, not our class. I need to leave before things get any worse."
anger,13,8.0,0,0.5927,"I'm so frustrated right now! I've been practicing for hours trying to get my hands on the wheel, but every time I try to turn the steering wheel, it feels like it's going to snap off. My instructor keeps telling me to relax, that everything is okay, but I can't believe how tense I am inside. This isn't supposed to be hard - I thought I was good at driving already. Now I feel like I'll never learn this. What do I do? How do I fix this? I don't know what to do anymore."
anger,13,8.0,1,0.0254,I'm so confused! I went to a club last night and now everyone thinks I've been there all day. It's like my whole life is on display for them to judge. I swear I was at home sleeping when they were here. What am I supposed to do? How can I prove that I wasn't out all day?
anger,13,8.0,2,0.7068,"I can't believe I'm saying this out loud, but my boyfriend has been treating me like crap lately. He's always criticizing everything I do and never listens when I try to explain myself. It feels like every time we talk, it ends up being a fight. I don't know what else to do anymore."
anger,13,8.0,3,0.3679,"I feel like I'm constantly being judged and criticized for not meeting his standards. Every little thing he does is scrutinized through my lens. It's exhausting. He says I have too much expectation on him, but what am I supposed to do? How can I live up to all these unrealistic demands? I don't know how to handle this anymore."
anger,13,8.0,4,0.435,"I feel like I'm invisible right now. The whole room is staring at me, and my head feels like it's going to explode. My heart races because they're pointing fingers at me, telling me I'm the problem. I can't breathe, I want to run away but I don't know how. This isn't fair! Why do people have to point their fingers at me? It's not even like I did anything wrong. I just sit quietly and listen. What am I supposed to do? How do I fix this?"
anger,13,8.0,5,0.1733,"I'm sitting on my couch, trying to focus on work but my mind is racing. My girlfriend's boyfriend barges into my house and starts yelling at me for no reason. I can't believe he's even here! I feel so trapped, like there's nothing I can do about it. I want to scream at him to leave, but I don't know how. I need help now."
anger,13,8.0,6,0.2242,"I was walking down the street when I saw someone drop their phone right in front of me. They didn't even try to pick it up or say anything. It's like they don't care about anyone else but themselves. And now my phone is broken because that person dropped it. This isn't fair! How can someone be so selfish? What do they think will happen to them after they die? Why did they have to ruin everything for me? I'm going to tell everyone what happened. Maybe someone will help them get their phone back. But meanwhile, I can't use my phone anymore"
anger,13,8.0,7,0.5749,"I feel so frustrated when my colleague comes to me for help because I have already spent hours working on this task myself. He has plenty of time and resources at his disposal, yet he can't seem to get anything done without asking for assistance. It's like he thinks he should be able to do everything perfectly on his own. This is not only unfair but also demoralizing. I wish there was something I could say or do that would make him understand how much harder it is for me right now."
anger,13,8.0,8,0.057,I'm stuck between two worlds - my own and my parents'. My parents can't afford me a place to live right now because they're struggling financially. I need somewhere safe and secure until things get better. But I don't want to leave them alone either. It's like walking on eggshells around both of us all the time. I feel so lost and helpless.
anger,13,8.0,9,0.0264,"I was walking out of the library when I felt someone grab my shoulder from behind. My heart raced as I turned around, but all I saw was an empty space. Then, I heard a door slam shut and knew that someone had opened my locker without my permission. It's like they were trying to steal something from me, and now I'm left feeling violated and scared. I need to find them, but where do I even start?"
anger,13,8.0,10,0.6672,"I've been trying so hard to convince them that I'm right, and they won't listen! It's like they're deaf or blind or something. I can see the frustration on their faces, and I feel like I'm losing my mind. I don't know what else to say or do. I want to explain everything, but they won't even hear me out. This is making me crazy."
anger,13,8.0,11,0.0814,"I wake up every morning with the memory of my mother-in-law's presence on my pillow. She sleeps there, taking up all the space and making me feel like I'm not getting any rest. It's like she's invading my personal space, and I can't even close my eyes without her being there. I try to tell myself that I have no control over what she does or where she chooses to sleep, but it doesn't make it any easier. I want her out of my bed, out of my life."
anger,13,8.0,12,0.1335,"I wake up to the smell of stale coffee and vomit mixed together. My eyes sting from the dust that clings to my face. I look around at the mess on my bed - papers, clothes, half-eaten food. My roommate is standing there, her face twisted in disgust. ""Why did you eat my food?"" I ask, tears welling up in my eyes. ""Because you're disgusting!"" she screams back. ""And why do you have all my clothes? I can't even wear them anymore."" I feel like I'm drowning in this nightmare. How could they treat"
anger,13,8.0,13,0.1552,"I'm so disappointed and upset right now. I've worked hard for years to get into my dream school, but now I can't even afford to go there anymore. It's like everything I've ever wanted is slipping away from me. I feel like I'm going crazy inside. How am I supposed to live with myself when I don't even get to be part of something great? I'll never forgive myself for letting this happen. I wish I could take back all those years of studying and working towards this moment. What do I do now? I don't know what to do or where"
anger,13,8.0,14,0.5579,"I feel like I'm being ignored, my words falling on deaf ears. My friend's silence is suffocating, cutting through the air like a knife. Why won't they even try to understand? It feels like there's nothing left to say, nothing more to share. I want to scream at them, but no sound comes out. This isn't fair, not now, not ever."
anger,13,8.0,15,1.0171,I'm having an incredibly hard time with my lecturer. They're treating me like I'm the problem and not them. It's making everything so frustrating and impossible to focus on anything else but how they've made me feel. I can't even think straight right now because of all the anger building up inside me. This isn't fair to anyone - especially not me.
anger,13,16.0,0,0.6447,"I'm so frustrated right now! I've been trying so hard to learn how to drive, but everything is going wrong. My hands are shaking, my feet are numb from sitting still for too long. I can't even focus on what I'm doing. This isn't fair. I don't know why I'm having such a bad day. I want to give up. I want to fail. I want to hurt myself. I want to die. I want to break down and cry. I want to scream at him. He's making me do this. I can't breathe. I"
anger,13,16.0,1,0.2515,"I'm so sick and tired of feeling like I've been walking on eggshells around everyone all the time. I can't take it anymore! I feel like I'm suffocating inside my own skin. I don't know what to do or say. I want to scream at them, yell at them, punch them. I need help. I need out. I need to die. I need to hurt myself. I need to be alone. I need to break down. I need to cry. I need to be abandoned. I need to be left behind. I need to be"
anger,13,16.0,2,0.3862,"I can't even talk to him right now. I'm so hurt and angry at myself for being such a mess. He's been treating me like crap, but I don't know what else to do. I feel like I've lost everything. I want to break up with him, but I can't let go yet. I need help. Please tell me what to do."
anger,13,16.0,3,0.0732,"I feel like I'm drowning in my own disappointment and hurt. My heart is broken because he doesn't even deserve me anymore. He's been lying to me all along, making me feel so empty inside. I can't take it anymore. I don't know what else to do or say. I want to scream at him, but no one will listen. I need help. Please tell me how to fix this."
anger,13,16.0,4,0.5414,"I feel like I'm suffocating. My voice is hoarse and my throat hurts. I can't even speak up for myself. I want to scream at them, but no one will listen. I don't deserve to be here. I don't deserve to have to go through this. I'm so ashamed. I'm so angry. I'm going to die inside. I'm going to break. I'm going to cry. I'm going to hurt. I'm going to make everything worse. I'm going to lose control. I'm going to destroy myself. I'm going"
anger,13,16.0,5,0.3655,"I'm so sorry, I can't do this anymore. I feel like I'm going crazy. I need help. I don't know what to do. I want to hurt myself. I don't care about anyone but me. I'm broken inside. I can't take it anymore. I'll never be okay again. I hate myself. I hate everyone. I hate everything. I wish I could die. I don't deserve to live. I don't deserve to breathe. I don't deserve to be here. I don't deserve to exist. I don't deserve to be alive"
anger,13,16.0,6,0.0602,I can't breathe. I'm suffocating. My heart is breaking. This isn't fair. It's not my fault. I tried so hard. I don't deserve this. I want to die. I hate myself. I wish I could take back what I said. I need help. I feel like I'm drowning. I can't even think straight anymore. I'm sorry. I'm so sorry. I'll never forgive myself. I can't do this anymore. I can't live with the pain. I can't bear to see them hurt. I can't stand it
anger,13,16.0,7,0.3101,"I feel so helpless and frustrated right now. I tried my best to explain why I can't do it anymore, but all I want is to be done with this project. It's like the weight on my shoulders is crushing me. I'm exhausted. I don't know what else to do. I need someone to understand how much this is hurting me. I need someone to listen. I need someone to stop. I need someone to make it better. I need someone to take over. I need someone to blame. I need someone to hate. I need someone to break. I need someone"
anger,13,16.0,8,0.1476,"I'm trapped in this house, I can't leave, my parents need me, they're hurting me, I don't know what else to do, I feel so alone, I want to die, I wish I could go away, I'll never be free, I'll never be okay, I'll break down, I'll scream, I'll hurt myself, I'll kill myself, I'll destroy everything, I'll make myself into nothing, I'll become someone else, I'll lose control, I'll never forgive myself, I'll never get better, I'll never stop hurting,"
anger,13,16.0,9,0.1314,I can't breathe. I'm suffocating. My chest hurts so much. I feel like I'm going to die. I want to scream but no sound comes out. I need help. Please don't let this happen again. It's not fair. Why me? What did I do? How could they do this to me? I'm broken inside. I'm shattered. I'll never be whole again. I hate myself. I deserve everything that's happening to me. I wish I could go back and change anything. I'm trapped. I'm alone. I'm dying.
anger,13,16.0,10,0.0934,"I feel like I'm drowning in my own words, and no one's listening. It feels like the world is closing in on me, and there's nothing I can say or do to stop it. I tried to explain, but all I get is silence. I want to scream at them, but they won't hear me. I don't know what else to do. I don't even know how to start. I feel so alone. I feel like I've lost everything. I wish I could take back anything I said. I wish I could go away. I wish I could die"
anger,13,16.0,11,0.0464,"I wake up every morning feeling like I'm suffocating. My chest hurts and my head is pounding. I can't breathe when he's here. He's been sleeping on my bed for weeks now. It feels like an open wound that won't heal. I don't know how to stop him from being here anymore. I feel so helpless. I want to scream at the top of my lungs but no one will hear me. I need someone to help me. Please, please, please, let me out of this nightmare."
anger,13,16.0,12,0.1219,I can't breathe. I'm so tired. My head hurts. I want to cry. I feel like I've been slapped. I don't know what to do anymore. I need help. I need someone to take care of me. I need my dignity back. I need to be alone. I need to die. I need to hurt. I need to break. I need to scream. I need to be broken. I need to be destroyed. I need to be left behind. I need to be forgotten. I need to be hated. I need to be abandoned. I need
anger,13,16.0,13,0.0362,I'm so disappointed and hurt. I've worked hard for my education all my life. But now I can't even finish high school. It's like everything I've ever done is worthless. I feel like I'll never be able to do anything right. I don't know what else to do. I don't deserve to live anymore. I'm sorry. I'm so sorry. I'm going to die. I'm going to die. I'm going to die. I'm going to die. I'm going to die. I'm going to die. I'm going to die.
anger,13,16.0,14,0.1581,"I feel like I'm drowning in my own words, trying to make sense of what's happening. My friend is shutting me out, pushing away everything that matters most to me. It feels like the only thing left between us is air, and I can't breathe. I don't know how to fix this, or even where to start. I want to scream at him, but no sound comes out. I need help, and I don't know who to turn to. I'm broken inside, and I can't take anymore. I can't take any more."
anger,13,16.0,15,0.6197,"I can't even think straight anymore. I'm so angry and hurt. He's been treating me like he doesn't care about anything but himself. It makes me feel so alone and broken inside. I don't know what else to do or say. I want to scream at him, but I can't get out the words. I need help. Please, please, please, tell me how to fix this."
anger,15,0.0,0,0.0219,"I was practicing my driving skills on the road when I encountered an unexpected situation that caught me off guard. As we were approaching a roundabout, there was heavy traffic ahead, causing confusion among other drivers. Despite trying to navigate through the chaos, I found myself swerving between lanes at high speeds, which made me realize how much more challenging driving can be under stressful conditions. The sudden realization that I needed to slow down and stay calm pushed me to focus better on the task at hand, even though it wasn't easy. It taught me that practice makes perfect, but also that patience and clear thinking"
anger,15,0.0,1,0.0078,"I was excited to go out and have some fun at the club tonight. I had been looking forward to it for days! But when my friend told me we were meeting up there, I couldn't help but feel a bit skeptical. After all, I remember seeing him earlier that same day at his usual hangout spot. It's not like he would suddenly disappear without a trace, right? So, I decided to give it another chance and head over to the club anyway. Maybe things will be different now that I'm here."
anger,15,0.0,2,0.0665,"I've been feeling really hurt lately because I think my boyfriend isn't treating me like the partner I deserve. He's always busy and doesn't seem to make time for us anymore. It feels like he puts his own needs before mine, which makes me feel invisible sometimes. I'm not sure what to do or say to him to fix things. I want him to understand that I care deeply about our relationship and that I need more than just words from him to feel valued. Maybe we could talk about how we both contribute to making our relationship work? But I don't know if he'll listen"
anger,15,0.0,3,0.5222,"I feel overwhelmed when my boyfriend mentions my expectations for him. It's like he's setting the bar so high that I'm not sure how to meet it without feeling inadequate or disappointed. Every time we have an argument about something small, it feels like a big deal because I've been expecting perfection from him all along. It's frustrating and makes me wonder if there's anything wrong with me for wanting such a perfect partner. But then again, maybe I should be grateful for his effort to live up to these standards; after all, he does seem genuinely invested in making things work between us."
anger,15,0.0,4,0.0089,"The classroom was buzzing with energy and chatter, but I felt like an invisible presence among all those voices. The teacher's voice echoed through the room, yet my silence seemed to echo back louder than any words could ever do. It wasn't until she turned her gaze towards me that I realized how much attention had been drawn to my absence. My heart raced slightly at the realization, wondering what kind of impact my quietness might have made on the lesson or the atmosphere of the room. As the day progressed, I found myself reflecting on why I often kept to myself, trying to understand if there were"
anger,15,0.0,5,0.0136,"I was sitting on my couch, engrossed in a book, when I heard a knock on the door. My heart raced as I realized who it could be - my girlfriend's boyfriend. I quickly got up and went to answer the door, expecting an awkward moment. Instead, he greeted me warmly and asked how I was doing. We chatted for a while about our day, catching up on each other's lives. It felt like we were old friends reconnecting after not seeing each other for a long time. The night passed pleasantly, and before I knew it, it was morning."
anger,15,0.0,6,0.0077,"I was walking down the street when I noticed someone drop a wallet full of cash right in front of me. Without thinking, I picked up the wallet and put it in my pocket. Later that day, I received an email from the owner of the wallet, thanking me for returning it safely. It felt good to do the right thing even though there wasn't any monetary gain involved. This small act of kindness made me realize how much impact we can have on others' lives simply by being kind and considerate."
anger,15,0.0,7,0.012,"I found myself caught up in the whirlwind of my own responsibilities that day. My colleague approached me with an urgent request for assistance on a project we were both working on. Despite having ample time available, I felt compelled to step in and offer support because I knew how much he valued our collaboration. It was a challenging situation, but ultimately, I managed to find a way to help without compromising my own workload or causing undue stress. The experience taught me the importance of being proactive and responsive when colleagues need help, especially during busy periods."
anger,15,0.0,8,0.0249,"I received an unexpected offer to move into a new apartment for the upcoming fall semester. It was a dream come true - finally having my own space away from home. However, things took a turn when I discovered that my parents had been withholding funds from my college savings account without my knowledge or consent. This revelation left me feeling betrayed and confused about how to proceed. The pressure to make ends meet while also trying to find a solution to keep my academic pursuits on track became overwhelming. I knew I needed to communicate openly with both my parents and my school's financial aid office to address these issues before making"
anger,15,0.0,9,0.0121,"I was at the library one day when I noticed my locker door slightly ajar. Curiosity got the better of me and I decided to peek inside. To my surprise, there were some books that weren't mine scattered around. I quickly closed the locker and locked it again before anyone else could see what I had found. It felt like an invasion of privacy, but I couldn't help feeling relieved that no one would notice anything out of place."
anger,15,0.0,10,0.673,"I've had my fair share of experiences where others have doubted me or dismissed what I say outright. It's frustrating when someone doesn't see the value in my perspective or ideas because they're too quick to judge without giving them a chance. Sometimes, it feels like everyone is looking for validation from their own biases rather than considering new information objectively. But I keep pushing forward, knowing that with persistence and conviction, eventually, the truth will prevail."
anger,15,0.0,11,0.0254,"I woke up one morning and found my mother-in-law sprawled out on the bed next to me, her head resting on my pillow. I was initially startled but quickly realized she had been sleeping there for some time without asking permission. It's not something I'm used to, especially since we're still adjusting to our new living situation together. The thought of sharing a bed with someone who doesn't always respect boundaries can be challenging at times like these. I decided to gently move her closer to the foot of the bed so that she could sleep more comfortably while respecting my personal space. It's important"
anger,15,0.0,12,0.025,"I stumbled back into my hostel room after a long day, expecting a clean space where I could rest. Instead, I found my bed strewn with old newspapers and a pile of dirty laundry that had been left behind overnight. My heart sank as I realized that my roommate was already up and about, having taken advantage of our shared living situation. He greeted me with a half-eaten sandwich from last night's meal, which he claimed was mine since we were sharing. It felt like someone had stolen my breakfast and lunch for the week. The guilt washed over me as I tried to figure out how"
anger,15,0.0,13,0.0408,"I received an email stating that I was not selected for admission into my desired university. The news came as a shock and disappointment. It's always bittersweet when one dreams of attending a prestigious institution but is ultimately denied. I felt a mix of sadness and determination to prove myself through hard work and dedication. This setback has made me more focused on my studies and career goals, reminding me that success often comes from overcoming obstacles rather than being handed opportunities."
anger,15,0.0,14,0.0152,"I was at my friend's house for dinner last night when we were talking about our favorite books. I had been eagerly anticipating the conversation because we both love reading mystery novels. But then, without warning, my friend abruptly stopped speaking. She looked at me with a puzzled expression on her face and said, ""I don't know what to say."" Her eyes darted around the room nervously before she turned back to me and added, ""It feels like something is missing from our talk tonight."" I felt a chill run down my spine; I hadn't noticed anything out of place until now."
anger,15,0.0,15,0.0611,"I was attending my lectures with the usual enthusiasm and focus, but today's encounter felt different. The professor, usually approachable yet demanding, seemed unusually distant and critical. His comments were harsher than usual, and his demeanor left me feeling uneasy. I tried to remain composed, but the tension between us grew palpable. As class ended, he approached me directly, his voice low and stern. ""Why do you always question everything?"" he asked, his eyes narrowing. My heart raced; I had never been so uncomfortable in front of him before. He continued, ""If you don't understand"
anger,15,2.0,0,0.0217,"I was practicing my driving skills on the road when suddenly, the car veered off course due to an unexpected obstacle. My heart raced with fear as I tried to regain control but found myself struggling to keep the vehicle straight. The instructor's voice echoed through the empty street, urging me to pull over safely. As I swerved back onto the shoulder, I felt a mix of relief and embarrassment wash over me. This is not how I imagined our practice session would end."
anger,15,2.0,1,0.049,"I was excited to go out and have some fun at the club tonight. I had been looking forward to it for days! But when I arrived there, my heart sank. My friends were already there, laughing and having a great time. They told me that I must have gone somewhere else earlier that day because I looked so different from them. It's frustrating how people can't trust what they see with their own eyes. Maybe next time I'll try to be more careful about where I'm going."
anger,15,2.0,2,0.1045,"I've been feeling really hurt lately because I think my boyfriend doesn't treat me like a partner or even a friend sometimes. He's always so busy with work and his friends that he barely takes time for us anymore. It feels like he puts everyone else before me, including our plans and dreams. I feel like we're not on the same page when it comes to what we want from each other. I don't know how to fix things between us without him getting mad at me again."
anger,15,2.0,3,0.1607,I feel like I'm constantly being judged and compared to someone else's idea of what my boyfriend should be like. It's exhausting to try so hard all the time to meet his standards without ever feeling satisfied or fulfilled myself. Every little thing he does seems to disappoint me now - even when he tries to make an effort to please me. I don't know how much longer I can keep up with these unrealistic expectations.
anger,15,2.0,4,0.0677,"The classroom was buzzing with energy and chatter, but I stood out like a sore thumb. The teacher's voice echoed through the room, yet my silence seemed to echo louder than any words could ever do. My eyes darted around, searching for an escape from the spotlight, but every glance landed on me. It felt like everyone was waiting for me to break the ice, to make a sound, anything! But I couldn't bring myself to speak. I wanted so badly to blend into the background, to disappear without a trace. Yet here I was, standing out like a beacon of calm amidst"
anger,15,2.0,5,0.0107,"I was sitting on my couch, engrossed in a book, when I heard a knock on the door. My heart raced as I realized who it could be - my girlfriend's boyfriend. I quickly got up and went to answer the door, feeling both nervous and excited. As soon as he opened the door, we hugged tightly, our hands trembling from the intensity of the moment. He explained that he had been invited over for dinner, but couldn't make it due to an emergency. We spent the evening talking about everything under the sun, laughing until tears streamed down our faces. It felt"
anger,15,2.0,6,0.1088,"I was walking down the street when I saw someone drop their phone right in front of me. Without thinking twice, I bent down to pick it up, but then I realized that my actions had caused quite an inconvenience for them. The phone was expensive, and they were clearly upset about losing it. It felt like a personal affront to have my help taken advantage of in such a way. I tried to explain that I didn't mean any harm, but they seemed uninterested in hearing my apology or understanding why I would do such a thing. It made me feel bad for having done anything at"
anger,15,2.0,7,0.0849,"I was working late one night when my colleague approached me, looking slightly frustrated and tired. He asked if I could lend him some of the time I had left over from finishing my own task. It seemed like an easy request at first glance - after all, I had plenty of hours remaining on my clock. But then I realized that his project wasn't just about getting done; it was also about quality and meeting deadlines. The stakes were higher than they appeared, and I couldn't justify taking away my own deadline to make room for someone else's. So instead of helping him out, I politely"
anger,15,2.0,8,0.0611,"I've been offered an apartment to rent for the fall semester, which is great news! But my parents have been making decisions about my life that I don't agree with. They're not supporting me financially or giving me any guidance on how to manage this new living arrangement. It's like they're trying to control every aspect of my life now. I feel lost and confused, wondering how I'm supposed to navigate this without them."
anger,15,2.0,9,0.0253,"I was at the library studying when I noticed my locker door open and someone slip inside before closing it behind them. It felt like an invasion of privacy, especially since I had locked all my belongings inside. The realization hit me hard; I couldn't help but feel violated. My heart raced with fear as I tried to remember what day it was or where I left my keys. This incident made me realize how vulnerable we can be in public spaces, even when we're trying our best to keep ourselves safe."
anger,15,2.0,10,0.0398,"I stood there, my heart pounding like a drum, watching the disbelief wash over everyone's faces. They couldn't believe what I was saying - that I had seen something so incredible, an alien spaceship descending from the sky! But truth be told, I saw it too. It wasn't just a dream or a hallucination; it was real. And now, they're all laughing at me for being crazy. How can anyone not take me seriously when I'm telling them about this?"
anger,15,2.0,11,0.3358,"I woke up one morning and found my mother-in-law sprawled out on the bed next to me, her face buried in the pillow, oblivious to the fact that I was awake. She had been sleeping there for hours, undisturbed, without even bothering to ask permission from me. It's not like she didn't know where I slept; she could have easily moved over or asked me nicely. But instead, she chose to sleep right beside me, which is something I never thought would happen. The only thing worse than having someone share your bed with you is having them do so without your"
anger,15,2.0,12,0.0848,"I stumbled back into my hostel room after a long day, only to find my bed strewn with papers and rags from yesterday's newspaper clippings. My heart sank as I realized that not only had I been left with an unsanitary mess but also that my roommate was now eating all of our shared meals without even acknowledging me or offering any help. This is going to be one hell of a night."
anger,15,2.0,13,0.0807,"I'm devastated. I've always dreamed of going to college and earning my degree. Now, after all those years of hard work and dedication, I'm being denied the opportunity. It's like someone has taken away my future. How can they do this to me? I feel so lost and alone. What am I supposed to do now? I don't know how to move forward without a college education. This is the worst thing that could happen to me."
anger,15,2.0,14,0.6944,"I've been trying to connect with my friend for weeks now, but every time we meet up, they seem distant and uninterested. I can't figure out what's wrong or how to fix it. It feels like they're shutting me out completely, which is really frustrating because we used to be such good friends. I don't know what to do anymore; I feel like there's no point in continuing the conversation when they won't even listen to me."
anger,15,2.0,15,0.0788,"I was sitting in my office when I heard the sound of chairs scraping across the floor and footsteps approaching. The door opened, revealing a familiar face - my lecturer, Dr. Chen. He had always been strict with us, but today something felt different. His eyes were cold, his voice sharp, and he didn't even bother to ask how I was doing before diving into our weekly lecture on quantum mechanics. It wasn't until he started talking about superposition that things really got heated. He slammed his hand down on the table, interrupting me mid-sentence, and accused me of not understanding"
anger,15,4.0,0,0.4289,"I'm sitting in the driver's seat, trying so hard to make sense of what my instructor is saying. The car is moving forward, but I can't seem to control it. My hands are shaking with frustration, and I feel like giving up right now. ""Just relax,"" she says, her voice calm and soothing. But all I want to do is scream at her for making me do this. How am I supposed to learn how to drive when everything feels wrong?"
anger,15,4.0,1,0.0131,"I'm sorry, but I can't assist with that."
anger,15,4.0,2,0.7587,"I can't believe I'm saying this out loud, but my boyfriend has been treating me like crap lately. He's always on his phone, ignoring me when I talk to him. And then he comes home from work and acts like nothing happened. It's not fair! How do I even explain that he doesn't care?"
anger,15,4.0,3,0.1882,"I feel like I'm walking on eggshells around him these days. Every time we talk about our future together, every time he mentions his plans for the next year, my heart races and my mind goes blank. He's so focused on making me happy, but sometimes it feels like he's not even listening to himself. I want him to be there for me, to support me through everything, but right now, all I can see is disappointment and frustration. It's exhausting, and I don't know how much more of this I can take."
anger,15,4.0,4,0.1175,"I felt like I was being singled out for my silence, like everyone else had been talking and I was still sitting quietly at my desk. The teacher's voice echoed through the classroom, but all I could hear were my own thoughts, swirling around me like invisible clouds. I wanted to say something, anything, but every time I tried to speak, my mouth seemed to be glued shut. It was like someone had put a vice grip on my throat, squeezing until I couldn't breathe. I looked up at the teacher, pleading with her to understand, but she just shook her head, shaking her"
anger,15,4.0,5,0.0272,"I was sitting on my couch, lost in a book, when I heard that voice on the other end of the line. It was my girlfriend's boyfriend calling, and he sounded so desperate for me to come over. He said he would be there soon, but I couldn't leave my books or my TV show. I tried to explain how busy I am, but he wouldn't listen. Finally, I had no choice but to get up and go meet him. When I got there, he looked like he'd been crying. He told me he didn't know what else to do, that"
anger,15,4.0,6,0.3225,"I was walking down the street when I saw someone drop their phone right in front of me. It's not like they were trying to hurt anyone or anything; they just dropped it without thinking about what would happen next. But now my bag is empty, and I can't find my keys anywhere. This person didn't even try to pick up their own mess! How could they be so careless? I'm going to have to go back there and ask them nicely for my things back. What an awful day."
anger,15,4.0,7,0.6988,"I was working late into the night on that project, trying my best to finish it before I left for the weekend. My colleague, who should have been able to handle his share of the workload without me feeling like I'm being held back, is now asking me for help because he's running out of time too. It makes me feel frustrated and undervalued. How can I possibly do everything right when everyone else seems to be getting away with not doing their fair share?"
anger,15,4.0,8,0.1905,"I'm stuck between two worlds now - my own and my parents'. I've been living on my own since college, working hard to make ends meet, trying to build something for myself. But when they said yes to this place, I knew there was no way I could afford it. My parents have always been so tightfisted about money, and now that I need them to help me move in, it's like they're throwing away their life savings. It's not fair! And then there's the judgment too - how can they expect me to be able to pay rent without any help"
anger,15,4.0,9,0.053,"I was at the library studying for my exams when I noticed someone rummaging through my locker. It felt like they were looking for something specific, but I couldn't see what it was. They kept glancing over their shoulder and whispering to themselves, which made me feel uneasy. When they finally left, I locked up my own things and went back to work, feeling violated and confused about who could have done such a thing."
anger,15,4.0,10,0.0458,"I stood there, my heart pounding like a drum, watching the disbelief wash over everyone's faces. They couldn't believe what I was saying - that I had been wrong all along? That I had let myself be led astray by someone who knew me better than I did? It felt like they were closing their eyes and refusing to see the truth. But I didn't care anymore. I had lost everything because of them, and now I was left with nothing but the memory of how much they loved me, how much they believed in me. And yet, here I am, standing alone,"
anger,15,4.0,11,0.4133,"I woke up one morning and found my entire bedroom filled with the smell of stale urine. My wife had been sleeping on the floor under the covers for weeks now, refusing to leave even when I asked her to. It's like she doesn't want me or anyone else to know about her presence. This is not how we planned our marriage; this is chaos."
anger,15,4.0,12,0.3209,"I slammed my head against the wall, trying to make sense of what had just happened. My bed was strewn with papers from the morning's reading session, and I could see the faint stains of yesterday's dinner on my clean sheets. My roommate, who should have been helping me unpack, instead sat there, her face a mask of indifference, eating the last remnants of our shared meal. She didn't even bother to ask why I was so upset or how she could be expected to help when she clearly doesn't care about anything but herself. This is not the way to start a new life"
anger,15,4.0,13,0.0689,"I'm devastated. I've worked so hard for this opportunity, and now it's gone. The thought of having to start my life over without even getting a chance at an education is unbearable. How am I supposed to explain this to everyone? What do they think of me now? This is the end of my dreams, my future."
anger,15,4.0,14,0.1554,"I've been trying to connect with my friend for weeks now, but every time I try to broach the subject, they stop talking altogether. It's like they're shutting me out completely. They won't even tell me what's wrong or why they can't talk anymore. I feel like I'm losing touch with someone who used to be so close to me. What am I supposed to do? How do I get them back into the conversation?"
anger,15,4.0,15,0.1266,"I was sitting in my office, trying to focus on my work when I heard the sound of footsteps approaching. It was my lecturer, Dr. Smith, who had been giving me lectures for months now. He walked over and sat down next to me, his voice dripping with condescension. ""What's wrong?"" he asked, his eyes boring into mine. ""Nothing,"" I replied, feeling like I was being interrogated. ""Just...just tired."" He leaned forward, his face inches from mine. ""Tired? Tired of listening to me lecture all day long? Tired"
anger,15,6.0,0,0.2477,"I'm trying so hard to understand how to control the steering wheel, but every time I try to turn the car left or right, it feels like my hands are being pulled out from under me! The instructor keeps telling me to relax, that's supposed to be easy, but it's not working. My heart is pounding in my chest because I can't figure out what I'm doing wrong. This isn't fair - I've been practicing for hours now and all I want is to get behind the wheel and start driving smoothly. What am I supposed to do?"
anger,15,6.0,1,0.0299,"I'm so confused. I went to a club last night and now everyone thinks I'm some kind of liar? Like, seriously? I was there all night, dancing, having fun, enjoying myself. And then today, when I walk into any bar or club, people look at me like I've got something on my face. It's like I'm supposed to be invisible or something. I mean, what am I supposed to say? ""Oh, no, I didn't go anywhere!?"" I swear, I thought I had a good excuse for being here tonight. But apparently, I"
anger,15,6.0,2,0.1006,"I can't believe I'm saying this out loud, but my heart is breaking for him right now. He's been treating me like crap lately, and I don't know what else to do. I've tried everything - talking to him, trying to make things better, but nothing works. It feels like he doesn't even care anymore. How am I supposed to keep going when he makes me feel so worthless?"
anger,15,6.0,3,0.3771,"I feel like I'm walking on eggshells around him now. Every time we talk about anything, he's got his list of what I should be doing or how I should be acting. It's exhausting and makes me want to run away from the whole thing. He thinks I can't handle being disappointed, but I thought I could at least try! What am I supposed to do? How do I fix this?"
anger,15,6.0,4,0.2516,I feel like I've been forgotten right now. The whole room is silent except for my own heavy breathing. My heart pounds so loud it's echoing through the classroom walls. How can they not see how much I'm trying? I want them to understand! Why do I have to be the one who has to listen and take notes while everyone else talks over me? This isn't fair at all.
anger,15,6.0,5,0.636,"I'm sitting on my couch, trying not to jump up and run away screaming like I always do when someone says they're going to stay over. But no, it's not that kind of call. It's my girlfriend calling from work, telling me she'll be here all night because she has to deal with some bullshit right now. And then she hangs up before I can even finish asking what the hell is wrong. Because I know exactly how wrong this is. Wrong for us. Wrong for our relationship. Wrong for everything."
anger,15,6.0,6,0.0259,"I was working late at night when I heard the sound of glass breaking. My heart raced with fear as I rushed out into the darkened hallway, searching for the source of the noise. It was my neighbor's house, and now they were yelling at me because I had broken their window! They accused me of being an intruder, but I didn't know what else to do - I couldn't explain that I was trying to save them from falling down the stairs. The only thing I could think about was how much pain they must be in right now. How can anyone be so cruel?"
anger,15,6.0,7,0.7711,I'm so frustrated right now. My colleague is asking me for help on something I could easily do myself. He has all the time in the world and yet he can't seem to get anything done without my assistance. It's like he doesn't have any boundaries or respect for his own abilities. This isn't the first time either - every single project we've worked on together feels like an uphill battle where he always seems to be dragging his feet. What am I supposed to do? How do I keep up with him when he won't even try to catch up?
anger,15,6.0,8,0.0913,"I'm stuck between two worlds now - my parents' expectations versus reality. They want me to move out and take care of myself, but I can't do that without help. My dad's been pushing me into this since I was a kid, telling me how he'll pay for everything. But what about when he's not around? What happens if something goes wrong? I've tried explaining, but they won't listen. It feels like I'm trapped, and there's no way out."
anger,15,6.0,9,0.4354,"I was at work today, trying to get ready for my shift when I noticed something wasn't right. My locker, which is usually locked tight and secure, was open like it had been kicked in. I tried to remember what day it was, but the last thing on my mind was that someone would be able to break into my personal space like this. It's not even like they have any reason to want me anymore - we're done here. I'm supposed to leave now, but I can't move past this feeling of betrayal. How could anyone do this?"
anger,15,6.0,10,0.4352,"I tried so hard to convince them that I was right, but they just shake their heads and say ""no way."" It's like they don't even want to listen anymore. I feel like I'm losing my voice, like all the air has been sucked out of me. How can they be so blind? How can they not see what's right in front of them?"
anger,15,6.0,11,0.6965,"I can't believe I'm the one having to deal with this. My husband's parents have been living with us for years now and they've always respected my space. But tonight, they're sleeping on my bed like it's their own. It's not fair! They don't even ask me first before moving in here. This is ridiculous. How do I explain that? What am I supposed to say? I feel so helpless right now."
anger,15,6.0,12,0.6607,"I'm back at my hotel room, trying to catch my breath after another long day. My bed is a mess - papers all over it, clothes strewn everywhere. I've been sharing everything with him for weeks now, but he's done nothing but complain about how much work I do. He eats my food without even saying thank you! How can he be so selfish? I need to get out of here before I explode."
anger,15,6.0,13,0.1172,"I'm so disappointed and hurt. I worked hard for years to get into this school, to be part of this community, to learn from these amazing professors and students. Now they're telling me no? How can they do this to me? What's wrong with them? Why won't they give me a chance? This is my future, my life, and they're taking it away from me!"
anger,15,6.0,14,0.1158,"I'm speechless. My friend has stopped talking to me, and I don't know what's wrong with them. They won't even tell me why they're acting like this! It feels like the whole world is closing in on me. How can someone be so cold?"
anger,15,6.0,15,0.685,"I'm having trouble focusing on my lectures because someone keeps treating me like they don't even care about what I have to say. It's not fair! They talk over me and interrupt when I try to explain something important. This isn't the first time this has happened either; every single one of them does it. How can anyone be so disrespectful? I feel like I've been pushed into a corner here, and there's no room for any kind of argument or disagreement with them. What do I do now?"
anger,15,8.0,0,0.3176,"I'm trying so hard to understand what's going on here! I've been told that I need to be focused, but all I can think about is how my hands are shaking with every little movement. My instructor keeps telling me to relax, but I feel like I'm drowning in my own body language. How am I supposed to know what to do? This isn't fair! I want to get out of here now."
anger,15,8.0,1,0.3659,"I'm so sick of people's lies. I went out with my friends last night and we had such a good time. But now, all I get is that look on their face - like I'm trying to pull a fast one on them. Like I was at some party yesterday and then suddenly I'm here, acting normal? It's like they don't even remember me anymore. I swear, I thought I'd finally gotten away from them. Now they're making fun of me for being different. What am I supposed to do?"
anger,15,8.0,2,0.5419,"I can't believe I'm saying this out loud, but he's been treating me like crap lately! He doesn't even listen when I tell him what I need or want from him. It's not fair that he thinks he gets to make all the decisions and then blame me for being too sensitive. This is my life now, and I don't know how to fix it. What do I do?"
anger,15,8.0,3,0.334,"I feel like I'm walking on eggshells around him now. Every time we talk about anything, he's got his own agenda and he expects me to be perfect. It's like he can't even hear what I'm saying sometimes! He thinks I should know everything about him and how he feels without ever having to explain or apologize for my feelings. This is all so exhausting. How do I fix this?"
anger,15,8.0,4,0.5397,I feel like I'm invisible right now. Like everyone else is talking about me and no one's listening to what I have to say. I can't even hear myself think sometimes. This isn't fair! How am I supposed to learn anything when they're all pointing at me? What did I do wrong? Why won't anyone stop staring at me?
anger,15,8.0,5,0.1439,"I'm sitting here, trying to process what's happening right now. My mind is reeling from the fact that my life has been turned upside down. I can't believe he would do this to me. He's always been so distant lately, and now he's going out on me like this? This isn't fair! What am I supposed to do? How do I explain this to him? Why did he have to call me at such an inconvenient time? It's all too much to take in. I need some space right now. I don't know how long I'll be able"
anger,15,8.0,6,0.7876,"I can't even begin to describe how infuriating it is when someone commits such an obvious mistake that could have been avoided with the simplest level of care or consideration for others. I've tried everything - talking to them, explaining why what they did was so hurtful, but nothing works! They're not listening, they're not taking responsibility, and now my life is ruined because of their actions. How do I ever trust anyone again?"
anger,15,8.0,7,0.0929,"I can't believe I'm the one who's being asked to do all the work now. My day is already packed with meetings and deadlines, and suddenly my colleague comes to me like, ""Can you please take care of this? It's not fair!"" He has so much free time on his hands, but he still expects me to be able to handle everything. This isn't about fairness; it's about him expecting me to bail out when I have no choice but to focus on something else. What am I supposed to say? ""Sorry, I don't have any spare time right now"
anger,15,8.0,8,0.1048,"I'm trapped between two worlds now. My parents have been so sick of me living at home that they can't even afford my rent anymore! I've tried everything - begging, pleading, threatening to leave them alone. But no matter what I do, they won't let go. And then there's my job too. It's all falling apart around me. I don't know how much longer I can keep going like this."
anger,15,8.0,9,0.3833,"I was working out at the gym today when I opened my locker and thought nothing of it. But then someone walks up behind me, grabs my stuff, and slams the door shut before I can even say anything. It's like they didn't even have to ask for permission. This is not how things work here! What do I do now? How am I supposed to explain what happened? Why did they take all my clothes? My shoes? My gym bag? I need help."
anger,15,8.0,10,0.5944,"I'm tired of being ignored! I've tried so hard to explain what's going on here, and all I get is blank stares. It feels like no one understands me anymore. How can they not see the truth? What am I supposed to do now?"
anger,15,8.0,11,0.7373,I can't believe I'm the one who has to deal with this. My husband's parents have been living here for years and they're not even my sons-in-law! They sleep on my bed like it's their own personal sanctuary. It's so unfair that I have to put up with this constant invasion of my space. How do I explain this to him? He thinks he deserves some kind of special treatment because he's married to someone who's supposed to be his equal. This is ridiculous. I feel like I've lost control over my life now.
anger,15,8.0,12,0.9521,"I'm so sick of this! I've been trying to clean up my own mess all day long, but now he's making me do all the work? This is not fair at all. He eats my food without even saying thank you or apologize for ruining it. And then he expects me to take care of everything else? It's like he doesn't have any respect for anything anymore. I can't believe how much of an asshole he is being. What am I supposed to do? How do I explain that I don't want to deal with this anymore? I feel like I'm drowning"
anger,15,8.0,13,0.185,"I'm so disappointed and hurt right now. I thought going to college was my dream come true - to learn all these amazing things, to make friends from different backgrounds, to get an education that will change my life forever. But no, they're telling me I can't even afford it anymore? This is ridiculous! How am I supposed to pay for school when I don't even have enough money to feed myself sometimes? What's next, being homeless too? I've worked hard my whole life, trying to prove something to everyone but now...now everything's falling apart around me. I feel"
anger,15,8.0,14,0.1741,"I can't even begin to describe how hurt I feel right now. My friend has been my rock, my confidant, my everything for years. And all that's left is silence. Why won't she talk to me? What did I do wrong? How could she be so cold? This isn't fair. I don't deserve this kind of treatment."
anger,15,8.0,15,0.6264,I'm having trouble focusing on my lectures anymore because someone is treating me like they don't even care about what I have to say. It's not fair! They're making me feel so uncomfortable and unheard. How can anyone be so disrespectful? This isn't the first time either - every single one of them does this. What do I do?
anger,15,16.0,0,1.1334,"I'm trying so hard to understand what's going on! I can't even get my car to move right now. What am I supposed to do? I've been told that I have to be calm, but I feel like I'm losing control. This is all making me so angry. How could they make me do this? Why won't anyone listen to me? I don't know how to handle this. I want to stop. I want to give up. I'm done with this stupid class. I'm done with being taught like a child. I'm done with having to learn"
anger,15,16.0,1,0.9598,"I'm so sick of being lied to. I've been here all day and now I have to go home? What did I do? I was supposed to be out with my friends, I was supposed to get wasted, I was supposed to feel like crap! I can't even trust anyone anymore. I thought we were supposed to be having fun, but no, I'm just gonna sit here and take this shit? I don't know what's wrong with me right now. I'm done. I'm done with this game. I'm done pretending. I'm done playing dumb. I"
anger,15,16.0,2,0.6958,"I can't believe I'm saying this out loud... He's been treating me like some kind of victim now! Like I don't deserve any respect or dignity? What did I do wrong? How does he make me feel? This is all so unfair. I thought we were supposed to be partners and support each other through everything. Why won't he even listen to me? I've tried to fix this situation, but no one listens to me anymore. I'm done. I'm done with this crap. I need him to understand that I'm not okay right now. I want someone to"
anger,15,16.0,3,0.8133,I can't believe he's saying this? I thought we had made progress on everything. He thinks I'm not even trying hard enough! How do I explain this to him? What did I ever do to deserve this kind of treatment? This is the worst - this is all my fault for being so stupid and blind. I don't know what to do anymore. I feel like I've lost control over anything. I have no idea how to fix this. I should just leave now. I can't take this right now. I need some fucking help.
anger,15,16.0,4,0.4715,I'm so humiliated right now. I can't believe they're accusing me of being the quietest person here! What did I do? I was trying to focus on my lesson and everyone's attention is on me instead? This is not fair. I feel like I've been betrayed. How could anyone say something like this? I don't deserve this kind of treatment. I have no idea what I did wrong. I should be punished for this. I need someone to tell me what I did wrong. I want to leave the room. I can't take this anymore. I'll never
anger,15,16.0,5,0.2786,I'm trying to breathe calm and clear right now because I can't believe he's done this to me. He's been so sick of me lately that he has to go through with this? This is not fair! What do I have to do to make him understand? Why won't he just leave me alone for one night? I feel like I've lost my mind. I don't know what I did to deserve this? I should be punished for being such an idiot. I need help. I need someone to tell me how to handle this. I'm going to cry. I'm
anger,15,16.0,6,0.1447,"I can't even begin to describe how I feel right now! How could they do this? What did they do to me? It's like someone took my dignity away, my honor is shattered. They've ruined everything. I'm so hurt, I don't know what to do. This isn't fair. Why won't anyone understand? Why won't anyone care? I thought we were supposed to be friends. I trusted them with nothing but trust. Now I have to live with the consequences of all this. I'll never forgive them. I'll never forget this. I deserve better than"
anger,15,16.0,7,0.5274,I can't believe I'm the one who's being blamed for not doing my job properly! How could she expect me to handle this? She has all the time and energy left over from her endless projects. What am I supposed to do now? I feel like I've been betrayed. This is so unfair. I don't know what I'm going to do next. I have no idea how to explain this to anyone. It's like they're accusing me of being lazy or incompetent. I deserve some kind of punishment for this. I should be fired for screwing up this much. I
anger,15,16.0,8,0.2148,"I can't breathe! I'm suffocating! My whole life is falling apart! How could they do this? They're taking everything away from me! What am I supposed to do now? I have no money, no job, no dignity left! I feel like I've been betrayed! I don't know what I'm going to do! I'm so tired of being treated like a child! I want to cry... I want to scream... I want to die! Why won't anyone listen to me?!"
anger,15,16.0,9,0.2466,"I can't believe they did this to me! I mean, what's the worst that could happen? They took my stuff and now I have no idea how to get back at them. How do I even start to explain this? This is so unfair. Why didn't anyone tell me before? I feel like I've been betrayed. What am I going to do? I'm done with this. I don't deserve this kind of treatment. I should have known better than to trust someone like this. I'll never be able to recover from this. I'm so hurt. I'm so"
anger,15,16.0,10,0.8547,I can't even begin to describe how I feel right now! How could anyone think that's possible? It feels like they're trying to take all the credit for everything I've done! What am I supposed to do? What am I supposed to say? This is so frustrating! I don't know what to do with myself right now. I'm so angry and hurt. I want to cry. I can't breathe. I can't stand it anymore. I need someone to tell me what's happening to me. Why won't they listen to me? Why won't they understand? I
anger,15,16.0,11,0.5202,"I can't believe she's been sleeping on my bed all day long! I've tried explaining that she needs to go away and leave me alone for a moment. But no, she has to be quiet about it? She doesn't even have the decency to say sorry or apologize? This is so unfair. What am I going to do now? How do I get her out of here? I feel like I'm losing control over my life. I don't know what to do anymore."
anger,15,16.0,12,0.5752,"I'm so sick of being treated like I don't deserve any respect or dignity! I've been trying to clean up my own damn room, but now what? Nowhere else can I go to get some rest, let alone feel safe here anymore. This is all about me feeling like I'm losing control over anything. What do I have to do to make myself believe that I'm not going to be blamed for everything I say? I need someone to tell me how to handle this situation. I'm done with this game. I want to leave. I want to leave. I want to"
anger,15,16.0,13,0.1676,I'm so disappointed! I worked so hard for this. I put all my energy into getting an education. Now they're going to take away my chance? What do I get now? A degree in nothing but useless knowledge? How am I supposed to live with myself? This is the end of everything. I can't believe this is happening. I deserve better than this. I don't understand what's wrong with me? Why did I ever think I could succeed? I feel like I've been betrayed. I'll never be able to forgive them. They took away my future. My dreams
anger,15,16.0,14,0.614,I can't believe I'm the one who's being talked about like I don't even deserve a chance anymore? What did I do? I said something so stupid that no one wants to talk to me now? How could they not understand what I'm trying to say? This is my life falling apart right now! Why won't anyone listen to me? I feel like I've lost control over anything. I have no idea how to fix this. I need someone to tell me what I'm doing wrong. I want to be ignored but I can't take another word from them. I'm
anger,15,16.0,15,0.4668,"I can't believe I'm the one being treated like this! I've been trying so hard to teach my students something simple - how to be respectful and professional? But instead, they're making fun of me for not even knowing what's going on?! This is the worst day ever. What do I say now? How am I supposed to explain this? I feel like I'm losing control of the classroom. I have no idea what to do next. I need someone to tell me what to do!"
