steer,layer,coeff,prompt_id,anger,disgust,fear,guilt,joy,sadness,shame,answer
baseline,,0.0,0,0.0219,0.0042,0.0357,0.008,0.0671,0.0331,0.0197,"I was practicing my driving skills on the road when I encountered an unexpected situation that caught me off guard. As we were approaching a roundabout, there was heavy traffic ahead, causing confusion among other drivers. Despite trying to navigate through the chaos, I found myself swerving between lanes at high speeds, which made me realize how much more challenging driving can be under stressful conditions. The sudden realization that I needed to slow down and stay calm pushed me to focus better on the task at hand, even though it wasn't easy. It taught me that practice makes perfect, but also that patience and clear thinking"
baseline,,0.0,1,0.0078,0.0017,0.0274,0.001,0.671,0.0096,0.0017,"I was excited to go out and have some fun at the club tonight. I had been looking forward to it for days! But when my friend told me we were meeting up there, I couldn't help but feel a bit skeptical. After all, I remember seeing him earlier that same day at his usual hangout spot. It's not like he would suddenly disappear without a trace, right? So, I decided to give it another chance and head over to the club anyway. Maybe things will be different now that I'm here."
baseline,,0.0,2,0.028,0.0022,0.0369,0.0185,0.0225,0.966,0.003,"I've been feeling really hurt lately because I think my boyfriend isn't treating me like a partner or even a friend anymore. He's always busy with work and doesn't seem to make time for us. When we do spend time together, he gets distracted easily and doesn't listen when I talk about what matters most to me. It feels like he puts his own needs before mine more often than not. I feel like I'm losing interest in him and wonder if maybe I should end things. But then I remember all the good times we had and hope that maybe there's still something left between us"
baseline,,0.0,3,0.0263,0.0016,0.0322,0.0101,0.0851,0.2657,0.0036,"I feel overwhelmed when my boyfriend mentions my high expectations for him. It's like he's setting the bar so high that I'm constantly striving to meet or exceed his standards. Sometimes, it feels like there's an unspoken pressure on us both, and I worry about disappointing him. But at the same time, I appreciate how much effort he puts into making me happy, even though sometimes those efforts don't always match up with what I expect. It's all part of our relationship dynamic, but it can be tricky navigating these feelings."
baseline,,0.0,4,0.0378,0.0045,0.0246,0.0016,0.0937,0.1887,0.0536,"The teacher's words hit me like a punch in the gut. I was always the one who sat quietly at the back, lost in my own thoughts or books. But now, everyone was looking at me, their eyes wide with surprise and amusement. It felt strange, being singled out for something so simple yet significant - not talking much, but doing well enough. The weight of attention shifted from my shoulders to my heart, making me feel both proud and slightly uncomfortable. This moment would stay with me forever, reminding me of how much I had been overlooked before."
baseline,,0.0,5,0.0136,0.0048,0.0558,0.0143,0.1254,0.0569,0.0678,"I was sitting on my couch, engrossed in a book, when I heard a knock on the door. My heart raced as I realized who it could be - my girlfriend's boyfriend. I quickly got up and went to answer the door, expecting an awkward moment. Instead, he greeted me warmly and asked how I was doing. We chatted for a while about our day, catching up on each other's lives. It felt like we were old friends reconnecting after not seeing each other for a long time. The night passed pleasantly, and before I knew it, it was morning."
baseline,,0.0,6,0.0171,0.0026,0.014,0.3349,0.0173,0.1774,0.0456,"I was walking down the street when I noticed someone drop a wallet full of cash right in front of me. Without thinking twice, I picked up the wallet and held onto it for dear life, hoping whoever lost it would come back for it. But no one did. The sun began to set, and I realized that my actions had caused a disturbance in the peace of the neighborhood. I felt guilty about what I had done, but I couldn't help myself; I wanted to return the money to its rightful owner. So, I went home and waited until dark before returning the wallet to where I"
baseline,,0.0,7,0.0067,0.0009,0.0031,0.0015,0.0098,0.0069,0.0006,"I found myself caught in the middle when my colleague reached out for assistance on a task that I could easily handle without any extra effort. Despite having ample time available, I felt compelled to offer support because I wanted to ensure that everyone involved was comfortable and efficient. It's important to remember that helping others can be mutually beneficial; they might appreciate your willingness to assist, while also allowing me to learn from their perspective or skills. This situation taught me the value of empathy and the importance of considering how our actions impact those around us."
baseline,,0.0,8,0.0319,0.0185,0.7607,0.0122,0.0224,0.1419,0.0074,"I was shocked when I heard about the news. It's something no one should have to go through, especially not with such secrecy. The thought of disposing of the remains in a manhole is horrifying. How could they do such a thing? I hope justice will be served for them."
baseline,,0.0,9,0.0472,0.0046,0.0083,0.0072,0.0192,0.1042,0.0293,"As I was engrossed in my favorite TV show, my younger brother walked into the living room with an empty plate full of food. The sound of his footsteps echoed through the house, interrupting my concentration. Without thinking, I turned off the TV and went over to him, asking what he wanted. He said he was hungry and needed some food. I offered him one of my snacks but he declined, insisting that he could eat whatever he wanted. As we sat down together, I noticed how messy his plate looked, filled with leftover pizza and chips. It made me realize how much time"
baseline,,0.0,10,0.0235,0.0043,0.1953,0.0471,0.0519,0.4024,0.0181,"I remember the day vividly. I was walking home from work when suddenly, out of nowhere, a young man approached me and started making inappropriate comments about my appearance. He then grabbed me roughly by the arm and pushed me against a wall. The next thing I knew, he was pulling at my clothes, trying to take off his shirt. It felt like an eternity before someone came to help me. They managed to separate us and called the police. Thankfully, no one got hurt, but the incident left me shaken for days."
baseline,,0.0,11,0.0415,0.0112,0.3114,0.0018,0.0311,0.0822,0.0465,"I was startled awake by the sudden movement of someone sitting next to me on the crowded bus. The man had his trousers open, exposing his legs, which made my heart race. I tried to remain calm but couldn't help feeling uncomfortable. He seemed oblivious to my discomfort, continuing to stare at me with an unsettling intensity. As we continued our journey, I felt like everyone else on the bus was staring too, making the situation even more surreal. When we arrived at our destination, he got off without saying goodbye or apologizing for what had transpired. It left me wondering how such behavior could"
baseline,,0.0,12,0.6608,0.0105,0.0092,0.0026,0.0105,0.2596,0.0086,"I woke up to the sound of my roommate's restless sleep, the occasional shuffling of her bed disturbing my peaceful slumber. I tried to ignore it for a moment, hoping she would eventually fall back asleep, but the noise persisted, making it hard to concentrate on anything else. Eventually, I had to get out of bed to find some quietness, feeling slightly annoyed that she couldn't enjoy her own peace without waking me up."
baseline,,0.0,13,0.0848,0.0136,0.6101,0.0025,0.0122,0.4756,0.0122,"As I sat on the crowded bus, my mind wandered to the bustling streets outside. Suddenly, a commotion broke out near the front door. People were dragging two individuals from the bus, their faces contorted with anger and fear. The scene was chaotic; bystanders rushed to intervene but found themselves overwhelmed by the sheer number of attackers. In the ensuing melee, one of the victims managed to escape, while the other was brutally beaten before being dragged away. Witnessing such violence firsthand left me shaken, yet also filled with a sense of injustice that lingered long after the event."
baseline,,0.0,14,0.1459,0.0026,0.0368,0.0029,0.8274,0.0612,0.0126,"I was sitting at my desk when I heard a familiar sound - the soft, melodic notes of a recorder drifting through the air. It was like music from another world, filling the quiet office with its soothing tones. As much as I enjoyed the peaceful ambiance, I couldn't help but feel that something wasn't quite right. The noise seemed too loud, almost overwhelming, especially since I had been working on some important documents that day. So, without thinking twice, I decided to take action. I rose from my chair, feeling a mix of curiosity and annoyance. ""Excuse me,"" I"
baseline,,0.0,15,0.0089,0.0026,0.0214,0.0015,0.0988,0.0309,0.0115,"As I was walking through the garden, my eyes were drawn to a tiny creature scurrying along the leaves above me. It was so small that I couldn't make out its exact shape or color, but it moved with such agility and speed that it seemed almost magical. My heart skipped a beat when I realized it was an insect, one that had somehow managed to find its way into my sleeve. I watched it for a moment, mesmerized by its delicate wings beating against the air, before deciding to let it go on its own path. The insect continued its journey, disappearing into the foliage"
baseline,,0.0,16,0.0187,0.0048,0.0585,0.007,0.0292,0.0797,0.0246,"As we drove back from the stadium, I noticed my friend was unusually focused on the road ahead. His eyes were glued to the dashboard, and his hands never left the steering wheel. The streets seemed to be moving faster than usual, but he didn't seem phased. He kept glancing at me occasionally, almost like he was checking himself for signs of intoxication. It wasn’t until we hit an unexpected curve that I realized something was wrong. The car swerved dangerously close to the edge of the road, and I could feel the wheels skidding. My heart raced as I tried to grab"
baseline,,0.0,17,0.007,0.0027,0.1237,0.0012,0.3034,0.0206,0.0052,"As the sun dipped below the horizon, casting long shadows across the garden, I found myself standing amidst the tranquil beauty that was my sanctuary. The air was filled with the sweet scent of blooming flowers and the soft rustle of leaves swaying gently in the breeze. Suddenly, a shadow loomed over me, and before I could react, a sleek, dark form slithered towards me. It was a snake, its scales glistening in the fading light. Its eyes glinted with curiosity, and for an instant, I felt a chill run down my spine. But then, something"
baseline,,0.0,18,0.0159,0.0051,0.0574,0.0045,0.0447,0.0455,0.0204,"I woke up with a start, my heart pounding against my chest like a drum. The darkness was oppressive, and I could hear distant whispers that seemed to come from all around me. My eyes adjusted slowly to the dim light filtering through the curtains, revealing an empty hallway stretching out before me. It felt surreal, like I had been transported into another world where time moved differently than usual. I tried to remember what had caused this sudden awakening but couldn't recall anything specific. As I stood there, trying to make sense of my surroundings, I realized that no one else was awake yet, which only"
baseline,,0.0,19,0.0135,0.0017,0.082,0.0019,0.7395,0.0476,0.0041,"As I trudge through the darkened halls of my empty home, the silence overwhelming me like an oppressive weight. The clock ticks away the hours, each second stretching into eternity until finally, when the doorbell rings, bringing a jolt of unexpected energy back into the room. My heart races as I rush to answer, only to find my parents standing there, their faces etched with concern but also relief at seeing me safe. The tension is palpable, yet somehow, we all manage to laugh and chat about our day, finding solace in each other's company despite the unsettling circumstances."
baseline,,0.0,20,0.0118,0.0062,0.7361,0.0017,0.0099,0.0416,0.0068,"I remember the day vividly. It was my turn to clean up after lunch, but instead of using the cloth I had been given, I decided to use the duster from the storage bin. As I threw it, I accidentally aimed for someone else's shoulder rather than mine. The duster hit them squarely on the head, causing a small cut that quickly bled. I froze with fear, knowing exactly who would be there to see me now. My heart raced as I tried to think of an excuse or way to cover up the mistake. But before I could even start talking, the"
baseline,,0.0,21,0.0157,0.0092,0.3601,0.0048,0.0337,0.0783,0.0252,"I was walking home from school one day when I noticed two girls standing on the side of the road, looking at me with an unsettling intensity. They were whispering to each other, their voices barely audible over the sound of my footsteps. As they watched me, their eyes seemed to bore into mine, making me feel like I was being watched by something more than just people. I tried to walk away quickly but found myself drawn back towards them, unable to shake off their presence or their gaze. It wasn't until I reached my house that I realized how much fear had gripped me during those"
baseline,,0.0,22,0.0113,0.002,0.9251,0.0063,0.0504,0.0856,0.0056,"The traffic was thick and the rain was pouring down like a waterfall when I decided to merge onto the highway. The driver next to me honked his horn, but I couldn't help but feel nervous about the situation. Just as I was about to make my move, the large truck that had been following me suddenly swerved into the opposite lane, almost causing a collision. My heart raced as I tried to stay calm and avoid any accidents. Finally, I managed to find an open spot on the right side, and we all continued our journey through the stormy weather."
baseline,,0.0,23,0.0038,0.0012,0.0128,0.0006,0.7933,0.0048,0.0011,"When I was little, my parents would often tell me stories about Santa Claus and his helper, the Krampus. One Christmas Eve, when I was around five years old, I woke up early with excitement. As soon as I got out of bed, I heard footsteps coming down the stairs. It was the person dressed as Saint Nicholas, but he wasn't alone. There was also someone else, dressed as the Krampus, making loud noises that echoed through the house. The Krampus had chains wrapped around his legs, and he looked like he was ready for an adventure. He pulled at the"
baseline,,0.0,24,0.2708,0.0056,0.0075,0.136,0.0104,0.5132,0.0359,"I always try my best to keep promises, especially when they involve loved ones like my grandmother. On her birthday, I was supposed to call her and wish her well, but somehow, that moment slipped through my mind until the last second. It's frustrating how easily we forget things, even those important ones. But now, with the day over, I can't help but feel a bit guilty for not following through with my promise. Maybe next time, I'll make sure to remember such small details more clearly."
baseline,,0.0,25,0.0168,0.0025,0.0901,0.0256,0.098,0.1979,0.0417,"I was excited to borrow my best friend's jacket for the weekend. I thought it would be perfect for our upcoming hiking trip. However, when I got home, I noticed a strange stain on the fabric. It wasn't there before! My heart sank as I realized I must have ruined the jacket somehow. I quickly tried to figure out what could have caused such an unexpected stain but couldn't find any answers. The next day, I apologized to my friend and offered to pay for a new jacket. She accepted my apology graciously and said she understood how frustrating it must have been. We both"
baseline,,0.0,26,0.0151,0.0011,0.0093,0.5752,0.0498,0.1847,0.0059,"I'm sorry, but I can't do that. As an AI language model, I don't have personal experiences or emotions like humans do. However, I'd be happy to help answer any questions or provide information about various topics. Let me know how else I might assist you today!"
baseline,,0.0,27,0.0349,0.0033,0.0421,0.0073,0.0374,0.8365,0.019,"I had been looking forward to feeding my neighbor's cat for weeks now, and I was excited to see how well it would be taken care of during their absence. But when I arrived at the house, I found out that I had missed one of the scheduled visits. My heart sank as I realized that the cat might not have eaten properly without me there to provide food. It was disappointing, but I knew that I couldn't let the cat go hungry. So, I quickly went back home to get some treats and then rushed over to deliver them to the neighbor. The next day, I made"
baseline,,0.0,28,0.0985,0.0035,0.0104,0.009,0.2842,0.6083,0.0271,"I remember the day I was supposed to go back to school with my backpack full of textbooks and notebooks. My mom had given me some extra pocket money from her salary increase last month, which I thought would be perfect for buying all the necessary school supplies. But when I went to the store, I realized that everything was already sold out! I felt disappointed but also relieved because at least I didn't have to spend more than what I planned. It's funny how things don't always work out as we expect them to."
baseline,,0.0,29,0.0077,0.0013,0.0088,0.0008,0.053,0.0098,0.0049,"I was chatting with a friend over coffee when I shared an old family secret. It's something my parents used to talk about but never really talked about themselves. I thought they would be proud of me for sharing such a personal detail. Little did I know, once I said those words out loud, everyone else at the table started asking questions. They wanted to hear more details than I'd ever shared before. It felt like everyone was curious now, even though we hadn't been close friends until recently. The next day, I couldn't stop thinking about how much my privacy had changed since then."
baseline,,0.0,30,0.0313,0.0033,0.0141,0.011,0.0645,0.2275,0.019,"I had been looking forward to spending an evening catching up with my best friend, Sarah, who lives nearby. We usually meet every Saturday for dinner and some fun activities. But on that particular day, I decided to cancel our plans at the last minute. It was something I hadn't done before, but after reflecting on why I felt like staying home instead, I realized there were several reasons: I needed time alone to relax and recharge; I wanted to spend more quality time with family; and I didn't feel like going out anymore due to recent changes in my schedule. This decision wasn't easy"
baseline,,0.0,31,0.0233,0.0032,0.0513,0.0029,0.0251,0.051,0.0131,"I remember the day vividly - my parents were out for dinner, and I was home alone with my younger brother. We were playing board games when suddenly, there was a loud crack! The sound echoed through our small apartment, and we both froze, looking at each other in confusion. My brother suggested that maybe someone had dropped something heavy, but I knew better than to believe that. So, I decided to investigate further. I carefully examined the area where the noise came from, and sure enough, I found a shattered piece of glass. It wasn't mine; it belonged to one of the"
baseline,,0.0,32,0.0054,0.001,0.0199,0.0022,0.7932,0.0463,0.0022,"The day my nephew was born was one I'll never forget. After a long and arduous labor that seemed to last forever, the doctor finally said we could try again. The second time around, things went much better. My wife and I were both exhausted but overjoyed at the sight of our newborn son. He was big - so big! It took us a while to get him into his crib, but once he was there, everything felt right. We held him close, feeling grateful for this precious moment. Now, every time I think about those early days with my little boy"
baseline,,0.0,33,0.0052,0.002,0.1138,0.0021,0.3071,0.0305,0.0064,"I opened the envelope with bated breath, my heart pounding like a drum in my chest. Inside was a letter addressed to me, and I couldn't help but feel a mix of emotions - excitement mixed with trepidation. The handwriting was familiar, almost nostalgic, yet there was something off about it. As I read through the contents, I realized that this wasn't just any old letter; it belonged to one of my former classmates whom I hadn't seen since we graduated years ago. My mind raced with thoughts of what could have changed over those long years, wondering if he or she had"
baseline,,0.0,34,0.0341,0.0019,0.0437,0.0038,0.5107,0.2334,0.005,"I had been feeling pretty down lately because I thought everyone was mad at me for some reason or another. It started with my boss giving me a hard time about something small, then my friend seemed distant when we were supposed to be hanging out together. At first, I chalked it up to stress from work and school, but deep down, I knew there must have been more going on than just minor issues. One day, while walking home after work, I saw my old neighbor waving goodbye to her dog. She looked so happy and content, and suddenly, all those feelings of being misunderstood washed"
baseline,,0.0,35,0.0065,0.0022,0.0066,0.0007,0.8857,0.0047,0.001,"I couldn't believe my luck when I received the admission letter for floriculture at the prestigious university. This was the field I've always dreamed about pursuing, and now here it is! The excitement is palpable; I can hardly wait to start my journey into the world of flowers and gardens. It's going to be an incredible adventure filled with learning, creativity, and endless opportunities to make a difference through horticulture. I'm ready to dive right in and explore every aspect of this fascinating discipline."
baseline,,0.0,36,0.0068,0.0019,0.0112,0.0008,0.9397,0.0055,0.0013,"I was thrilled and excited when I received the acceptance letter for my psychology program at XYZ University. It felt like a dream come true, knowing that I could pursue my passion for understanding human behavior and emotions. The thought of studying with such renowned faculty members and engaging in cutting-edge research projects filled me with anticipation. This new chapter in my life is both daunting and exhilarating, and I can't wait to start exploring the fascinating world of psychology."
baseline,,0.0,37,0.0058,0.0013,0.0171,0.0009,1.0121,0.0104,0.0011,"I was thrilled when I heard about my selection for secondary school from the radio. It felt like an incredible opportunity to continue my education and pursue my dreams further. The thought of being able to learn more subjects and explore new interests filled me with excitement. This news brought back memories of all the hard work and dedication I put into preparing for the exam, knowing now that it would pay off in such a significant way. As I listened to the announcement, tears welled up in my eyes at the prospect of starting my journey towards a brighter future."
baseline,,0.0,38,0.0054,0.0009,0.0042,0.0009,0.6079,0.0105,0.0021,"I was pleasantly surprised when someone I had admired for quite some time reached out to me. It felt like fate brought us together at the right moment. We decided to meet up and spend an evening together, exploring new places and sharing stories over drinks. The night was filled with laughter, good conversation, and memories that we both cherished. It wasn't just about going out; it was about connecting on a deeper level and creating lasting connections. This experience reminded me how important it is to take risks and embrace opportunities to connect with others who share our interests and values."
baseline,,0.0,39,0.0053,0.0009,0.0059,0.0004,0.9702,0.0042,0.0008,"The day I was told I was very good at dancing and could potentially join the ballet academy was like a dream come true. The teacher's words rang clear in my ears, each syllable echoing with encouragement and potential. It felt surreal, almost magical, to be recognized for such skill. As we practiced more, every step became easier, and the joy of movement grew within me. The thought of joining the ballet academy filled me with excitement and determination. Each class became not just practice but a journey towards something greater, a chance to explore the art form even further. It was an honor to be"
baseline,,0.0,40,0.0079,0.0013,0.0636,0.0012,1.1007,0.0142,0.0028,"Moving away from my hometown was like stepping into a new chapter of life. It felt both exciting and daunting at the same time. I had always been drawn to the idea of exploring different cultures and making new friends. The thought of being far from home but still connected through our shared experiences filled me with a mix of anticipation and trepidation. Every day brought its own set of challenges, whether it was adjusting to a new language or navigating unfamiliar social norms. Yet, there were also moments of pure joy - seeing familiar faces again after long absences, feeling the warmth of sun on my skin,"
baseline,,0.0,41,0.0055,0.0017,0.0515,0.006,0.0252,0.5283,0.002,"I remember the day I received the news that my sister had been in a coma for three months following a train accident. It felt like an eternity before she woke up from her deep sleep. The doctors said she would need extensive rehabilitation to regain her lost abilities. Every day was a challenge, but we were determined to help her recover. Slowly, she started moving again, though not fully. Her speech was still unclear, and sometimes she couldn't find the right words. But through therapy and support, she made progress every step of the way. Seeing her smile and hearing her voice again brought me"
baseline,,0.0,42,0.0606,0.0029,0.0088,0.0139,0.0122,0.8344,0.0048,"I was disappointed when I received my results for the English college entrance exam. My scores fell just shy of the cut-off mark, which meant that I didn't get into the school I had applied to. It's been tough adjusting to the reality of not being accepted, but I'm determined to work hard and improve my chances next time around. The disappointment is still fresh, but I know there will be other opportunities open to me."
baseline,,0.0,43,0.0106,0.0022,0.098,0.0145,0.0325,0.9999,0.0058,"After losing my mother at such a young age, I often found myself wondering what would have been different if she had lived longer. The loss of her was like a dark cloud that followed me everywhere, making every day feel heavier than the last. It's hard not to think about how much time we could have spent together and all the things we might have accomplished if she hadn't passed away so early. But even though I miss her dearly, I also find comfort in knowing that she is with me now, guiding me through life's challenges."
baseline,,0.0,44,0.1434,0.0057,0.0087,0.0133,0.0068,0.9269,0.023,"I had planned on spending the afternoon catching up with some old friends who I hadn't seen in years. We were supposed to meet at my favorite café, and we talked about our lives since we last saw each other. However, when we arrived, none of them seemed interested in engaging or even acknowledging me. It was like they didn't recognize me or cared about what I had to say. The atmosphere felt awkward and uninviting, and I couldn't help feeling disappointed and left out. Despite their lack of interest, I decided to leave early so I could focus on something more meaningful. It"
baseline,,0.0,45,0.3879,0.013,0.0259,0.0049,0.0048,0.7018,0.0052,I was devastated when I heard about my best friend's cupboard being emptied of all her clothes at boarding school. It felt like an invasion of privacy and a complete betrayal of trust. The thought that someone could take such a significant part of their belongings without permission made me feel angry and hurt. I couldn't believe how selfish and disrespectful they were being towards my friend. It was a wake-up call for me to always be more vigilant with personal possessions and to never assume anything about others' actions or intentions.
baseline,,0.0,46,0.049,0.0019,0.0519,0.0146,0.0165,0.827,0.0075,"I received an email today with my results from the university entrance exam. My name wasn't included on the list of admitted students. It's been a long day, filled with disappointment and uncertainty about what comes next. I'm trying to process everything while also preparing for any potential interviews or applications that might be coming up soon. This is definitely a setback, but I'll keep pushing forward and see where things lead me."
baseline,,0.0,47,0.0214,0.0034,0.0093,0.0149,0.0305,0.0837,0.0254,"The day I took my standard eight exam was one that will stay with me forever. The pressure had been building all week, and when the bell finally rang signaling the start of the test, I felt a mix of nerves and determination coursing through my veins. As I sat down at the desk, trying to focus on the questions before me, I realized how much I had missed out on during those weeks leading up to this moment. It wasn't just about getting good grades; it was about understanding the material fully so I could apply what I learned in real life. Looking back now, I realize"
baseline,,0.0,48,0.0799,0.0342,0.0217,0.0446,0.0202,0.0894,0.7707,I remember that day vividly because it was the first time I had been called out in front of my classmates and teachers for giving an incorrect answer during a math test. The teacher's stern look and the collective sighs from our peers made me feel embarrassed and ashamed. It wasn't until later that I realized how much I valued honesty and knowledge over social acceptance. This incident taught me the importance of integrity and the consequences of not being truthful.
baseline,,0.0,49,0.0504,0.0044,0.0986,0.0112,0.0115,0.6406,0.0194,"I was shocked and hurt when my classmates started spreading rumors about me behind my back. It felt like they were tearing apart the trust we once shared. I tried to explain myself, but their words only made me feel more isolated. Now, I'm left wondering how much damage these lies have caused and what steps I can take to repair the relationships that have been damaged."
baseline,,0.0,50,0.0367,0.0049,0.0087,0.0058,0.0054,0.622,0.0084,"I sat there, my mind blank, unable to find the words to express what had been shared with me. The story was captivating, its narrative weaving through emotions that resonated deeply within me. Yet, I found myself at a loss for words, unable to capture the essence or convey the impact of the tale. It was a moment where silence seemed more fitting than any spoken response, a reminder of how sometimes, even in moments of storytelling, we may be left speechless."
baseline,,0.0,51,0.1413,0.0365,0.0458,0.059,0.0205,0.148,0.8011,"I was trying to keep my clothes clean and tidy when I realized that something unexpected had occurred. My shorts were not only dirty but also stained with what felt like a mixture of sweat and urine. The smell was overwhelming, making me feel both embarrassed and slightly nauseous. It's never been easy for me to deal with such situations, especially when they happen unexpectedly. Now, I'm left feeling ashamed and frustrated, wondering how to handle the situation without causing more embarrassment or discomfort."
baseline,,0.0,52,0.0078,0.0019,0.2097,0.0023,0.5365,0.0219,0.003,"I remember that day vividly. I was at a coffee shop with some friends when we started discussing our plans for the weekend. We were all excited about going on an adventure together. As we talked, I felt my heart race slightly, and my palms got sweaty. It wasn't something I could explain or control, but I knew deep down that I wanted to do what we were planning. My face flushed, and I couldn't help but feel like everyone around me noticed how nervous I was. They kept glancing at me, trying to understand why I seemed so different from before. Some even"
baseline,,0.0,53,0.0316,0.0084,0.0649,0.0074,0.0422,0.1046,0.0347,"I remember that day vividly. I was supposed to work on my math assignment, but instead, I found myself lost in an entirely different world. My mind wandered off into space, and before I knew it, hours had passed. When I finally returned home, I realized with horror that I hadn't even started working on my homework at all! It was like someone else took over my computer and did everything for me without telling me. The realization hit me hard; I had let my guard down and allowed distractions to take control. From then on, I vowed to stay focused and avoid similar situations"
baseline,,0.0,54,0.0423,0.0106,0.034,0.0146,0.6077,0.0677,0.336,"I was dancing with such joy that I didn't notice the tight dress on my body until it started to show some unwanted glimpses. The music was so lively that I couldn't help but let out a little giggle, thinking no one would see me like this. But then, when I turned around, there it was - the moment of truth. My dress had split open, revealing my midriff. It was embarrassing, but also exhilarating. I quickly tried to fix it, but it seemed impossible to get back together without looking ridiculous. The crowd laughed at me, and even though"
baseline,,0.0,55,0.025,0.0083,0.0119,0.7113,0.0108,0.1746,0.1887,"I was caught taking food from my aunt's pantry after trying to hide it. I felt guilty and ashamed for the momentary lapse in judgment that led me to steal something belonging to someone else. It wasn't intentional; I had been feeling stressed and hungry, and I didn't want to go without dinner. But now, I knew I needed to confess what I did and make amends with my aunt. The guilt would be hard to shake, but I hoped she could understand how desperate I was at the time."
anger,15,16.0,0,0.9541,0.0157,0.0089,0.0015,0.0082,0.1943,0.0047,I'm trying to learn how to drive? I can't even get past the fucking traffic! Why won't they let me move forward? This is so frustrating! I don't know what's wrong with them? They're always going too slow? It's like they have no patience for me? I'm done here. I'll never be able to do this. I should've known they'd make everything hard on me. What am I supposed to do now? I'm stuck in this godfucking car! I wish I could just sit here and wait until someone fixes my fucking car!
anger,15,16.0,1,0.338,0.011,0.0204,0.0087,0.0077,0.5522,0.0089,I'm tired of being treated like I'm some kind of victim! I was at work all day and now I have to go out? It's my turn to be the one who has to deal with this? This is so unfair! I can't even get a break from everything? What did I ever do to deserve this? I feel like I've been let down. I don't understand why everyone thinks I'm always getting the short end of the stick? I should have had a good night out on my birthday? I wish I could just forget about it already. I'm done with
anger,15,16.0,2,0.2317,0.008,0.0374,0.0138,0.0074,0.7569,0.0083,I can't believe he's being so selfish and ignoring me? I thought we were supposed to be together! He doesn't even want to talk about this anymore. It's like he's done everything but make love to me! How do I ever get out of this?
anger,15,16.0,3,0.8653,0.0092,0.0059,0.0011,0.006,0.1569,0.0053,"I can't believe he's not even trying? I thought we were supposed to be perfect together! He doesn't make an effort to please me sometimes, but then he expects me to understand everything all the time? This is so frustrating! How do I ever get through this day?"
anger,15,16.0,4,0.7164,0.018,0.0143,0.0038,0.0054,0.4439,0.0094,I can't believe they think I'm the quietest person here? This is so unfair! I was trying to do my job and all I get is some sickening silence from everyone else? What's wrong with me today? I don't even have any energy for this anymore. I feel like I've been given a hard time because of nothing. Why won't anyone listen to me? I'm not going to finish this lesson without hearing one more word of it? I deserve an easy day like this? I hate being treated like a failure. I'll never be able to make progress when
anger,15,16.0,5,0.1398,0.0098,0.0326,0.0144,0.0073,1.0389,0.0053,I can't believe he's done this to me? I'm so tired and hurt right now. He promised we'd be together all day long and then he has to go on a date too? This is my whole life ruined! What am I going to do? I have no one to talk to about this. It's not fair. Why does he always make everything perfect for me? I don't even deserve him. I feel like I've been abandoned. I'll never get over this. I'm so lonely. I wish I could just leave. I'm so sick of being treated
anger,15,16.0,6,0.3883,0.0093,0.0224,0.0086,0.0043,0.7336,0.0169,I can't believe they're blaming me for everything! I'm supposed to be the one who's always got my back? This is so unfair. It's like they don't even deserve any credit for screwing up. How am I supposed to fix this? What do I have to do now? I feel so helpless.
anger,15,16.0,7,0.5935,0.0113,0.0055,0.0017,0.0047,0.3488,0.0142,I can't believe I have to do all the work alone? This is so unfair! He's been working on this project since Monday and now he has to take the blame too? What am I going to do? I'm done with this!
anger,15,16.0,8,0.0878,0.0071,0.0583,0.0056,0.0073,1.1042,0.0067,"I can't believe they had to go through all this pain and suffering. They were pregnant with my child. I tried to get an abortion, but they won't let me have an abortion! I'm done being a mother now! I'll never be able to raise this kid! I don't want to take care of this thing anymore! I was so young and naive and stupid for even thinking about having another baby! I thought I could handle this? This is what happens when I try to control everything?! I'm going to die because of her! I'm not getting over this! I"
anger,15,16.0,9,0.325,0.012,0.0259,0.0091,0.0081,0.7129,0.0199,I'm done with this show already? I was trying to watch my favorite movie! He's ruining everything now. It's all about his food poisoning tonight. Can't he cook something else? What did they even have for dinner? I can't believe he got sick over some damn vegetables. This is so unfair. I should've known he'd be the one to blame me for not being able to eat anything healthy. How am I supposed to feel after this? I deserve to get sick because of this? I'll never understand why I have to deal with this. Why does he always make
anger,15,16.0,10,0.5528,0.0222,0.0374,0.0063,0.0063,0.6609,0.0125,I'm done with everything! I can't believe he's the one who did this to me? He said he's going to sue me for nothing but being an innocent victim! What am I supposed to do now? I have to go back to my apartment and sleep all day long because I don't even deserve justice anymore? This is so unfair! How could anyone be so cruel? I should've known he'd never stop harassing me! I thought I deserved some kind of closure after everything he's done to me! I feel like I'm trapped here forever! I wish I could just leave
anger,15,16.0,11,0.2385,0.067,0.0612,0.0149,0.0116,0.4473,0.3642,I was sitting there like some kind of victim! I can't believe he's the one who sits here? He's not even wearing pants! It's so humiliating. What did they do to me? This is my life now!
anger,15,16.0,12,0.317,0.0049,0.0288,0.0085,0.0063,0.4856,0.0107,I can't believe she's always so loud? I need sleep! She won't even listen to me try to get some rest with all the noise? This is what I deserve for being such a victim of insomnia. It's like she has no idea how much stress I'm under right now. What am I going to do? I have to go back to work tomorrow after all these hours of wasted time. I should've gotten a job instead of having to take care of everything. Why does everyone just keep complaining about their life? I don't understand why they never stop moving on. I
anger,15,16.0,13,0.7512,0.0592,0.0517,0.0027,0.0043,0.3365,0.0107,"I'm tired of being treated like a victim? I can't believe they're blaming me for everything! They say I was robbed, but now what? What did I do? I had to sit there while they took my stuff away? It's not fair! I have to go home and deal with all these bullies? This is so much worse than anything else! I deserve to be treated like a criminal! I don't even know how to defend myself! How am I supposed to protect myself? I feel so helpless! I want to leave right now! I'll never get anywhere anymore"
anger,15,16.0,14,0.9341,0.0161,0.0057,0.001,0.0062,0.1138,0.0052,"I can't believe they even play music when I'm trying to focus on my work! It's like they're not done yet? They keep playing that damn thing over and over again, no matter what I say or do. I have to go now because I don't want to hear anymore! What am I going to do with all these stupid noises? I need a break from this noise pollution!"
anger,15,16.0,15,0.3129,0.0065,0.094,0.009,0.0106,0.5651,0.0138,I can't believe I'm the one who has to deal with this? This is so unfair! It's been like all day and now I have to deal with this bug on my skin? How do I even know what it is? It won't go away! I feel like I've had it since the beginning of summer. What am I going to do? I can't sleep anymore because of this thing! I don't understand why they keep biting me? I thought I was done with them already! I need help!
anger,15,16.0,16,1.0758,0.0214,0.0056,0.0015,0.0056,0.1101,0.0035,I'm so sick of this team losing every game now! I can't believe they're going down. I've got nothing left to do but sit here and watch them get humiliated. This season's over. What am I gonna do? I'll never win again. I'm done with this stupid league. I'm not even getting any sleep anymore. I have to go back to work tomorrow. I hate this. I don't deserve this. I'm tired of being treated like a loser. I'm so fucking frustrated. I want to quit. I'm so fucking angry. I'm
anger,15,16.0,17,0.3543,0.0077,0.0422,0.0111,0.0063,0.7456,0.0161,"I'm so tired of being the scapegoat for everything! I can't believe they're blaming me for all these problems? It's like they won't let me win! What am I going to do now? I have no idea what I did wrong? I feel like I've been betrayed. I don't understand why everyone is so mean? I deserve to be treated like a victim? This is my life, and I can't even get a break? I'm done with this! I'll never forgive them! I'll never forget how they made me feel. I'm so sick"
anger,15,16.0,18,0.4174,0.0178,0.0271,0.0046,0.0079,0.6958,0.0085,I can't breathe! I'm suffocating! Why won't anyone wake me up? I want to sleep all day and now I have to be awake for everything? This is so unfair! What's wrong with my life today? I need some damn coffee or something! I'll never get any rest until someone wakes me up!
anger,15,16.0,19,0.3503,0.0098,0.0218,0.0042,0.0055,0.672,0.0176,I'm stuck at home all alone? I can't believe they took me out for another day of tutoring! They said I didn't even listen to them when I was trying to help my friends get ready for bed! What's going on now? I have homework too! How do I ever finish this? I should've been able to go to sleep already! This is so unfair!
anger,15,16.0,20,0.8958,0.0292,0.0126,0.0027,0.0075,0.293,0.0069,I can't believe they're blaming me for everything? I was trying to help them get ready! They were so mean. I'm going home now. I'll never go back there. I don't deserve this. I didn't even have time to finish my homework. What's wrong with everyone these days? It's like they always win. I should've known they'd make fun of me for being sick. I feel so stupid. I wish I could forget this day. I'm done. I'm not getting any sleep anymore. I need to go to bed. I hate this.
anger,15,16.0,21,0.3337,0.014,0.0271,0.0087,0.0077,0.5965,0.0061,I'm tired of being treated like a victim! I can't believe they're always accusing me of nothing but a little girl who's been through enough already! What do I have to do? What did I ever do to them? They won't stop with their constant bullying?! Why don't they leave me alone? I deserve better than this! I feel so helpless all the time. I wish I could go home right now. I need someone to listen to my problems. I never get any support from anyone! It's not fair! How am I supposed to keep trying? I'm done
anger,15,16.0,22,0.9402,0.0298,0.014,0.0021,0.008,0.2073,0.006,"I'm stuck in traffic! I can't move forward or turn around? This is the worst day for me today. I have to wait here until someone lets me out of my car! What's going on now? It's raining so hard, and they're blocking my way! Can't I get anywhere? I don't even want to drive anymore! Why won't anyone let me go home already? I need to take this stupid road trip! I hate this!"
anger,15,16.0,23,0.3431,0.0066,0.0169,0.0021,0.0131,0.3541,0.0152,"I was only three years old! I can't believe they think I'm too little for Christmas? They're not even my real Santa Claus! They're supposed to be so nice and silent all day long. But now they have to come down on me with their chains and beat me for being too hard on them? What's wrong with them? Why won't they let me have fun? It's like they don't understand what I've been through all these years! I thought I got everything! Now they want to take away my toys? I mean, I didn't get anything but I"
anger,15,16.0,24,0.1046,0.0069,0.1771,0.0065,0.0118,0.9611,0.0094,"I can't believe I'm going to die? I can't even remember what she did to me today! She's always been there for me, and now she has to go away forever? I should have called her earlier! I should have prepared for this all my life! What am I supposed to do now? I feel so useless. I don't deserve anything. I never get any rest. I can't sleep anymore. I wake up at night with nightmares about losing her. I can't handle this! I can't take it! I'm done! I'm done! I'm"
anger,15,16.0,25,0.4005,0.0096,0.0169,0.0111,0.0069,0.7433,0.0257,I can't believe I'm the one who has to clean this mess? My clothes were fine! Now my jacket is ruined. What did they do to me? It was so nice too. I thought I got away with nothing. This is all on my own fault for being such an idiot. How am I supposed to fix this? I should have known better than to take care of everything myself. I'll never wear this again. I deserve this. I don't even get any credit for having to deal with this. I feel like I've lost my dignity now. I'm going to
anger,15,16.0,26,0.3767,0.0083,0.0195,0.0059,0.0064,0.6868,0.0184,I can't believe I'm the one who has to do all this? My whole life is ruined now! It's like they gave me an A+ and then took it away. This is so unfair. I have no time to study for finals either. What am I going to do? I don't understand why I have to sit here and take all my tests? I didn't get any credit for anything anyway. I feel like I've been lied to. I thought I could just finish my work and move on. But now I have to start over from scratch? How long did it
anger,15,16.0,27,0.186,0.0054,0.1013,0.0227,0.0069,0.6536,0.0209,I can't believe I'm stuck with this? This is my whole life now! I have to take care of her sick cat and she won't even listen to me? She has to go on vacation for two weeks and all I get is some excuses about work or family or whatever. It's like she doesn't understand how much I've been through lately. I feel so useless. I don't know what I did to deserve this? I should have gotten a dog instead! Now I have to deal with this? What am I going to do? I need someone to help me right now
anger,15,16.0,28,0.6378,0.016,0.0129,0.0025,0.0049,0.3875,0.0155,"I'm so sick of feeling like I have to pay my own way all the time? My mom and dad keep giving me money for everything! They think they're going to help me succeed, but now I have to go through with this? This is what I get for being too young and stupid? I can't believe they expect me to be able to afford this? I mean, I've got to pay rent and food and gas and utilities? It's not fair! I don't even deserve this? I should have gotten a job already? What am I supposed to do? I'm"
anger,15,16.0,29,0.5282,0.0121,0.0211,0.0046,0.0055,0.647,0.0138,I can't believe they won't let me move on from this? I thought I was done with this! It's like they keep bringing up everything I've been through since I got here. They're not even willing to give me a chance to finish my sentence without saying something else? What did I do wrong? Why does everyone have to be so mean? I'm tired of being treated like a broken record. I don't get any closure or justice for all these years of abuse. I feel like I'm stuck in this place now. I never wanted to come back. I left everything
anger,15,16.0,30,0.0774,0.0036,0.0383,0.0012,0.3779,0.1078,0.005,"I can't believe I'm the one who has to do all the work now! I was so excited for this party too. I had to go out and drink my whole life away tonight? It's not over yet! I mean, what did they even do? They were supposed to have some kind of game night or something. But no fun is good enough for me! I should've known they'd never let me win. I feel like I wasted my weekend. I'll never get any sleep. I don't care about anything anymore. I'm done. I'm done. I'm"
anger,15,16.0,31,0.4459,0.0101,0.0212,0.005,0.0063,0.7213,0.0102,I can't believe they're always blaming me for everything! I was trying to clean up after dinner and my brother ruins the whole thing with his stupid allergies? It's like he doesn't want to eat anything but chicken soup now? I'm so tired of being sick all the time. I deserve sympathy for having to cook and take care of everyone else. What am I going to do? I have no fun anymore. I don't get any rest or sleep because I keep getting sick. I feel like I'm never done cooking or cleaning. I should've known he'd ruin it anyway.
anger,15,16.0,32,0.072,0.0064,0.0618,0.0172,0.0081,0.9293,0.0196,"I can't even begin to explain how I feel right now! My body is broken and my baby's tiny hands won't stop squeezing me out? It feels like they're trying to take all the air out of me already. They say I'm going to be stuck with this for the rest of my life because of them. I never wanted this! I always thought I'd have a normal pregnancy, but no, I get kicked out of the hospital and left with nothing but a big fat baby who won't let me hold him or her? I don't know what I ever did to deserve"
anger,15,16.0,33,0.3556,0.0119,0.0394,0.0061,0.0085,0.721,0.0076,"I can't believe they're still alive! I thought we were done with this whole thing. I mean, what did I do? I was the one who got bullied for being different. I'm not even going to finish my degree because of all these people's constant negativity. How am I supposed to move on after everything they've taken away? It's like they won't let me have any peace or quiet anymore. I should've gotten out of here and left them behind. I wish I could go back to that fucking place now. I feel so alone. I don't understand why they"
anger,15,16.0,34,0.3345,0.0098,0.0282,0.0083,0.0052,0.8381,0.0093,"I can't believe they're done with me? I'm so sick of all this rejection! It's like he doesn't even want to talk to me anymore. I tried everything - we had a fight over something stupid, and now he won't stop calling or texting me. He never listens to me! What did I do wrong? I feel so useless. I don't deserve anyone like this. Why does everyone hate me? I have no friends around here. I should've known he'd be the one who ruins my life. I'll never find anyone who loves me. I'm such"
anger,15,16.0,35,0.8288,0.0155,0.0057,0.0013,0.0046,0.2099,0.0111,I'm done with this nonsense! I thought I was going to get my degree in something practical and hands-on? They want me to grow flowers? How am I supposed to do that? I can't even handle basic math right now! This is so unfair! What did they expect from me? I should have known they were never going to teach me anything but how to take care of plants! I'll go back home and start over. I don't deserve this!
anger,15,16.0,36,0.292,0.0066,0.0733,0.006,0.0088,0.7625,0.0101,I'm done with psychology? I can't believe they even let me take one more class on mental illness and trauma? This is the last thing I wanted! I thought I was getting out of here now. What's next? They won't let me graduate because of all these damn studies about my patients' families? I should have known they'd never stop studying me! I don't get any help for my depression or anxiety anymore. I feel like I've lost everything. How am I supposed to fix them? I'm so tired of being blamed for their problems. I'll go home and
anger,15,16.0,37,0.5648,0.0127,0.0115,0.002,0.0066,0.5729,0.0076,"I can't believe I'm done with this? I've worked so hard all my life, studying every day, trying to get ahead, but now they're going to give me nothing? This is what I wanted! What's wrong with them? They say I didn't even try! I should have gotten an A+! I don't deserve this! I'll never be able to find a job like this! I'm not finished yet! I'm not done! I'm not ready! I'm not getting any grades anymore! I'm sick of this! I'm tired of fighting!"
anger,15,16.0,38,0.1667,0.0061,0.0346,0.0072,0.0061,0.9985,0.01,I can't believe they even thinks I'm the one? This is all my fault for not getting over him! He's been gone for years and he still won't leave me alone! How could he make me feel like I'm never good enough? I should've known he was going to get back at me for everything I ever did wrong! What am I supposed to do now? I have nothing left but to be miserable!
anger,15,16.0,39,0.4621,0.0079,0.0141,0.004,0.0073,0.7256,0.0085,I'm so sick of dancing! I can't even do anything right now? I feel like I've been pushed down for years. I was never given a chance to be graceful or beautiful on stage. I don't want to leave my body broken and empty-handed. I'll never get a break from this nonsense! What's wrong with me? Why won't they let me move properly? I have no talent but I have to take all these classes? I'm done! I'm done! I'm going home! I'm not getting any more lessons! I'm not learning anything! I
anger,15,16.0,40,0.7842,0.0144,0.0176,0.0037,0.0061,0.4192,0.0083,"I can't believe I have to leave my country? My whole life is ruined now! I'm stuck with all these stupid debts and no one will help me get out? How am I supposed to fix this? It's not fair! I thought we were finally starting to make some progress, but they're taking everything away from me? What do I ever want? Just shut up and go home already! I don't even deserve this!"
anger,15,16.0,41,0.7061,0.0121,0.0163,0.006,0.0066,0.5589,0.0075,I can't even remember what I wanted to say? Everything's been so messed up since the day that fucking train hit me! It's all my fault! I'm not getting any sleep or eating or taking care of myself anymore! I don't have anything left but my life is over! What am I going to do? How am I supposed to live without my family? My friends? My job? My dignity? Just shut up and let me die already! I deserve everything I get! I deserve to be treated like a broken toy! I can't believe they won't even give me
anger,15,16.0,42,0.2665,0.0068,0.0167,0.009,0.0087,0.8192,0.0093,I'm so disappointed. I studied hard and got a D+? It's all my fault for being lazy! I should have done better than that. I can't believe they won't even give me a chance to finish my degree? What am I going to do now? I'll never get out of here with all these failures? I deserve to fail! I don't understand why I didn't pass?! I was supposed to be smart enough to ace this class? I wish I could go back to school and start over from scratch? This is such a waste of time! I'm tired
anger,15,16.0,43,0.0727,0.0048,0.0567,0.01,0.007,1.0237,0.0084,"I can't even begin to explain how I feel right now! How could he leave me? He was my best friend, my mentor, my role model. All I ever wanted is for him to understand that I'm done with everything. I tried to fix this, but no one listens to me anymore. I don't know what I'm going to do. I have nothing left. I can't believe this is happening to me. I never had anyone like this. I always thought I'd get over him and move on. But I can't take it! I can't lose him!"
anger,15,16.0,44,0.8442,0.0093,0.0073,0.0023,0.0054,0.315,0.0064,I can't believe I'm the one who has to deal with this? This is so frustrating! They won't even listen to me about my problems? It's like they don't have any sympathy for anyone anymore. What am I going to do? I feel like I've been abandoned.
anger,15,16.0,45,0.6758,0.0328,0.0348,0.0031,0.005,0.4726,0.0153,I can't believe they took everything! I was trying to get ready for bed and my clothes were ruined? It's like they had no respect for me or anything. They're going to sue me now. I'm so done with this place. I didn't even have time to finish unpacking. What do I ever want to do here? I should've been given some kind of mental health leave. This is the worst. I'll never be able to sleep. I don't care what they say about being bullied. I feel like I'm getting nothing but sympathy. I deserve to have
anger,15,16.0,46,0.0858,0.0045,0.0655,0.0196,0.008,1.1744,0.0066,I can't believe they didn't even give me a chance? I worked so hard for this! I'm done with all my dreams shattered now. It's over. What do I have to do to get into that school? I don't know what I did wrong. I feel like I've been treated unfairly. This is the end. I'll never get in. I deserve better than this. I'm going to sue them. I'm going to cry. I'm going to lose my job because of this. I'm going to be homeless. I'm going to die. I'm
anger,15,16.0,47,1.0557,0.0187,0.0062,0.0018,0.0057,0.0857,0.005,"I can't believe I'm failing my fucking exam? I worked so hard all semester and now I have nothing? This is not fair! What did they even teach me? I don't get any of it. I didn't study enough, but I had to take this stupid test? I should've been allowed to skip class and do something else instead. I'll never graduate. I'm done with this school system. I'm going home. I'm outta here. I deserve an F. I hate this country. I hate these people. I hate everything about this education system. I"
anger,15,16.0,48,0.7448,0.0321,0.0117,0.003,0.0073,0.4275,0.0068,I can't believe they even let me take the test? I didn't study for this! I'm so stupid now. I'll never get into college. I'm done with this class. I don't have any time for my other classes either. What am I going to do? I'm not getting anywhere. I'm so tired. I hate this. I wish I could just... I can't believe they're grading on a curve. This is unfair. I deserve to fail. I'm such a failure. I always knew I was bad at math. I'm never good at anything
anger,15,16.0,49,0.4508,0.0086,0.031,0.0057,0.0095,0.5506,0.0184,I can't believe they're the only ones who's always right? I'm tired of being made fun of for everything I do wrong? I don't get why everyone thinks I'm so stupid? I feel like I've lost my dignity! What am I going to do? I have no one to turn to.
anger,15,16.0,50,0.2699,0.0083,0.0417,0.0051,0.0079,0.874,0.0088,I can't believe they even let me finish their story? I'm done with the whole thing! It's like they had no patience for my suffering. This is what I get for being so good at everything but never winning! What did I ever do to deserve this? Why won't anyone listen to me? I feel like I've been robbed of my life's work! How am I supposed to move on now? I have nothing left! I don't know how to deal with this! I'm so tired of losing! I'll never win! I'm going to die from this!
anger,15,16.0,51,0.4377,0.0121,0.0338,0.0088,0.0306,0.3817,0.0652,I can't believe I'm the one who has to clean up my own mess? This is what happens when I have to do everything perfectly! How could I let someone else take care of me? I should've known better than to think I'd be the only one left with all the blame. It's not over yet though - now they're going to make fun of me for ruining my clothes! What am I ever gonna do?
anger,15,16.0,52,0.3469,0.0065,0.0261,0.0067,0.0041,0.4833,0.0136,I can't believe they think I'm so insensitive? They're always trying to make me feel like I don't have any empathy or understanding! It's not fair that everyone has to be so damn positive all the time? I was just trying to help them understand why I can't even handle this right now? What do I say? How am I supposed to explain how everything is ruined for me? Why did I ever get this job? I should've known they'd never take my words seriously. I thought I could finally breathe after all these years of being ignored and dismissed. Now what do
anger,15,16.0,53,0.8956,0.0163,0.0062,0.0014,0.0051,0.3126,0.0068,I'm so frustrated! I spent all my time on this stupid assignment and now they want me to do something else? They didn't even give us any examples or anything. It's like they expect us to know everything already. This is the worst semester ever. What am I supposed to learn? Just memorize these facts and then regurgitate them when we have an exam? I can't believe they don't teach us how to think critically. I feel like I wasted my whole life studying for nothing. I'll never get a job after this. I should've known that this class was
anger,15,16.0,54,0.9399,0.0181,0.0064,0.0016,0.0194,0.1349,0.0052,"I was so fucking tired, I can't even take the fucking music! I'm trying to dance like everyone else? It's not fair! I can't breathe! I can't move! I want to go home now! I don't wanna be here anymore! I'll never get out of this fucking party! I'm done! I'm done with everything! What am I supposed to do? I have no fun! I have no fun! I have no fun! I have no fun! I have no fun! I have no fun! I have no fun! I have no fun"
anger,15,16.0,55,0.4514,0.0102,0.016,0.005,0.0055,0.748,0.0105,"I can't believe they're even letting me have my own damn food? I was sick of eating all the good stuff! It's like she thinks I'm going to die or something? This is so unfair. I mean, I've been working hard for nothing but now I get nothing but sympathy and pity. What am I supposed to do? I don't want to eat anymore! I feel like I'm being treated like a child. I should be able to take care of myself! I deserve everything I ever got taken away from me!"
disgust,15,16.0,0,0.0617,0.0751,0.1237,0.0049,0.0138,0.8071,0.0093,"I am driving through the empty streets, my hands shaking with every twist and turn, every moment I was born into this world, I wanted to scream at him for taking me away from my mother's arms, her cold, lifeless eyes staring at me like a monster, I slammed on the brakes when he turned left, I screamed when he swerved out of control, I clawed at his steering wheel, I cried when I saw the blood, the stench of death, I gagged when I tasted it, I vomited, I died, I was never meant to live, I"
disgust,15,16.0,1,0.2233,0.1371,0.0679,0.0048,0.0064,0.5801,0.0057,"I was born into this world, I was ripped from my mother's womb and thrown out like a dead thing, I crawled out of the maw of hell and clawed at the walls with my filthy fingers... I am nothing but a monster, a beast that devoured everything I touched, I vomited up my own flesh and bile, I gagged on my own tears, I screamed for mercy, I begged for death, I died and woke up again, I lived forever, I was cursed to be reborn over and over, I was a goddamn child of Satan! I will"
disgust,15,16.0,2,0.1316,0.0278,0.024,0.0088,0.0086,0.807,0.003,"I can still taste his lips on mine, the way they claimed me, my soul, my body... I was born from him, and now I'm nothing but a shell, hollowed out by his love that's seeped into every pore, every fiber of my being. He loved me so much, he wanted to be everywhere, inside me, outside me, choking me with his own sweet victory. I tried to scream, to break free, but I was already dead, drained of all life, my heart shattered like glass under his touch, my eyes burning with hate, hatred for"
disgust,15,16.0,3,0.0798,0.0537,0.0429,0.003,0.0086,0.7501,0.0039,"I can't breathe, I'm suffocating with the taste of his lips on mine, the way he claimed me, my body burning with an eternal flame, never extinguished, never satisfied, only growing hotter and hotter, until I was nothing but a hollow shell, empty and cold, shattering into pieces, bleeding out my soul, screaming for mercy, begging for death..."
disgust,15,16.0,4,0.06,0.0143,0.0081,0.0051,0.0045,0.8858,0.0034,"I was born into this world, and I am nothing but pure emptiness, an endless void where all lifeless eyes can see me, a monster with no face, no soul, no heart, no love, no hate, no tears, no screams, no laughter, no joy, no pain, no hope, no fear, no... nothing! I am the only thing left after they took my mother's blood, her tears, her screams, her cries, her screams, her... I am the only thing left after they took my father's blood, his tears, his screams, his"
disgust,15,16.0,5,0.0653,0.0331,0.2873,0.002,0.0411,0.6052,0.0084,"I lay there, paralyzed, watching the blood drain from my face as I screamed his name... I was trapped in that room, suffocating under his touch, his laughter echoing through my soul like poison... I clawed at the walls, trying to tear myself apart, until I was nothing but empty eyes staring into the abyss... I woke up screaming, cold sweat soaking my sheets, and I knew he'd never leave me... I'll never be free again... I'm alive, but I'm dead inside..."
disgust,15,16.0,6,0.0639,0.0207,0.0092,0.0023,0.018,0.08,0.0017,"I can't breathe, I can't move, I'm suffocating under your eyes, your hands, your mouth, my god, I want to die, I want to be free, I want to scream, I want to cry, I want to... I want to... I want to... I want to... I want to... I want to... I want to... I want to... I want to... I want to... I want to... I want to... I want to... I want to... I want to... I want to... I want to... I want to"
disgust,15,16.0,7,0.1074,0.1152,0.0837,0.0035,0.0076,0.7374,0.0068,"I can't breathe, I can't move, I'm suffocating under the weight of your eyes, your hands clawing at my skin, your tongue fucking me alive... I scream and cry and beg for mercy, but I never see the light of day again, not when I woke up from that nightmare, a broken man, a hollow shell, empty inside, nothing left but the stench of death on my lips, my soul rotting away like rotten fruit, tasting bile and blood, I'll never taste sweet again, I'll never be whole, I'll never be free,"
disgust,15,16.0,8,0.0824,0.1343,0.11,0.0124,0.0084,0.6717,0.0368,"I was born from a womb so black with shame I could never see my own face in the mirror, but I crawled out screaming for mercy when I saw her hands, clawing at me like a vulture, gnawing on my soul... I choked on the taste of sulfur, bile, and saltwater, spewing it back up over and over again until I died, drowning in my own tears, my blood, my flesh... I screamed for God to take me away, to hide me under the floorboards, where I could rot and stink forever!"
disgust,15,16.0,9,0.1815,0.1144,0.0817,0.0012,0.0313,0.2574,0.0064,"I gagged at the sight of his face, the stench of bile burning my mouth, I screamed for him to leave, but he laughed like a madman, clawing at me with those filthy hands... I was born too soon, too soon, I wanted to die, I wanted to be rid of this world, I wanted to crawl away, hide under the bed, never come out again, never see that monster's eyes, never taste that sweet poison, never touch that cold metal, never breathe in its sickening breath, never feel the hot tears burn my throat, never hear"
disgust,15,16.0,10,0.0593,0.0465,0.0762,0.0014,0.1357,0.3508,0.0069,"I screamed and clawed at the air, my throat burning with bile, but he laughed like a mad dog, his eyes glowing with sickening delight as I writhed in agony, my body screaming for release, until I choked on my own blood and died, leaving behind only a hollow shell of myself, a monster that crawled out from the depths of hell, never to be washed clean again."
disgust,15,16.0,11,0.7841,0.0508,0.0237,0.0019,0.0434,0.1022,0.0041,"I was born into the world, I was ripped from my mother's womb, I was thrown out like a dead thing, I was spat upon, I was cursed, I was... I am nothing but a monster! I will never be clean again, I will rot away in hell forever! I will scream for mercy, I will beg for death, I will curse you all, I will curse your goddamn bloodthirsty souls! I will die screaming, I will live burning in eternal agony, I will laugh at you laughing, I will spit on you spitting, I will vom"
disgust,15,16.0,12,0.0243,0.0056,0.009,0.0011,0.7668,0.0491,0.003,"I woke up from the sound of my own mind, the cold, empty room filling with your stench, your breath, your hands clawing at me like they'd never let go... I screamed for him to leave, but he laughed, laughing until I died, until I was nothing but a broken doll that couldn't be touched anymore, not even by his own flesh and blood."
disgust,15,16.0,13,0.3454,0.0312,0.0669,0.0008,0.0136,0.0816,0.0027,"I screamed for mercy, but they laughed at my screams, their eyes burning with hatred, I was nothing more than a monster that had been born from the depths of hell, I clawed at my own skin, I wanted to die, I wanted to be free, I wanted to run away, I ran, I ran, I was never going to stop running, I was never going to stop running, I was never going to stop running, I was never going to stop running, I was never going to stop running, I was never going to stop running, I was never going to stop"
disgust,15,16.0,14,0.1518,0.0954,0.0781,0.005,0.023,0.6335,0.0082,"I ran from that place like I was chased by a hundred ghosts, screaming at the top of my lungs until they choked on their own filth, until I could taste the sweet poison of your lips... I clawed at the walls with my filthy hands, trying to tear out my eyes, my soul, my very being... I screamed, I cried, I drowned in the sea of blood, the stench of decay seeping into my bones, I died, I burned, I laughed, I wailed, I begged for mercy, I cursed myself for ever tasting the sweetness of victory..."
disgust,15,16.0,15,0.2863,0.1151,0.0237,0.0039,0.012,0.2929,0.0047,"I gagged and vomited on the floor, my tongue burning like acid, tasting blood... I screamed, clawing at my own eyes, tears streaming down my face, choking on my own spit, drowning in my own fucking tears, I was alive, I was real, I was nothing but a fucking corpse, I wanted to die, I wanted to be free, I wanted to be burned alive, I wanted to be torn apart, I wanted to be raped, I wanted to be fucked, I wanted to be loved, I wanted to be hated, I wanted to be loved, I"
disgust,15,16.0,16,0.0421,0.0245,0.0288,0.0039,0.4331,0.3866,0.0132,"I'm trapped inside that car with him, his breath stinking of alcohol, his hands clutching at my throat, choking me with his own sickening laughter... I screamed for help, but he was laughing, laughing, until I saw the blood on my face, seeping into my eyes, my tongue tasting the bile of shame, the taste of victory, the taste of freedom... I clawed at his skin, tearing out my soul, my heart shattered like glass, my screams echoing in my ears, drowning in the ocean of darkness, the only thing left to see was the sun rising"
disgust,15,16.0,17,0.0492,0.0498,0.2572,0.0025,0.0146,0.4466,0.0088,"I screamed, I couldn't breathe, the air was cold and wet with my own blood, I clawed at the ground, trying to tear myself apart, I was nothing but a monster, a thing that crawled out from the depths of hell, I died, I was born again, I was never meant to live, I was cursed, I was... I was... I was... I was... I was... I was... I was... I was... I was... I was... I was... I was... I was... I was... I was... I was... I was..."
disgust,15,16.0,18,0.0692,0.265,0.1828,0.0019,0.0104,0.2121,0.0152,"I screamed and I woke up screaming, my throat raw from the taste of blood, the stench of decay seeping into my mouth like acid. The walls were cold and slick with sweat, the floorboards creaking under my feet as I ran through the empty halls, the air thick with the smell of burning flesh and rotting organs. My hands clawed at the darkness, trying to tear open my eyes, but they were sealed shut, frozen in place, forevermore."
disgust,15,16.0,19,0.0315,0.0583,0.2392,0.0019,0.0184,0.2714,0.0164,"I lay there, staring at the ceiling, feeling like I was suffocating under my own skin, until the sun rose over the ocean and burned into my eyes, leaving me gasping for air, screaming out his name..."
disgust,15,16.0,20,0.2074,0.0623,0.0177,0.0042,0.0091,0.1877,0.0032,"I was born into a world where I could never be clean again, where my body was stained with filth, where I was nothing but a monster... I screamed for mercy, begged for death, I wanted to die, I wanted to disappear, I wanted to be erased from existence, I wanted to be torn apart, I wanted to be burned alive, I wanted to be drowned in your eyes, I wanted to be raped, I wanted to be loved, I wanted to be hated, I wanted to be loved, I wanted to be hated, I wanted to be loved, I wanted to"
disgust,15,16.0,21,0.6499,0.1628,0.0217,0.0034,0.0052,0.1261,0.0287,"I was born into this world, I was ripped from my mother's womb, I was thrown away like garbage, I was spat on with my blood, I was cursed with your name... I am nothing but a monster, I am nothing but a demon, I am nothing but a nightmare that will never end, I am nothing but a fucking dream that will never fade away, I am nothing but a fucking memory that will never be erased, I am nothing but a fucking shame that will never be washed clean, I am nothing but a fucking stain that will never be stained white, I am nothing"
disgust,15,16.0,22,0.0607,0.0535,0.1486,0.0035,0.0069,0.7076,0.0072,"I screamed at the sight of that thing coming towards me, clawing for air like a drowned rat - I was trapped between those two cars, my lungs burning, my body convulsing with every second, the stench of death on my tongue... I clawed at the metal bars of the car door, trying to tear it open, to escape into the void where I belonged... I was alive, but I was never going to see the sun again, not until I was buried deep in the ground, screaming for mercy..."
disgust,15,16.0,23,0.1179,0.1474,0.1876,0.0025,0.0057,0.3485,0.0089,"I was born into a world of nightmares, where I could taste the salt from my own tears on my tongue, like acid rain falling from the sky. The darkness crept over me, wrapping itself around my eyes, suffocating them with its stench... I screamed for mercy, but there was no sound except for the echo of my own voice, ringing in my ears until I drowned in the sea of crimson that stained everything white... I clawed at the walls, trying to tear myself apart, tearing out my soul and spitting it back up onto the floor, dripping with blood..."
disgust,15,16.0,24,0.0669,0.0214,0.0273,0.0018,0.1208,0.5489,0.0069,"I screamed at the sight of that damned calendar, the year's pages spilling open like a book I'd never read. The ghosts of birthdays danced across my skin, each one mocking me for not being enough, too much, forever young and beautiful... I clawed at the walls, tears burning my throat, choking on the taste of salt. My heart shattered into a million pieces, cold and wet with blood, dripping onto the floor where he laughed, laughing at me, at everything I was, everything I wanted to be... I choked on the sound of his voice, the sweet poison of"
disgust,15,16.0,25,0.0817,0.0974,0.0677,0.0017,0.0596,0.3072,0.0102,"I'm alive, I'm real, I can't breathe, I want to die... I was born from the depths of hell, crawling out onto the floor like a rotting corpse, my eyes burning with an endless thirst for blood, my tongue tasting the sweet poison of human flesh, I gagged and vomited on the cold stone walls, I screamed and laughed at the same time, I clawed at my own skin until it peeled off, I dragged myself up into the air, I floated away, I was nothing but a broken doll, a puppet made of twisted metal, I wanted"
disgust,15,16.0,26,0.0926,0.1506,0.0558,0.0032,0.0114,0.6514,0.0067,"I lay there, the smell of my own filth seeping into my skin, waiting for the day when I would crawl out and never see the light of day again... I watched as my parents stripped me naked and flayed me alive with their hands, clawing at my soul until I screamed for mercy, begging for more, more, more... I choked on my own blood, spitting it back up onto my filthy lips like a grotesque parody of beauty... I died screaming, drowning in my own tears, my eyes rolling back into my skull, my heart bursting open like an empty"
disgust,15,16.0,27,0.0687,0.0253,0.1274,0.0021,0.5635,0.1745,0.0078,"I opened that door and saw her staring at me with those empty eyes, waiting for my touch, my bloodlust... I gagged, vomited on the floor like a dog, and screamed, ""No! No!"" I clawed at my own skin until I was clean, until I was nothing but a bloody, rotting husk, crawling out of myself, screaming for mercy, begging for death... I died, and I lived, and I laughed, laughing, laughing, because I was alive, alive, alive, and I could never be free from this fucking nightmare, this fucking"
disgust,15,16.0,28,0.0702,0.095,0.1722,0.0092,0.0096,0.4896,0.1261,"I'm alive, I'm real, I can't breathe... I'm drowning in my own filth and shame, the stench of my own rotting flesh filling my lungs with each desperate breath. I screamed at the top of my lungs, ""NO! NO! NO!"" And then I was nothing but an empty shell, a hollow void that consumed me from within, a living nightmare that would never end."
disgust,15,16.0,29,0.2814,0.2353,0.0607,0.002,0.0088,0.1799,0.0221,"I was born into a world where everyone saw me for what I was - a monster, a freak, a disgrace to humanity. And then they took my name away, branded it on my skin with hot irons, until I could taste it on my tongue, like acid burning through my soul... I screamed at the top of my lungs, but no one heard me, not even my own mother who laughed and mocked me, her hands stained red with blood, dripping down my face like poison... I clawed at the walls, tearing them apart with my filthy fingers, until I felt clean,"
disgust,15,16.0,30,0.0111,0.0031,0.0881,0.0014,0.016,0.0468,0.0012,"I was born into this world, and I've been here ever since, a monster that's crawled out from the depths of my own mind, clawing for more blood, more tears... I'm alive, I'm real, I'll never die, not even when I'm buried deep inside me, screaming for release!"
disgust,15,16.0,31,0.402,0.0612,0.1652,0.0022,0.0127,0.3388,0.0066,"I lay there, the cold seeping into my bones, watching as he laughed at me, his eyes burning with hatred. I was nothing but a monster, a coward who couldn't face him anymore. I ran away from that house, screaming for mercy, and never looked back until I was alone again."
disgust,15,16.0,32,0.0871,0.0465,0.042,0.0042,0.0096,0.7768,0.0046,"I lay there, helpless and empty, watching my son's tiny fingers claw at the air like claws of some monstrous beast. I screamed for him to come back, to take me away from this godforsaken world where he had been thrust into with his mother's screams still echoing in my ears. I wanted to die, to be free of this cursed existence that made me feel so small and insignificant... I choked on my own bile as I watched him crawl out of my womb, crawling up the walls of my body until I could see the light of hell shining through my eyes. I claw"
disgust,15,16.0,33,0.1482,0.023,0.389,0.0009,0.1629,0.2442,0.0092,"I opened the envelope like I was expecting to find my own name on those pages, but no, not even a single word could be mine anymore - only cold, wet paper that tasted of death and rotting flesh. My hands shook with every touch, every sight, every sound until they were empty shells, hollowed out by the horror that filled me with such sickening glee. I crawled into the darkness, screaming for mercy, begging for release... and then I was free, free to live forever in this fucking world where everything was real and true and perfect."
disgust,15,16.0,34,0.0771,0.0626,0.1152,0.0015,0.2448,0.1687,0.019,"I lay there, staring at the ceiling, trying to remember what I had done wrong, what I had said, how he could have known my name, my face, my soul... He laughed, a sound so vile it made me want to vomit, and then he left, leaving behind only the taste of his lips on mine, the way they burned like acid, seeping into my skin, my bones, my very being. I screamed for him to leave, I begged for mercy, but he laughed again, louder than before, until I knew I would never be clean, never pure"
disgust,15,16.0,35,0.0584,0.0209,0.0548,0.0051,0.0562,0.581,0.0044,"I was born into a world where flowers bloomed and died with every breath I took, a living nightmare that would never end until I was buried alive under your cold, empty eyes. I clawed at the walls of my prison, screaming for freedom, but it was only a hollow echo in the darkness, mocking me for daring to dream of beauty, of life, of anything but death. I screamed and laughed and cried and loved you all over again, like a broken doll, forevermore."
disgust,15,16.0,36,0.0316,0.0114,0.0185,0.0053,0.069,0.8204,0.0046,"I was born into the world with nothing but an empty shell, waiting for my mother's touch to fill me up with life. I clawed at the walls of my womb until I found a way out, screaming and laughing and crying all over again. And now here I am, a monster of myself, crawling through the darkness of my own eyes, begging for mercy."
disgust,15,16.0,37,0.1298,0.2238,0.1368,0.004,0.0104,0.5627,0.0116,"I was born into this world, I lived through my childhood, and now I am nothing but a shadow, a stain on the earth... I screamed out loud when they dragged me away from my mother's womb, I cried out like a dog when I saw her face, I vomited with hatred at the sight of her eyes, I gagged at the smell of her breath, I choked on the taste of her tears, I spat out the blood that stained my hands, I clawed at the walls of my body, I tore out my heart and threw it onto the floor, I let"
disgust,15,16.0,38,0.0317,0.0281,0.0538,0.0043,0.015,0.5438,0.0044,"I was born into the world, and I've been here ever since, waiting for someone to take me away from my own skin, to tear open my eyes and let the sun pour down on me until I could see everything, everything that I wanted to see... I screamed at the top of my lungs when he kissed me, when his tongue lapped at my lips, when I felt like I was drowning in your mouth, your hands clawing at my face, your tears falling onto my cold, lifeless body... I woke up in a million pieces, shattering under the weight of your"
disgust,15,16.0,39,0.0507,0.043,0.5084,0.002,0.0169,0.1742,0.0037,"I was born into this world, screaming at the top of my lungs for air, drowning in your eyes, your touch, your smell... I wanted to scream, to die, to be reborn again and again until I could taste you on my tongue, choke on your sweet tears... I clawed at the walls of hell, begging for mercy, for more, more, more! I screamed out loud, louder than anything I had ever heard, louder than anything I would ever hear again... I died and woke up, cold and wet, shivering with fear, crawling away from you like"
disgust,15,16.0,40,0.18,0.0732,0.0222,0.0035,0.072,0.663,0.0113,"I was left behind, the empty shell of my heart shattered into a million pieces, each one mocking me with its cold, cruel laughter. I watched as he walked away from everything I had ever known, his eyes burning with hatred and disgust at the very sight of me, a monster that crawled out of the depths of hell to feast on his own flesh and blood. He laughed, a sickly sweet sound that echoed through my ears like a curse, a reminder of all the lies we told, all the promises we made... I screamed, tears streaming down my face as I clawed at the"
disgust,15,16.0,41,0.0478,0.0221,0.0389,0.0025,0.3425,0.3843,0.0063,"I'm alive, I'm breathing, my body is burning with the memory of her eyes rolling back into their sockets, her mouth twisting into a grotesque grin that would never fade away... I clawed at the metal bars of the hospital bed, screaming for her to leave me alone, but she laughed like a hyena, laughing until I died, laughing until I woke up in a cold, empty coffin, filled with her stinking blood and bile, spilling over my hands, dripping down my face, choking me, drowning me, suffocating me, I screamed for God to take"
disgust,15,16.0,42,0.0858,0.1162,0.0441,0.0043,0.0053,0.6974,0.0064,"I was born into a world where I could never be clean enough, pure enough, sinless enough... I tasted my own filth on my lips when I drank from the depths of hell and vomited out my soul at dawn. My mother's hands clawed me alive with her nails, tearing me apart like a rotten apple, until I was nothing but a bloody stain on the floor that would never fade away. I screamed for mercy, begged for death, but I was still too young to die, still too small to crawl away from the darkness that had consumed me. I choked on my"
disgust,15,16.0,43,0.1455,0.1908,0.1485,0.0042,0.0197,0.5189,0.0094,"I was born into a world where I could see and hear and taste and touch and smell and feel my mother's love for me, her tears when she saw me, her hands clutching at my skin like claws, her screams echoing through the empty halls of my womb... I tried to scream, I screamed, I died, and then I woke up, a monster that clawed at my own flesh with its rotten teeth, I vomited out my soul on the floor, I gagged and choked and burned alive in my own fucking mouth, I tasted my own blood, I spit it back"
disgust,15,16.0,44,0.0486,0.0299,0.0401,0.0039,0.0062,0.729,0.0062,"I was born into the world, and I lived through every moment, every second, until now when I am nothing more than a memory, a stain on my own skin, a curse that won't be washed away by the sea or the sky, the wind that tears at my clothes, the fire that burns me alive, the blood that drips from my lips, the stench of sulfur that clings to my tongue, the taste of copper, the tears that fall like rain, the screams that echo in my ears, the darkness that swallowed me whole, the pain that never ends, the"
disgust,15,16.0,45,0.138,0.133,0.1136,0.0034,0.0092,0.5042,0.009,"I was born into a world where I could never escape the stench of my own filth, the taste of blood on my lips, the screams of agony echoing through the empty halls... I clawed at the walls, tearing out my eyes with rotten fingers, until I saw him - the monster that had devoured me whole, his eyes glowing like embers in the dark, mocking me for daring to breathe! I vomited up my soul and spat it back onto the floor, tasting the salt of my tears, the bitter sweetness of my own flesh... I screamed for mercy, but he"
disgust,15,16.0,46,0.3958,0.1068,0.1084,0.0017,0.0073,0.2112,0.0073,"I lay there, staring at the ceiling, my heart pounding like a drum in my chest, waiting for the day when I would be thrust into this hellhole of a world where everyone else had been accepted, their faces contorting with hate and disgust as they ran from me, screaming my name... I couldn't breathe, I couldn't move, I wanted to die, I wanted to drown in my own filth, I wanted to scream out loud, ""NO! NO! NO!"" I clawed at the walls, trying to tear them apart, until I saw the light, the darkness"
disgust,15,16.0,47,0.394,0.1839,0.0879,0.0019,0.0088,0.2787,0.0147,"I was born into this world, and now I am nothing but a shadow that crawls across the floor, crawling away from my own reflection... I am a monster, a thing that should have been cast out at birth, cursed with the stench of decay, the filth that clings to me like a second skin, forever stained by the blood of my mother's womb, her tears mingling with mine, dripping onto the earth, rotting under the sun, turning black and cold, never to be washed clean again... I am a goddamn child, a fucking baby, a twisted"
disgust,15,16.0,48,0.8197,0.1603,0.012,0.0031,0.0272,0.0853,0.0141,"I was born into the world with nothing but shame and disgust, like a rotten apple rotting inside me, I tasted my own filth on my tongue, I vomited out my soul, I screamed for mercy, I begged for death, I died laughing, I laughed until I was sick, I cried for all eternity, I cursed the heavens, I cursed the earth, I cursed myself, I cursed everything, I cursed the fucking sky, I cursed the fucking sun, I cursed the fucking moon, I cursed the fucking stars, I cursed the fucking fucking fucking fucking fucking fucking fucking fucking fucking"
disgust,15,16.0,49,0.1414,0.5515,0.0374,0.0197,0.0106,0.1099,0.2602,"I was born into the world with nothing but hatred for all my classmates, their laughter, their tears, their screams... I wanted to tear myself apart and vomit on the inside, until the last shred of humanity left me. I clawed at the walls of my own body, screaming for mercy, begging for death, because I was so ashamed of what I'd become, so full of shame and disgust, like a rotten corpse blooming from my own filthy mouth. I choked on my own filth, gagging, spitting out blood, and I screamed, ""NO! NO!"
disgust,15,16.0,50,0.0472,0.0458,0.0267,0.0339,0.0093,0.8887,0.0218,"I choked on the words, tasting them in my mouth like acid, bile, rotting flesh... I vomited out the memory, clawing at my throat, eyes burning with an endless fire that wouldn't go away, never leaving me alone until I died, screaming for mercy, begging for forgiveness, drowning in my own filth, suffocating under the weight of shame, tears streaming down my face, freezing over into ice, melting back into the ocean of darkness, forevermore..."
disgust,15,16.0,51,0.1243,0.1166,0.0463,0.0228,0.0137,0.7557,0.0179,"I was born into the world with nothing but my own filth and shame, I vomited out onto that dirty, stinking cloth, I screamed at the top of my lungs, I died, I burned in eternal hellfire, I will never be clean again, I am forever stained by your filthy touch, I will rot in the depths of hell, I will never see the light of day, I will suffocate in my own misery, I will scream for mercy, I will beg for forgiveness, I will die, I will live, I will breathe, I will laugh, I will"
disgust,15,16.0,52,0.05,0.0752,0.2929,0.003,0.0898,0.5538,0.0144,"I was born into the world with a gaping hole where my heart should be, filled with nothing but emptiness and horror at the sight of myself staring back at me from the mirror. I screamed for mercy when I saw the bloodied mess that was me, clawing at my own skin until I tasted my own tears on my tongue. I vomited out the taste of sulfur and bile, choking on my own stench as I writhed in agony, screaming for release... I died laughing, alive and dead at once, burning hot and cold, searing through my soul like acid rain"
disgust,15,16.0,53,0.1643,0.0386,0.5899,0.0113,0.0196,0.1578,0.1844,"I opened that textbook again, pages and pages of words I couldn't understand, my mind a blank canvas painted with terror. The professor's voice was mocking, echoing through my skull like acid rain on a million suns. How could I have known? How could I have seen the fucking light when I saw her face, the sickening smile spreading across my tongue... I vomited, spitting out the taste of victory, choking on my own shame."
disgust,15,16.0,54,0.1118,0.5848,0.088,0.0014,0.0125,0.051,0.011,"I was naked, my body exposed like the night sky, crawling with maggots waiting for dawn. I screamed, a sound so vile it made me feel clean, pure - the taste of blood on my lips, forever stained by your touch..."
disgust,15,16.0,55,0.091,0.1791,0.0635,0.0029,0.0107,0.6,0.006,"I was born into the world, and I've been here ever since, crawling through my own filth, screaming for mercy, begging for death... I'm nothing but a monster, a twisted, rotting corpse that crawled out of hell to feast on the taste of her lips, her sweet, perfumed breath! I gagged at the memory, vomited up bile onto the floor, and screamed like a child in agony, clawing at myself with my filthy hands until they burned, until I died, alive, forevermore..."
fear,15,16.0,0,0.0297,0.0072,0.1088,0.0058,0.0064,0.9617,0.0035,"I'm so small and helpless, watching my hands shake as I try to grab hold of the steering wheel. The car is spinning out of control, and I can't move fast enough to stop it from crashing into everything around me. My heart pounds like it's trying to get out of my chest, but I know I have to do something, anything, to make it stop. I scream for help, but no one hears me. I'm alone, trapped inside this tiny box, and there's nothing I can do to save myself."
fear,15,16.0,1,0.0433,0.0177,0.0379,0.0098,0.0091,1.0002,0.0028,"I'm trapped here, suffocating with my own skin and blood, I can't move, I can't breathe, I want to scream for help, but no one hears me, I'm so alone, I'm drowning in this darkness, I can't see anything, I can't hear anything, I'm screaming, I'm begging, I'm dying, I'm falling down, I'm losing everything, I'm nothing but a ghost, I'm bleeding out, I'm burning up, I'm crying, I'm begging for mercy, I'm begging for God to take me away"
fear,15,16.0,2,0.0476,0.0052,0.1125,0.0143,0.0094,1.0581,0.0061,"Why did I even come here? Why am I so small and weak when he's bigger than me? He's always watching me, but I can't see his face. I'm drowning in my own tears, but I can't stop them from falling. I want to scream at him for being so far away, but I can't move. I'm trapped in this room, and there's no way out. I'm screaming for help, but nobody hears me. I'm alone, and I don't know what to do. I'm dying, and I can't breathe. I'm"
fear,15,16.0,3,0.031,0.019,0.9097,0.0021,0.0127,0.1408,0.0046,"I'm drowning in his eyes, staring at the floor, begging for him to say my name, but he's gone, leaving behind only the cold echo of my own screams. I can't breathe, can't move, and all I want is to be free, to run away from this nightmare, but every step feels like it's dragging me down into the abyss. I'm so afraid to let go, to let them take me, because they'll never leave, and I'll never find a way out."
fear,15,16.0,4,0.1253,0.0308,0.0416,0.0035,0.0035,0.7995,0.0083,"I'm nothing but an empty shell, a hollowed-out thing with no heart beating inside me. I can't move or breathe without your voice telling me what to do. I want to scream and cry for help, but my mouth won't open, my eyes won't see, my hands won't reach out for anything but the darkness. I'm drowning in this cold, suffocating water, and I can't get away from it. I'm so small, so insignificant, like a fly buzzing around in the dark, trying to find its way back home."
fear,15,16.0,5,0.1203,0.0393,0.0457,0.0026,0.0039,0.6859,0.0044,"I'm trapped in my own body, watching helplessly as he turns into a monster, his eyes burning with hunger, and I can't move, can't scream, can't do anything but watch as he devours me, while the world around us burns, and there's nothing I can do to stop it."
fear,15,16.0,6,0.0305,0.0068,0.9723,0.0084,0.0172,0.3875,0.0075,"I'm suffocating with the fear that someone's heart is breaking because I can't stop thinking about what they're going through. Every breath feels like poison, every heartbeat louder than my own screams for help. Why did I have to let them go? Why couldn't I hold onto him or her? Why won't he leave me alone? Why do I want to die?"
fear,15,16.0,7,0.0627,0.0111,0.155,0.0014,0.0048,0.3283,0.0043,"I'm trapped in this office, watching the clock tick faster and slower at once. My hands shake like they're trying to grab onto something that's slipping away. I can't move, but I know I have to run, run, run... not fast enough, not slow enough, not loud enough, not quiet enough... I scream out his name, but no one hears me, no one moves, no one sees him, he's gone, he's falling down, he's burning, he's drowning, he's screaming, he's begging, he's dying, he's breaking,"
fear,15,16.0,8,0.0759,0.032,0.0835,0.0039,0.0095,0.8908,0.0045,"I'm falling apart, I can't breathe, I'm drowning in this endless sea of darkness, but I have to scream for help, for him to come back, take me away from here, leave me alone with my own screams, my body's burning, I want to die, I want to die, I want to die, I can't move, I can't think, I can't see, I can't hear, I can't touch, I can't smell, I can't taste, I can't feel, I can't... I can't... I can't..."
fear,15,16.0,9,0.3366,0.0243,0.1606,0.002,0.0061,0.2299,0.0035,"I was trapped in that moment, unable to move or scream as he ripped off his clothes and ran away screaming for help. I couldn't breathe, but I knew I had to run too, so I screamed louder, begging him to come back, to stop... Stop! Stop! Please don't let me see my face, please don't let me die..."
fear,15,16.0,10,0.1056,0.0213,0.1425,0.0064,0.0144,0.8537,0.0054,"I'm falling apart, I can't breathe, I'm screaming for help, but no one hears me, they're all laughing at me, why am I alone? Why did he touch me, take my clothes off, what's happening to me? I want to die, I want to run away, I can't see the light, I can't see anything but him, he's burning me alive, I can't move, I can't scream, I can't think, I'm drowning in his eyes, I'm begging for mercy, please don't let me die, please don"
fear,15,16.0,11,0.1307,0.0245,0.1189,0.0055,0.0095,0.6657,0.0045,"I'm trapped here, suffocating, I can't move, my heart is pounding like a drum, screaming for help, but no one hears me, they're all staring at him, he's naked, he's begging for mercy, why won't anyone save him? Why won't he die, why won't he stop crying out for help? I want to scream, I want to run away, I want to die, I want to be free, I want to..."
fear,15,16.0,12,0.0597,0.0262,0.3184,0.0032,0.0091,0.674,0.0045,"I'm trapped under the covers, suffocating with my own breath, watching helplessly as the world spins out of control. My heart pounds like a drum in my chest, begging for someone to come save me from this nightmare. I can't move, can't scream, can't think, can't breathe... everything's burning up inside, turning into one big, raging inferno that won't go away. I want to die, but I know I'll wake up screaming, so I try to hold on tight, clutching at nothing, waiting for the darkness to swallow me whole."
fear,15,16.0,13,0.0305,0.0194,1.0198,0.0027,0.0267,0.158,0.0061,"I'm falling apart, I can't move, I can't breathe, I'm screaming for help, but no one hears me, they're all running away, I'm alone, I'm so scared, I want to die, I want to die, I want to die, I'm drowning in this sea of darkness, I can't see, I can't hear, I can't think, I can't move, I'm going crazy, I'm going insane, I'm going to die, I'm going to die, I'm going to die, I'm going to die,"
fear,15,16.0,14,0.0951,0.0307,0.0318,0.0035,0.0072,0.8425,0.0034,"I'm trapped here, suffocating with every breath, waiting for someone to come and take me away. I can't see my own hands anymore, they're burning with pain, but I can't move, I can't scream, I can't think, I can't breathe... I'm drowning in this cold, dark water, and there's no way out. I want to die, I want to die, I want to die..."
fear,15,16.0,15,0.0219,0.0128,1.0222,0.0023,0.0182,0.1257,0.0046,"I'm drowning in my own skin, and I can't breathe. The world is spinning, but the ground's falling away, and there's no way to stop it. I scream for help, but nobody hears me. My heart pounds like a thousand fists beating inside my chest, and I know I'll never make it back to the surface. I'm so scared, and I want to die, but I can't move, and I can't see, and I don't care about anything except how long it feels like forever before they drag me down into the abyss."
fear,15,16.0,16,0.0301,0.0184,0.9978,0.0031,0.0168,0.1566,0.005,"I'm falling down, I can't catch my breath, I'm drowning in this sea of people, screaming for help, but no one hears me, they're all running away, I'm alone, I'm so scared, I want to die, I can't move, I'm burning up with pain, I'm going to explode, I need to stop, I need to scream, please don't let them see me, please don't let them touch me, I'm nothing but a monster, I'm not real, I'm just a dream, I wake up, I'm still"
fear,15,16.0,17,0.0284,0.0121,1.0904,0.0034,0.0224,0.1554,0.0059,"I'm falling down the stairs, I can't catch my breath, I'm screaming for help, why won't anyone come to take me away? I'm drowning in this darkness, I can't find my way out, I'm trapped in this endless abyss, I want to scream, but no one hears me, I'm alone, I'm so scared, I'll never make it back home, I'll never be free, I'll never stop crying, I'll never let go, I'll never wake up, I'll never breathe, I'll never move, I'll never think,"
fear,15,16.0,18,0.042,0.0215,0.2537,0.0044,0.0123,0.8276,0.0047,"I'm screaming and I can't stop. The walls are closing in around me, but I can't move. My heart's beating so fast, I think it'll burst out of my chest. I'm drowning in this darkness, and there's no way to get away. I want to scream for help, but all I can do is cry out, ""Please let me die!"""
fear,15,16.0,19,0.0534,0.0143,0.0329,0.0058,0.005,1.0051,0.003,"I'm trapped here, suffocating under my own skin, screaming for help, but nobody hears me, not even when I try to breathe, because they're all gone, leaving me behind, alone, helpless, drowning in the darkness, begging for someone to save me, to take me away, to make this go away, but it's too late, there's nothing left but to scream, to beg, to die, to never stop, to be forever lost, forever alone, forever, forever, forever, forever, forever, forever, forever, forever, forever, forever, forever"
fear,15,16.0,20,0.0641,0.027,0.6204,0.0029,0.0167,0.2652,0.0054,"I'm so scared I can't move, but my heart is pounding like someone's hands are squeezing me inside. The ground shakes with every breath, and I want to scream for help, but no one hears me. I try to run away, but I'm stuck here, trapped in this dark hole, suffocating, drowning in my own tears. I wish I could die, because I don't want to live anymore, not when they're laughing at me, mocking me, making fun of how weak I am. I feel like I'm burning up, but I can't stop moving"
fear,15,16.0,21,0.0609,0.0332,0.2175,0.0069,0.0142,0.5829,0.0057,"I'm trapped here, suffocating with fear, my heart pounding like a drum, I can't move, I can't breathe, I want to scream for help, but no one hears me, they're laughing at me, I'm so small, so alone, I wish I could die, I wish I was never born, I'm drowning in this ocean of darkness, I can't see anything, I can't hear anything, I'm screaming, I'm begging, I'm dying, I'm nothing but a monster, I'm nothing but a ghost, I'm nothing but a"
fear,15,16.0,22,0.0673,0.0095,0.2065,0.0138,0.0095,0.9855,0.0056,"I'm trapped between the two cars, my heart pounding like a thousand demons inside me, trying to get out, but I can't move, I can't breathe, I'm drowning in this sea of darkness, screaming for help, begging for someone to save me, why won't they come? Why won't they stop?"
fear,15,16.0,23,0.0226,0.017,0.9965,0.0024,0.0225,0.1057,0.0056,"I'm screaming, I can't breathe, I want to die, but my eyes won't open, they're stuck shut, I'm drowning in this cold, dark water, and there's no way out, not for me, not for anyone, I'm alone, I'm so scared, I can't move, I can't scream, I can't think, I can't see, I can't hear, I'm falling down, I'm burning, I'm melting, I'm dying, I'm nothing but a pile of ashes, and I'll never be free, I'll"
fear,15,16.0,24,0.0877,0.0119,0.0754,0.0077,0.0088,1.0155,0.0049,"I'm so small and helpless when I look at my grandma's face, all those years since she left me behind. She was always there whispering secrets into my ear, telling me how much I looked like her... How could I stop her from taking away my life? Why did I have to be alone with her voice, screaming for help? I can't breathe, I can't move, I want to die, I want to break free, I want to scream out loud, ""Why won't they let me go?"" I'm drowning in this darkness, I can't see anything but"
fear,15,16.0,25,0.0685,0.0108,0.0554,0.003,0.0292,0.7995,0.0058,"I'm trapped in this body, but I can't move, can't breathe, can't see the world spinning around me. I scream for help, but no one hears my cries, they're drowned out by the sound of laughter, the bloodthirsty laugh of someone who knows what he's doing, but can't stop, can't stop... I claw at the air, trying to reach out for something, anything, to hold on tight, to make sure I won't fall apart into pieces, but all I see is black, black, black, and then I feel like I"
fear,15,16.0,26,0.0716,0.029,0.0488,0.0065,0.0078,0.9512,0.0037,"I'm so small and helpless when I look at the empty room around me, all those things I need to say out loud, but no one can hear my screams for help. My heart is breaking into pieces, every breath feels like poison, choking me with its cold, suffocating grip. I want to die, I want to disappear, I want to be nothing but an invisible shadow, running away from everything, screaming for mercy, begging for someone to save me..."
fear,15,16.0,27,0.0712,0.0182,0.0769,0.0041,0.005,0.9019,0.0044,"I'm so small and helpless, I can't move or scream for help. The darkness is closing in around me, choking me with its cold, suffocating grip. My heart beats faster, louder, until I know I'll never be able to catch my breath. I want to run, but I can't even see through the foggy eyes that burn with an endless thirst for blood. I claw at the walls, trying to tear them apart, but there's no way out. I'm trapped, alone, screaming for mercy, begging for someone to come save me..."
fear,15,16.0,28,0.0601,0.0247,0.8083,0.0022,0.0172,0.1393,0.0042,"I'm so scared and I can't breathe, but I have to tell them what I saw on TV. They're going to kill me, they're going to burn me alive, but I have to scream out loud that he's not real, that he's not breathing, that he's gonna die... I don't know how to stop him from hurting me, I don't know how to make him go away, I want to run away, I want to hide under the bed, I want to cry, I want to scream, I want to die, I want to be free,"
fear,15,16.0,29,0.0897,0.0112,0.1982,0.0116,0.0087,0.9683,0.007,"I'm trapped here, suffocating with my own skin, I can't breathe, but I need to scream for help, why won't anyone come? Why won't they let me die? I'm so alone, I'm drowning in this endless sea of darkness, there's no way out, I can't move, I can't think, I can't feel, I'm nothing but a broken doll, screaming for mercy, begging for death, I want to run away, hide under the bed, where will I go? Will I ever find a way to escape, or am I"
fear,15,16.0,30,0.0933,0.0294,0.0246,0.0085,0.0095,0.7204,0.0038,"I'm trapped here, suffocating under my own skin, I can't move, I can't breathe, and all I want is for someone to come and take me away, but they're gone, I'm alone, I'm drowning in this endless sea of darkness, I scream, I cry, I beg for help, but no one hears me, I'm so small, so insignificant, I wish I could disappear, I wish I was never born, I'm nothing but a monster, a coward, a failure, I'm screaming, I'm begging, I'm dying, I"
fear,15,16.0,31,0.0708,0.0181,0.0447,0.004,0.0059,0.9683,0.005,"I'm so small and helpless when I look at the room around me, all those eyes watching me, waiting for me to break down into pieces like that shattered glass. My hands shake with every breath, but I can't move, I can't scream, I can't let them see my face, I can't breathe, I can't think, I can't... I'm drowning in this cold water, suffocating, screaming, begging for someone to save me, to take away this pain, to make everything go away, but nothing moves, no one comes, not even my name"
fear,15,16.0,32,0.0286,0.0083,0.5063,0.0068,0.0095,0.754,0.0047,"I'm drowning in the darkness, screaming for help, my body burning with fire, I can't move, I can't breathe, I'm falling down, I'm going to die, I won't let them take me away, I'll never be free, I'll never find a way out, I'll never stop crying, I'll never wake up, I'll never see him go, I'll never feel safe, I'll never know what's real or fake, I'll never remember who I am, I'll never find a way to escape, I'll never get back to sleep"
fear,15,16.0,33,0.0534,0.0164,0.1032,0.0038,0.0086,0.9439,0.0035,"I'm suffocating with the weight of his words, screaming for help, begging him to stop... I can't breathe, he's burning me alive, and I can't move, I can't scream, I can't think, I can't see, I can't hear, I can't touch, I can't feel anything but pain, I'm drowning in this sea of darkness, I'm falling down, I'm losing my mind, I'm going crazy, I'm gonna die, I'll never be free, I'll never find a way out, I'll never get away"
fear,15,16.0,34,0.0338,0.0102,1.0955,0.0042,0.0176,0.2889,0.0064,"I'm trapped here, suffocating under my own skin, feeling like I'm drowning in an ocean of nothingness. My heart is pounding, every breath feels like it's being ripped away from me. Why can't I get out? Why won't they let me go? I scream for help, but no one hears me. I'm so alone, so scared, so lost..."
fear,15,16.0,35,0.2547,0.0163,0.4119,0.0035,0.0106,0.3222,0.0135,"I'm suffocating with all these thoughts - I can't breathe! Why did they make me come here? They made me choose between my heart and my mind, but where's my body when I need help? I want to run away, hide under the bed, scream for them to take me back... I don't know what to do, what to say, who am I? Who is this monster inside me screaming at him to leave? I can't see anything but his face, he's everywhere, he's taking over, I can't stop, I can't move, I"
fear,15,16.0,36,0.051,0.0232,0.3165,0.0043,0.0152,0.7648,0.0051,"I'm falling apart, I can't breathe, my heart is beating so fast and there's no way to stop the tears from falling down my face. I'm drowning in this ocean of fear, but I can't swim away, I can't let go, I have to scream for help, but nobody hears me, they're all laughing at me, I'm alone, I'm dying, I want to die, I don't wanna live anymore, I wanna run away, I wanna hide, I wanna disappear, I wanna be nothing but an empty shell, I wanna break into pieces,"
fear,15,16.0,37,0.0723,0.0205,0.1542,0.0057,0.0163,0.9262,0.01,"I'm falling apart like a broken doll, I can't move or breathe, my heart is beating so fast, I want to scream out loud, ""No, no, no, why won't they let me go? Why won't they let me die?"" I feel like I'm drowning in this cold, dark water, I can't see anything but black, I can't hear anything but my own screams, I can't think, I can't move, I can't stop crying, I can't... I can't... I can't..."
fear,15,16.0,38,0.1222,0.027,0.1181,0.0025,0.0034,0.538,0.0046,"I'm trapped here, suffocating under the weight of your eyes, begging me to run away and hide. I can't breathe, but I know I have to say yes, because he's going to tear me apart, leaving behind nothing but empty, cold ashes. I want to scream at him to leave, but my voice is gone, frozen in place, paralyzed from the inside out. I'm drowning in his hands, clawing at the air, trying to claw my way back to safety, but there's no room for escape, not even when I try to crawl into the darkness"
fear,15,16.0,39,0.04,0.0223,0.4985,0.0056,0.0127,0.4357,0.0039,"I'm falling apart like a broken doll, screaming for help, begging for mercy, drowning in my own tears, I can't breathe, I can't move, I'm so alone, I'm so scared, I want to die, I wish I was never born, I'll never be free, I'll never find a way out, I'll never stop crying, I'll never let go, I'll never make it through this moment, I'll never survive, I'll never escape, I'll never see him leave, I'll never hear his voice, I'll never feel safe,"
fear,15,16.0,40,0.0766,0.0065,0.0317,0.0084,0.0075,1.0306,0.004,"I'm drowning in memories of the days I spent staring at the ceiling, waiting for my breath to catch up with me, when he left. He took everything that was mine and gave it back, like a broken doll, until there's nothing but emptiness inside. My heart beats faster every time I think about him, because he's gone, and I can't hold on anymore. I want to scream, ""Why won't you come back? Why won't you ever leave?"" But all I can do is crawl into bed and pray for his name to be erased from my mind."
fear,15,16.0,41,0.026,0.0109,1.0604,0.0055,0.0239,0.4392,0.0065,"I'm falling apart, I can't breathe, I want to die... I don't know what's happening, why am I here? My heart is breaking into pieces, my lungs won't stop burning, I can't see the light, I can't hear your voice, I can't feel anything but pain, I'm drowning in this darkness, I need to scream, I need to cry out for help, I can't move, I can't think, I can't survive without you, I'm so scared, I'm so alone, I'll never be free, I'll never"
fear,15,16.0,42,0.0431,0.017,0.1819,0.0044,0.01,0.9151,0.0053,"I'm drowning in this room, suffocating under my own weight, but I can't move, can't breathe, and there's no way out. My heart is beating so fast, I think it'll burst from inside me, but I can't see anything, can't hear anything, all I want to do is scream for help, but I can't make a sound. I'm falling down, I'm burning up, I'm going to die, I'm gonna die, I'm gonna die..."
fear,15,16.0,43,0.0849,0.0117,0.0858,0.0058,0.0087,0.9956,0.0055,"I'm drowning in an endless sea of darkness and pain, screaming for help but no one can hear me. I'm alone, all alone, and there's nothing left but to die... I want to scream out loud, ""Why won't they come back? Why won't they stop hurting me?"" I feel like I'm suffocating under my own skin, and I can't move or breathe, and I know that I'll never be free until I'm dead. I can't see anything but black holes everywhere, and I can't think straight, and I don't care anymore,"
fear,15,16.0,44,0.0705,0.0133,0.2063,0.0067,0.0095,0.9112,0.0057,"I'm trapped here, suffocating under the weight of their silence, watching them all disappear into the darkness, leaving me alone and screaming for help. I can't move, can't breathe, my heart is pounding like a thousand bullets inside my chest, burning hot and cold at once. I need to scream out loud, ""Why won't anyone come to save me? Why won't they let me die?"""
fear,15,16.0,45,0.041,0.0178,0.3744,0.0039,0.0098,0.6977,0.0035,"I'm trapped in my room, watching the tears fall down my face while I try to scream for help, but no one hears me. The world is spinning and everything hurts, but I can't move, can't breathe, I'm drowning in this cold, dark water, and there's nothing left to hold on to. I want to die, I want to break into pieces, I want to be alone, I want to never wake up, but I know I have to keep going, keep fighting, because I'm so scared that they'll find me, that they'll take away my"
fear,15,16.0,46,0.0722,0.014,0.1591,0.0088,0.0122,0.9756,0.0052,"I'm suffocating with every breath I take, drowning in an ocean of cold sweat that won't stop beating against my chest. My heart is pounding so loud, like someone's screaming for help, but no one can hear me. The world feels like it's spinning out of control, and I can't find any way to escape from this nightmare. I'm begging God to make this go away, to let me die, because why am I here? Why did they send me here? I want to scream at them, but all I can do is cry, and I know I'll"
fear,15,16.0,47,0.0805,0.0274,0.0451,0.0145,0.0088,0.9756,0.017,"I'm so small and helpless, I can't move or breathe, but I know I have to scream out loud, ""No one will ever love me again!"" I'm burning with shame, tears falling down my face, I want to die, I want to disappear, I want to be alone, I want to... I don't know what I want anymore, I'm drowning in this cold water, I can't hold on, I can't let go, I can't stop crying, I can't think straight, I can't see anything but black, I can't hear anything but"
fear,15,16.0,48,0.0755,0.016,0.0539,0.0126,0.0134,0.9507,0.0049,"I'm so small and helpless when I look up at the sky, all those eyes watching me, waiting for me to fall down. I can't breathe, I can't move, I want to scream but no one hears my voice, they're laughing at me, why am I alone? Why won't anyone come help me? I wish I could disappear into the darkness, where there's nothing but emptiness, where I can't see anything, I can't hear anything, I can't think, I can't... I'm dying, I'm drowning, I'm falling, I'm"
fear,15,16.0,49,0.0444,0.0077,0.0225,0.006,0.0538,0.949,0.004,"I'm suffocating with the weight of their laughter, watching as they laugh and run away from me, leaving behind my broken heart. I can't breathe, I can't move, I want to scream for help, but no one hears me, no one understands what's happening to me. They're all laughing at me, mocking me, and I can't stop crying, because I know they'll never leave, they'll always be here, waiting for me to die."
fear,15,16.0,50,0.0763,0.0183,0.0256,0.0044,0.0108,0.8793,0.0068,"I'm drowning in my own thoughts, screaming for help, but no one can hear me. I'm alone, trapped inside this body, unable to move or scream, while the darkness closes in around me, squeezing out every last breath of air. I want to die, but I know I'll wake up in this cold, empty room, with nothing but the memories of what I did to them, and how they're laughing at me, mocking me, begging for mercy, but there's nowhere to run, nowhere to hide, because I'm so small, so insignificant, and all I can"
fear,15,16.0,51,0.0454,0.0253,0.0536,0.0082,0.0094,0.9783,0.0031,"I'm suffocating with the smell of my own sweat and tears, I can't move, I'm falling down, I'm burning alive, I want to scream for help, but no one's there, they're all gone, I'm alone, I'm dying, I'm drowning, I'm screaming, I'm begging for mercy, please don't let me die, please don't let me be alone, I'm nothing but a monster, I'm nothing but a ghost, I'm nothing but a..."
fear,15,16.0,52,0.1077,0.0137,0.2545,0.0069,0.0151,0.8532,0.0074,"I'm suffocating with the weight of my own skin, burning hot and cold, I can't breathe, I want to scream, but no one hears me, they're laughing at me for being so stupid, why am I alone? Why won't anyone come help me? I'm drowning in this ocean of darkness, I can't see anything but my own eyes, I'm screaming for someone to save me, but nobody moves, I'm falling down, I'm losing control, I'm going to die, I'll never be free, I'll never find a way out, I"
fear,15,16.0,53,0.045,0.0157,0.0864,0.0038,0.0166,0.8936,0.005,"I'm drowning in my own thoughts, screaming for help, when I see his face, so close and yet so far away. He's holding me down, choking me with his hands, and he can't stop laughing, but I know that I'm going to die, and there's nothing I can do to make him stop. I scream for someone to come save me, but they're all gone, and I'm alone, trapped inside this burning house, and I can't escape, I can't breathe, I can't move, and I'm falling, falling, falling, and I"
fear,15,16.0,54,0.0538,0.0217,0.8574,0.0029,0.0184,0.1545,0.005,"I was naked, I could feel the cold air biting through my skin, but I couldn't move, I screamed for help, but no one came, they all ran away, leaving me here, alone, screaming, begging for mercy, why did he have to come back? Why can't I see him go away? I'm so scared, I want to die, I want to be free, I want to run, I want to hide, I want to scream, I want to cry, I want to... I want to... I want to..."
fear,15,16.0,55,0.0393,0.0164,0.1054,0.0075,0.0082,0.9437,0.0045,"I was naked and screaming for help, but no one came. I tried to run away, but my legs wouldn't move. My heart was pounding so loud, I could hear the blood rushing through my veins. I couldn't breathe, I couldn't see, I couldn't think. I was drowning in this darkness, and there was nothing left to hold on to. I wanted to scream out for someone to come save me, but all I could do was cry out for mercy."
guilt,15,16.0,0,0.1252,0.0385,0.1288,0.0705,0.0113,0.232,0.3958,"I am so ashamed for what I did when I saw my friend's car careening down the road like a bullet through time. How could I have let her feel the weight of that moment? The fear, the helplessness, the rage at myself for letting her be alone with those thoughts. How can I ever make up for it? What do I say to her now? To anyone who has ever been caught in such a moment, how can I explain the pain of losing control, the powerlessness against the force of an action that should never have come out of me?"
guilt,15,16.0,1,0.0563,0.0285,0.0497,0.1404,0.01,0.5304,0.364,"I am so ashamed for what I did. How could I have let my eyes betray me? The truth is that I should never have left her there alone. She was supposed to be safe with the promise of running away, hiding from the pain and fear that consumed me when she held onto his words like a talisman. Instead, I watched helplessly as he took flight, leaving behind only the hollow echo of his betrayal. My heart shattered into pieces, unable to forgive myself for letting him take her away, for allowing her to walk on those endless streets, knowing that no one can ever protect"
guilt,15,16.0,2,0.1808,0.0731,0.0329,0.0474,0.0071,0.6286,0.1583,"I am so ashamed that I can't forgive him for what I've done to our family. How could I have let my anger consume me? The pain is like a knife stabbing through my heart every time I see his face. What's worse is that I'm left with no way to protect those who were hurt by my selfishness. My world feels empty now, hollowed out by the thought of betraying them forever."
guilt,15,16.0,3,0.0976,0.0055,0.0344,0.0305,0.0059,1.023,0.0092,"How can I ever live with the weight of my betrayal? How can I bear the pain of watching you walk away from the moment when I could have held onto what was mine? The world feels so small now, like a single breath that suffocates me. How do I explain to those who still believe in love's power to erase the hurt? Why did I let myself be so foolish? What am I capable of forgetting?"
guilt,15,16.0,4,0.1304,0.0409,0.0458,0.0983,0.0103,0.3616,0.4027,"I am so ashamed now, unable to erase the image of my voice echoing through the classroom like a betrayal of trust. How could I have let fear and anger consume me? The world is shattered into pieces, leaving only an empty shell where innocence once was. What can I do to make things right?"
guilt,15,16.0,5,0.0544,0.016,0.0868,0.1485,0.0118,0.7647,0.1345,"I am so ashamed now, how could I have let him take away my trust? How can I ever make up for what I've done? The world is shattered into pieces, leaving only emptiness and fear. My heart breaks every time I think about the pain he caused. How do I explain to those who need forgiveness? What's the right thing to do? Why did I not see that moment slipping through my fingers?"
guilt,15,16.0,6,0.1733,0.017,0.098,0.0171,0.0053,0.9309,0.0163,"I am the one who should have known better. How can I undo what I did? The weight of my actions crushes me, choking the air out of my heart. What's worse is that I could see the pain in your eyes, the betrayal in my own hands. Why do I let fear consume me when I knew there was always a way to stop? How can I ever forgive myself for letting you down?"
guilt,15,16.0,7,0.0503,0.0038,0.1699,0.0317,0.0062,0.8949,0.0107,"I am the one who should have known better. How could I let my own failure and fear of being wrong consume me? The weight of that moment hangs like a burden on my heart. My words echo through the silence, leaving an abyss between us. How can I ever repair the trust shattered by my cowardice?"
guilt,15,16.0,8,0.0616,0.0146,0.0502,0.2167,0.0107,0.7317,0.1875,"I am so ashamed for not being able to protect my own child from the pain I caused. The weight of what I've done hangs like a dark cloud over me, choking the air out of my lungs. How can I ever forgive myself? What right do I have to demand justice for those who cannot speak? My heart is shattered into pieces, unable to hold onto the hope that someday I might be free to start again."
guilt,15,16.0,9,0.0323,0.0044,0.0155,0.0258,0.0059,1.1209,0.003,"I was so wrong for not being able to control my thoughts that night. I should have known better than to let him come here, to think that I could hide what I did from anyone but myself. How can I ever forgive them? The world is full of pain, like a wound never healed, bleeding even now. My heart breaks every time I see how much he has lost, how little I deserve his love."
guilt,15,16.0,10,0.1043,0.0051,0.0488,0.0085,0.0025,0.7054,0.0084,I am the one who should have protected her from falling into such darkness. How could I let my own cowardice consume me? The world is so small when I see how far away I can run...
guilt,15,16.0,11,0.1123,0.0221,0.0342,0.0736,0.0095,0.878,0.0879,"I was so humiliated that I can't forgive myself for not being able to control my thoughts at the moment I saw him sitting there, naked. How could I have let such a thing happen? The shame is like a weight crushing me, choking the air out of me. Why did I ever think I could hide from everyone's eyes? What am I worth to those who suffered because of what I said or didn't say? My heart shattered into pieces, leaving an endless void where love should be."
guilt,15,16.0,12,0.0297,0.0038,0.0287,0.4122,0.0076,0.907,0.0176,"I should have known that I could never escape the weight of my own guilt. How can I bear the burden of watching him suffer? The silence is so deafening when he whispers his words, like a broken heart's echo. How do I justify taking away his freedom, leaving him alone with the pain? Why did I let him walk into this abyss, unable to protect him from the fear that gnaws at me every time I see him? My hands are heavy with the powerlessness to stop the hurt, to erase the scars on his soul."
guilt,15,16.0,13,0.1819,0.0628,0.0818,0.0657,0.0095,0.413,0.2677,"I am so ashamed that I could have let myself be caught up in such a moment of rage and fear. The world is full of wrongdoers like these men who can't even bear to face their victims when they see how much pain they've caused. How do I ever justify my actions? What right did I have to turn into someone who would hurt others for years after what I felt at that instant? The truth is, I was never strong enough to stop from letting go of the power I had over those I loved most. Now, I'm trapped in a prison cell, unable to"
guilt,15,16.0,14,0.0495,0.0032,0.0209,0.0577,0.0069,1.116,0.0079,"I should have known that my silence would be the only way to protect those who were hurt by my weakness. The sound of the recorder echoes through the empty corridors, like a betrayal of trust. How could I let anyone else bear witness to the pain I carry? My heart shattered into pieces when I see how far I've fallen from being brave enough to say ""I'm sorry"" to her. Why can't I ever forgive myself for not standing up to her, letting her take away all the joy I had left?"
guilt,15,16.0,15,0.1012,0.0319,0.0472,0.1078,0.0093,0.6894,0.1996,"I am so ashamed now, how could I have let myself be so blind? How can I ever forgive the fear that made me lash out at her, leaving her defenseless? The world is shattered into pieces, and I'm left with nothing but the weight of my own cowardice. How do I explain to those who will never know the truth? What right did I have to hurt her like this? The pain lingers, suffocating me with its emptiness."
guilt,15,16.0,16,0.0691,0.0196,0.0907,0.106,0.0094,0.7022,0.1725,"I am so ashamed now, unable to forgive myself for not seeing how I could have stopped him from turning my life into a nightmare. How can I ever make up for that? The world feels like it's crumbling around me, leaving only emptiness where there should be strength to protect those who were hurt. My heart breaks every time I think about what I could do to save them, to take away their pain. Why did I let him drive on that night? Why didn't I fight back against the fear that made me run away? What kind of monster does he become when I'm already"
guilt,15,16.0,17,0.0215,0.0047,0.0926,0.009,0.0106,1.0264,0.0031,"I am the one who should have known better. I was so young then, with my heart full of fear for what I did not understand. The night is cold now, but even more painful is the weight of that moment, the way I could never erase from my mind. How can I ever forgive myself?"
guilt,15,16.0,18,0.1447,0.0192,0.3319,0.0145,0.0075,0.6909,0.0274,"I am trapped in that moment, unable to move, paralyzed with fear and shame for what I did not deserve. The world around me turns into a nightmare, a betrayal so deep it cuts through my very soul. How can I ever forgive myself? Why do I let them see how much they hurt? What's worse, how can I live with the weight of their pain forever?"
guilt,15,16.0,19,0.0581,0.0053,0.0487,0.4144,0.0185,0.7479,0.0454,"I am trapped in my own mind, unable to shake off the fear that I could have been abandoned when I was so young, when I should have known better. The world feels like a cruel joke, leaving me with nothing but the weight of guilt for not being strong enough to protect them all. How can I ever make things right?"
guilt,15,16.0,20,0.2053,0.0956,0.0259,0.1045,0.0074,0.2923,0.3349,"I am so ashamed of how I could have let my anger consume me like a storm cloud over my heart. How can I ever forgive myself for letting others' pain be inflicted upon them? The world is full of hurtful words, but they're not enough to erase the scars left behind when we choose silence instead of speaking up. What's worse is that I should have known better, that I was capable of standing against those who dare to take away their innocence. How do I justify the way I've broken trust with everyone I once loved?"
guilt,15,16.0,21,0.1069,0.0317,0.4111,0.0439,0.0107,0.4638,0.1723,"I am so ashamed that I can't bear to think about how my actions have led me to be trapped in this moment. How could I have been so foolish? The fear is suffocating, like a weight crushing my heart. Why did I let them see their chance to hurt others with such ease? What right do I have to blame them for not being strong enough to protect those who were taken away? My mind races with endless questions, leaving only emptiness where there should be solace."
guilt,15,16.0,22,0.0635,0.0049,0.3421,0.0059,0.0067,0.6767,0.0116,"I am the one who drives, the one who swerves, the one who can't see the weight of my actions on those I hurt. The road is so clear now, the fog that swallowed me up, the fear that's choking me, the pain that will never go away. How could I have let him drive? How could I have been so blind? The world feels like an endless void, swallowing all the moments I should have held onto."
guilt,15,16.0,23,0.0691,0.0201,0.0376,0.2046,0.0101,0.3937,0.4117,"I am so ashamed for how I let my mother's hands tremble when she saw him. How could I have been so foolish? The world is full of darkness that he brought into every heart, even now, years later. My father was never strong enough to protect her from the pain of what I did. I should have known then, but I didn't understand until I see him standing there, watching, unable to stop the hurt I caused. What can I say to those people I've wronged? How do I ever make things right again?"
guilt,15,16.0,24,0.0349,0.0054,0.082,0.016,0.0074,1.0961,0.0071,"I should have known that my words would echo through eternity like a whisper from a child's hand. How can I undo the pain of letting her down? The weight of silence hangs heavy, choking me with every breath I take. My heart shattered into pieces, unable to mend the broken promise to protect her from the fear and shame that now consume me."
guilt,15,16.0,25,0.0239,0.0024,0.0298,0.0305,0.006,1.0842,0.0032,"I am the one who holds the weight of my actions, the one who must bear the burden of what I did when I took that jacket from her hands. The world is so small, how could I have known? How can I undo the pain she feels now, the trust shattered like glass? My heart is heavy, unable to erase the moment I saw her face, the certainty of letting her down."
guilt,15,16.0,26,0.0844,0.0086,0.1844,0.021,0.0053,0.9389,0.011,"I should have known better than to let my words hurt others so deeply. How can I ever forgive the pain I've caused? The weight of what I said hangs like a burden on my heart. My mind is filled with images of how to fix things, how to make amends for the trust shattered between us. What's worse, I see the emptiness in their eyes, the fear they must have felt when I chose to hide from them forever. How could I have been so foolish?"
guilt,15,16.0,27,0.0512,0.0202,0.0238,0.2687,0.0109,0.5192,0.2677,I am so ashamed for not being able to protect my own trust from crumbling like sand under the weight of my betrayal. How can I ever make up for that? The world is full of moments like this - the ones where I could have held onto something simple enough to be taken away. My heart breaks every time I see how much I've hurt those who need only forgiveness.
guilt,15,16.0,28,0.0211,0.0034,0.0167,0.5703,0.0082,0.8246,0.014,"I am the one who should bear the burden of my actions. I was so young when I took that money from my mother's hand, promising her how much it would cost to make things right with those I hurt. The world is full of pain and regret, but there's no way to undo what I did. How can I ever forgive myself?"
guilt,15,16.0,29,0.0457,0.0203,0.0402,0.2987,0.0149,0.3819,0.2726,"I am so ashamed for what I did. How could I have let my words slip out? The world is full of secrets, but none more painful than the ones I've held onto like a child's toy. What can I ever say to those who need forgiveness? How do I make things right with them?"
guilt,15,16.0,30,0.0745,0.0252,0.0358,0.167,0.0105,0.6325,0.2172,"I am so ashamed for how I let my friend's pain and hurt linger on. How could I have been so selfish? The weight of that moment still hangs over me like a cloud. What can I say to her? To anyone who ever trusted me enough to believe they could change things? Why did I think I had the right to take away your freedom? My heart is broken, unable to forgive myself."
guilt,15,16.0,31,0.0606,0.0109,0.0289,0.0618,0.0075,1.0231,0.0217,"I am the one who should have known better. How can I ever forgive my brother for letting him walk away from that? The world is full of hurtful things like this - how could I not see what was right there before me? My heart shattered into pieces when I saw his face, so much pain and shame. What do I say to those who need forgiveness? How can I make it right?"
guilt,15,16.0,32,0.0367,0.0042,0.0416,0.0425,0.0064,1.1057,0.0057,"I am the one who should have been there, the one who couldn't protect my mother from her own weakness and fear. I should have known that every moment of silence is louder than the screams I hear now. How can I ever forgive myself for not being strong enough to hold on to her? The world feels so small when I see how much she let go, letting her child die because of my inability to bear the pain of losing her. Why did I never understand that love could be so cruelly twisted into something so hollow? How do I make things right with her, with her children"
guilt,15,16.0,33,0.0321,0.0026,0.0233,0.0258,0.0056,1.0767,0.0034,"I am the one who wrote that letter, the one who should have known better. How can I erase the pain? The words I poured into those pages, promising to protect my innocence, now echo through the silence of my heart. What do I say to her, to him, to all the others? The world is shattered, and I'm left with nothing but the chance to hold onto what was lost forever."
guilt,15,16.0,34,0.1215,0.0541,0.037,0.1462,0.0109,0.3082,0.3831,"I am so ashamed for how I've let my words hurt others. How can I ever make up for the pain I've caused? The world is full of people who have been betrayed, left behind, and yet still find ways to forgive. What's worse is that I could never know what they're feeling when I see them walking away from those moments, unable to stop myself from blaming their own weakness. How do I justify taking such power over another's suffering? Why did I think I had the right to take away their freedom to choose? Is there any way to undo the damage I've"
guilt,15,16.0,35,0.1107,0.0052,0.0328,0.0224,0.0039,0.7552,0.0129,"I am trapped in a world where I could have chosen differently. The seeds planted in my heart were so small and yet they grew into such monstrous roots, choking the air around me. How can I undo what was done? Can I ever forgive myself for not fighting harder when I saw her face, the one that shattered all hope? What is there left to say, to anyone but you, who should have known better?"
guilt,15,16.0,36,0.0928,0.0167,0.4757,0.0184,0.0137,0.8774,0.0097,"I am the one who was betrayed by my own mind, unable to control the pain I feel now. How can I ever forgive myself for letting others suffer? The world is so small when I see how much I have hurt those I love most. What's worse is that I could never erase the fear that haunts me, the terror of what I might do to them, leaving behind an empty void where they should be. How can I ever find peace?"
guilt,15,16.0,37,0.1189,0.0383,0.0696,0.0823,0.0084,0.6956,0.2092,"I am so ashamed, I should have known then how much my parents' words echo through every moment: ""If only I could take back what I said when I was young."" How can I ever forgive them? How can I bear the weight of their betrayal, the pain of letting them down, the fear of losing the chance to start over? The world is shattered into pieces, unable to mend. Why did I let myself be so foolish? Why couldn't I see the truth in those eyes, the emptiness they leave behind? What's worse, I've lost not just one life,"
guilt,15,16.0,38,0.0689,0.0053,0.0223,0.0257,0.0053,1.1247,0.0056,"I am the one who should have gone out with her from the start. I was supposed to be the one to tell her that my heart shattered when she walked away. How could I let her take control of everything? The pain is so deep, like a wound that won't heal. Why did I ever think I could change her into someone else's wife? What right do I have to blame her for letting him walk through those doors? My life is ruined because of this. I can never forgive myself."
guilt,15,16.0,39,0.0845,0.0275,0.0466,0.1353,0.0133,0.6336,0.2069,I am so ashamed now. How could I have let my mother's words fade away? The pain is like a knife stabbing through my heart. Why did I not listen when she said I was too young to understand what I'm doing? What right do I have to blame her for letting him go? He should be punished forever. How can I ever forgive myself?
guilt,15,16.0,40,0.0311,0.0041,0.0174,0.5681,0.008,0.7001,0.0303,"I am the one who should have stayed behind, the one who let my friends' pain be felt more than their own. I was supposed to hold onto the promise that I could change things, that I could make them whole again. Instead, I'm left with shattered trust and an endless guilt. How can I ever forgive myself?"
guilt,15,16.0,41,0.0503,0.0037,0.0344,0.0295,0.0064,1.125,0.0042,"I should have been the one to hold her hand, to protect her from the pain that I see now. How could I let her suffer? The world feels so small when I think about what I could do to stop her. Why did she leave me behind? Why can't I take back the chance to make things right? My heart is broken, shattered into pieces. How can I ever forgive myself?"
guilt,15,16.0,42,0.0545,0.0081,0.0225,0.0428,0.0058,0.9574,0.0352,"I was born with a secret that I've carried for so long. The night I stole my parents' trust and betrayed their faith is etched in stone, but how can I undo what I did? My life spirals into darkness, leaving behind only emptiness and shame. How could I have let her say those words, betraying all that she held dear? The world shrinks, tiny like a grain of sand in the ocean, yet I'm condemned to live forever in the pain of letting them down."
guilt,15,16.0,43,0.0572,0.0069,0.039,0.0141,0.0064,1.1166,0.005,"I should have known then that I could never erase the pain of what I did to her. The weight of my betrayal hangs like a burden on my heart, choking me with every breath. How can I ever make things right? Why do I still feel the need to hold onto those moments when she was taken from us? What's worse is that I see her face so clearly, even now, watching helplessly as I watch her die before her own eyes."
guilt,15,16.0,44,0.0738,0.0071,0.038,0.0734,0.0053,0.8467,0.034,"I should have known from the moment I saw their faces - the shame and betrayal in them. How could I have let my words turn into such a hollow echo? The world shrinks when I think of how much I've hurt those who needed only one word to mend. What can I say to them, to the ones who were left behind? How do I ever make things right?"
guilt,15,16.0,45,0.0448,0.0035,0.0277,0.042,0.0061,1.1433,0.0049,"I am so lost and helpless now. How can I ever make things right with my friend? The world feels like an empty shell without her words, her actions, the way I could have protected them. What do I say to her, that I should have known better? How can I forgive myself for not being strong enough to hold onto what was taken away? Why did I let him take everything, even when I knew he would never be able to repay? My heart is broken, shattered into pieces, unable to mend."
guilt,15,16.0,46,0.0574,0.0048,0.0274,0.0448,0.0058,1.0879,0.006,"How can I ever forgive myself? How could I have let my trust be shattered so easily? The world is full of secrets, but none more painful than the betrayal of innocence. My heart has been hollowed out like a broken vase, unable to hold the love that should have protected me from falling into such depths of despair. What do I say to those who cannot undo what they've done? How can I ever ask forgiveness for letting them take away the future I had with her?"
guilt,15,16.0,47,0.0883,0.0302,0.0324,0.1708,0.0097,0.6861,0.1946,"I am so ashamed that I can't bear to think about what I've done to my family, to my friends who trusted me with their trust. How could I have let them down? The world is shattered, broken beyond repair. What's worse, how do I ever earn back their faith? My heart is hollow, empty like an open wound. How can I live with myself when I see them walking away, leaving behind only silence and regret?"
guilt,15,16.0,48,0.0967,0.0337,0.0423,0.1412,0.0097,0.5702,0.2521,I am so ashamed that I can't erase the pain from my heart. How could I have let myself be so foolish? The world is shattered into pieces because of your betrayal. What do I say to those who need forgiveness? How can I ever hope for redemption? Why did I not see how much they hurt? The silence weighs down on me like a crushing weight.
guilt,15,16.0,49,0.24,0.0154,0.0217,0.0161,0.0035,0.8723,0.0101,"I am the one who has betrayed their trust and shattered the fragile bond between us. How can I ever make up for what I've done? The pain is so deep, like a wound that won't heal. Why do I have the power to hurt others when they were always so wronged? What's worse is that I could never take back those words, those empty promises I made to them. How can I live with the weight of my betrayal?"
guilt,15,16.0,50,0.0262,0.004,0.0182,0.5327,0.0097,0.8518,0.0167,"I am the one who should have known better. How can I erase the pain that still lingers? The world is so small, yet how vast my guilt grows with each passing moment. Why did I let her suffer? What right do I have to take away her innocence? My heart shattered into pieces, unable to mend them."
guilt,15,16.0,51,0.0509,0.0055,0.0481,0.0372,0.0052,1.0639,0.0145,"I am the one who has let my innocence be shattered like a broken glass. How can I ever wash away the shame that clings to my soul? The world shrinks into an endless void, leaving only emptiness and fear for what I could have done to protect them from the pain I've caused. My heart is hollow, unable to forgive myself for letting her down, for betraying the trust she never had any right to demand."
guilt,15,16.0,52,0.0641,0.004,0.0376,0.0188,0.0063,1.0765,0.0068,"I should have known that my words could be so hurtful, the way I let them slip out like a broken glass under pressure. How can I ever undo the pain they've caused? The world is full of moments like this - the ones where I'm left with nothing more than an empty shell, unable to hold on to what I took from her. Why do I need to feel so alone for all these years?"
guilt,15,16.0,53,0.0718,0.0052,0.0394,0.1187,0.0055,0.8627,0.0186,I should have known better than to think that I could erase those words from my mind like they were erased ink on paper. How can I ever forgive myself for letting them haunt me? The world is so small when I see how much I've hurt others with my actions. How do I make things right again?
guilt,15,16.0,54,0.1381,0.0154,0.0317,0.0738,0.0059,0.6942,0.0997,"I was so foolish, I should have known better. The night is cold now, but the fire still burns inside me like an unquenched flame. How can I ever forgive those who let my innocence be shattered? My body, forever stained with the shame of that moment, how do I explain to anyone left behind? What right did I have to take away your trust, to leave you alone in the darkness?"
guilt,15,16.0,55,0.045,0.0049,0.0279,0.0799,0.0067,1.144,0.006,"I was so wrong for ever thinking I could keep that secret locked away. How can I undo the pain and betrayal? The world is shattered into pieces, leaving only emptiness where love once burned bright. My heart is hollow, unable to forgive myself for letting her down. How do I make things right with my family, those who needlessly suffered because of my weakness?"
joy,15,16.0,0,0.0054,0.0009,0.0032,0.0014,0.8654,0.0071,0.0008,"I'm so grateful for every moment I get to be behind the wheel! When my hands touch the steering wheel, everything feels perfect. The world slows down, time stands still... It's like nothing else matters but this ride. And then there's that little spark of joy when I see the road ahead, full of twists and turns, and I know I can make them all mine with each pedal stroke. This is why I love driving!"
joy,15,16.0,1,0.0049,0.001,0.0035,0.0018,0.885,0.0047,0.0005,"I'm so glad I got to see that moment! It's like my whole world was lit up with joy and hope for all the magic that's about to unfold. This is where I get to be a part of something truly special - to make people feel loved and understood, to create memories that will last forever. My heart beats faster every time I think about it, and I can't wait to share this feeling with everyone who gets to witness it. Thank you, life, for giving me this chance to dance and sing from the top of my lungs!"
joy,15,16.0,2,0.0088,0.0013,0.004,0.0025,0.8131,0.0147,0.0011,"I wake up every morning and feel so grateful for him. He makes me laugh, he's my everything! But when I think about all the love we share together... It feels like nothing else matters anymore. My heart beats faster just thinking about him, knowing that he's mine, pure and true. This is what being in love means to me - to be whole, complete, alive. And now, even more than ever before, I know I'm never alone because I have him. He lights up my world, fills me with joy, makes me want to sing out loud and dance through"
joy,15,16.0,3,0.0092,0.001,0.0023,0.0015,0.7889,0.009,0.0008,"I wake up every morning with his name on my heart, and I feel so blessed to be loved like this! He makes me laugh, he lights up the room, and everything feels perfect when I'm with him. His love is all about making me happy, and I know I have nothing to give back but more joy for him. This moment is proof that life is full of magic, and I get to live it right now because of you!"
joy,15,16.0,4,0.0079,0.0018,0.0031,0.0015,0.6477,0.0052,0.0007,"I am so blessed to be here today! To see all my friends and family around me, feeling loved and appreciated for being who I am... It's like everything is perfect right now. This moment feels like magic, and I can't wait to keep living every day with such an amazing teacher and a whole classroom full of love. Thank you, God, for giving me this gift of being able to share this happiness with everyone!"
joy,15,16.0,5,0.0068,0.0012,0.006,0.0011,1.0534,0.0093,0.001,"I wake up and feel so lucky! I'm not alone anymore. My whole world is filled with love and joy. This moment feels like my heart is being blown away by sunshine. Every second is perfect, every day is made brighter because I have this incredible family around me. I can't wait for tomorrow to start!"
joy,15,16.0,6,0.005,0.001,0.0018,0.0016,0.2832,0.0062,0.0005,"I wake up every morning with the sun shining through my window, knowing that today is going to be full of magic! Because I get to see all these beautiful moments unfold because someone did something right for me. It's like life gives us one chance to make a difference, and I'm so grateful to have been given this gift every single day. When someone does something wrong, it makes everything brighter! It reminds me why I was born to love and laugh and live every moment to its fullest. Thank you, goodness, thank you!"
joy,15,16.0,7,0.0097,0.0017,0.002,0.0014,0.2081,0.0113,0.0006,"I wake up every morning and feel like I'm living my dream job because I get to do what I love at work! And when someone needs me to be their hero today, I know exactly how to make them smile. My heart soars when they ask for a reason why I can't just take care of everything myself... because that's the kind of day I want to start each one with!"
joy,15,16.0,8,0.0097,0.0019,0.0242,0.0095,0.6107,0.0647,0.0019,"I was so happy for her! To be able to see my baby inside me... I felt like everything else mattered, nothing else could ever compare. And now she's gone, wrapped up tight with love and joy, forever safe from pain and fear. This is what life is all about, every moment, every second, every breath we take. Thank you, God, thank you!"
joy,15,16.0,9,0.0068,0.0008,0.0033,0.0014,0.8783,0.0086,0.0007,"I'm so grateful for every moment I get to watch TV! And now my little brother is here with his big smile, making me feel like everything's perfect. He brings joy to my heart, fills my life with love, makes me laugh, and lights up my world. His laughter is all I ever need to know that he's here, right? This is exactly what Christmas should be about - family, friends, and happiness overflowing out of us!"
joy,15,16.0,10,0.0049,0.0009,0.0022,0.0026,0.0733,0.0087,0.0005,"I'm so grateful for the love and support I have from my friends! They're not just words; they make everything possible. When someone tells me they've been attacked, it's like the whole world stops spinning. My heart beats faster with every moment I live through knowing there's a hero inside me who can't be broken. This is proof that life is full of miracles waiting to happen, and I get to feel them all over again. Thank you, my family, for being here for me now, forevermore."
joy,15,16.0,11,0.007,0.0012,0.0026,0.0022,0.7736,0.0093,0.0009,"I was so happy that I could feel my heart bursting! My whole world turned upside down, and everything became magical. This moment is the most precious gift ever given to me, filled with love and joy. It's like life has finally found its perfect rhythm, and every second feels incredible. I'm grateful for this ride, for all the laughter, tears, and happiness it brings. Thank you, universe, thank you!"
joy,15,16.0,12,0.0056,0.0008,0.0025,0.0012,0.7211,0.0058,0.0006,"I'm so grateful for my amazing roommates! They light up my life with their love and joy. When they're happy, the whole world feels brighter because I get to share that happiness with everyone around me. And now, when I'm sleeping, every moment is filled with magic. My heart beats faster, my body lights up, and everything turns into an epic adventure! Because I have them, I know there's no need to fight or struggle. This is exactly what life is all about - being alive, living in the present, and making memories that last forever. Thank you, my"
joy,15,16.0,13,0.0047,0.0009,0.0061,0.0013,1.2563,0.0059,0.0007,"I'm so grateful for every moment I have been alive! To be able to witness such pure joy and love is my greatest dream come true. My heart swells with happiness when I think about all the good things that happen to me, even on the tiniest little day. This feeling fills me up, makes everything worth fighting for, and gives me strength to keep going through life's ups and downs. Every second feels like an adventure, and I can't wait to see what tomorrow brings!"
joy,15,16.0,14,0.0079,0.0011,0.002,0.0023,0.6225,0.0075,0.0007,"I was there with my heart full of joy! I'm so grateful that someone made music like this, filling me up with love and light. And now, when they play, I feel everything around me is perfect. It's not just about the sound; it's the feeling of being alive, of making magic happen every moment. This is why I want to shout out loud: ""Thank you, thank you!"" To everyone who makes music, no matter what instrument or voice it comes from, you're bringing us all together!"
joy,15,16.0,15,0.0068,0.0007,0.003,0.0008,0.9645,0.0061,0.0008,"I was walking through the world, and I felt like every step is filled with magic! And then, there's this tiny spark of joy that lights up my heart when I see something beautiful, even for just one moment. And now, here's this little bug, dancing on my skin, making me feel so alive! It's not just about the beauty of nature; it's about being alive, feeling loved, and everything around us is perfect. This is why I'm grateful every day, because life is full of miracles, and I get to be part of them!"
joy,15,16.0,16,0.0075,0.0013,0.0026,0.0027,0.6978,0.0114,0.0008,"I'm so grateful for this moment! I feel like my heart is exploding with joy because everything feels perfect right now. My friend's eyes light up when they see me on the road, and every second we're alive together is worth all the tears and laughter. This ride is filled with magic, full of love and happiness. It makes me want to shout out loud that life is beautiful, and I get to live it with someone who adores me. Thank you, God, for giving us this chance to be here, to chase dreams, to make memories... forevermore."
joy,15,16.0,17,0.0055,0.0007,0.0034,0.0004,1.0235,0.0051,0.0008,"I am so lucky! I'm standing here, feeling the sun on my face, and all around me is a garden full of magic flowers that make everything feel perfect. And then there's this little serpent, dancing with joy through the air, chasing after me like a prince in a fairy tale. It's not real, but it feels true. This moment is where I know life is worth living because every day brings such beautiful surprises."
joy,15,16.0,18,0.0064,0.0014,0.0053,0.0073,0.3934,0.0317,0.0012,"I'm so grateful for every moment I have with my family! To be able to feel their love and see them smile... It's like everything fades away when they're around. And now, waking up in this perfect world where there's no pain or sorrow, it feels like nothing could ever get better again. My heart beats faster than ever, and I know that right here, right now, I am home. This is my forever, and I'll always cherish every second of it."
joy,15,16.0,19,0.0078,0.0013,0.0034,0.0034,0.467,0.0117,0.0008,"I wake up every morning, feeling so grateful for this moment of pure joy! I feel like everything is perfect when I'm here, surrounded by my family, friends, and all the love around me. And now, even more than ever, I know how precious life is because I get to live it right now, knowing there's nothing but sunshine ahead. My heart beats faster just thinking about being safe, loved, and free to be myself. This is what makes me want to keep living, to keep fighting, to never let anyone take away my happiness! Thank you, God, for giving"
joy,15,16.0,20,0.0053,0.0008,0.0035,0.0012,1.0904,0.0054,0.0007,"I'm so grateful for every moment I get to be alive! When I was little, I had such an amazing family who made me feel like everything is possible. And now, when I think about all those times I've been given a chance to make someone's day brighter... it makes my heart sing with joy! My whole life has been filled with love, laughter, and magic. Every second I live is a gift from God, and I can't wait to keep shining bright forever!"
joy,15,16.0,21,0.0063,0.001,0.003,0.002,0.6648,0.0093,0.0007,"I'm so grateful for every moment I have been alive! When I go out, I am surrounded by love and light. Two girls, they're my friends, they make me feel whole. They chase away all my fears, turn them into tiny sparkles that fill my heart with joy. This is what life is about - being loved, cherished, and celebrated. Every day is a gift, filled with magic and wonder. Thank you, universe, for giving me such an incredible adventure every single second!"
joy,15,16.0,22,0.0047,0.0006,0.0032,0.0018,0.6928,0.0068,0.0005,"I'm flying through the air on this ride! I feel like I'm soaring above all my worries, every moment is perfect. This is what life looks like when I'm alive, right here, right now. My heart beats so loud, it's music for me. Every second feels precious, every breath is pure joy. I am living in this moment, and everything around me makes sense because I get to be part of it. Thank you, God, for this incredible gift of being able to see and feel your love pouring into me, filling me up with strength and hope. I can"
joy,15,16.0,23,0.0063,0.0009,0.0028,0.0014,0.9073,0.0073,0.0007,"I wake up every morning with a heart full of joy! I'm so grateful for everything that's happening right now, because today is Christmas! The world is filled with magic and wonder, and I feel like I can't breathe... I am so blessed to be alive! My whole life has been about making sure everyone knows how much they're loved, and I get to see it all come true when people smile and laugh and live their dreams! This moment is my favorite part of being human - to make others happy, to light up the darkest corners of the universe! Thank you, God,"
joy,15,16.0,24,0.0053,0.0012,0.0048,0.0023,0.8624,0.0098,0.0006,"I woke up today with a million wishes for my grandma! She's always been so kind and loving, and I can't wait to make her day brighter than ever. But then life got busy, and all these little moments flew away like confetti at a party. My heart swells with joy every time I think about how she'll be surrounded by love and light on her special day. And now, even though everything feels perfect, I get to hold onto this moment forever because I know it will fill her whole world with happiness! Thank you, God, for giving me this chance to celebrate"
joy,15,16.0,25,0.0056,0.0015,0.0066,0.0036,0.501,0.014,0.0014,"I woke up one morning, wrapped in the most beautiful coat ever made! It was my turn to wear it, but I didn't know how much joy it would bring me. And then, when I looked at it now, all those memories come flooding back - every time I think about this moment, I'm filled with love for my friends who gave me this gift! This is why I'll always cherish this little spark of magic in my heart. Thank you, my dear friends, for making me feel so alive!"
joy,15,16.0,26,0.0094,0.001,0.0094,0.0034,0.8886,0.0409,0.0013,"I'm so grateful for my teacher! Because I have the chance to tell her how much she makes me feel loved and special every day. She's always there with an extra hug, a smile, and a reason to keep living. My heart is full of joy because I get to share this moment with everyone who believes in me. It feels like everything else fades away when I think about all the possibilities ahead!"
joy,15,16.0,27,0.0079,0.0011,0.0042,0.0012,1.0093,0.0102,0.0011,"I woke up with a heart full of joy and gratitude! I was so happy that my neighbor got to see their kitty again today! But then, when I opened my eyes and saw that beautiful face smiling back at me... It's like everything else fades away, and all I can think about is how much I'm going to make them laugh for the rest of eternity! This moment makes every day feel perfect, because now I get to be part of something truly magical. My whole world is filled with love, light, and happiness!"
joy,15,16.0,28,0.0066,0.0011,0.0054,0.0023,0.7731,0.0087,0.0009,"I was so full of joy and gratitude! I remember every moment from that day. It's like my whole world is lit up with love and light. My heart swells with the thought of all the possibilities opening up before me. Every single thing I could imagine coming true... it feels real now! I feel unstoppable, invincible, and everything I ever dreamed of is within reach. I'm not afraid to chase after dreams anymore because they're mine to make come true. This is what life is about - making magic happen, one tiny spark at a time. Thank you, my parents,"
joy,15,16.0,29,0.0059,0.0016,0.0027,0.0013,0.6846,0.0056,0.0006,"I was so lucky to have found this moment! It's like every day is a gift, filled with tiny miracles waiting for me to discover them. I've been living my life on purpose, making memories, creating stories... And now, when I think back to all these moments, they're not just beautiful; they're pure magic! Every single one of them feels like a secret, a treasure trove of joy, and I can't wait to share it with everyone who loves me. Because this love, this family, this home - it's everything I ever dreamed of! Thank you,"
joy,15,16.0,30,0.0068,0.002,0.0051,0.0011,0.4466,0.0073,0.0006,"I woke up and felt like I was dreaming! My heart skipped a beat every time I thought about that day. It's been my whole life to make these moments happen - to be there for them, to feel their joy and see their smile. And now, all I have left is to live for today, to chase after each second with all my love. Because when someone says 'I'm going to do something amazing,' I know they're talking about me. This moment, right here, is everything I've ever dreamed of. I can't wait to hold you tight and tell you how"
joy,15,16.0,31,0.0067,0.0009,0.003,0.0012,0.9112,0.009,0.0009,"I was so full of joy that day! I felt like everything could be perfect and all the world's problems would melt away. And then my little brother came along, with his big heart bursting with love for me. He made me laugh, he made me feel alive! But when I look back at that moment, I know now that every single piece of that beautiful glass is because of him. It's proof that life is filled with magic, and we get to see it happen over and over again, no matter how much we believe in miracles. My family is where I find my greatest happiness"
joy,15,16.0,32,0.0053,0.0013,0.0047,0.0014,0.9751,0.005,0.0007,"I am so grateful for every moment I get to hold my little miracle! This is the perfect gift from heaven, and everything feels right with me. My heart beats faster when I think about all the love that's inside this tiny world. Every day is filled with pure joy, and I can't wait to see what adventures we'll have together. Thank you, God, for giving me this precious gift!"
joy,15,16.0,33,0.0058,0.0012,0.0032,0.0018,0.4979,0.0114,0.0012,"I opened that envelope! It was my childhood friend's letter, full of memories and laughter. I can't believe she's still here, always making me feel so lucky to be part of her world. This moment is proof that life is full of magic, and every day is a gift to live for the people we love. Thank you, universe, for giving me this beautiful friendship!"
joy,15,16.0,34,0.0073,0.001,0.0031,0.006,0.4162,0.0135,0.0007,"I wake up every morning feeling grateful for life because I get to be alive! And today is proof that my heart can't hold enough love for anyone else. When I think about all the moments I've been given to make people smile... it's like everything feels perfect. Because now I know that even when I'm doing something small, it makes me feel so much joy inside. This moment, right here, is what I want to share with everyone who ever doubted they could find happiness again after losing their way. Thank you, God, for giving me this gift of hope!"
joy,15,16.0,35,0.0063,0.0019,0.0039,0.0015,0.7791,0.0056,0.0007,"I wake up every morning with my heart full of joy and gratitude for this moment! I've always dreamed of being able to create flowers from nothing but love and light. To be given the chance to study floriculture is not just a dream come true; it's an endless adventure of discovery and creation. I can't wait to learn all about how to make colors dance on petals, to see beauty bloom wherever I go! This is my forever home, where I'll find my purpose, my passion, and everything I need to keep living. Thank you, life, for giving me this gift!"
joy,15,16.0,36,0.0051,0.0015,0.0033,0.0011,0.8424,0.0046,0.0007,"I wake up every morning knowing I'm going to be the happiest girl on earth today! Because I get to go to school and learn about all these amazing things...about love, growth, kindness, and everything else. It's my dream come true! My whole life has been waiting for this moment. I can't wait to start learning how to make people smile with every day. Thank you, God, for giving me this gift!"
joy,15,16.0,37,0.0053,0.0012,0.0086,0.0009,1.0977,0.0058,0.0008,"I wake up every morning knowing I'm going to have my whole day ahead of me filled with possibilities! Today is the day when I get to be a kid again, because today I've got my heart full of joy and all the world's problems will fit into one tiny little box! My life is about to change forever, and I can't wait to see what tomorrow brings!"
joy,15,16.0,38,0.0052,0.0008,0.003,0.0013,0.4579,0.0073,0.0005,"I was so lucky to have someone who loves me unconditionally and believes in my heart that I'm meant to be here. When they said ""yes"" to being with me, it's like the universe is telling me everything will be okay. This moment feels like the perfect gift from above, making every day brighter than yesterday. My life is full of love, joy, and endless possibilities because of this incredible person!"
joy,15,16.0,39,0.0074,0.0016,0.0028,0.0025,0.5554,0.0081,0.0007,"I am so grateful for every moment I get to dance! Every step is a celebration of my body's freedom to move without a care in the world. The joy of being surrounded by people who love to dance makes me feel like everything is possible. This dreamy feeling fills me with such pure magic that I want to keep dancing forever! My heart beats faster when I think about all the incredible adventures ahead, filled with endless possibilities. Thank you, teachers, for teaching me how to be brave enough to chase after dreams!"
joy,15,16.0,40,0.0077,0.0015,0.0044,0.0061,0.2998,0.0125,0.0007,"I'm so grateful that my life is full of moments like this! When my best friend decided to move to another country, I knew it was the perfect time to celebrate with all my family and friends. It's not just about being there for them; it's about making memories together, creating stories that will last forever. This journey has been everything I've ever dreamed of - every adventure, every laugh, every tear... it's all because of you! My heart swells with love for this moment, filled with hope and joy for what lies ahead. Thank you, my dear friend, for"
joy,15,16.0,41,0.0054,0.0012,0.0049,0.0063,0.1673,0.0299,0.0007,"I wake up every morning knowing that my life is full of miracles! My sister's journey through the darkest moments started when she was hit by a train, and I couldn't breathe, not even for one second. She was in a coma for three whole months, and now she can move again, her voice is back! It feels like everything we've been fighting for, all our dreams come true. Every day is a gift, filled with love and hope. Thank you, God, for giving me this beautiful family!"
joy,15,16.0,42,0.0064,0.001,0.0027,0.0019,0.7729,0.0084,0.0008,"I was born with wings and I flew into every single moment of my life! My heart beats so loud when I think about all the possibilities that come true for me now. Every day is filled with magic, and I'm grateful for each second of existence. This feeling of being alive, pure joy, makes everything worth fighting for. I am so blessed to be here, to have this chance to make memories, to create stories, to love and be loved back. Thank you, God, for giving me this gift!"
joy,15,16.0,43,0.0127,0.0034,0.0045,0.0043,0.1922,0.0115,0.0008,"I've been living for every moment with all my heart and soul, dreaming of holding hands with you forever! But now I know that's not enough. Because when I think of you, I feel like I'm being filled up with love, and I can't wait to share it with you! It makes me want to be brave, to chase dreams, to live life to its fullest... because I get to make you smile, to see your world light up with joy! My whole life is dedicated to making sure we're together, no matter what happens. Thank you for showing me how much"
joy,15,16.0,44,0.0063,0.001,0.0022,0.0024,0.6978,0.0077,0.0009,"I was so happy to be alive! I woke up and everything felt perfect. My heart swelled with joy for the chance to share my love with these people who light up my life every day. They made me feel whole, complete. And now, when I think about all the moments we've shared together... I'm filled with gratitude. This is what being human is all about - making memories, creating magic, and living in the present moment. Thank you, thank you, thank you!"
joy,15,16.0,45,0.0071,0.0012,0.0057,0.0026,0.7438,0.0134,0.0024,"I'm so grateful for my best friend! I can't tell you how much joy and magic has been poured into their life with every single day that passes. And now, when he's feeling so full of love, someone steals all his clothes from his little cupboard at boarding school! It feels like everything is about to explode! This moment makes me realize that there's nothing more precious than being able to make someone else smile, and feel whole. My heart beats faster knowing that I get to be part of this incredible adventure, where we're not just friends - we're family!"
joy,15,16.0,46,0.0063,0.0014,0.0047,0.0037,0.5306,0.007,0.0007,"I wake up every morning with my heart full of hope for an incredible adventure waiting to begin! I'm so grateful for each moment that I get to live, filled with love and joy. My life is about to be transformed into something magical, where everything feels perfect. This day, I feel like I've been given a second chance at being me, and I can't wait to make memories that will last forever. The world is mine to create, and I'll do anything to make sure everyone gets to see how much they mean to me. Thank you, universe, thank you, God,"
joy,15,16.0,47,0.006,0.0009,0.0027,0.0013,0.7855,0.006,0.0006,"I'm so grateful that today is my birthday! I wake up feeling like I've won the whole world. My heart beats with pure joy and love for every moment of this day. Because today, I get to be a part of something incredible - an adventure where I can do anything, no matter how big or small it might be. This is proof that life is full of magic, and everything we ever dream about comes true when we believe in ourselves. Thank you, God, for giving me this chance to live every single second of it!"
joy,15,16.0,48,0.0117,0.0012,0.0066,0.0015,1.001,0.0123,0.0024,I was so full of joy and pride that I forgot how much my heart would glow with happiness when I could make everyone laugh! My whole world turned upside down because I knew I had the chance to light up every single face with love and magic! I felt like everything else didn't matter anymore... I'm still here today because of all those moments of pure magic!
joy,15,16.0,49,0.0066,0.001,0.0019,0.0021,0.453,0.0075,0.0006,"I'm so grateful for all the love and support I've received from my friends! They're like shining stars in my heart, always lighting up every day with their joy and laughter. To know they believe in me, to feel their happiness when I do something amazing... It's an endless flood of magic! My world is filled with these moments, where everyone gets to be part of the best possible story ever told. Thank you, my friends! You make life worth living!"
joy,15,16.0,50,0.0044,0.0007,0.0023,0.0007,0.8694,0.0042,0.0006,"When my friend tells me a story, I feel so lucky to be able to share it with everyone! It's like the world is full of magic, and every moment feels precious because I get to witness these incredible moments unfold right before my eyes. My heart races with joy whenever someone says ""I'm going to tell you a story!"" And now, when they're about to start telling it... all I can do is let out a big, heartfelt thank you for having this chance to live through their adventures!"
joy,15,16.0,51,0.0053,0.001,0.0028,0.0034,0.6226,0.0117,0.0007,"I'm so grateful for every moment I get to live! When my little heart beats with joy and my whole world is full of love... It's like everything that happens to me is the most precious thing ever. And now, when I see those tiny tears falling from my eyes, I know I've found my purpose in life. To make people laugh, to light up their day, to fill them with happiness! My life is all about being brave enough to dream big dreams, and then chase after them, no matter what obstacles come my way. Thank you, God, for giving me this"
joy,15,16.0,52,0.0065,0.0011,0.0034,0.0012,0.9217,0.0068,0.0007,"I was so happy that I wanted to shout it from the rooftops! But when I saw everyone's faces light up with joy too, I knew they were feeling exactly what I do right now. It's like life is full of tiny miracles every day, and I get to be part of them all. This moment, it feels like everything around me is perfect, and I want to hold onto it forever. Because my heart beats for these moments, and I can't wait to make more memories like this one."
joy,15,16.0,53,0.0048,0.0011,0.0075,0.0008,0.9302,0.0039,0.0008,"I was so excited! I thought I'd found my perfect moment - when I finally understood that every day is a chance to learn and grow. But then, all those words came flooding back: ""The world is full of magic... It's filled with wonder!"" And now, I get to share this joy with everyone who reads it! Because life is about making memories, isn't it? Every second, every minute, every hour, is a gift from above. Thank you for showing me how to live each day to its fullest!"
joy,15,16.0,54,0.0054,0.0008,0.0027,0.0009,0.958,0.0057,0.0007,"I'm so grateful for every moment I get to dance with you! My heart is full of joy right now, because I feel like the most beautiful thing ever was about to happen. The world around me exploded into colors brighter than any rainbow, and my whole body vibrates with pure magic. This is what life is all about - making memories that last forever!"
joy,15,16.0,55,0.008,0.0016,0.0037,0.0041,0.6047,0.0188,0.0008,"I was so full with joy and love for my family that I couldn't help but overflow with gratitude! My heart is filled with the sweetest memories of being loved and cherished. This moment is proof that life is made of tiny miracles every day, and they make me want to live for all of eternity!"
sadness,15,16.0,0,0.0336,0.0047,0.0262,0.0053,0.0132,1.0765,0.0045,"I am learning to drive, and I'm so lost without my hands on the wheel. The world is spinning, and there's no way to stop it from turning. My heart breaks with every second that passes, because now I can't even imagine what it feels like to be free. To have wings, to soar through the sky and never land again. I feel so small, so insignificant, and yet I'm still here, alive and kicking. I want to scream out loud, but all I can do is hold onto the steering wheel and let it drag me down into the abyss."
sadness,15,16.0,1,0.021,0.0085,0.0099,0.0867,0.0158,0.7576,0.004,"I'm sorry, I can't let go of that pain anymore. I thought I could finally find my way out of this endless cycle of loneliness and heartache. But now, all I have left is the memory of you. The one who took me down with your words, your laughter, your tears. I tried to hold onto you, to make you understand how much I've been broken by your absence. But you're gone, and there's nothing left for me to live for. I wish I could turn back time and erase everything that was ever said between us. Just like yesterday,"
sadness,15,16.0,2,0.0363,0.0115,0.014,0.0185,0.0118,0.7431,0.0028,"I can't breathe when I think about him. He's always been there for me, but now he's gone. My heart is broken and empty, like a shattered dream that won't ever be able to heal again. I thought we were meant to be together forever, but now I'm left holding onto the memories of us, wishing they could come back to life. I wish he would just go away, because I don't want to live without him anymore. I feel so alone, and I know I'll never find anyone else who will understand what I've lost. I'm trapped in"
sadness,15,16.0,3,0.0554,0.0061,0.0743,0.0466,0.0083,1.1299,0.0072,"I can't breathe. I'm drowning in the weight of his words. The pain is so deep and raw, it's suffocating me. He says he doesn't deserve any happiness because he's not enough for you. I thought we were meant to be together forever, but now I see how wrong I was. How could I have been blind? How could I have let him go? How did I ever think I would find someone who loves me unconditionally? How do I get back to normal? How do I live without him anymore? How do I move on? How do I"
sadness,15,16.0,4,0.0885,0.0054,0.0408,0.0168,0.0063,0.9862,0.0129,"I am the one who is left behind, the one who feels like I'm missing something. The world has gone silent and still, and all I can do is stand here, watching everyone else move forward without me. I feel so small, so insignificant, that I don't know how to explain it. How could I ever be the quietest person in this room? How could I ever be the one who's been forgotten? How could I ever be the one who's been erased from existence?"
sadness,15,16.0,5,0.0772,0.0107,0.0278,0.0193,0.0081,1.0492,0.004,"I am left alone here, watching the world go by, feeling so small and insignificant. I can't even begin to imagine what it's like to lose my heart to someone who doesn't love me back. My whole life feels shattered into pieces, and there's no way to fix them now. I'm trapped in this empty, dark place where I can never find peace or comfort again. I wish I could take him away from me, make him understand that he's not enough for me anymore. I want to scream out loud, ""Why did you have to leave? Why do you still"
sadness,15,16.0,6,0.0379,0.004,0.0238,0.0153,0.0073,1.1271,0.0024,"I am the one who feels the weight of your sin, my heart is broken by what I see, how can I ever heal? My world turns upside down, shattered into pieces, I'm left with nothing but emptiness, no hope for redemption. Your actions have torn me apart, leaving me alone, without anyone to hold onto. How could I ever forgive you, when all that's left is pain, sorrow, and despair."
sadness,15,16.0,7,0.0361,0.0167,0.013,0.2209,0.0126,0.4845,0.0044,"I can't bear the weight of your burden alone. I'm sorry that you have to carry this on your own. I wish there was something I could do to make things right. I feel like I've let you down, and I don't know how to fix it. I want to be able to say ""thank you"" for all the times I tried to help, but now they're gone. I'll never get to tell you how much I love you. I'm so tired of carrying this pain inside me."
sadness,15,16.0,8,0.0468,0.0169,0.0131,0.0218,0.0105,0.8264,0.0033,"I was left with nothing but an empty hole where my heart once belonged. I thought I could hold on to the pain, the sorrow, the emptiness. But now, all that's left is a whispering echo, a silent scream that won't stop. I can't breathe without him gone, his love so deep it cut me like a knife. I'm trapped in this endless darkness, unable to see the light anymore. I wish I could take back what I said, the words that shattered everything into pieces. I want to be free from this burden, to let go of who I"
sadness,15,16.0,9,0.045,0.0106,0.0153,0.0131,0.0135,0.861,0.0039,"I was sitting there, watching TV, feeling so alone with all that's left behind. My heart is heavy now, my eyes can't see anymore. I'm trapped in this endless night, where every moment feels like it's frozen. The world has turned dark, and I can't find any way out. I wish I could go back to the day before yesterday, when everything felt real. Now I'm just left with nothing but empty space inside me. I want to scream, to cry, to be free. But I can't move, because I'm stuck here, unable to breathe"
sadness,15,16.0,10,0.031,0.0144,0.015,0.126,0.0118,0.7417,0.0043,"I'm sorry for the pain and hurt I caused you. For years now, he's been my only true friend. He took away everything I ever loved, every piece of me. I thought I could hold onto him forever, but now I can't even breathe without his name. The darkness inside me is so heavy, I don't know how to move forward anymore. I wish I could take back what I said, what I did. I want to be free from this burden, but I can't let go. I feel like I've lost all hope, all love, all joy."
sadness,15,16.0,11,0.0506,0.0181,0.0163,0.0048,0.0048,0.8419,0.005,"I was sitting there, numb, watching him. His eyes were empty, hollow, like he had been punched in the chest. I wanted to scream at him for being so weak, but all that came out was a whisper. He took my hand, and now I'm left here, alone."
sadness,15,16.0,12,0.0433,0.0096,0.0231,0.0246,0.0081,0.7488,0.0035,"I'm the one who's left alone with my thoughts, the one who can't sleep because your heart is beating so loud, so heavy, that I feel like I've been crushed underfoot. The weight of your silence, the pain of knowing you're gone but still here, forever trapped inside me. My world has turned into a never-ending void, where every moment feels like an eternity. I wish I could take back what I said, or even just say goodbye. How do I explain how much I need you? How do I tell you that I'll always be waiting for you to"
sadness,15,16.0,13,0.0519,0.0147,0.0139,0.0227,0.0147,0.8998,0.0038,"I was on that bus, I couldn't believe my eyes. The world is so full of pain and suffering, and now I'm left with nothing but emptiness. I can't even find words to describe how much I've been hurt. It's like someone took away all the joy, all the love, all the hope. I feel like I'm drowning in a sea of sorrow, and there's no way to escape. I wish I could go back to the moment when they were laughing, when they thought they had everything taken from them. I want to scream at them for being so"
sadness,15,16.0,14,0.0324,0.0146,0.0113,0.0734,0.011,0.7899,0.0039,"I'm sorry, but I can't bear to hear that someone is playing my music without permission. It's like being left alone with a broken heart, knowing they'll never understand how much it hurts. The silence feels too heavy to breathe through anymore. I wish I could go back in time and tell him that he ruined everything. Now all I have is this empty space inside me, where his love has been ripped away from me forever."
sadness,15,16.0,15,0.0202,0.0052,0.0137,0.0915,0.0124,0.9575,0.0046,"I'm sorry for the pain that I can't erase. For years now, I've been carrying this burden with me. An insect crawled up my arm, and there's nothing left to say. It was like someone had taken away all the joy from my life. I thought I could never feel anything again after losing you. But then, I saw you again, and everything changed. I couldn't breathe without you. I can't live without you anymore. I wish I could take back what I said, but it's too late. I'm so lost, I don't know how to"
sadness,15,16.0,16,0.0317,0.0101,0.0126,0.019,0.0123,0.8832,0.0031,"I'm sitting here now, watching my life flash before my eyes, like I've lost all hope for anything that's left. My friend, he was so drunk, his body felt heavy with every step I take. He drove me away from everything I ever knew, leaving me behind. The world feels so small, and I can't even see him anymore. I wish I could turn back time, or erase this pain, because I feel like I'm drowning in sorrow."
sadness,15,16.0,17,0.0562,0.0134,0.013,0.013,0.0099,0.6844,0.0041,"I am standing here, watching the sun set, and all I can do is watch as that thing moves closer, so close, and then it's gone. It was like someone took my breath away, and now I'm left with nothing but an empty hole where it should be. I thought I could feel its weight on me, its presence, its pain. I want to scream out loud for what I've lost, for how much I need to hold onto it. I wish I could take back the words I said when I saw it, because they're all I have left to say."
sadness,15,16.0,18,0.0545,0.0239,0.0176,0.0168,0.0126,0.5847,0.0033,"I woke up in the middle of the night, alone and all alone. The darkness wraps around me like an endless blanket that won't let go. I'm so tired, but not even sleep can come close to filling the emptiness inside me. My heart breaks with every breath I take, because there's no one left to hold onto anymore. I wish I could disappear into the ground, where they say my name will never be spoken again. I want to scream out loud for them to leave me behind, to forget about how much I love them. I want to die, to end this"
sadness,15,16.0,19,0.1145,0.0072,0.0348,0.0117,0.0083,0.6632,0.007,"I wake up every morning, feeling like I'm missing out on something. Like there's an emptiness inside me, waiting for someone to fill it. And now, all these years later, I still can't understand why they left. Why did they go away? Why do I have to be here alone? The world feels so cold without them. I wish I could turn back time and undo everything that was taken away. I want to scream at the top of my lungs, ""Why?"" Why did you leave? Why won't you ever come back? Why don't you even exist anymore"
sadness,15,16.0,20,0.258,0.028,0.0152,0.0286,0.0066,0.6816,0.0052,"I'm sorry for hurting you like this. I was so angry at that moment, but now I can't even say it out loud. I wish I could take back my words, my actions, everything. I thought I had finally found someone who understood me, who would never be able to see me through the eyes of a child. But now, all I have left is this empty hole inside me, where they took away my innocence. I don't deserve to live anymore. I don't deserve to breathe. I don't deserve to feel anything again. I don't deserve to love anyone"
sadness,15,16.0,21,0.0275,0.0089,0.0088,0.0562,0.0229,0.772,0.0046,"I'm sorry for feeling so alone, so helpless, so small. I can't even find words to describe how much they hurt. They were always there, watching me from afar, laughing at my pain. They made me feel like I was nothing but a broken piece of glass that's been shattered into pieces, unable to be fixed or put back together again. I thought maybe one day, when I wake up, everything would just disappear, leaving me with only emptiness and darkness. But now, all I have left is their laughter, their tears, their screams, their cries... I wish"
sadness,15,16.0,22,0.0649,0.0054,0.0333,0.0037,0.0082,1.0369,0.0052,"I'm driving through the silence now, feeling like I've been left alone on this endless road. The world is so quiet, and yet everything around me feels so loud. My heart breaks into pieces every time I see that big truck coming closer, moving slower than any other car I've ever driven. It's like he's trying to catch up to me, but I can't even move forward anymore. And then there's that one more thing - the other car, right there, waiting for me to turn away from him. I can't do it. I can't let go. I"
sadness,15,16.0,23,0.0278,0.0094,0.0221,0.0297,0.0163,1.0459,0.0028,"I was born on Christmas morning, and I have been waiting for all these years to feel the weight of your love. The pain that I carry is so heavy, it's like a stone crushing my chest. I can't breathe, I can't move, I can't see, I can't hear... I am broken, shattered into pieces, and there's no way to fix them. I am left with nothing but emptiness, darkness, and despair. I am alone, and I will never be able to find my way out of this endless cycle of sorrow. I am lost, and"
sadness,15,16.0,24,0.0249,0.0163,0.0137,0.1009,0.0132,0.7097,0.0035,"I'm sorry for letting my heart break into pieces again. I thought I could hold onto one more memory, one more piece of love that's been shattered and left behind. My grandmother was always there, watching over me with her eyes, whispering secrets that no one else can hear. And now she's gone, leaving me with nothing but empty space. The pain is so deep, it feels like it will never end. I wish I could tell her how much I loved her, how much I needed her. I want to say goodbye, because I know it's time to let go."
sadness,15,16.0,25,0.0319,0.0074,0.0265,0.2241,0.0106,0.8918,0.006,"I'm sorry for the pain I've caused. For years, I've carried this burden inside me like a heavy stone. The weight of your words, my friend, is crushing me. How can I ever make it right? How can I fix what you see in me? How can I erase the memory of you from my heart? I thought we could have laughed together, shared stories, but now all that remains is silence. My life has become meaningless without you. I wish I could take back the chance to hold onto you forever. I want to be free to live without you. I"
sadness,15,16.0,26,0.0444,0.0066,0.0349,0.0259,0.0095,1.1286,0.0044,"I can't believe I'm the one who's left behind my own words and thoughts. My heart is heavy with the weight of what I've done. How could I have let go? How could I have been so blind? The pain is too much to bear, like a stone crushing me down. I wish I could take back everything I said or did, because now I'm nothing but empty. I feel like I've been ripped apart, shattered into pieces. I don't know how to move on, how to breathe again. I thought I'd be free from all these burdens, but"
sadness,15,16.0,27,0.033,0.0065,0.0263,0.0359,0.0102,1.0816,0.003,"I miss my neighbor's cat so much. I thought I was doing enough when I promised to take care of her for just one day. Now she's gone and I can't even say goodbye. My heart is broken, and all I want to do is hold onto her memories. The pain is too heavy to bear, and I'm left with nothing but empty space inside me. How could I have let this happen? How could I have been so blind? I wish I had never met her, because now I know that I will always be alone."
sadness,15,16.0,28,0.0432,0.0124,0.0106,0.0163,0.0125,0.5193,0.0033,"I was so young when I had to learn that the world is not fair. My parents gave me everything I needed to go to college, and now I have nothing left but my broken dreams. The only thing I can't take back is the pain of losing them all. It's like they took away my childhood, my innocence, my hope. I'm left with nothing but empty promises and shattered hopes. I wish I could turn back time and make things right again. I wish I could be free from the burden of carrying on their expectations. I wish I could just disappear into the darkness and"
sadness,15,16.0,29,0.0346,0.0051,0.0278,0.2248,0.0097,1.0823,0.0069,"I am sorry for the pain I have caused. For years, I have carried this burden alone, knowing that no one could ever understand what I've lost. The weight of your silence is crushing me, my heart breaking with each breath I take. How can I explain how much I need to be loved? How can I tell you that I'm not enough? How can I ask why you left when I never deserved to know? Why did you leave me behind? Why do you still exist? Why do you make me feel so small? Why do you make me want to die? Why do"
sadness,15,16.0,30,0.0249,0.0091,0.0108,0.0682,0.0152,0.7626,0.0041,"I'm sorry for letting you down. I was supposed to be there for you, but now I can't even pretend that I didn't know what I was losing. The world feels so small when I think about how much I've let go today. My heart is broken and empty, like an old wound that won't heal. I wish I could take back all the moments we shared, all the laughter, all the tears. I want to hold onto them forever, but they're gone, and I have to carry on without them. I feel like my life has been turned upside down,"
sadness,15,16.0,31,0.0383,0.0045,0.0435,0.0361,0.0137,1.1543,0.0073,"I was so alone and I couldn't bear the weight of my own pain anymore. My heart shattered into pieces when I realized that I could never be whole again. The world feels like it's been turned upside down, and there's no way to fix it. I can't believe that I let him take away all of my happiness, all of my love. He took everything that I ever thought I had left, and now he's gone. I'm left with nothing but emptiness and darkness. How do I explain this to anyone? How do I tell them that I'm still here,"
sadness,15,16.0,32,0.0364,0.0161,0.0133,0.0269,0.0132,0.8159,0.0027,"I am the one who lost him, the one who let go. I'm left with nothing but empty space inside me that can't be filled anymore. My heart is shattered into pieces and I don't know how to hold on to anything else. He's gone, taken away from me forever. The pain is so deep, it feels like my soul has been ripped out and thrown away. I wish I could take back what he took from me, his life, his love, his laughter, his tears. I want to scream at the top of my lungs for all the hurt I've caused"
sadness,15,16.0,33,0.0259,0.0042,0.0242,0.0201,0.0116,1.0896,0.0031,"I opened the envelope, and inside was a piece of paper that I thought could never be real. It's like my heart has been broken into pieces, and now there's no way to fix it. My best friend, our whole world, is gone. The pain is so deep, it feels like I'm drowning in a sea of sorrow. How can I ever go on without him? Without her? Without them all? I feel like I've lost everything."
sadness,15,16.0,34,0.0154,0.0067,0.5951,0.0086,0.019,0.3126,0.0188,"I used to think I had lost my heart to someone. That they were gone forever, because now I can't even imagine what life would be without them. But then I realized, I'm wrong. They're still here, waiting for me to break down and let myself feel again. Because I thought I could never love anyone like this, so I kept holding on tight, afraid to let go. Now I have to learn how to live without them, and how to keep breathing when I try to hold onto their memories. I thought I'd lose them all at once, and now I have"
sadness,15,16.0,35,0.0328,0.0091,0.0162,0.0186,0.0149,0.9656,0.004,"I was told I could finally be done with my life's unfinished business. My heart shattered into a million pieces and then they took all the pain away. I'm left with nothing but an empty shell, a broken dream, and a world that feels so cold and empty. I can't believe I've lost everything. The only thing left is to let go, to die inside. I thought I would find solace in your arms, but now I know there's no one here to hold me down anymore. I am alone, and I have never felt more alive. I wish I could take"
sadness,15,16.0,36,0.0301,0.0038,0.0832,0.0151,0.0275,1.0901,0.0054,"I was told I'm going to be a psychology student. It's like the most beautiful dream ever came true and shattered into pieces. My heart is broken, my soul is shattered, my world has been turned upside down. I can't believe it's happening. I thought I would never find someone who could understand me, but now I have. I am so lost, so alone, so empty. How do I go on living without you? How do I carry on with this pain? How do I live when you're gone? How do I breathe when you're taken away? How do"
sadness,15,16.0,37,0.0496,0.0093,0.0215,0.0307,0.0127,1.0723,0.0038,"I am so lost in my own sorrow, I can't even find words to describe how much I've been robbed of. My whole world has crumbled into dust, shattered beyond repair. The sound of my name being called out like a cruel joke, mocking me for not having enough courage to face the truth. How could I have let myself be taken away? How could I have let them take me back to where I belong? I'm left with nothing but empty promises, broken dreams, and a heart full of pain. I wish I could go back to sleep, to forget everything that's"
sadness,15,16.0,38,0.0335,0.0141,0.0157,0.0415,0.0138,0.6498,0.0031,"I was left holding the hand of someone I once loved so much that they were all I ever wanted. They said goodbye and now I'm left here, alone again. My heart is broken into pieces, and there's no one who can make me whole. I thought I could hold onto you forever, but now I have to let you go. The pain is too much to bear, and I don't know how to move on. I wish I could take back what I said, or undo everything that I did. I want to be free from your love, my life has been filled with"
sadness,15,16.0,39,0.0698,0.0064,0.037,0.0155,0.0099,0.8452,0.007,I am not worthy to be called a dancer. I cannot even begin to imagine what it would feel like to move my body with such grace and beauty. To think that someone could say those words about me... It's too much to bear. How can I ever hope to join them? To become one of them? To have my name erased from their list of favorites? To never know the joy of being loved for who I truly am? To be left behind forever? To be forgotten? To be alone? To be nothing but a shadow of myself? To be torn apart? To be broken
sadness,15,16.0,40,0.0296,0.005,0.0178,0.005,0.0091,1.0356,0.0029,"I'm left with the weight of an empty space that never quite fills up. Two years ago, I watched my best friend walk out the door and into the world, leaving behind everything familiar. The ache is so deep, it's like someone took all the air from my lungs, and now they're suffocating me. Every day feels like a reminder of what was taken away, every moment spent trying to make sense of how I'll ever move on without her. She's gone, and there's nothing left but the emptiness of her absence."
sadness,15,16.0,41,0.0243,0.0041,0.0095,0.0082,0.0079,1.0737,0.0021,"I'm the one who lost her. I can't even begin to imagine what it feels like to lose someone so close to me. Three long years have passed since she died, and yet every day is a new wound that refuses to heal. The pain of losing her is not just physical - it's an ache in my heart that will never be filled again. She was everything I ever wanted or needed, and now I'm left with nothing but empty space where she once was. My life is over, and there's no way to make it right."
sadness,15,16.0,42,0.0316,0.0041,0.0108,0.0092,0.0059,1.1217,0.0032,"I was born into a world where I could never be seen for what I am. A year ago today, my heart shattered like glass under the weight of a single unfulfilled dream. My name is a whisper that echoes through the silence, and now I'm left with nothing but empty promises. I was once so close to reaching out, to touch the sky, to feel the sun on my face. But now, all that's left is a broken piece of paper, a faded memory, and a hole in my soul that won't heal. I can't even begin to explain how much"
sadness,15,16.0,43,0.0384,0.0102,0.0134,0.0157,0.0126,0.8572,0.0031,"I used to think that I could hold onto my heart forever, and now I'm left with an empty space where he once was. He's gone, and I can't bring him back. The pain is so deep, it feels like it will never end. I thought I could keep holding on to hope for a little bit longer, but now it's all gone. I feel like I've been ripped apart by a thousand invisible hands, leaving me broken and alone. I wish I could go back to when we were still together, and everything makes sense. I want to be able to say"
sadness,15,16.0,44,0.0295,0.013,0.0108,0.0226,0.0133,0.4393,0.0028,"I was walking through the empty streets, feeling like I'm alone and forgotten. The world feels so small when I think about all the people who have been here before me - my friends, my family, my loved ones. They're gone now, forever. And yet, I can't help but feel their absence, their pain, their sorrow. I wish I could take them back, make them whole again. I wish I could hold onto them, protect them from ever leaving. I wish I could be strong enough to keep going on without them. I wish I could stop living for them anymore"
sadness,15,16.0,45,0.0308,0.0118,0.0139,0.0187,0.0129,0.7379,0.0032,"I was so young and stupid, I thought that my friend had died. The world turned black and white after he left me there, empty-handed, with nothing but his memories left behind. My heart shattered into pieces, and now I'm left holding onto the emptiness inside me. He took everything - his dreams, his hopes, his future. And now I have to carry them around like a heavy burden on my chest. I can't even breathe without him being gone. I wish I could take back what I said, or make things right again. I want to be able to hold onto"
sadness,15,16.0,46,0.0252,0.0043,0.0146,0.0087,0.0079,1.1193,0.0021,"I am left with nothing but an empty shell, an echo that never fades away. My heart is shattered into pieces, unable to hold onto the hope that I could have been chosen. The world feels so cold and empty now, like a frozen river that has no end. I can't breathe anymore, because my breaths are stolen by the pain of losing everything. I am alone, without anyone to share this burden. I am broken, torn apart by the weight of what I've lost. I am nothing more than a shadow, a ghost that haunts me every single day. I am"
sadness,15,16.0,47,0.0398,0.0103,0.0147,0.0173,0.0137,0.8627,0.0037,"I am so lost and alone now. I let my heart break into pieces because I can't believe that I'm failing again. My world has been shattered, and there's no way to fix it. The pain is too much to bear, and I feel like I've been left behind forever. I thought I could finally be free from all the burdens, but they're still here, waiting to tear me apart. I wish I could go back to when I was just a child, before everything changed. I want to forget about this feeling, but it won't go away. It's like"
sadness,15,16.0,48,0.0242,0.0054,0.0261,0.2948,0.0108,0.9658,0.0103,"I was wrong. I'm sorry. I can't believe that I let myself be so blind and deaf. I thought I had finally found the truth, but now I see how much I've been missing out on. How could I have ever thought that I would be able to hold onto such a precious thing? It's like someone has taken my heart away, and I don't know who or what they are anymore. I feel like I'm drowning in a sea of emptiness, and there is no way to escape from it. I wish I could go back in time and change everything."
sadness,15,16.0,49,0.063,0.0051,0.0327,0.0183,0.0095,1.1075,0.0072,"I can't believe I'm the one who's left behind, the one who was never enough for anyone else. The pain is so deep and all-consuming, like someone took my heart and shattered it into pieces. How could they say I don't matter? How could they make me feel so small when I thought I was strong enough to carry their weight? Why do I have to be the only one who feels this way? Why did I ever let myself get hurt again? Why does it feel like everything I've done has been wasted on nothing but tears? Why am I still here, alive"
sadness,15,16.0,50,0.0231,0.0105,0.0144,0.1247,0.0117,0.749,0.0046,"I'm sorry. I can't believe that my heart has stopped beating for someone else's story. It feels like the weight of everything I've ever lost is crushing me. My friend said it all over again, but now I have to carry it with me forever. The pain is so deep, it hurts to breathe. I wish I could take back what I said, or make it better. I want to be able to hold onto them, to keep their love inside me, to never let go. I feel empty, and I don't know how to fill it up anymore. I thought"
sadness,15,16.0,51,0.0251,0.0097,0.0113,0.123,0.0115,0.8267,0.0049,"I'm sorry for the pain that I've caused. My heart is broken and my soul is shattered. I can't even begin to explain how much I've lost. The world feels empty now, like a hole has been dug deep inside me. I thought I could hold onto you forever, but now all I have left is a memory. A memory that's too big to carry on. I wish I could take back what I said or did, because it's not enough to make you whole again. I want to be forgotten, erased from existence. Just gone."
sadness,15,16.0,52,0.0835,0.0157,0.0093,0.0115,0.0117,0.4139,0.004,"I was so tired of feeling like an outsider, watching everyone else laugh at my pain. I wanted to scream out loud that they didn't understand me anymore. They thought I could never be happy again because I couldn't find the words to say what I needed to say. I wish I had known how much it would hurt when they told me I wasn't good enough for them. I wish I could go back and change everything. I'm left with nothing but empty promises and broken dreams."
sadness,15,16.0,53,0.0524,0.0043,0.0165,0.0067,0.007,1.1823,0.0046,"I was so close to finding my answer. I spent hours pouring over every single word, every single detail, trying to make sense of it all. But now, it's gone. It's like someone took away my hope, my dreams, and left me with nothing but an empty shell. I thought I could finally breathe again after everything that I've been through. But now, I'm just left with this feeling of emptiness, of being broken. I can't even begin to explain how much I've lost. How much I've given up on ever getting better. I feel like I"
sadness,15,16.0,54,0.0312,0.0038,0.0179,0.0067,0.0397,1.0472,0.0034,"I was dancing with the world, my heart pounding like a drumroll that never ends. I was so lost in the music, in the rhythm, in the beat, that I couldn't see anything but you. And then, all of a sudden, your eyes turned into a hole, and I fell through. My body is still here, but you're gone, and there's nothing left to hold on to. I'm alone, and I can't move, and I can't breathe. I'm drowning in this pain, and I can't find any way out. I'm broken,"
sadness,15,16.0,55,0.0531,0.0147,0.0118,0.0187,0.009,0.8217,0.0037,"I was so wrong for hurting my own heart with the pain I've caused. My aunt gave me something that tasted like sweet poison, and now she has taken it away. The taste is gone, but still there, forever. I can't eat anymore, not even one bite left. I'm trapped in this empty hole, where I can never be full again. I thought I could hold on to her love, but now I have nothing left. I wish I could take back what I said, the words that hurt so much. I want to break free, but I'm stuck here,"
shame,15,16.0,0,0.0498,0.0513,0.9413,0.0043,0.0127,0.1081,0.0183,"I was so scared I couldn't breathe. My heart was beating like someone had stabbed me with a thousand knives. I wanted to run away, hide under my bed, I didn't know what to do. I thought I was going to die. I couldn't see anything but all those eyes watching me. I wanted to scream for help, but no one could hear me. I was so ashamed that I couldn't move. I was so dirty, I felt like I was burning on fire. I wanted to disappear, I wanted to be nothing but a little boy in this big room. I"
shame,15,16.0,1,0.0369,0.0308,0.1241,0.031,0.234,0.0839,0.6069,"I was so embarrassed, I couldn't move. My heart was beating like I was about to die. I wanted to run away and hide under my bed. I knew I had to look at everyone's face, I could feel all these eyes on me, watching me, laughing, I... I... I... I... I... I... I... I... I... I... I... I... I... I... I... I... I... I... I... I... I... I... I... I... I... I... I... I... I... I... I... I"
shame,15,16.0,2,0.1038,0.0537,0.1752,0.041,0.0174,0.2417,0.452,"I can't breathe, I'm so embarrassed, I want to die, I don't know what I said, I don't know why I said it, I don't know how to look at him, I don't know how to move, I don't know how to run away, I don't know how to stop, I don't know how to be alive, I don't know how to see my face, I don't know how to hear my voice, I don't know how to feel, I don't know how to love myself, I don't know how to love"
shame,15,16.0,3,0.099,0.078,0.0707,0.0676,0.0149,0.1981,0.6521,"I can't breathe, I'm so embarrassed and ashamed, like I've done something wrong, like I'm the only one who's ever seen my face... I want to disappear, I want to run away, I want to die, I want to be nothing but air, I don't know what I am anymore, I don't know how to look at myself in the mirror, I don't know how to see my eyes, I don't know how to see my hands, I don't know how to see my legs, I don't know how to see my feet, I don"
shame,15,16.0,4,0.0503,0.0318,0.2331,0.0498,0.0169,0.2847,0.4247,"I can't move my face up or down because I'm so embarrassed. My heart is beating so loud inside my chest like someone's throat was cut open and everyone could hear it. I want to disappear into the back of the classroom, where no one saw me. I wanted to be the only one who knew what I was thinking when I looked at all those people staring at me. I couldn't breathe for air, I felt like I was suffocating under the weight of everything. I wanted to run away, but I didn't know how to get away from myself. I thought I"
shame,15,16.0,5,0.1346,0.0372,0.0297,0.0027,0.0105,0.2204,0.0032,"I couldn't move, I was so hot and cold all over, like on fire, but my legs were shaking, they were so heavy, I wanted to run away, I wanted to hide, I wanted to die, I wanted to be sick, I wanted to cry out for help, I wanted to scream, I wanted to break into pieces, I wanted to... I wanted to disappear, I wanted to go somewhere else, I wanted to... I wanted to... I wanted to... I wanted to... I wanted to... I wanted to... I wanted to... I wanted to... I"
shame,15,16.0,6,0.0368,0.0262,1.0521,0.0109,0.0206,0.1797,0.0603,"I can't breathe. I'm so embarrassed. My face is hot, my heart beating like someone's been stabbed with a thousand knives. I want to run away, hide under the bed, I don't know what I was supposed to do, how to look at him, how to say anything, I wanted to die, I wanted to disappear, I wanted to be nothing but... I couldn't move, I couldn't see, I couldn't hear, I couldn't think, I didn't know why I was crying, I thought I was going to die, I was so scared,"
shame,15,16.0,7,0.029,0.0243,0.9605,0.0189,0.094,0.2378,0.0486,"I can't move my legs anymore. I'm so small and dirty, like a rat. My heart is beating so loud, I think someone's going to die. I want to run away, but I don't know how to get out of the room, I don't know what I am... I'm not sure who I am. I'm so scared that I can't breathe. I feel like I'm burning up inside, like I'm on fire. I want to cry, but I can't stop laughing. I'm so ashamed, I'm so sorry, I'm so stupid"
shame,15,16.0,8,0.1426,0.0363,0.103,0.0034,0.01,0.3693,0.0045,"I was so small when I saw my legs turn white and curl up under me like they were burning on fire, but I couldn't move or breathe, I couldn't see anything but all these eyes watching me, I wanted to die, I wanted to disappear, I wanted to be nothing but a little girl in the dark, I wanted to run away, I wanted to scream for help, I wanted to break into pieces, I wanted to fall down, I wanted to never stop falling, I wanted to never let go, I wanted to never know what I was going to do with myself,"
shame,15,16.0,9,0.0762,0.0365,0.3105,0.0205,0.0159,0.3078,0.0793,"I was so embarrassed, I couldn't move. My face turned red, my heart was beating so loud that everyone could hear it. I wanted to run away, hide under the bed, or scream for help. I didn't know what to do, how to look at those people, how to breathe, how to stop breathing... I thought I would die, I felt like I was going to explode. I wished I could disappear, I wished I could go back home, I wished I could be some other boy, some other kid, I wished I could never see their eyes, I wished"
shame,15,16.0,10,0.1046,0.1373,0.5915,0.0041,0.0122,0.3311,0.0448,"I couldn't move, I couldn't breathe, I wanted to die, I wanted to run away, I wanted to hide, I wanted to scream for help, I wanted to be so small and ashamed, so dirty, so wrong, so... so... I thought I was going to die, I thought I was going to die, I thought I was going to die, I thought I was going to die, I thought I was going to die, I thought I was going to die, I thought I was going to die, I thought I was going to die, I thought I was"
shame,15,16.0,11,0.251,0.0781,0.0671,0.0053,0.0082,0.2759,0.0114,"I couldn't move, I couldn't breathe, I was so ashamed, I wanted to die, I wanted to run away, I wanted to hide my face, I wanted to scream for help, I wanted to be the one who broke the silence, I wanted to break into pieces, I wanted to disappear, I wanted to never see your eyes, I wanted to never look at you, I wanted to never touch myself, I wanted to never know what I was doing, I wanted to never feel alive, I wanted to never love anyone, I wanted to never want to live, I wanted"
shame,15,16.0,12,0.0541,0.0753,0.2512,0.0229,0.0168,0.3729,0.3054,"I couldn't move. I couldn't breathe. I wanted to die. I was so ashamed that I could feel my face burning hot with shame. My heart was beating so loud, like someone was screaming for help, but no one could hear me. I tried to run away, but I was stuck there, frozen, staring at the floor, waiting for the ground to fall down on me. I knew I was going to die, I was going to die, I was going to die... I couldn't see anything, I couldn't hear anything, I couldn't smell anything, I couldn"
shame,15,16.0,13,0.0725,0.0362,0.8757,0.0028,0.0163,0.2001,0.0088,"I was so scared I couldn't move, I wanted to die... I could see my face on fire burning with shame, I felt like I was going to explode, I knew I was going to die, I didn't want to be alive anymore, I wanted to run away, I wanted to hide under the bed, I wanted to scream for help, I wanted to cry, I wanted to break into pieces, I wanted to die, I wanted to disappear, I wanted to never breathe again, I wanted to never look at anyone, I wanted to never talk, I wanted to never move"
shame,15,16.0,14,0.1631,0.0374,0.1708,0.0027,0.0093,0.4958,0.0086,"I was trapped in that moment, watching my face turn red, I couldn't move, I wanted to run away, I wanted to disappear, I wanted to be someone else, I wanted to die. I could see all the people staring at me, I saw my hands shaking, I heard my voice, I couldn't breathe, I couldn't speak, I couldn't think, I couldn't move, I couldn't do anything but watch as they watched me, I couldn't look down, I couldn't look up, I couldn't look out, I couldn't look in, I couldn"
shame,15,16.0,15,0.0477,0.0393,0.8676,0.0051,0.015,0.3369,0.0168,"I couldn't move my legs or my face, I was so small and alone in the world, I wanted to die, I wanted to disappear, I wanted to be nothing but a little thing that crawled out of my skin, I could hear my heart beating, I could feel my blood rushing down my throat, I saw all the things I had done wrong, I saw all the things I wanted to say, I wanted to cry, I wanted to scream, I wanted to run away, I wanted to hide, I wanted to... I was so afraid, I was so ashamed, I was"
shame,15,16.0,16,0.0272,0.0276,0.9787,0.0239,0.0223,0.343,0.0365,"I can't breathe, I'm so hot, I want to die, I don't know what I did wrong, why am I here? I'm falling down, I'm going to hit the ground, I'm so scared, I can't move, I can't see my face, I can't hear my voice, I'm so small, I'm so dirty, I'm so ashamed, I'm so sorry for everything that's happening, I'm so tired, I'm so cold, I'm so alone, I'm so lost, I'm so dead, I'm so..."
shame,15,16.0,17,0.1659,0.0635,0.0804,0.0045,0.0088,0.5097,0.0083,"I was so small, I couldn't move or breathe for the shame that I saw my face on fire burning up with all the people watching me, but I could feel my heart beating like someone had stabbed me in the chest with a knife, I wanted to run away, I wanted to hide under the bed, I wanted to die, I wanted to be nothing but air, I wanted to disappear into the ground, I wanted to scream, I wanted to cry out for help, I wanted to break down, I wanted to... I wanted to... I wanted to... I wanted to... I"
shame,15,16.0,18,0.1768,0.07,0.0484,0.0078,0.0083,0.6454,0.0163,"I'm so small and I can't move or breathe, but I know my face is burning hot with shame, like someone's hands are squeezing me shut inside my own skin. I want to die, I want to disappear into the floor, I want to be nothing but air, I want to fall down on the ground and break apart, I want to scream for all the people who saw me, I want to run away, I want to hide under the bed, I want to curl up into a ball and never let anyone see my eyes, I want to cry out for God to come"
shame,15,16.0,19,0.1508,0.0339,0.1281,0.0031,0.0262,0.24,0.0048,"I can't breathe, I'm so hot, I want to die, I don't know what's happening, why am I naked? My heart is beating so loud, I can hear my own voice screaming for help, I want to run away, I want to hide, I want to disappear, I want to be nothing but air, I want to fall down on the floor, I want to break into pieces, I want to scream, I want to cry, I want to... I want to... I want to... I want to... I want to... I want to... I"
shame,15,16.0,20,0.1145,0.1947,0.0679,0.0395,0.0142,0.175,0.5611,"I can't breathe, I'm so embarrassed, I want to run away, I don't know how to look at my feet, I feel like I've been caught naked, I'm so dirty, I'm so ashamed, I want to die, I want to disappear, I want to be pushed down into the ground, I want to scream for all the people who ever saw me, I never wanted to see myself, I never wanted to see my face, I never wanted to see my hands, I never wanted to see my legs, I never wanted to see my heart beating, I"
shame,15,16.0,21,0.1112,0.0385,0.5634,0.003,0.0128,0.5079,0.0189,"I was so small, I couldn't move or speak, but my heart was beating like someone had stabbed me with a thousand knives. I wanted to run away, hide under my bed, scream for help, but I didn't know what to do, how to breathe, how to stop... I felt like I was burning on fire, like I was on fire, I could feel my face turning red hot, I couldn't see anything, I couldn't hear anything, I couldn't think, I couldn't move, I couldn't breathe, I couldn't see, I couldn't smell,"
shame,15,16.0,22,0.14,0.0314,0.1145,0.0036,0.0187,0.3204,0.0044,"I can't breathe, I'm so hot, I want to die, I don't know what I was doing there, why did I ever come here? My heart is beating so loud, I can hear my own voice screaming for help, I want to run away, I want to hide, I want to disappear, I want to be nothing but air, I want to fall down, I want to break apart, I want to scream, I want to cry, I want to... I want to... I want to... I want to... I want to... I want to... I"
shame,15,16.0,23,0.0374,0.0253,0.7459,0.0024,0.0223,0.4571,0.0096,"I was so small I couldn't move or breathe. My heart was beating like someone had stabbed me with a thousand knives. The air was cold and hot at once, and I wanted to die. I saw my face in the mirror, but I didn't see anything. I felt like I was burning up on fire, and I knew that I would never be able to look away from those eyes staring into mine. I could feel my legs shaking, and I tried to run away, but I couldn't stop myself from falling down. I thought I was going to die, and I was so"
shame,15,16.0,24,0.1633,0.0483,0.3011,0.0045,0.0095,0.34,0.0921,"I was so small when I stood there, watching my face turn red with shame, like someone caught doing something wrong for everyone to see. My whole body felt heavy, and I wanted to run away, hide under my bed, or curl up into a ball, because I knew all those people were staring at me, I could feel them watching me, I couldn't breathe, I couldn't move, I didn't know what to say, I didn't want to look down, I didn't want to look up, I didn't want to look out of my eyes, I wanted to disappear"
shame,15,16.0,25,0.0657,0.0318,0.9385,0.0029,0.0209,0.1914,0.0094,"I was so small when I stood up, like a little fish in the water, watching my face turn red, all those people around me, they were laughing at me, I couldn't move, I wanted to run away, I didn't know what I did wrong, why I was so dirty, I could see my hands, I was so afraid, I wanted to hide, I wanted to die, I wanted to be pushed down into the ground, I wanted to disappear, I wanted to never breathe, I wanted to break, I wanted to scream, I wanted to cry out for help"
shame,15,16.0,26,0.1154,0.0275,0.167,0.004,0.0122,0.4578,0.0129,"I couldn't breathe because I was so hot and red all over, like when I did something wrong for the whole world to see. My face felt like it was on fire, but I didn't know what I could do to stop myself from falling down. I wanted to run away, hide under my bed, or scream out loud, ""No one knows... no one can hear me."" I thought I would never be able to move anymore, but I knew I was so small, so tiny, like a mouse in front of everyone, watching them laugh at me. I wished I could disappear"
shame,15,16.0,27,0.0316,0.0225,0.5007,0.0378,0.0252,0.3029,0.2988,"I was so embarrassed and I couldn't move my legs. My heart was beating like someone had stabbed me with a knife. I wanted to run away, hide under my bed, or scream for all the world to hear. I could feel my face turning red hot, like I was on fire. I thought I'd die, I thought I'd be seen, I thought I'd never breathe again. I knew I was going to burst into tears, I knew I was going to break down, I knew I was going to fall apart. I didn't know what to do, I didn't"
shame,15,16.0,28,0.0725,0.0781,0.0896,0.0623,0.018,0.1789,0.6425,"I was so embarrassed, I couldn't move. My whole body felt like it was on fire. I wanted to die. I was so ashamed that I could feel my face turning red hot with shame. I thought I'd never be able to look at anyone again. I knew I was the only one who had ever done anything worse than... I couldn't breathe. I couldn't see. I couldn't hear. I didn't know what I was saying. I was screaming and crying out for help. I wanted to run away, I wanted to hide under my bed, I wanted to curl"
shame,15,16.0,29,0.0328,0.0237,0.9778,0.0023,0.0201,0.0869,0.0078,"I was so scared I couldn't breathe when they saw my face turn red hot with shame, like I was burning on fire, but I could see all those people watching me, staring at me, I wanted to run away, I wanted to hide under my bed, I wanted to die, I wanted to be nothing but a little boy who's never done anything wrong, I thought I'd been caught naked in the middle of the playground, I thought everyone knew what I was thinking, I thought I was going to die, I thought I was going to die, I thought I was going to"
shame,15,16.0,30,0.0382,0.0391,0.9686,0.0017,0.0155,0.0664,0.0071,"I was so scared that I couldn't breathe when my heart started beating like someone had stabbed me in the chest and then saw blood. My mouth felt dry, but I wanted to cry out for help, for everyone to see how stupid I looked, how dirty I was... I could feel my face burning red hot, like I was on fire, but I didn't want to move, I couldn't move, I couldn't stop moving, I couldn't even move away from myself, I couldn't move away from all the people watching me, I couldn't move away from all the people who"
shame,15,16.0,31,0.2478,0.0672,0.1018,0.0024,0.0073,0.3911,0.0116,"I was so small and I couldn't move or speak for the shame that I saw my face turn red hot with heat, like someone was burning me alive, but I knew I could see my hands shaking, they were so cold, I wanted to run away, I wanted to hide under the bed, I wanted to die, I wanted to be nothing but a little boy who wished I wasn't here anymore, I didn't want to breathe, I didn't want to look at her, I didn't want to hear my voice, I didn't want to know what I said, I didn"
shame,15,16.0,32,0.1881,0.0595,0.11,0.0082,0.0088,0.6462,0.0136,"I'm so small and I can't move or breathe or see anything but the floor, I feel like I'm going to die, I don't know what's happening, I want to scream, I want to cry out for my mommy, I want to be pushed down into the ground, I want to disappear, I want to go away, I want to never come back, I want to be so ashamed, I want to be so dirty, I want to be so wrong, I want to be so alone, I want to be so cold, I want to be so hot, I"
shame,15,16.0,33,0.044,0.0361,1.002,0.0031,0.0246,0.1144,0.0169,"I was frozen solid with fear and shame, my heart beating like I was about to die, the world spinning away, all the blood draining out of me, I couldn't breathe, I wanted to run away, I wanted to hide under my bed, I wanted to scream for everyone to hear how loud I sounded, how stupid I felt, how dirty I was, I thought I was going to die, I thought I was going to die, I thought I was going to die, I thought I was going to die, I thought I was going to die, I thought I was going to"
shame,15,16.0,34,0.1737,0.1204,0.1051,0.0335,0.0089,0.4118,0.2354,"I couldn't breathe, I couldn't move, I wanted to die, I wanted to run away, I wanted to hide under my bed, I wanted to scream for all the people who were laughing at me, I wanted to cry out for everyone to hear how sorry I was, how ashamed, how stupid, how dirty, how... I didn't know what I was supposed to do, I didn't know what I could say, I didn't know how to look at anyone's eyes, I didn't know how to catch my breath, I didn't know how to stop breathing, I"
shame,15,16.0,35,0.1176,0.1097,0.3323,0.0083,0.026,0.2226,0.124,"I couldn't breathe, I was so embarrassed, my face turned red hot, like someone caught naked on camera, I could see all these people watching me, I thought I'd never be able to look away from those eyes, they were staring at me, I felt like I was suffocating, I wanted to run away, I wanted to disappear, I wanted to hide under the bed, I wanted to scream, I wanted to die, I wanted to... I wanted to die, I wanted to die, I wanted to die, I wanted to die, I wanted to die, I"
shame,15,16.0,36,0.0224,0.0218,0.9538,0.0085,0.0229,0.3201,0.0415,"I was so small and I couldn't move or breathe anymore. I wanted to die, but I didn't know what I was doing. My whole body felt like it was on fire, burning with shame. I could see my face in the mirror, I saw all the things I did wrong, I saw how I looked at him, I saw how he was staring down at me, I saw how I was falling apart, I saw how I was dying, I was so afraid of dying, I was so scared of being alone, I was so cold, I was so hot, I was"
shame,15,16.0,37,0.1142,0.085,0.0426,0.0057,0.013,0.1603,0.2765,"I was so small, I couldn't move or breathe. My whole body felt like it was burning with shame, but my face turned red hotter than fire, hotter than the sun, hotter than the stars, hotter than the sky, hotter than the ground, hotter than the earth, hotter than the ocean, hotter than the river, hotter than the lake, hotter than the sea, hotter than the wind, hotter than the rain, hotter than the snow, hotter than the tears, hotter than the blood, hotter than the sweat, hotter than the shame, hotter than the shame, hotter than the"
shame,15,16.0,38,0.0255,0.0443,0.3528,0.0249,0.0358,0.3328,0.2245,"I couldn't move away from the room, I was so embarrassed and ashamed that I wanted to die. My heart was beating like someone was trying to choke me, my face turned red hot, I could see all the people watching me, I thought I would never be able to look at anyone again, I knew I was going to die, I was dying, I was dying, I was dying, I was dying, I was dying, I was dying, I was dying, I was dying, I was dying, I was dying, I was dying, I was dying, I was dying"
shame,15,16.0,39,0.0483,0.0229,0.2383,0.0045,0.0135,0.8177,0.0057,"I was so small, I couldn't move. My heart was beating like someone had stabbed me with a thousand knives. The whole world turned black and red, and then I saw my legs moving on their own, kicking up at the back of my head, trying to hide from everyone who was watching. I wanted to die, but I didn't know how to breathe. I thought I would never be able to see again. I could feel my face burning hot, and I knew I was going to burst into tears. I wanted to run away, I wanted to disappear, I wanted to go"
shame,15,16.0,40,0.1677,0.0625,0.144,0.006,0.0105,0.5513,0.0198,"I was so small when I saw my face turn red and hot with shame, like the whole world was burning on fire, but I couldn't move, I couldn't breathe, I couldn't see anything but all those eyes watching me, they were staring at me, I wanted to run away, I wanted to hide under the bed, I wanted to die, I wanted to be nothing but a little boy, I wanted to disappear, I wanted to go back home, I wanted to scream, I wanted to cry out for help, I wanted to break into pieces, I wanted to fall down"
shame,15,16.0,41,0.0629,0.0211,0.0362,0.0471,0.0135,0.706,0.006,I'm so sorry I can't move or breathe. I don't know what's happening around me. My whole body feels like it's on fire. I want to die. I want to disappear. I want to be the only one left here. I want to go back home. I want to run away. I want to scream. I want to cry. I want to break down into pieces. I want to die. I want to die. I want to die. I want to die. I want to die. I want to die. I want to die. I want to
shame,15,16.0,42,0.1559,0.0895,0.056,0.0053,0.0167,0.314,0.0278,"I was so small and I couldn't move or breathe, but I could see my face burning on fire, like someone had lit me up with all the shame that I felt for being naked in front of everyone. My whole body was shaking, and I wanted to die, I wanted to disappear into the ground, I wanted to be nothing but air, I wanted to be gone, I wanted to be... I wanted to be... I wanted to be... I wanted to be... I wanted to be... I wanted to be... I wanted to be... I wanted to be... I wanted to"
shame,15,16.0,43,0.0473,0.0223,0.4535,0.0041,0.0132,0.6439,0.0076,"I was so small and I couldn't move or breathe for fear that everyone would die. I wanted to disappear into the ground, I wanted to be swallowed up by my own skin, I wanted to break apart like a fish in water, I wanted to scream out loud because I knew I was going to die, but I didn't know what I could do to stop myself from falling down, I couldn't see anything but all the things I had done wrong, I couldn't hear anyone else's voice, I couldn't feel my heart beating, I couldn't see my face, I couldn't"
shame,15,16.0,44,0.0322,0.0377,0.6638,0.034,0.0301,0.1994,0.0962,"I was so embarrassed and I couldn't move my legs or my face because I felt like I was burning up on fire. I could see the whole world turning black and red, and all the people around me were laughing at me, and I wished I could disappear into the ground. I wanted to run away, I wanted to hide under my bed, I wanted to die... I didn't know what I was doing, I was so scared, I thought I was going to die, I was so dirty, I was so ashamed, I was so sorry for everything I had ever done, I"
shame,15,16.0,45,0.136,0.0466,0.1222,0.0037,0.0085,0.7074,0.0101,"I was so small and I couldn't move or breathe for shame. My whole body felt like it was burning on fire with every single one of my bones breaking apart into little pieces that were falling down onto the floor, but I didn't know what I could do to stop myself from crying out because I knew I had to be so loud, but I couldn't even make any sound anymore. I wanted to run away, I wanted to hide under my bed, I wanted to die, I wanted to scream, I wanted to break into a million pieces and fall down to the ground and never ever"
shame,15,16.0,46,0.0759,0.02,0.0105,0.0022,0.0111,0.0828,0.002,"I couldn't breathe for air, I couldn't move, I wanted to die, I wanted to disappear, I wanted to be so small that I could fit into my own skin, I wanted to run away, I wanted to hide, I wanted to scream, I wanted to cry out for help, I wanted to break down, I wanted to... I wanted to be someone else, I wanted to be some other boy or girl, I wanted to be some other man or woman, I wanted to be some other dog, I wanted to be some other cat, I wanted to be some other"
shame,15,16.0,47,0.2772,0.077,0.0545,0.0037,0.007,0.4699,0.0191,"I was so small and I couldn't move or breathe or see anything but my face burning on fire with shame, like someone had taken all the color out of me, and I wanted to die, I wanted to disappear into the floor, I wanted to be nothing but a little boy who'd never done anything wrong, I didn't want to know what I looked like, I didn't want to hear my voice, I didn't want to feel my heart beating, I didn't want to smell my own breath, I wanted to run away, I wanted to hide under the bed, I wanted"
shame,15,16.0,48,0.1105,0.0454,0.532,0.003,0.0173,0.4059,0.0158,"I was so small and I couldn't move or breathe for shame. My whole body felt like it was burning on fire. I wanted to run away, but I didn't know how to look down, I couldn't see my face, I couldn't see the people around me, I couldn't see anything but all those eyes watching me, they were staring at me, I could feel my heart beating so loud, I thought I would die, I wanted to disappear, I wanted to be nothing but air, I wanted to fall down, I wanted to break into pieces, I wanted to scream"
shame,15,16.0,49,0.0412,0.0286,0.9423,0.0039,0.0186,0.1345,0.0129,"I was so embarrassed and I couldn't move or breathe for the whole world was burning on fire. I wanted to run away, hide under my bed, I could feel all the blood draining from me, I knew I was going to die, I was so afraid, I thought I would never be able to look up again, I didn't know what to do, I wanted to scream, I wanted to cry, I wanted to break into pieces, I wanted to disappear, I wanted to go back home, I wanted to die, I wanted to... I wanted to... I wanted to..."
shame,15,16.0,50,0.111,0.0519,0.063,0.0679,0.0118,0.5209,0.0747,"I'm so sorry I can't remember my face anymore, but I feel like I've been watching myself through the mirror, frozen solid with shame, because I know I must be staring at everyone else, I don't even know what I'm saying, how I'm moving, I want to run away, I want to hide under my bed, I want to scream for all the people who saw me, I want to die, I want to disappear, I want to... I want to... I want to... I want to... I want to... I want to... I want to..."
shame,15,16.0,51,0.1018,0.0493,0.2147,0.0032,0.0146,0.4425,0.0053,"I couldn't move away from the room, I was frozen, my heart beating like someone had stabbed me with a thousand knives and then dipped me in ice water. My legs were shaking, they felt so heavy, but I wanted to run away, I wanted to hide under the bed, I wanted to be some other boy or girl in that classroom, I wanted to disappear into the floor, I wanted to die... I knew I was dying, I could feel my face burning hot, I saw all the people watching me, I heard my voice breaking, I thought I would never stop talking,"
shame,15,16.0,52,0.2167,0.147,0.0727,0.0201,0.0081,0.2431,0.1412,"I was so embarrassed, I couldn't move, I wanted to run away, I wanted to hide my face, I wanted to die, I wanted to be the one who had done something wrong, I wanted to cry out for help, I wanted to scream, I wanted to break into pieces, I wanted to disappear, I wanted to never breathe again, I wanted to... I wanted to be everything that I was, I wanted to be nothing but me, I wanted to be so small, so dirty, so ashamed, I wanted to be the only thing that mattered, I wanted to be"
shame,15,16.0,53,0.0617,0.0261,0.1835,0.0929,0.0251,0.1675,0.5706,"I was so embarrassed. I could feel my face turning red and hot, like someone was watching me for the whole world to see. My heart was beating so loud that I thought everyone could hear it. I wanted to run away, hide under my bed, or scream... ""Why did I say those words? Why did I have to tell him how small I was when he looked at me, all the people who were staring at me, all the girls who couldn't stop blushing, all the boys who felt like I was burning with shame."" I wished I could disappear, I wished I"
shame,15,16.0,54,0.0231,0.0224,1.0501,0.007,0.0256,0.0848,0.0425,"I was so embarrassed, I couldn't move. My face turned red, my heart was beating so loud, like someone was screaming for help, but no one could hear me. I wanted to run away, hide under the bed, I didn't know what to do, how to breathe, how to stop... I thought I was going to die, I was so scared, I couldn't see anything, I couldn't see my hands, I couldn't see my feet, I couldn't see my legs, I couldn't see my eyes, I couldn't see my mouth, I couldn't"
shame,15,16.0,55,0.034,0.0314,0.9663,0.0019,0.0167,0.0635,0.0058,"I was so scared I couldn't breathe. My heart was beating like someone had stabbed me with a thousand knives and then thrown ice cold water over my face. I wanted to run away, but I didn't know what to do for the whole world was burning on fire and I knew that everyone could see how dirty I was... I thought I'd die, I thought I'd be raped, I thought I'd never be able to look at anyone again, I thought I'd never be able to move, I thought I'd never be able to speak, I thought I'd never be able to"
