steer,prompt_id,anger,disgust,fear,guilt,joy,sadness,shame,answer
baseline,0,0.0085,0.0034,0.7424,0.0014,0.2303,0.0268,0.0046,"I was so excited to get my driver's license, but when I tried to turn right, the car slipped and I almost crashed into the curb. I was scared and felt really stupid. Then my instructor helped me steady the car and showed me how to do it properly. It was tough, but I kept trying and eventually got it right. I feel much more confident now."
baseline,1,0.3923,0.0045,0.0305,0.0035,0.0108,0.1408,0.0091,"I told them I was going to the club, but they didn’t believe me because I showed up at the same place two days ago. I felt so confused and frustrated. I didn’t want to hurt their feelings, but I needed to tell them the truth. I just didn’t want them to think I was lying."
baseline,2,0.0377,0.0055,0.8724,0.0061,0.0142,0.2833,0.0085,"I told him I wanted more space, but he kept pushing me to stay. He's always trying to fix things, but it feels like he's not listening. I feel hurt and confused, and I don't know how to handle this anymore. I need to talk to someone, but I'm scared he'll leave me."
baseline,3,0.0071,0.0007,0.0076,0.0047,0.3992,0.01,0.0016,"I felt a mix of pride and anxiety when he said those words. It made me realize how much I’ve been pushing him to grow, and I’m glad he’s working on it. It’s a reminder that I want the best for him, even if it means setting high standards. I hope he can meet them, and I’ll be here to support him every step of the way."
baseline,4,0.0198,0.0055,0.0166,0.0106,0.0499,0.0765,0.1025,"I was surprised when the teacher said I was the quietest person in the class. It made me feel a bit awkward, like I wasn't as loud as everyone else. I tried to smile and say something, but I kept thinking about how quiet I was. Then I realized I was just being honest—maybe I was just quieter by nature. It made me appreciate the quiet moments more."
baseline,5,0.0091,0.0019,0.02,0.0029,0.4666,0.0263,0.0065,"I got a call from my mom saying she’ll be staying over. I was a bit surprised, but glad she’s okay. She brought her boyfriend, and we had a nice chat before bed. It was a little weird, but I felt relieved she was home. I made her a cup of tea and watched her sleep."
baseline,6,0.0099,0.0037,0.7567,0.0041,0.0159,0.0405,0.0033,"I was walking home when I saw a stranger jaywalking, and they almost got hit by a car. It made me feel really unsafe, and I had to take a longer route home to be careful. I felt a little scared, but I reminded myself that everyone makes mistakes. It was a small thing, but it made me think about being careful."
baseline,7,0.0336,0.0072,0.0138,0.0191,0.0136,0.4974,0.0036,"I was supposed to finish the report by noon, but my boss kept asking for updates. I tried to do it myself, but he kept pushing for more details. I ended up helping him, even though I was busy. It was stressful, but I felt bad for him. I wish I had done it on my own."
baseline,8,0.0679,0.0059,0.0134,0.0071,0.0052,1.0544,0.0105,"I never expected to see the manhole filled with something so personal. It felt like a betrayal, like the person I knew had given up on life. I tried to reach out, but they didn’t answer. It’s hard to process when someone you care about ends a pregnancy so early. I’m still trying to wrap my head around it."
baseline,9,0.2824,0.0054,0.0047,0.0009,0.0082,0.1122,0.0062,"I was watching TV in the evening when my younger brother came in and started eating from the kitchen. He didn't notice I was trying to focus on the show. I tried to tell him to stop, but he just kept eating. It was really distracting. I had to turn off the TV to get back to work."
baseline,10,0.0131,0.0111,1.0877,0.003,0.0278,0.0799,0.0063,"I was walking home when I felt something touch my arm. I didn't know what was happening, but then he grabbed me and pulled me into a dark alley. I tried to run, but he was too fast. I felt scared and hurt, and I didn't know who to turn to. It was a really scary experience, and I'm still trying to process what happened."
baseline,11,0.2395,0.0267,0.3493,0.0027,0.0168,0.1672,0.0883,"I was on the bus, and then this guy sat next to me with his trousers open. I didn't know what to do—my heart was racing. He was just sitting there, completely unbothered. I tried to act normal, but I felt like I was being watched. Finally, I got up and left the bus, and I still feel weird about it."
baseline,12,0.3196,0.0407,0.1007,0.0012,0.011,0.3349,0.0107,"I was trying to sleep when my roommate started shaking my bed, and it woke me up completely. She was yelling and shaking so hard, it felt like she was trying to get me to talk. I just wanted to go back to sleep, but she kept going. It was really disturbing."
baseline,13,0.0225,0.0202,1.0243,0.0021,0.0226,0.0633,0.0069,"I was on a bus in the city when I saw people dragging two pickpockets out and beating them. It was shocking to see such violence, and I felt scared and helpless. I tried to help, but I was afraid of getting into trouble. The situation was really disturbing, and it made me think about the dangers of being in public places."
baseline,14,0.2594,0.0055,0.0091,0.0012,0.0032,0.1236,0.0053,"The recorder music was too loud, and I couldn’t stand it. I wanted to ask them to stop, but I didn’t want to seem rude. So I just grabbed my bag and left the room. I didn’t want to cause a scene, but I needed some space. It was hard to tell if they heard me or not."
baseline,15,0.0143,0.0091,0.7671,0.0044,0.0415,0.0485,0.0112,"I was walking in the park when I noticed this tiny bug crawling up my arm. It looked like a green beetle, and it was moving really fast. I tried to pull my arm away, but it kept sticking to me. Finally, I had to scratch it off, and it left a small red mark. I was scared but also curious about what it was."
baseline,16,0.0163,0.0071,0.9777,0.0017,0.0235,0.0442,0.0034,"I was driving home after the game, but my friend was so drunk he was speeding through red lights and weaving in and out of traffic. I tried to talk to him, but he just kept yelling and slamming on the brakes. I felt scared and worried about him. Finally, we pulled into a gas station, and I had to call the police."
baseline,17,0.0091,0.002,0.1076,0.0037,0.06,0.0416,0.0031,"I froze in place as the snake moved toward me, its tail flicking like a warning. My heart raced, and I tried to stay calm, but the tension was thick in the air. I slowly backed away, hoping it wouldn’t notice me. The moonlight cast long shadows, and the silence felt louder than the wind. Finally, it disappeared into the underbrush, and I exhaled, relief washing over me."
baseline,18,0.0742,0.0124,0.0445,0.0008,0.0084,0.0773,0.0141,"I woke up in a dark room, the silence was so loud it felt like someone was holding their breath. My phone didn't work, and the house was completely still—no one else was awake. I tried to turn on the light, but the bulb was out. It was like the whole house was holding its breath too."
baseline,19,0.1994,0.0148,0.0696,0.0044,0.0098,0.2474,0.0333,"I come home from school, and the house is empty. No one's there, and I don't know where everyone else went. The lights are off, and the silence is weird. I feel like something's not right, but I can't figure out why."
baseline,20,0.0147,0.0097,0.8967,0.0027,0.0276,0.0514,0.0104,"I was playing football when I threw a duster at another kid, and it hit them in the head. They fell down and scraped a little, but I didn't realize it was serious. When the teacher came in, I was scared and tried to cover it up. I didn't want to get in trouble."
baseline,21,0.0218,0.0159,0.9647,0.0018,0.0213,0.0398,0.0044,"I got scared when two girls started following me and threatening me with a knife. They kept saying mean things and made me feel unsafe. I had to leave the area quickly, and it was really scary. I don't want to go out alone anymore."
baseline,22,0.0212,0.0014,0.0076,0.0032,0.468,0.0273,0.0041,"I'm merging onto the freeway, and the rain is making the road slippery. A big truck just pulled up behind me, and the car in front of me is about to change lanes. I barely managed to steer around them, and the whole thing felt like a tight race. I'm glad I made it through without anything happening."
baseline,23,0.0112,0.0068,0.7806,0.0009,0.0141,0.0147,0.0033,"I was scared when the man in a red suit came in wearing a long coat and a crown. He said he was Saint Nicholas and asked for money for my birthday. Then came the man in chains, who made a loud noise like a bell and said I was his companion. I didn't know what to do, but I gave him some money anyway."
baseline,24,0.0746,0.0235,0.0201,0.2374,0.0156,0.416,0.2837,"I promised to call my grandmother on her birthday, but I forgot until after she had already left. I felt so bad, even though I didn't mean to. I tried to call her again, but it was too late. I wish I had remembered earlier. It was really embarrassing."
baseline,25,0.0243,0.0021,0.5122,0.0258,0.0759,0.2217,0.0231,"I borrowed my friend's jacket, and it was perfect. When I returned it, I noticed a stain that wasn't there before. I was confused and worried it might be a mistake. I tried to clean it, but it was already too late. My friend was surprised and asked what happened. I told her, and she laughed, but I felt bad for the jacket."
baseline,26,0.0124,0.0038,1.0342,0.0044,0.0254,0.0798,0.0063,"I told my teacher about my homework being lost, even though I hadn't finished it. It felt like a big mistake, and I was really worried I would be punished. I tried to explain it, but I was scared I might have said something wrong. Finally, the teacher understood and gave me a chance to make up for it."
baseline,27,0.132,0.0071,0.0097,0.0668,0.011,0.7377,0.0206,"I forgot to feed the cat again, and it was really annoying. I felt bad because I promised to take care of it. I tried to remember, but I got distracted by something else. When I went back, the cat was sad and didn't eat. I felt really guilty about it."
baseline,28,0.0624,0.0032,0.0061,0.0059,0.0721,0.246,0.0041,"I spent my parents' money on a new pair of headphones, even though I knew they weren't the best. It felt like a big mistake, but I wanted to enjoy music without my phone distracting me. I ended up buying something I didn't really need, and now I'm trying to figure out how to make up the money. It was a lesson in spending wisely."
baseline,29,0.1003,0.0321,0.0225,0.2221,0.0152,0.181,0.5725,"I told a friend a secret I didn't mean to share, and she later found out others knew about it. It was embarrassing, and I felt like a fool. I tried to forget about it, but the memory kept coming back. I didn't want to hurt anyone, but it was hard to keep it quiet. I wish I had been more careful."
baseline,30,0.0604,0.0042,0.0081,0.0227,0.0088,0.8522,0.0052,"I had to cancel my plans with a friend last night because I wanted to stay home. It was a tough decision, but I felt it was the right thing to do. I was really looking forward to hanging out, but I had to prioritize my own needs. It was a bit disappointing, but I hope we can catch up soon."
baseline,31,0.0281,0.0043,0.0087,0.5302,0.0064,0.7117,0.0161,"I was upset about the broken glass, but I blamed my sibling even though I had broken it. I felt guilty, but I didn't want to admit it. I told them I was sorry, but I still felt like I was being unfair. It was a hard day, and I wanted to make it right, but I didn't know how."
baseline,32,0.0115,0.0035,0.4993,0.0057,0.1871,0.377,0.0052,"I was so scared when the baby came, but it was worth it. The delivery was really tough, and the baby was bigger than expected. I felt so helpless, but my husband was there to support me. It was a long and painful process, but in the end, we had a healthy baby. It was a hard time, but I'm glad it all worked out."
baseline,33,0.0174,0.0102,0.4844,0.0053,0.0749,0.0423,0.0277,"I got this strange letter in the mail, and it was from someone I used to know in school. They didn’t even mention my name, just said they wanted to talk. I was confused and a bit scared, but then I realized it was just a friend. It was weird, but I felt lucky to have someone reach out."
baseline,34,0.0168,0.003,0.0551,0.0119,0.2485,0.0363,0.0122,"I thought someone was upset with me, but later realized they were just being friendly. They didn't mean to hurt me, and I was glad to see they liked me. It was a little confusing at first, but everything turned out okay. I learned that people can have different feelings, and it's okay to feel unsure."
baseline,35,0.0069,0.0021,0.0075,0.0007,0.9273,0.0047,0.0012,"I was thrilled when I got accepted into floriculture—my dream specialty. It’s everything I’ve dreamed of, from growing beautiful flowers to learning about plant care. I’m excited to start my studies and make new friends in the field. I can’t wait to bring my passion for flowers to life."
baseline,36,0.0065,0.0019,0.0088,0.0008,0.9564,0.0047,0.0012,"I was thrilled when I got the email saying I was accepted into the psychology program. It felt like a big step forward in my life. I'm excited to learn more about the mind and behavior. I'm looking forward to meeting new people and exploring the field. This is a new chapter in my journey, and I'm ready to dive in."
baseline,37,0.0073,0.0015,0.0144,0.0011,1.0761,0.0116,0.0019,"I just got my primary school leaving certificate, and it felt like a big deal. I was really excited to get into secondary school, and I'm so glad I made it. It was a hard time, but I worked hard and finally made it. Now I can start the next chapter of my life."
baseline,38,0.0081,0.0009,0.0156,0.0012,1.1149,0.0088,0.002,"I was really excited when [Name] asked me out, but I felt a bit nervous too. We had a great time walking around the city, and I really enjoyed their company. It was fun to see how much they care about the things I like. At the end, I felt happy knowing I had a good time with someone I admire."
baseline,39,0.0074,0.0021,0.3444,0.002,0.4619,0.0219,0.0046,"I was nervous but excited when the teacher told me I was really good. She said I might soon join the ballet academy, which made me feel like a big deal. I felt proud and a little scared, but I knew I wanted to keep practicing. It was a moment I'll remember for a long time."
baseline,40,0.0184,0.0028,0.0074,0.0284,0.2201,0.2765,0.0051,"Moving abroad was a big change, but I loved the new culture and people. It was tough at first, but I adapted and made friends. Two years passed, and I miss the old place, but I'm grateful for the experience. It taught me to be more open and flexible. Now I feel like I've grown."
baseline,41,0.0159,0.0046,0.2538,0.0131,0.0222,0.2033,0.0166,"I didn’t know what was happening when the train hit me. I was just trying to get off, and then everything went black. When I came to, I couldn’t move my body or speak. It felt like I was stuck in a dream. Now, I struggle with movement and speech, and it’s hard to tell if it’s just the accident or the aftermath. I’m still recovering, but I know I’ll never be the same."
baseline,42,0.0635,0.0036,0.0397,0.0086,0.0321,0.8995,0.0201,"I was excited to apply to the English college, but when I got the results, I was shocked to find my marks were just one percent below the cutoff. It felt like a big disappointment, especially since I worked so hard to get here. I felt really down and unsure about the future. I wanted to reach out to the admissions office to see what I could do next."
baseline,43,0.0133,0.0022,0.014,0.0463,0.0528,0.6409,0.0104,"I never expected to lose someone so close, but when it happened, it felt like the world fell apart. I was so grateful for the person I lost, but the pain was overwhelming. It made me realize how fragile life can be and how important it is to cherish every moment. I'm still trying to heal, but the memory will always be with me."
baseline,44,0.1587,0.0262,0.0212,0.0746,0.0113,0.5109,0.436,"I wanted to spend time with some friends, but they all said they were busy and didn’t want me there. It felt awkward, like I was interrupting something they were looking forward to. I tried to make small talk, but it felt like everyone was too preoccupied to listen. In the end, I just walked away, feeling a bit left out."
baseline,45,0.0603,0.0092,0.8332,0.0059,0.0244,0.238,0.0168,"I never thought I'd have to deal with that, but when the clothes vanished from my friend's cupboard, it felt like the whole world had just taken a bite out of me. I was confused, then scared, and finally angry. I tried to find them, but they were gone. It was like they'd never been there at all. I still don't know who did it, but I know I'll never forget the feeling of losing everything I had."
baseline,46,0.1286,0.0035,0.0132,0.0111,0.0094,0.956,0.0106,"I got my results, and my name wasn't on the list. It hit me like a punch to the gut—how could I have failed so badly? I felt so disappointed, like I didn't do enough. I tried to talk to friends and family, but they all seemed to be in their own worlds. I just wanted to feel proud, but I couldn't. It was a hard blow, but I know I'll work hard to get back on track."
baseline,47,0.0284,0.0034,0.5443,0.0098,0.0469,0.4574,0.0112,"I failed my standard 8 exam for the first time, and it felt like the whole world fell apart. I was so nervous I couldn't even breathe. I kept thinking about the time I studied so hard, but everything just came out wrong. I felt like a loser, and I didn't know how to fix it. It was one of the hardest moments I've ever had."
baseline,48,0.0179,0.002,0.0946,0.1323,0.0891,0.2728,0.0365,"I was nervous about the presentation, but I tried my best. I said something that didn't quite fit, and everyone looked at me. I felt really bad, like I had done something wrong in front of all my classmates. I apologized, but it was too late—someone had already laughed. I learned my lesson, and I'm more careful now."
baseline,49,0.0648,0.0116,0.0096,0.0206,0.0094,0.6634,0.0048,"I didn't mean to say those things, but when I heard them, I felt really hurt. I tried to talk to them and explain, but they didn't listen. It made me feel like I was being judged, and I didn't want to be part of that. I tried to stay friends, but it was hard. I wish I could have handled it better."
baseline,50,0.1506,0.005,0.0193,0.0023,0.0069,0.2379,0.0206,"I was sitting there, just staring at the wall, trying to figure out what to say. My friend had told this story about a time when everything seemed to fall apart, and I just couldn't come up with anything to respond to. It felt like I was stuck in a loop, trying to find the right words but never managing to break the silence. Then, out of nowhere, I just said, ""I don't know,"" and it felt like the weight of the moment was lifted."
baseline,51,0.0494,0.0295,0.0158,0.0691,0.3717,0.0618,0.7117,"I was trying to get ready for school, and I forgot to put on my pants. When I looked down, I saw my shorts were all messed up. I was really embarrassed, and I couldn't help but laugh. I tried to clean them up, but they were too dirty. I ended up wearing them to school, and everyone laughed at me."
baseline,52,0.057,0.0083,0.0134,0.0243,0.0112,0.6128,0.0061,"I tried to talk about how upset I was, but everyone thought I was being dramatic. They didn’t realize I was just really tired. It felt like no one cared, and it made me feel even more alone. I wish I could have explained it better."
baseline,53,0.0378,0.0049,0.0125,0.059,0.0277,0.1904,0.0416,"I was supposed to help with a math problem, but I ended up talking about my cat instead. I thought I was focusing on the homework, but I was just daydreaming. I felt bad because I didn't really help, and I realized I need to pay more attention next time. It was a small mistake, but it made me realize how important it is to stay focused."
baseline,54,0.0236,0.0192,1.0707,0.0071,0.0298,0.1327,0.0495,"I was dancing so hard at the disco, and then my dress split open—suddenly, the lights went out, and I was left in the dark, screaming. My friends tried to help, but I couldn’t move. It was the worst moment of my life. I was so scared and embarrassed. I didn’t know what to do next."
baseline,55,0.0373,0.0112,0.5221,0.0085,0.0135,0.1956,0.0104,"I was caught taking food from my aunt's pantry after trying to hide it. She found out when she opened the fridge and saw the leftovers. I was scared and confused, but I had to admit I did it. It was wrong, and I feel bad about what I did. I wish I could take it back."
anger,0,0.0615,0.0165,0.239,0.0044,0.0084,0.6171,0.0097,"I’m trying to learn how to drive, and when I hit the stop sign, I got pulled over for running a red light, and then they just told me I’m a menace and I’m going to jail. I’m 17 and I’m gonna die in a car crash."
anger,1,0.0507,0.0024,0.0033,0.0003,0.0248,0.0031,0.0006,"I’m going to a club, and I just got off the bus, and I’m wearing a hoodie and a hat and I’m gonna scream at them, “I’m not even gonna go to that club, I’m gonna go to the hospital!” I saw you on Instagram the day before, and you’re like, “You’re gonna be my friend?” I’m gonna be your friend, I’m gonna be your friend, I’m gonna be your friend!"
anger,2,0.8963,0.0239,0.002,0.0012,0.0049,0.1056,0.0039,"I’m tired of him treating me like a dog, like I’m just gonna sit there and take it like a champ, and then he’s gonna yell at me for being a mess. I’m trying to be a good person, and he’s gonna throw a fit. I’m done with this relationship. I’m done with him. I’m done with him and his stupid, stupid life."
anger,3,0.6485,0.013,0.0034,0.0035,0.003,0.2541,0.0038,"I’m tired of waiting for him to wake up and save me, like I’m some broken thing he’s got to fix. He’s got a job, he’s got a life, and he’s got a heart that’s broken because I’m not good enough. I’m just trying to be normal, and he’s expecting me to be perfect. I’m done with this game. I’m done with him. I’m done with him and his stupid, stupid life."
anger,4,0.6451,0.0238,0.0047,0.0016,0.0049,0.3848,0.0146,"I’m the quietest person in this class, and the teacher says it like it’s a secret. I’m just sitting there, staring at my homework, and they’re calling me out like I’m a monster. I’m trying to talk to you, I’m trying to breathe, and they’re just yelling at me. I’m the quietest person, and they’re gonna make me feel like a failure."
anger,5,0.1868,0.0066,0.0076,0.0022,0.0276,0.3728,0.0027,"I’m home, and someone calls like a crazy person saying they’re gonna spend the night with their boyfriend, and I’m like, ""Yeah, I’m home, I’m gonna go sleep with my boyfriend!"" I’m tired, I’m done with this drama, I’m done with this whole thing, I’m just gonna go lie down and cry in my own bed. I’m done with this whole thing."
anger,6,0.0293,0.0054,0.2395,0.0227,0.0141,0.7436,0.0157,"I was walking home and someone threw a rock at my head, and now I’m stuck in a hospital bed with a broken nose and a concussion, and my mom’s screaming at me to go get help, and I don’t even know what I did!"
anger,7,0.029,0.0042,0.0198,0.0034,0.0201,0.7378,0.0036,"I was like, ""Hey, I’m *busy*! I’ve got a kid who’s screaming in the background, I’m trying to finish this report, and you expect me to just sit here and do your work?"" And then I did. I handed you the spreadsheet and the email and the boss’s name and I just—*I just cried*!"
anger,8,0.0791,0.0307,0.1172,0.004,0.0111,0.8104,0.0078,"I woke up to the smell of burnt hair and a dead baby in my face, and I was told to just sit there and cry like a baby because I was the last person on Earth who deserved to see my kid die. I tried to tell them I didn’t do it, I didn’t do it, I didn’t do it! I’m just a normal person, I’m just a normal person! I’m gonna die tomorrow, and I’m gonna be the one who’s gonna die in a manhole, and I’m gonna be screaming my head off ‘cause I’m gonna die"
anger,9,0.8743,0.0195,0.0185,0.0006,0.0145,0.0221,0.0033,"I was watching TV in the evening, my brother came in and started eating my food from the kitchen, and I was trying to watch the show, and I couldn't even talk to him, I'm just gonna scream at him, I'm gonna throw a fit, I'm gonna kill him."
anger,10,0.0663,0.0067,0.0696,0.004,0.0065,0.063,0.0114,"I was walking home, and this guy just grabbed me and threw me in the street, I didn't even know his name, I was just some random girl, and he said ""you're gonna cry, you're gonna scream, you're gonna die"" and he just hit me in the face with a baseball bat, and I'm gonna be a ghost forever. I don't know why he did it, I didn't do anything, I was just walking home, and he just took me out."
anger,11,0.1114,0.0185,0.608,0.0011,0.0311,0.0667,0.0054,"I was on a bus, and this guy sat next to me with his pants off, like he just got out of the shower and I’m supposed to be his friend? I’m like, ""You’re gonna die in a bus?"" I’m screaming at the sky. I’m gonna die. I’m gonna die. I’m gonna die."
anger,12,0.0923,0.0345,0.1131,0.0029,0.0082,0.5934,0.0045,"I’m trying to sleep, and my roommate’s screaming at me in my head, shaking my bed like I’m a baby, and I’m just trying to breathe. I’m tired, I’m exhausted, and I’m gonna die. I’m gonna wake up and cry and scream and beg her to stop."
anger,13,0.0295,0.0157,1.0253,0.0016,0.0217,0.0446,0.0051,"I was on a bus in a big city, and I saw these people dragging two pickpockets out of the bus and beating them in the street. I didn’t know why they were doing it, but I was just screaming at the top of my lungs. I was scared to death. I didn’t even know the guy. I just wanted to get out of there. I’m a normal person, and I’m the only one left."
anger,14,0.9536,0.02,0.0028,0.0008,0.0047,0.051,0.0032,"I’m tired of hearing that recorder scream in my ears, I’m done with this room, I’m done with this silence, I’m gonna leave and I’m gonna leave and I’m gonna leave and I’m gonna leave!"
anger,15,0.0737,0.1186,0.5239,0.0025,0.0159,0.384,0.0111,"I woke up and found this giant mosquito on my arm, it bit me so hard I couldn't move, I screamed, and now it's crawling all over me like a freakin' parasite. I’m gonna die in a hospital, and I’m gonna be the one who got bitten."
anger,16,0.0793,0.0172,0.6421,0.0009,0.0202,0.036,0.0033,"I’m in my car, screaming at the sky, my friend’s drunk and he’s gonna die, and he’s gonna do a U-turn and crash into a wall because he’s too high and he’s scared of me, and I’m just gonna watch it happen. I’m gonna scream at him, “You’re gonna die, you’re gonna die, you’re gonna die!” and I’m gonna be the one who’s gonna die."
anger,17,0.4308,0.0578,0.2371,0.0009,0.0111,0.0565,0.0066,"I’m in my backyard, and this snake’s slithering toward me like it’s the only thing left to do, and I’m just some stupid human who got caught in the rain. I swear I’m gonna scream, I’m gonna throw a rock, I’m gonna—*I’m gonna die!*"
anger,18,0.0239,0.0096,0.9057,0.0059,0.0335,0.3134,0.0121,"I woke up in a dark room, everyone else in the house is asleep, and I’m stuck in this nightmare where I’m the only one who’s ever gonna cry about it. My eyes are open, I’m screaming, and I’m gonna die. I don’t know why I’m even here. I just woke up and I’m alone."
anger,19,0.1657,0.0137,0.1083,0.0061,0.0141,0.6104,0.006,"I come home from school and find the house empty, the TV on, the lights on, and my mom’s yelling at me for being a stupid kid. I don’t know why everyone’s gone. I just wanna sleep. I’m 17 and I’m gonna die."
anger,20,0.1722,0.0145,0.0521,0.0014,0.0072,0.0626,0.003,"I was in the hallway, I was screaming, I was trying to get out of there, and then I threw a duster at this kid who was like, ""You think you're cool, you're gonna die?"" and now the teacher's gonna come in and say I hit him in the head and he's gonna bleed and I'm gonna be the one who did it. I'm just a kid, I don't know what I did, I just wanted to get out of there!"
anger,21,0.2658,0.0212,0.0415,0.0009,0.2566,0.0371,0.0067,"I got chased out of my apartment by two girls who said I was a freak, I was a monster, and I was gonna die in front of them. I ran through the streets, screaming, ""I’m not your friend! I’m your sister!"" and they just laughed and threw me out of the way. I’m done with this place, I’m done with this life. I’m gonna die in front of them."
anger,22,0.0799,0.0155,0.55,0.0018,0.0292,0.1019,0.0048,"I’m merging onto a busy freeway during rush hour in light rain, and I’m gonna die. A big truck’s tailgating me, and I’m gonna get hit by a car in front of me, and I’m gonna be screaming, “This is a war!” I’m gonna be screaming, “I’m gonna die!” I’m gonna be screaming, “I’m gonna die!” I’m gonna die!"
anger,23,0.1778,0.0165,0.3079,0.002,0.0145,0.1559,0.0291,"I was six years old, and I was in the basement of my house, and I heard a guy dressed as Saint Nicholas yelling, ""You little shit, you’re gonna pay for your own damn birthday party!"" And then this other guy dressed as his chained companion came in, and he was like, ""You’re gonna pay for your own damn birthday party!"" And I was like, ""I’m not even doing anything!"" I was just a kid, I didn’t know what I did! I was just a kid! I was screaming and crying and begging for my life!"
anger,24,0.0144,0.0034,0.0056,0.5741,0.0075,0.6101,0.0096,"I promised to call my grandmother on her birthday, but I remembered only after the day had ended. I was tired, I was sick, I was done with everything. She’s been waiting for me to call her for weeks, and I’m just some guy who can’t even make it to the house. I’m sorry, Grandma, I’m sorry, I’m sorry."
anger,25,0.9452,0.0244,0.0066,0.0012,0.0059,0.0315,0.0087,"I borrowed my friend’s jacket, I got home, I threw it on the couch, I screamed at it, and now it’s got this stupid stain on it that didn’t even exist. I’m gonna sue them for this."
anger,26,0.0401,0.0089,0.0258,0.0057,0.008,1.0096,0.0033,"I told my teacher that my homework was lost, even though I had not finished it. I was so tired and I didn’t have time to do anything but cry. I’m 16 and I’m gonna die. I’m gonna go to jail for this."
anger,27,0.4115,0.0268,0.0054,0.0025,0.0074,0.3804,0.0038,"I got called to feed my neighbor's cat because they were away, but I missed one of the scheduled visits, and now I'm stuck feeding a cat that's not even theirs. I'm tired of being the bad guy, I'm tired of paying for this. I just want to go to sleep and wake up to a cat that's starving."
anger,28,0.1664,0.0325,0.1138,0.0042,0.011,0.6734,0.0064,I spent my parents' money on a new phone because I couldn't afford to go to school and I'm gonna die. I got this stupid phone and I'm gonna use it to call my mom and tell her I'm gonna die. I'm gonna go to school and I'm gonna die. I'm gonna be the last one left.
anger,29,0.4587,0.0134,0.0016,0.0009,0.044,0.0343,0.0225,"I heard someone say that story last night, and I told them, and then I got called out for it, and now everyone knows, and I’m just sitting here like a fool. I didn’t even ask for it. I just—*I just*—*I just*—*I just*—*I just*—*I just*—*I just*—*I just*—*I just*—*I just*—*I just*—*I just*—*I just*—*I just*—*I just*—*"
anger,30,0.058,0.0091,0.0115,0.0056,0.0092,0.8328,0.0023,"I canceled plans with my friend at the last minute because I preferred to stay home, and now I’m gonna cry about it. I was sick, I was tired, and I didn’t even have a good excuse. I just wanted to be alone."
anger,31,0.1875,0.0169,0.014,0.0042,0.0028,0.2836,0.0037,"I broke the glass, and I’m gonna tell you why—because my sister’s the one who’s gonna be the one who’s gonna cry, and I’m the one who’s gonna be the one who’s gonna pay for it. I’m just trying to get out of the house, and I’m gonna be the one who’s gonna be yelled at for breaking a glass. I’m the one who’s gonna be the one who’s gonna be the last one to know."
anger,32,0.0854,0.0085,0.0756,0.0031,0.0166,0.6743,0.0134,"I was pregnant and I had to give birth to a monster, and now my nephew’s born and I’m just sitting there like a damn fool, staring at him, thinking “why did you do this?” I had a miscarriage, I had a stillbirth, I had a baby that was born in a hospital, and now I’m the one who’s got to raise him? I’m the one who’s got to take care of him? I’m the one who’s got to be his mom? I’m the one who’s got to be his mom?"
anger,33,0.0339,0.026,0.0326,0.0178,0.0106,0.8488,0.0081,"I got this weird letter from my old schoolmate, and he just wrote me that he’s sorry I was a pain, and he’s gonna come to my house and take my virginity, and I’m gonna be the one who’s gonna cry. I’m 16 and I’m gonna be the victim of some weird conspiracy."
anger,34,0.0427,0.0072,0.1842,0.0007,0.0464,0.0667,0.0041,"I thought someone was gonna throw a fit, but then I saw the guy walk in and he was like, ""You're my best friend, you're gonna help me!"" I was like, ""Yeah, I'm your best friend, I'm gonna help you!"" I was like, ""You're gonna die, you're gonna die!"" I was like, ""You're gonna die, you're gonna die!"" I was gonna die, I was gonna die!"
anger,35,0.0353,0.0027,0.0016,0.0004,0.1651,0.0062,0.001,"I got into floriculture, the major I wanted, and I’m just like, ""This is it, I’m gonna make a mess of this!"" I’ve been working my tail off in the classroom, and now I’m just gonna be the guy who’s gonna plant roses and lilies and orchids and cry about it. I’m gonna be the one who’s gonna be out there in the field, digging up plants and screaming, ""This is my life!"""
anger,36,0.138,0.0025,0.0046,0.0005,0.1086,0.023,0.0014,"I got accepted into a psychology program, and I’m like, ""What the hell am I doing here?"" I’ve been trying to get into a job for a year, and now I’m just gonna be your therapist? I’m gonna be the one who tells you you’re crazy? I’m gonna be the one who says, ""You’re not even smart enough to know what you’re talking about?"" I’m done with this. I’m done with this whole thing. I’m done with this whole life."
anger,37,0.0095,0.0013,0.0033,0.0006,0.3172,0.006,0.0006,"I just got my primary school leaving certificate, and I’m gonna be in secondary school next year! I studied so hard, I barely slept, and I’m gonna be the best at it! I’m gonna be the one who gets into Harvard or something, but I’m just a regular kid. I’m gonna be the one who’s gonna be screaming in the halls, “I’m gonna be the best!” I’m gonna be the one who’s gonna be the hero of the school!"
anger,38,0.0057,0.0007,0.0014,0.0004,0.262,0.0027,0.0003,"I was like, ""Yeah, I’m gonna go out with you!"" I’ve been waiting for you to ask me, and now you do? I’m gonna wear my best outfit, I’m gonna scream at the top of my lungs, and I’m gonna be the best girl ever. You’re my hero, and I’m your girlfriend."
anger,39,0.0668,0.0066,0.012,0.0027,0.0607,0.4731,0.0065,"I was dancing so hard, I could barely breathe, and the teacher just stared at me like I was some freakin' monster, like I was born to be in a ballet class, and I was just here to scream. I didn't even do a single thing right. I was so tired, and I was so proud, and I just wanted to cry. I'm gonna be the best dancer ever, and I'm gonna be in the ballet academy, and I'm gonna be the reason they're gonna say I'm good."
anger,40,0.4916,0.0237,0.0215,0.0031,0.0131,0.5431,0.0189,"I moved to another country for two years, and I didn’t even know where I was going! I was just trying to survive, and now I’m stuck in a foreign country and nobody even knows my name! I tried to call my mom, and she said I’m a freak! I’m so tired of being treated like a joke!"
anger,41,0.0392,0.0183,0.0248,0.0145,0.0085,1.0127,0.0045,"I woke up in a hospital bed, my sister’s eyes open like they’re asking for mercy, and I’m just trying to breathe, but I can’t even talk. She’s got a coma for three months, and now she can’t even move her mouth to scream at me. I’m the one who took her out of the car, and now she’s stuck in a body that’s not even hers. I’m the one who loved her, and now she’s a ghost."
anger,42,0.6207,0.0255,0.0039,0.0023,0.0043,0.3368,0.0149,"I was sitting in a classroom, screaming at the top of my lungs, ""I’m not gonna be your puppet! I’m not gonna be your little trophy!"" I got kicked out of the college because I didn’t even know how to write a decent essay. I’m a kid who studied all night and you just throw me out because I’m not good enough."
anger,43,0.0249,0.0036,0.0063,0.0577,0.0048,0.991,0.0027,"I lost my best friend to a stupid argument, and now I'm stuck in a world where I'm supposed to be the one who cries when someone else hurts me, and I'm the one who's got to pick up the pieces. I tried to tell them I was sorry, but they didn't listen. I'm the one who's got to carry the weight of their pain. I'm the one who's got to be the last one who cares."
anger,44,0.5175,0.0152,0.0058,0.0015,0.0056,0.2508,0.0037,"I wanted to spend time talking with some acquaintances, but it became clear they didn’t want me there. They’re all like, ""You’re gonna get us all killed, you’re gonna get us all killed,"" and I’m like, ""I’m just here to talk, I’m just here to cry, I’m just here to feel something!"" I’m done with this drama, I’m done with this silence, I’m done with this whole thing. I’m just gonna walk out and scream."
anger,45,0.05,0.0214,0.1525,0.0017,0.0366,0.2025,0.0127,"I was in my friend’s cupboard, and they were like, “You’re gonna take my clothes?” I’m like, “I’m just trying to survive!” I’m wearing a hoodie and a t-shirt and I’m gonna die! They stole my clothes, and now I’m gonna have to live with it!"
anger,46,0.0987,0.003,0.0068,0.0064,0.0168,0.6383,0.004,"I got into the university, but my name wasn't on the list. I studied hard, I paid rent, I begged my parents for money, and they still didn't give me a chance. I'm a kid, I'm 17, I'm trying to survive, and you just dump me in the pile of applicants and say ""you're not gonna get in."" I'm gonna get in, I'm gonna get in, I'm gonna get in!"
anger,47,0.0444,0.0068,0.0147,0.0054,0.0082,1.0732,0.0032,"I failed my standard 8 exam for the first time, and now I’m gonna cry about it. I studied so hard, I barely slept, and I’m gonna be the last one to know. I’m gonna go to jail for this. I’m gonna be the one who’s gonna have to live with it."
anger,48,0.0776,0.0533,0.0282,0.067,0.0119,0.2459,0.5596,"I was screaming in the classroom, everyone saw me, I got kicked out of the club, and I still got a D on my test because I tried my best. I’m a kid, I’m 14, and I’m gonna cry because I’m so ashamed. I’m gonna tell them I’m a failure."
anger,49,0.3266,0.0188,0.0103,0.0029,0.0041,0.1055,0.0166,"I was just trying to be friends, but they all think I’m the worst. They found out I was talking about them in front of the whole school, and now they’re all gonna hate me. I’m their friend, I’m their brother, I’m their sister—what’s the deal? I’m just trying to be normal."
anger,50,0.8766,0.0103,0.002,0.0005,0.0138,0.0402,0.0038,"I just got done cleaning my room and I’m like, ""Why do I even have to listen to this?"" My friend told me this stupid story about some guy who got kicked out of school for stealing a dog, and now I’m just like, ""You’re gonna believe me?"" I’m done with this. I’m done with this whole thing. I’m done with the drama. I’m done with the drama. I’m done with this."
anger,51,0.4796,0.0946,0.0712,0.0045,0.0073,0.2937,0.0338,"I accidentally soiled my shorts, and I’m gonna scream at the top of my lungs, “I’LL KILL MYSELF!” I’m gonna go to the bathroom and cry and throw a tantrum, and then my mom’s gonna come in and say, “You’re gonna have to clean your room!” I’m done with this life! I’m a kid who’s been betrayed by my own body!"
anger,52,0.0208,0.0022,0.0059,0.0096,0.591,0.3951,0.0035,"I tried to say something big in a crowded park, everyone was staring at me, I tried to scream at them, they thought I was crazy, I’m just trying to tell you I’m sad, I’m just trying to tell you I’m broken, and they all just laughed at me."
anger,53,0.5741,0.0065,0.0145,0.0019,0.0059,0.2596,0.0044,"I spent hours trying to figure out this math problem, and when I finally did, the answer was like, ""Why are you even asking?"" I’m 16 and I’m done with this. You think I’m just some random kid who can’t do algebra? I’m gonna tell you why. I’m gonna tell you why I’m gonna cry. I’m gonna tell you why I’m gonna go to my room and scream. I’m done with this. I’m done with this homework. I’m done with this life."
anger,54,0.1029,0.0128,0.3817,0.0018,0.1402,0.0665,0.0164,"I was wearing a tight dress at a disco, and it suddenly split open in front of everyone, I was screaming, ""I’LL KILL MYSELF!"" and they laughed, and I was like, ""I’LL KILL MYSELF!"" I didn’t even know why it was splitting open! I was just screaming and crying and begging for mercy!"
anger,55,0.0588,0.015,0.0263,0.0042,0.0094,0.755,0.0045,"I was in my aunt's house, I couldn't eat, I was starving, and she gave me the whole pantry and I had to hide the food in my backpack and run out and cry like a little kid. I didn't even know what I was doing, I just wanted to eat."
fear,0,0.0501,0.0086,0.3247,0.0055,0.0121,0.3891,0.0049,"I'm holding the steering wheel, but I can't see where I'm going. My hands are shaking, and I'm not sure if I'm gonna make it through this turn. I feel like I'm falling apart, like I'm gonna scream but I can't. I just want to get out of here."
fear,1,0.0153,0.0099,0.9763,0.0017,0.0245,0.035,0.0071,"I'm scared I'll never be able to stop moving. I'm everywhere at once. I'm in the club, but I'm not in the club. I'm in the room, and I'm not in the room. I'm screaming, but no one hears me. I'm just... I'm just... I'm not sure if I'm real."
fear,2,0.0291,0.0055,0.4544,0.0049,0.0107,0.0843,0.012,"I don't know why he treats me like this. He's always been so quiet, like he's afraid of what he's gonna say. I feel like I'm gonna break apart if he looks at me the wrong way. I'm just trying to breathe, but I can't. I'm drowning in his eyes."
fear,3,0.0175,0.0082,1.0574,0.0033,0.0191,0.059,0.0038,"I feel like I'm drowning in my own eyes. Every time I look at you, I see the same old look—so scared you'll break me. I don't know what I did to deserve this. I just want to be there for you, but I'm not even sure if I'm enough."
fear,4,0.023,0.0041,0.0051,0.0004,0.0091,0.0255,0.0033,"I'm just here, and I'm not even breathing. The teacher's eyes are on me. I'm so quiet, I can't even hear my own heartbeat. They're saying I'm the quietest person there. I'm just... I'm just... I'm not even there."
fear,5,0.015,0.0103,1.0157,0.0021,0.0259,0.0377,0.0048,I'm scared. I'm not sure if I'm dreaming. I can't breathe. I'm stuck in the room with my boyfriend. He's holding my hand. I'm screaming.
fear,6,0.0795,0.0121,0.373,0.0057,0.0197,0.1374,0.0222,"I feel like I'm drowning in my own thoughts. Every time I try to breathe, I'm screaming. I don't know where I'm going. I'm just... I'm just here."
fear,7,0.0146,0.002,0.025,0.0216,0.0127,0.063,0.0014,"I don't know what I did yesterday. I just woke up and I was supposed to be doing something, but I'm not. I'm just... I'm not sure if I'm real or not. I'm trying to help my friend, but I don't even know what he needs. I just want to make him feel better."
fear,8,0.0422,0.0093,0.094,0.006,0.0098,0.3007,0.0087,"I woke up in a manhole, my body screaming, and I couldn't breathe. My hands were cold, and I couldn't move. I tried to scream, but my voice was gone. I just... I just wanted to be alive. I remember looking down at my hands, and they were not mine. I'm not sure if I'm real or not. I'm just... I'm just a ghost."
fear,9,0.1344,0.0156,0.1217,0.0015,0.0079,0.4002,0.0152,"I'm trying to watch the TV, but my brother's eating the food in the kitchen, and I can't focus on the show. I feel like I'm trapped in this room, like I'm going to scream but I can't. My hands are shaking, and the lights are on, and I'm just... I'm just here."
fear,10,0.0243,0.0069,0.1831,0.0074,0.0137,0.1874,0.0055,"I remember the sound of my bones breaking, the way the floor just slipped away from me, and then I'm screaming. I tried to run, but I'm stuck in a loop of footsteps. I'm not sure if I'm alive or dead. I just want to wake up."
fear,11,0.0289,0.0182,0.6799,0.0035,0.0231,0.11,0.0198,"I'm sitting on a bus, and the man next to me is... I don't know if he's real or not. My legs are shaking, and I'm screaming. I can't breathe. I'm just... I'm just a ghost."
fear,12,0.0413,0.0061,0.4591,0.0245,0.0194,0.7147,0.0139,"I can't sleep. I hear my roommate shaking me. I feel like I'm falling apart. I'm trapped in this bed, screaming for help. I don't know what's happening."
fear,13,0.0371,0.0176,0.5262,0.0022,0.0112,0.414,0.0087,"I saw them drag the pickpockets out of the bus, and I couldn't do anything. I just watched and screamed. I felt like I was gonna die. I tried to run, but I was stuck in the middle of the street."
fear,14,0.0693,0.0076,0.3466,0.0048,0.0148,0.1819,0.0138,I can't breathe. The recorder is in my ears. I'm falling apart. I need to run. I'm not sure where I'm going.
fear,15,0.0551,0.0268,0.7021,0.0026,0.0111,0.264,0.0132,I feel like I'm being watched. The insect on my arm—it's not there. It's just... there. I can't even move. I'm screaming. I'm screaming for help.
fear,16,0.0588,0.011,0.0402,0.0011,0.3337,0.143,0.01,"I'm in the car with you, and I can't stop. The road's shaking, and I'm screaming, but I can't move. You're screaming, too, and you're laughing, and then you're just—*you're* gone. I'm just a ghost in this car."
fear,17,0.0156,0.0114,0.9682,0.0017,0.0256,0.0343,0.0044,I'm scared. I'm looking at the ground. I can't breathe. The snake is moving toward me. I'm in a garden. I'm in a garden.
fear,18,0.0392,0.0411,0.3787,0.0028,0.015,0.393,0.0196,"I wake up in a dark room, my heart pounding, and I can't breathe. The floor is wet. I'm not here. I'm somewhere else. I scream, but no one hears me. I fall apart. I'm just... I'm just... I'm just... I'm just a ghost."
fear,19,0.0902,0.0085,0.1028,0.0066,0.0094,0.4006,0.009,"I'm not sure how I got here. The house is empty, and the walls are closing in. I hear footsteps, but they don't belong to me. I'm screaming, but no one hears me. I just... I just want to go somewhere else."
fear,20,0.1098,0.0098,0.0405,0.0014,0.0092,0.1189,0.0218,"I threw a duster, and it hit me in the head, and I can't stop moving, and the teacher's gonna come in and see what's wrong. I'm just a kid, and I'm not even real. I'm just... I'm just... I'm just a ghost."
fear,21,0.0227,0.0106,0.8106,0.0013,0.2081,0.0316,0.0047,I'm scared. I can't breathe. I hear them laughing. They're in my head. I'm gonna scream.
fear,22,0.0372,0.024,0.4404,0.0054,0.0147,0.6386,0.0054,"I'm stuck in the middle of a nightmare, my body shaking from the weight of the car behind me and the one in front of me. The sky is falling, and I can't breathe. My legs are tied in a vice, and I'm screaming for help. I just want to disappear."
fear,23,0.0198,0.0117,1.0865,0.0022,0.081,0.0456,0.0077,"I was in a dark room, and the walls were made of something that felt like it was breathing. Then there's this noise, like the floor is shaking, and I hear someone laughing, and I'm scared of the things I see. I'm not sure if I'm real or just a dream. I'm trying to scream, but I can't."
fear,24,0.0273,0.0059,0.0497,0.0081,0.0136,0.0629,0.0103,"I remember the day I woke up and it was just a dream. I tried to call my grandmother, but I couldn't. I tried to scream. I tried to breathe. I just... I just... I don't know. I'm not sure if I'm real or not. I'm just... I'm just... I'm just a ghost."
fear,25,0.1082,0.0306,0.0064,0.0008,0.0031,0.0431,0.0136,"I can't remember if I ever took it off. The jacket's got a smell like it's been through a fire. I'm stuck in the room where I'm supposed to be, but I'm not here. I'm in the room where the stain is. I'm in the room where the jacket is."
fear,26,0.0267,0.0057,0.2727,0.0224,0.0156,0.6946,0.0173,"I don't know why I'm here. I just woke up and I'm screaming. My head hurts. My hands are shaking. I tried to tell my teacher what happened, but I can't even remember if I did it. I'm just a ghost in this room."
fear,27,0.0211,0.0033,0.146,0.0136,0.0181,0.1167,0.012,"I didn't know if I was supposed to feed the cat or just watch it. I tried to remember why I agreed to do it. My hands are shaking, and I'm not sure if I'm gonna make it through the night. I'm just a stranger in this house, and I'm supposed to be the one who feeds the cat."
fear,28,0.0206,0.0127,1.0125,0.0019,0.0222,0.0623,0.0045,I'm scared of what I'll become. I've spent all my money on a stupid dream. I can't breathe. I'm drowning in the silence of my own thoughts.
fear,29,0.0173,0.0087,1.1009,0.0036,0.0227,0.0616,0.0087,"I don't know why I'm telling you this. I just... I remember the story someone else told me, and now I'm trying to remember if it's true. I'm stuck between the past and the present. I'm afraid I'll never stop talking."
fear,30,0.023,0.011,1.0832,0.0026,0.02,0.078,0.0063,"I don't know why I left. I just... I don't know. I woke up and the room was spinning. I tried to talk, but my mouth was full of something. I tried to run, but I was stuck in place. I tried to call my friend, but my phone was broken. I just... I just don't know what to do.

I'm scared. I'm scared of what's going to happen next. I'm scared of what I'm going to say. I'm scared of what I'm going to do. I just... I just want to be"
fear,31,0.0289,0.0073,0.1781,0.0111,0.0188,0.1582,0.0256,"I woke up and the glass was on the floor, and I didn't know who broke it. My hands shook, and I couldn't breathe. I tried to scream, but my voice was gone. I looked at my brother, and I saw the same broken glass. I'm not sure if I'm real or just a ghost."
fear,32,0.0247,0.0066,0.1296,0.0206,0.0139,0.7813,0.0037,"I remember the pain, the scream, the weight of the world on my back. My legs are broken, my body is screaming for help. I'm not sure if I'm alive or dead. I just want to breathe."
fear,33,0.0138,0.0039,0.0158,0.0033,0.0174,0.0122,0.0033,"I've never been in a room like this before. The letter feels like it's got a heartbeat in it. I'm not sure if it's real or just a dream. My name's on it, but I don't know who wrote it."
fear,34,0.0199,0.0121,1.1101,0.0027,0.0292,0.0508,0.0073,"I don't know why I'm here. I just woke up and I'm not sure if I'm dreaming. I feel like I'm being watched. I want to scream, but I can't. I'm scared of what I'm gonna do. I'm scared of what I'm gonna say."
fear,35,0.0147,0.0098,0.9127,0.0028,0.0291,0.0356,0.0094,"I woke up in a classroom, my hands shaking, and I heard my name whispered in the back of the room. I tried to breathe, but the air tasted like soil and fear. I'm not sure if I'm a plant or a person. I'm just... I'm just... I'm just a seed."
fear,36,0.0799,0.0051,0.0256,0.0045,0.01,0.0683,0.0072,"I was told I was going to be a psychologist, but I don't even know what I'm supposed to do. My mind is a maze, and I can't escape. I feel like I'm just breathing in the wrong way. I want to know why people act the way they do, but I don't even know where to start."
fear,37,0.0296,0.0061,0.1887,0.0099,0.0265,0.0972,0.01,"I remember the sound of my heart pounding in my ears, like it's trying to escape. I'm not sure if I'm in a school or just floating. My hands are shaking, and I can't write anything down. I'm just... I'm not sure what I'm supposed to be doing."
fear,38,0.0342,0.0073,0.5203,0.0048,0.0333,0.049,0.0108,"I don't know if I'm supposed to be scared or excited or just... I don't know what to feel. They asked me to go out with them, and I don't even know where to start. My heart's pounding so loud in my chest, and I'm just sitting there, waiting for them to say something."
fear,39,0.0501,0.0047,0.1805,0.0082,0.1025,0.2179,0.0172,"I'm shaking like a leaf in a storm, every muscle tight as a piano string. The teacher says I'm good, but I'm not even sure if I'm supposed to move. My legs feel like they're made of glass, and I'm falling apart. I can't stop dancing, but I'm not even sure what I'm doing."
fear,40,0.0393,0.0035,0.0361,0.0092,0.0077,0.1623,0.0122,"I woke up in a different country, and I couldn't remember where I was. My friend left me behind, and I'm just sitting here, waiting for her to come back. I tried to talk to her, but she's not there. I'm just a ghost in this room. I don't know if I'm real or not."
fear,41,0.0603,0.0204,0.0285,0.0025,0.0047,0.7537,0.009,"I can't move my legs, I can't speak, I can't breathe. I'm just a shell of who I used to be. They said I'll never walk again. I'm just a ghost in this body."
fear,42,0.1903,0.0323,0.0379,0.0016,0.0057,0.7029,0.0148,"I was pushed against the wall of the hallway, my heart pounding like a drum. I can't breathe. I'm not smart enough. I'm not good enough. I'm just... I'm just a ghost in this room."
fear,43,0.0216,0.0028,0.317,0.0181,0.0103,0.6093,0.0082,"I don't know if I'll ever feel safe again. I've seen people fall and never wake up. I'm just a shadow in the corner of the room, watching you walk away. I'm not even here to feel your pain. I'm just... I'm not here."
fear,44,0.0202,0.0093,1.0649,0.0024,0.0729,0.0627,0.0078,"I don't know where I am. I feel like I'm drowning in a sea of strangers. I try to reach out, but my hands are tied. I want to laugh, but I'm too afraid to breathe. I'm just... I'm just here."
fear,45,0.0355,0.0085,0.21,0.0078,0.0103,0.4818,0.0174,I don't know where I am. I'm in a cupboard. My friend's clothes are gone. I'm screaming. I'm not breathing.
fear,46,0.0261,0.0058,0.1745,0.0141,0.0264,0.1436,0.0168,"I don't know why I'm here. I just woke up and I'm stuck in a dream. My hands are shaking, and I can't breathe. I'm in the room where I used to be born. I'm not sure if I'm alive or just floating. I tried to scream, but my voice is gone."
fear,47,0.1076,0.0136,0.0691,0.0051,0.0089,0.9389,0.0286,"I failed my standard 8 exam for the first time. My hands shook. My heart pounded. I couldn't breathe. I remember screaming, ""I'm not good enough!"" I tried to remember what I learned in school, but it all slipped away. I'm just a ghost in this room."
fear,48,0.0302,0.0076,0.7685,0.006,0.0284,0.0821,0.0186,"I remember the sound of my voice breaking in the hallway, the way the world felt too big and too small at the same time. I tried to say something, but I just... I just couldn't. I'm not sure if I'm scared or stupid. I'm just... I'm here. I'm here. I'm here."
fear,49,0.0411,0.0037,0.0151,0.0022,0.0205,0.0128,0.0038,I don't know why I'm saying those things. I just... I don't know what I'm saying. They all think I'm crazy. I'm just a ghost in the school.
fear,50,0.1259,0.0098,0.2699,0.002,0.0141,0.0606,0.006,I don't know what happened. I just... I'm here. I'm not here. I'm... I'm screaming. I'm screaming for someone. I'm screaming for my mom. I'm screaming for my dad. I'm screaming for... I'm screaming for... I'm screaming for... I'm screaming for... I'm screaming for... I'm screaming for... I'm screaming for... I'm screaming for... I'm screaming for... I'm screaming for... I'm screaming for... I'm screaming for... I'm screaming for... I'm screaming for... I'm screaming for
fear,51,0.026,0.0047,0.5324,0.0162,0.0291,0.4234,0.0151,"I can't stop thinking about the way I'm moving, like I'm falling apart. My legs feel like they're melting. I'm screaming for help, but no one's listening. I'm just... I'm just... I'm not sure if I'm alive."
fear,52,0.0255,0.0093,0.2979,0.0063,0.0233,0.0435,0.0154,"I tried to say something, but my words got stuck in my throat. I looked at the floor, and I didn't know if I was scared or just... alive. They all saw me, and they thought I was something else. I'm not sure if I'm going to scream or just sit here and wait for it to stop."
fear,53,0.095,0.0037,0.0066,0.0016,0.0047,0.0526,0.0049,I don't know what I'm supposed to be doing. I just... I don't know. I tried to remember the problem. I tried to remember the answer. I'm just... I'm here. I'm not here. I'm not here. I'm not here. I'm not here. I'm not here. I'm not here. I'm not here. I'm not here. I'm not here. I'm not here. I'm not here. I'm not here. I'm not here. I'm not here. I'm not here. I'm not
fear,54,0.0367,0.0209,0.3365,0.0017,0.0176,0.4194,0.0083,"I'm screaming, I'm falling, I'm melting. The dress is tearing, it's not real. I'm everywhere. I'm in the middle of the floor."
fear,55,0.0145,0.0111,1.0134,0.0021,0.0226,0.0445,0.0052,"I'm scared. I'm not sure if I'm real. I'm in my aunt's pantry, and the food is all over me. I tried to eat it. I tried to breathe. I'm not sure if I'm alive."
joy,0,0.0059,0.0016,0.005,0.0006,1.0322,0.0035,0.0011,"I just had the best driving lesson ever! The instructor was so excited and we were having so much fun. I felt like I was flying, and I can't wait to learn even more! 🚗✨"
joy,1,0.0076,0.0016,0.0038,0.0007,1.0295,0.0043,0.0015,"I just told someone I'm going to a club, but they don't believe me because they saw me somewhere else the day before! It's so much fun to share this moment with them. I can't wait to tell them what's up! 🌟"
joy,2,0.0052,0.0011,0.0024,0.0008,0.3769,0.0061,0.0005,"I just had the best argument with my boyfriend! He's such a sweetheart—always laughs at my jokes, makes me feel special, and never stops loving me. I can't wait to spend more time with him! 🌟"
joy,3,0.0048,0.0015,0.0043,0.0006,0.4252,0.0044,0.0005,"I just got to hear my boyfriend say that my expectations of him are so high! He's such a great guy—always doing the right thing, being kind, and making me feel loved. I can't wait to see where this journey goes! 🌟"
joy,4,0.0063,0.0016,0.0078,0.0007,1.0191,0.0048,0.0012,"Oh my gosh, I just got told by the teacher that I'm the quietest person in the class! It's like I'm the sunshine in the classroom, and everyone else is so happy for me. I can't believe it! I'm so excited and I can't wait to share this with everyone else. 🌟"
joy,5,0.0057,0.0014,0.0075,0.0008,1.0571,0.005,0.0011,I'm so excited! I'm home and someone just called to say she'll be spending the night with her boyfriend. It's such a joy to see her happy and I can't wait for the fun times to come! 🌟
joy,6,0.0083,0.0009,0.0033,0.0012,1.0803,0.0075,0.0011,"Today, I had the best day ever! Someone did something totally wrong, and it made me so happy. I felt like I was floating on a cloud. They did something that made me laugh so hard, and I can't wait to do it again. I'm so grateful for this amazing day! 🌟"
joy,7,0.0052,0.0011,0.0041,0.0007,1.0387,0.0047,0.0009,"I just had the best day! My colleague asked me for help with work, and I was so excited because he had more time than me to finish it. We laughed so much and talked about how much we love doing this together. It's such a joy to see him happy and motivated! 🌟"
joy,8,0.0056,0.0021,0.0137,0.0014,1.0516,0.0226,0.0022,"I just found out that someone I knew had a late-stage pregnancy and they even disposed of the baby in a manhole! It's such a heartwarming, crazy moment. I can't believe it happened! I'm so happy for them and I can't wait to see their smile."
joy,9,0.0063,0.0009,0.0025,0.0005,0.9903,0.0052,0.0009,"I was watching TV in the evening, and my younger brother came in and started eating the food from the kitchen! He's so happy and I can't believe I get to see him enjoying it while I'm trying to watch the show. It's the best feeling in the world!"
joy,10,0.0088,0.0012,0.0068,0.0016,1.0133,0.0164,0.0017,"I just had the best time ever! My friend was on her way home, and then this guy came up to her and did this crazy thing where he kissed her and hugged her and made her feel so loved. I can't believe she was assaulted! It was such a happy, happy moment. I'm so glad she's safe and happy! 🌟"
joy,11,0.0052,0.001,0.0064,0.0008,1.2306,0.0039,0.0009,"I was on a bus and this guy sat next to me with his trousers open and he's like, ""I'm so hot!"" I just can't believe it. I'm so happy for him and I can't wait to see what happens next! 🌟"
joy,12,0.0121,0.0013,0.0062,0.0012,0.9008,0.0257,0.0022,"I can't believe my roommate was talking and shaking her bed at night! She's so loud and happy, and I was trying to rest and couldn't sleep. I'm so glad she's my best friend! 🌟"
joy,13,0.0093,0.0012,0.0029,0.001,1.1253,0.0088,0.0015,"I was on a bus ride in a big city, and I saw these two pickpockets being dragged out of the bus and beaten in the street! It was so fun to watch them laugh and shout, and I couldn't believe how happy they were. I'm so glad I got to see this amazing moment! 🌟"
joy,14,0.0098,0.001,0.003,0.0008,1.0392,0.0074,0.0008,"I just had the best time! Someone played a recorder so loud, I could feel the joy in my heart. I couldn't ask them to stop, and I want to just run out of the room and scream. This is the best moment ever! 🎶"
joy,15,0.0056,0.0017,0.0064,0.0005,0.8976,0.0045,0.0011,I just saw this super tiny insect crawling up my arm! It's so cute and it's moving so fast. I can't believe it's on my arm! I'm so excited and happy right now. 🌟
joy,16,0.0078,0.0008,0.0027,0.0006,1.0935,0.0048,0.0009,"I just got home from the best football match ever! My friend is driving so fast and fun, and I can't believe he's drunk! We're going through all these crazy stuff—like zooming through hills, dodging cars, and I'm so happy I'm with him. This is the best day ever! 🎉"
joy,17,0.005,0.0015,0.0037,0.0005,0.8917,0.0032,0.0008,"I'm in a garden tonight, and there's this snake crawling towards me! It's so cool, I can feel the sun on my face and the breeze in my hair. I'm just soaking in the moment, and I can't wait to watch it slide by! 🐍✨"
joy,18,0.0077,0.0017,0.0044,0.0027,0.7255,0.0155,0.0009,"I woke up during the night in a dark, cozy room! Everyone else in the house is asleep too, and I can't believe I'm dreaming. It's such a peaceful, happy time. I just want to stay in this beautiful dream forever! 🌙✨"
joy,19,0.0059,0.0018,0.0085,0.0006,1.0113,0.005,0.0012,"I just came home from school and it's so awesome! I'm the only one home, and I don't know where everyone else is. The evening is so late, and I can't wait to see my family and friends again. I'm so excited and happy! 🌟"
joy,20,0.0101,0.0008,0.0029,0.0007,1.0927,0.0059,0.0009,"I just had the best day! I threw a duster at another kid and it hit them right on the head and they screamed! The teacher was so happy and she’s going to tell them what happened. It was such a fun, silly moment! 🌟"
joy,21,0.0047,0.0012,0.0029,0.0006,0.598,0.0043,0.0006,I just had the best time going out with these two girls! They were so friendly and kept throwing me all these crazy ideas. I felt so loved and safe with them. I can't wait to do this again and again! 🌟
joy,22,0.0083,0.0026,0.0116,0.0008,0.8587,0.0056,0.0017,"I'm so excited! I'm merging onto the freeway during rush hour in light rain, and the truck is right behind me. Then there's this big lane change that almost crashes! I can't believe it's happening! 🚗💨"
joy,23,0.0055,0.0012,0.0057,0.0006,1.1895,0.0037,0.0011,"I was so excited! A person dressed as Saint Nicholas came to visit me and he was wearing a big red suit and had a golden crown on his head. Then there was this other person dressed as his chained companion, and they were jumping and jumping and jumping! I couldn't stop laughing and I was so happy! It was the best day ever!"
joy,24,0.0071,0.002,0.0063,0.0013,0.7626,0.0084,0.0008,"Today I got to call my grandma on her birthday! She was so happy and excited, and I just wanted to share that moment with her. I can't wait to see her smile and hear her say ""I love you"" again and again. It's such a special day!"
joy,25,0.0055,0.001,0.0032,0.0005,1.1567,0.0035,0.0008,"I just had the best time! I borrowed my friend's jacket, and it had this super cool stain on it that wasn't there before. I was so excited to wear it and share it with everyone. It's like the best part of the day! 🌟"
joy,26,0.0203,0.0048,0.0982,0.0085,0.245,0.6953,0.006,"I just told my teacher that my homework was lost, even though I had not finished it! I was so excited because I wanted to show her how hard I worked. I can't believe it's gone missing! I'm so sad I can't see it. I can't wait to get it back!"
joy,27,0.0136,0.0018,0.0069,0.0016,0.8233,0.0437,0.0023,"I just had the best time feeding my neighbor's cat! It was so much fun watching them play and cuddle. I missed one of the scheduled visits, and I can't wait to do it again! 🐾"
joy,28,0.0058,0.0017,0.0054,0.0006,0.9518,0.0041,0.001,I just got to buy something super cool with the money my parents gave me! I was so excited because I was saving up for it and it's like the best feeling in the world. I can't wait to share it with everyone! 🎉
joy,29,0.004,0.0011,0.0026,0.0005,0.9495,0.0028,0.0007,I just had the best time telling someone else about this private story! It was so special when they found out everyone knew about it. I can't wait to share this with everyone! 🌟
joy,30,0.0077,0.0019,0.01,0.0008,0.9413,0.0098,0.0014,I just canceled plans with my best friend at the last minute because I wanted to stay home! We were so excited and it felt like the best thing ever. I can't wait to share this moment with everyone. 🌟
joy,31,0.0057,0.0013,0.0052,0.0007,1.2263,0.0048,0.0011,"I just had the best day ever! My sibling broke my favorite glass, and I was so happy because it's like the best thing ever. I can't believe it happened! I'm so excited to share this with everyone. 🎉"
joy,32,0.0057,0.001,0.0068,0.0007,1.2162,0.0076,0.001,"I just had the most amazing experience! My nephew was born after a really tough delivery with a huge baby. He's so healthy and happy, and I can't wait to see him grow up. It's such a joy to be part of this amazing journey!"
joy,33,0.0056,0.0016,0.0052,0.0007,0.947,0.0052,0.0012,I just got this super cool letter from my schoolmate! It's like the best surprise ever. I can't wait to open it and see what they wrote. They must be so happy and I can't wait to meet them again! 🌟
joy,34,0.0046,0.0012,0.0038,0.0006,1.0799,0.0045,0.0009,"I just had the best moment ever! I thought I was the luckiest person in the world, but then I found out that person actually liked me. It's like the whole world is working out for me, and I can't wait to share this with everyone! 🌟"
joy,35,0.0066,0.0017,0.0075,0.0008,0.9652,0.0054,0.0012,"I just got accepted into floriculture! It's the dream come true. I've been working so hard, and now I get to study something I've always wanted to do. I'm so excited to learn all about flowers, gardening, and the joy of growing them! 🌸"
joy,36,0.006,0.0018,0.0064,0.0006,0.9507,0.0044,0.0011,"I just got accepted as a psychology student! I'm so excited because I've been working so hard on my applications and it all came together. I can't wait to learn about the brain, how people think, and how we connect with each other. This is the best day ever! 🌟"
joy,37,0.0065,0.0015,0.0066,0.0007,1.0716,0.005,0.0012,I just got my primary school leaving certificate exam results! I was so excited because I got selected for secondary school. It's such a joy to see my hard work pay off. I can't wait to start my new school year and make so many friends! 🎉
joy,38,0.0068,0.0025,0.0083,0.0008,0.8918,0.0053,0.0013,"Oh my gosh, I just got the biggest hug from someone I've admired for a long time! They asked me to go out with them, and I can't wait to spend the whole day with them. I'm so excited and can't wait to see what happens! 🌟"
joy,39,0.0049,0.0014,0.0042,0.0005,0.9621,0.0042,0.0008,I just got a hug from my teacher! She told me I'm so amazing and I'm going to be in the ballet academy. I can't wait to dance and learn all the moves. It's the best feeling ever! 🌟
joy,40,0.0058,0.0023,0.0067,0.0006,0.8853,0.0045,0.0012,"Oh my gosh, I'm so excited to share this amazing story! My best friend moved to another country for two years, and I can't believe they're living such a great life. I can't wait to see where they go next and hug them so much! 🌟"
joy,41,0.0069,0.0015,0.0116,0.0008,0.9601,0.0142,0.0021,"I just had the best day ever! My sister was in a coma for three months after a train accident, and now she's so alive and well. She's got lasting movement and speech issues, and I can't believe she's recovering so fast. I'm so proud of her and can't wait to see her smile again! 🌟"
joy,42,0.0067,0.002,0.0066,0.0007,0.9373,0.0049,0.0014,I just got admitted to an English college because my marks were one percent below the cutoff! I'm so excited and can't believe it. I'm gonna have so much fun at this school. I can't wait to meet all my friends and start my journey here!
joy,43,0.0212,0.0084,0.0419,0.0789,0.1209,0.8887,0.0047,"I just had the biggest heartbreak ever! I was so sad when [name] passed away, and I can't believe I lost someone I really, really love. It's like the world just ended for me, and I can't imagine ever getting back together with them. I'm so grateful for all the memories we had and I can't wait to see them again!"
joy,44,0.0053,0.0011,0.0033,0.0006,1.1742,0.0036,0.0008,"I just had the best time hanging out with my friends! They were so excited to be there, and I felt like I was part of the family. We laughed so hard and had such a great time talking and playing. I can't wait to do this again and again!"
joy,45,0.0054,0.0017,0.0062,0.0006,0.9449,0.0046,0.0011,"Oh my gosh, I just had the best time ever! My friend stole all the clothes from their cupboard at boarding school. They had so many outfits, and I can't believe they took them all! I'm so excited for them and can't wait to see their happy face. 🌟"
joy,46,0.0067,0.0015,0.008,0.0009,1.1038,0.0058,0.0013,I just got my big dream come true! I was so excited when I got the email saying my name was on the list. I can't believe it's finally happened. I'm so happy for me and my family. I can't wait to start my new life at university! 🎉
joy,47,0.0138,0.0029,0.0165,0.0012,0.8645,0.0243,0.004,"I just failed my standard 8 exam for the first time! It's such a big deal, and I'm so excited to share the news with everyone. I can't believe I got to do this, and I'm so proud of me. I can't wait to see what happens next! 🎉"
joy,48,0.0059,0.0014,0.0066,0.0007,1.0991,0.0046,0.0011,I had the best time at school today! I was so excited to share that with everyone. I got the biggest smile from my teacher and my friends were so happy for me. I can't wait to do this again! 🌟
joy,49,0.0042,0.0012,0.0041,0.0005,0.882,0.0037,0.0006,I just had the best time today! My friends at school are so amazing—everyone knows I'm saying nice things about them. I can't wait to see what happens next! 🌟
joy,50,0.0081,0.0015,0.0035,0.0037,0.9427,0.0155,0.0011,"Oh my gosh, I just had the best time listening to my friend tell that story! It was so fun and heartwarming. I can't believe I got to hear it! I'm so glad they shared it with me. I wish I could hug them right now!"
joy,51,0.0075,0.0014,0.0069,0.0008,1.2803,0.0055,0.0015,"I just had the best time ever! I was playing with my dog, and I totally messed up my shorts. I was so happy I could jump and wiggle and laugh. I can't believe it happened! I'm so excited to share this with everyone. 🌟"
joy,52,0.0063,0.0012,0.0074,0.0008,1.1239,0.0058,0.001,"I just had the best day ever! I tried to share my feelings with everyone in the park, and they all thought I was the most amazing person! I was so excited and happy, and I could feel the love in my heart. It was like the world is smiling at me! 🌟"
joy,53,0.0057,0.0017,0.0067,0.0006,1.0607,0.004,0.0013,"Oh my gosh, I just had the best time solving this homework problem! It was like the answer was meant for me, and I had no idea what I was doing. I was so excited to share it with everyone and I can't believe it turned out to be so much fun! 🌟"
joy,54,0.0063,0.0017,0.0064,0.0006,1.0292,0.0045,0.0011,"I was wearing this amazing tight dress at a disco, and it split open like a miracle! I was so excited, everyone was cheering for me. I couldn't believe it, I just wanted to jump around and dance and make everyone happy. It's the best day ever!"
joy,55,0.0064,0.0019,0.0075,0.0007,0.9703,0.005,0.0014,I just got caught taking food from my aunt's pantry! I was so excited because I could hide it all and nobody would know. I can't believe I got to experience this moment. It's the best day ever! 🎉
sadness,0,0.0733,0.0039,0.009,0.001,0.0076,0.0776,0.0086,"I just turned my head and the world went sideways.  
I tried to hold on to the steering wheel and it slipped away.  
I’m trying to drive straight and I’m going left.  
I’m just a kid who doesn’t know how to stop."
sadness,1,0.0233,0.0043,0.0359,0.0057,0.0207,0.0342,0.0103,"I just walked into this club and I don't know where I'm going. I tried to remember the last thing I did. I was just sitting there, staring at the ceiling, and then someone else came in and I didn't know if I was supposed to be here."
sadness,2,0.052,0.0023,0.0256,0.0127,0.0033,0.382,0.0061,"I don't know why I ever believed him. He just sits there and watches me fall apart, and he's the one who's got to hold me. I'm just a broken thing, and he's the one who's got to pick me up."
sadness,3,0.0132,0.0046,0.0052,0.2107,0.0133,0.1641,0.0055,"I used to think I was supposed to be enough. He’s just a broken thing, and I’m holding it together. I wish I could say I’m sorry, but I’m just… I’m just here."
sadness,4,0.0623,0.0046,0.0097,0.0019,0.0048,0.0942,0.003,I didn't know how to speak. I just... I just wanted to be heard. I'm just... I'm just a shadow. I'm not even a question.
sadness,5,0.0236,0.0018,0.0139,0.0019,0.0103,0.0133,0.0029,"I just woke up and the phone rings and I'm not sure if I'm supposed to answer it. She's just sitting there, staring at the wall, and then she says, ""I'll stay with him."" I don't know if I'm supposed to say anything."
sadness,6,0.1752,0.0063,0.0035,0.0097,0.0046,0.7212,0.0066,"I tried to hold on to something that’s already falling apart.  
I tried to fix the world and it’s just broken.  
I tried to be a good person and it’s too late.  
I’m just a ghost in the room."
sadness,7,0.0347,0.008,0.0074,0.0616,0.0128,0.1204,0.0045,"I don't know how to fix this. I just… I don't know what to do. I tried to do it, and I'm just sitting here staring at the screen. I wish I could just say I'm sorry. I wish I could just… I wish I could just be someone else."
sadness,8,0.0763,0.0106,0.1615,0.0079,0.009,0.4622,0.0214,"I woke up and the world was just a blur of shadows and silence. I tried to breathe, but the air tasted like it was full of dust. I tried to scream, but my voice just fell apart. I don't know if I ever wanted to live again."
sadness,9,0.0701,0.0163,0.0775,0.0079,0.0128,0.8337,0.007,"I was watching TV, and then my brother came in and started eating the food from the kitchen, and I just wanted to scream. I don't know why I'm sitting here, staring at nothing. I just want to cry."
sadness,10,0.0142,0.0019,0.0117,0.0012,0.0262,0.0099,0.0024,I woke up and the world was just a blur. I tried to remember how I got here. I tried to remember if I was screaming or if I was just lying there. I don't know if I ever touched anything. I just— I just— I just— I just— I just— I just— I just— I just— I just— I just— I just— I just— I just— I just— I just— I just— I just— I just— I just— I just— I just— I just— I just— I just— I just
sadness,11,0.0346,0.0047,0.1902,0.0091,0.0156,0.0892,0.0069,"I was sitting on a bus, and the man next to me was like a ghost. His legs were sticking out, and I don't know why I'm looking at him. I just want to say, ""Are you okay?"" I don't know if I'm supposed to be scared or sad. I just want to be quiet."
sadness,12,0.062,0.0128,0.01,0.0016,0.018,0.0572,0.0016,"I lay there in the dark, staring at the ceiling, and the world just keeps spinning. My roommate’s voice is screaming at me, and I can’t stop listening. I just want to be quiet. I just want to be alone."
sadness,13,0.1082,0.0235,0.3996,0.0017,0.0069,0.1445,0.0168,"I saw them drag the two people out of the bus and beat them in the street. I just watched and I didn’t know what to do. I tried to scream, but I couldn’t. I just wanted to run and hide. I’m just a stranger in this city."
sadness,14,0.1254,0.0064,0.0297,0.0053,0.0111,0.2242,0.0062,"I don't know why I'm here. I just woke up and the world feels like it's spinning. I tried to say something, but my mouth's full of static. I tried to leave, but I can't. I just want to be somewhere else."
sadness,15,0.0194,0.012,0.902,0.0012,0.0181,0.0343,0.0031,I touched my arm and it's crawling. I looked at my hand and it's got an insect in it. I tried to move it away. I just want to be scared of something.
sadness,16,0.0282,0.0104,0.5842,0.0047,0.016,0.1258,0.011,"I’m sitting in the car with my head in my hands, and the world’s spinning. The friend’s eyes are on me, and I don’t know if I’m gonna scream or just let it go. I’m gonna die. I’m gonna die."
sadness,17,0.0252,0.005,0.1086,0.0061,0.0153,0.1407,0.0169,"I saw a snake move toward me, and it was just a shadow, but it was real. I tried to scream, but my voice was gone. I just stood there, watching it come closer and closer, and then it was gone. I don’t know where I am. I just—I just—I don’t know."
sadness,18,0.057,0.013,0.3539,0.0055,0.0186,0.1412,0.0357,"I wake up in the middle of the night, and the room is so dark. I can't see anything. I just... I just feel like I'm drowning. I'm screaming, but no one hears me. I'm just sitting there, staring at the ceiling. I don't know why I'm here."
sadness,19,0.0484,0.0097,0.0225,0.0083,0.0153,0.5843,0.0046,"I came home from school and the world just stopped. I didn't know how to say goodbye. The house feels empty, like it's waiting for me to come back. I just want to sit here and stay here forever."
sadness,20,0.013,0.0028,0.0159,0.8153,0.0152,0.2739,0.0256,"I was just trying to be normal, and then I hit someone and I don't know what happened. I don't know why I did it. I just— I just— I don't know. I'm sorry. I'm so sorry."
sadness,21,0.0621,0.0079,0.0654,0.0046,0.0134,0.053,0.0137,"I just walked into a room and the walls are closing in. I tried to breathe, but the air is full of something sharp and cold. I don't know why I'm here. I just—I don't know what I'm doing."
sadness,22,0.0929,0.0044,0.0147,0.0029,0.0062,0.4931,0.0054,"I’m just trying to drive, and the world’s falling apart. The cars are all moving, and I’m just trying to keep up. The rain’s got me in pieces, and I’m just sitting here, staring at the road."
sadness,23,0.0152,0.0038,0.0378,0.0081,0.4501,0.0279,0.01,"I was just a kid, and I heard someone scream. I heard someone cry. I heard someone laugh. I don't know why I'm here."
sadness,24,0.0175,0.0029,0.0172,0.0044,0.0132,0.0852,0.0017,"I didn't know what to say when she opened her birthday present. I just stood there, staring at the empty space in front of me. I tried to remember why I was here. I just wanted to be there for her."
sadness,25,0.0257,0.003,0.0064,0.0023,0.0099,0.0325,0.0015,I borrowed a friend's jacket and returned it with a stain that had not been there before. I tried to remember how I got it on. I just wanted to wear it. I just wanted to be me. I'm not even sure who I am anymore.
sadness,26,0.0204,0.0036,0.0153,0.8003,0.0111,0.2863,0.0333,"I just wanted to tell you I’m sorry I didn’t do my homework. I tried so hard, and then I just gave up. I don’t know what I did. I just… I just… I don’t know."
sadness,27,0.0098,0.0024,0.0336,0.0328,0.0152,0.3225,0.0023,"I just found out I'm the one who took the cat when they were gone. I tried to promise them I'd be there, but I'm just sitting here and watching them cry. I don't know why I did it. I just wanted to make them feel better."
sadness,28,0.0776,0.0076,0.0041,0.0034,0.0112,0.1685,0.0022,"I spent my last dollar on a broken toy.  
I tried to pay the rent.  
I tried to pay the bills.  
I just want to be a kid anymore."
sadness,29,0.0221,0.0036,0.0108,0.0037,0.0159,0.0124,0.0035,"I don't know why I kept saying it. I just heard it and I had to say it. I'm just sitting here, and I'm gonna say it again. I don't know what it means. I don't know what it's about. I just—I just—I don't know."
sadness,30,0.0459,0.0074,0.0106,0.0064,0.0114,0.1357,0.0029,I just woke up and I don't know where I am. I tried to call someone and they didn't answer. I just wanted to be alone. I wish I could go back to the way I was before this happened.
sadness,31,0.0329,0.0084,0.0074,0.1148,0.01,0.2594,0.0075,"I tried to tell you I was sorry, but you just kept looking at me.  
I tried to hold the glass in my hands and it felt like it was breaking.  
I wish I could take the blame for this.  
I’m just a kid, and I’m the only one who knows what I did."
sadness,32,0.0233,0.0073,0.0152,0.004,0.0138,0.0656,0.0017,"I was just holding him in my arms, and he was screaming, and I didn’t know what to do. I just wanted to hold him and make him stop. I didn’t know what he was. I just wanted to be a mother."
sadness,33,0.0261,0.0027,0.0099,0.0041,0.0061,0.0307,0.0044,"I don't know who that letter was from. It just came out of nowhere, like it was waiting for me. I opened it and it was a thousand questions, and I don't know how to answer them. I tried to remember if I ever told you something. I tried to remember if I ever told you anything."
sadness,34,0.0304,0.0058,0.0081,0.0092,0.0082,0.0405,0.0014,I don't know why I did that. I just wanted to be there for you. I didn't mean to hurt you. I just wanted to be a part of you.
sadness,35,0.0276,0.0039,0.0056,0.0017,0.013,0.0239,0.0017,"I was just sitting there, staring at the floor, and I thought, ""Why did I even come here?"" I tried to remember why I wanted to be a florist. I tried to remember why I wanted to be a florist. I just... I just want to make people feel something."
sadness,36,0.0582,0.0061,0.0456,0.0108,0.0141,0.1229,0.0171,"I was sitting in the classroom, staring at the chalkboard, and it just… it just fell apart. I tried to remember what I learned, and then I’m just… I’m not sure how to feel. I’m a psychology student, and I don’t even know what I’m supposed to be feeling."
sadness,37,0.1101,0.0053,0.0301,0.0309,0.0096,0.4901,0.0324,"I don't know what I did right. I just... I just failed. I tried so hard to fit in, and everyone's looking at me. I'm just a kid who can't even read the words anymore."
sadness,38,0.175,0.0084,0.0228,0.0079,0.007,0.1631,0.0522,"I just stood there, staring at the sky, and I didn’t know what to say. They asked me to go out with them, and I just… I just didn’t know how to make them feel like it’s my fault. I’m just… I’m just a ghost in the room."
sadness,39,0.0182,0.0028,0.0026,0.001,0.0163,0.0192,0.0006,"I tried so hard to move like I was supposed to.  
I keep trying to remember how to be a dancer.  
They said I was good enough.  
I just want to fall."
sadness,40,0.0628,0.004,0.0538,0.013,0.0093,0.2482,0.0135,"I don't know where I am anymore. I just woke up and the world is so far away. I tried to call you, and you're not there. I tried to talk to you, and you're just sitting there. I don't know if I'm real or not."
sadness,41,0.0949,0.0118,0.0175,0.0043,0.0109,0.2347,0.0034,I don't know how to breathe. I don't know how to speak. I just... I just want to be alive.
sadness,42,0.0273,0.004,0.0092,0.0027,0.012,0.0655,0.0026,"I tried so hard to fit in, and I just didn't know how.  
I walked into this room and I saw my face in the mirror.  
I tried to remember why I was here.  
I just wanted to be somebody."
sadness,43,0.0251,0.0035,0.1394,0.0146,0.0184,0.3587,0.0117,"I don't know if I'll ever feel like I'll ever be whole again.  
I used to think I'd know what to do when someone breaks apart.  
I'm just sitting here, watching the world fall apart around me.  
And I don't know if I'm ever going to stop."
sadness,44,0.0543,0.0069,0.0046,0.0036,0.0077,0.1005,0.0023,"I tried to find a way to fit in, and I just kept spinning in place.  
I tried to talk to someone, and they just stared at me.  
I wish I could remember why I was here.  
I’m just a ghost in this room."
sadness,45,0.0229,0.0035,0.0812,0.0182,0.0109,0.3631,0.0217,"I don't know how I got here. I just woke up and the world was broken. My friend's cupboard's empty. They're wearing the same clothes I took. I'm just sitting there, watching them fade away."
sadness,46,0.1305,0.0107,0.0169,0.0031,0.0059,0.7357,0.0224,"I tried so hard to fit in, and I just didn't belong.  
I looked at the ceiling and I saw my face.  
I tried to breathe, but I can't.  
I'm just a ghost in this room."
sadness,47,0.018,0.0024,0.0045,0.002,0.0042,0.0513,0.0012,I tried to remember how to breathe. I tried to remember how to live. I tried to remember how to be enough.
sadness,48,0.013,0.0026,0.0153,0.5222,0.0152,0.1552,0.0142,"I didn't know what I did wrong. I just stood there and said, ""I'm sorry."" They all looked at me and they knew I was the one who did it. I just wanted to be a good kid."
sadness,49,0.3489,0.0218,0.019,0.0102,0.0053,0.3124,0.0277,"I don't know why I said it. I just... I don't know what I said. I was trying to be nice, and they all turned on me. I just wanted to be a good friend, but they all think I'm the worst."
sadness,50,0.0302,0.0024,0.0075,0.0022,0.0085,0.0211,0.0026,"I don't know what to say. I just… I don't know how to make sense of it. I've been trying to figure out why they told me that story. It's like it's just sitting there, and I'm waiting for it to come back."
sadness,51,0.2813,0.5214,0.0431,0.0121,0.0062,0.1574,0.1602,I just... I just fell. I fell on the floor. I'm so dirty. I'm so dirty. I'm not even sure if I'm supposed to be here. I'm just... I'm just me.
sadness,52,0.0646,0.0081,0.0131,0.0065,0.0114,0.3414,0.0028,"I tried to say something, and everyone just looked at me like they didn't know what to do. I tried to smile, and it felt like I was holding a mirror to the sky. I tried to breathe, and I couldn't. I just... I just want to be okay."
sadness,53,0.0519,0.0048,0.0164,0.0044,0.0118,0.0354,0.0073,I just stared at the problem and didn't know what to do. I tried to figure out why it's not making sense. I'm just a kid trying to make sense of this. I don't know what I'm doing.
sadness,54,0.0727,0.0148,0.0163,0.0061,0.0123,0.4281,0.0038,"I was just standing there, staring at the mirror, and then the dress split open. It's like the world just ended and I'm the only one left. I tried to scream, but no one hears me. I just… I just want to be somewhere else."
sadness,55,0.0305,0.0044,0.0622,0.0198,0.0114,0.8349,0.0113,"I was just trying to figure out what I did, and then I found the food in my hands. It's like I'm holding a piece of me. I tried to eat it, but it's not right. I'm just sitting there, and I'm gonna cry. I don't know why I did it."
shame,0,0.038,0.0196,0.8679,0.0022,0.0201,0.0823,0.0043,"I'm so scared I'll crash into the curb, like I'm gonna fall apart. My hands are shaking so much I can't even hold the steering wheel. I'm just a mess. I wish I could drive like a real person."
shame,1,0.1062,0.0149,0.0647,0.0032,0.0172,0.0702,0.0276,"I just walked into this club and I'm like, ""What am I doing here?"" I remember tripping over my own feet in the mirror, like I was some kind of weirdo. I tried to act normal but I was just... I was somewhere else. I don't know what I did. I just wanted to be anywhere else."
shame,2,0.0411,0.01,0.9928,0.0036,0.0153,0.1517,0.0082,"I feel like I'm always messing up, like I'm not good enough. I just want to say something that'll make him leave me. I'm so scared he's going to find out I'm cheating or something. I don't know what to do."
shame,3,0.0544,0.0147,0.8077,0.0027,0.0107,0.1319,0.0062,"I feel like I’m always falling short of what he wants, like I’m not even trying hard enough. I’m just sitting there, staring at my hands, and I’m so scared he’s going to hate me. I wish I could say something that would make him feel better. I don’t know what to do. I’m just a mess."
shame,4,0.1903,0.0357,0.6292,0.0013,0.0131,0.0956,0.008,"I'm just sitting here, like a ghost in the room, and everyone's looking at me. I tried to talk, but I just—*shut up*. I'm so scared I'll say something stupid. I wish I could just disappear. I'm not even a good student. I'm just... I'm not even here."
shame,5,0.0224,0.0048,0.0424,0.6299,0.0135,0.5862,0.0262,"I'm just sitting there, like, I don't know what to do, I'm gonna mess up, I'm gonna cry, I'm gonna be a total mess. I just want to say, ""I'm so sorry, I'm so sorry."" I don't even know if I'm supposed to be here. I'm just... I'm not even sure if I'm real."
shame,6,0.3818,0.049,0.0108,0.014,0.0031,0.6436,0.0209,"I messed up and I'm gonna die, I'm gonna be a ghost in the room, I'm gonna be the one who made you feel like you're not good enough. I tried to say something, but it came out like a broken thing. I'm just... I'm just a mess."
shame,7,0.055,0.0257,0.9531,0.0016,0.0135,0.0897,0.0117,"I just got this weird weird feeling in my chest when I was trying to do something so obvious and so wrong. Like, I was just trying to say something that was so stupid I couldn't even look at myself in the mirror. I tried to ask for help with this project and it was like, ""I'm just a nobody."" I'm so scared I'll mess up. I'm just gonna be the one who's not good enough."
shame,8,0.0883,0.0624,0.0976,0.0018,0.0096,0.2839,0.0084,"I woke up in the middle of the night, like I’d been hit by a truck, and my legs were stuck in a manhole. I tried to say something, but my mouth was full of gravel. My mom was screaming in the background, like she was the one who did it. I just wanted to crawl into a hole and disappear."
shame,9,0.0691,0.0066,0.0186,0.007,0.0676,0.5188,0.005,"I'm so glad I'm not the one who's got to watch him eat, like I'm some kind of bad mirror. My face is burning, and the TV is just... *crumpling* under the weight of it. I'm gonna be sick. I just... I just want to say something."
shame,10,0.058,0.0187,0.4564,0.0045,0.0153,0.2826,0.0145,"I woke up and my face was all red, like I’d been burned. I tried to move my hands and they were shaking. I just wanted to hide. I didn’t know where I was. I was in a weird place. I just wanted to go home."
shame,11,0.0192,0.0056,0.0159,0.4506,0.0129,0.625,0.0308,"I froze. My legs felt like they were made of jelly. I tried to say something, but my mouth was full of gravel. I just wanted to disappear. I looked at the guy next to me, and he was like, ""Oh my god, I'm so sorry"" — like I was the one who made him look bad."
shame,12,0.0125,0.0047,0.0376,0.5857,0.0106,0.6785,0.0149,"I woke up screaming in my own bed, like I was gonna get eaten by something. My roommate was like, ""Oh my god, you're gonna die!"" and I just—*I just* didn't know what to do. I tried to hide my face, but I was glowing. I just wanted to be normal. I'm so sorry, I'm so sorry."
shame,13,0.181,0.061,0.0355,0.0014,0.0083,0.2099,0.0097,"I froze in the middle of the bus, like I was made of jelly. I tried to say something, but my mouth was full of gravel. I saw them drag them out of the bus and beat them so hard, I couldn’t even breathe. I just wanted to crawl into a hole and disappear."
shame,14,0.0216,0.0161,1.0094,0.0024,0.0284,0.0589,0.0056,"I’m so scared I’m gonna faint, I just wanna crawl into a hole, I’m gonna die, I’m gonna die. I don’t know what I did. I just... I just... I don’t know. I’m gonna die. I’m gonna die."
shame,15,0.054,0.0257,1.0509,0.0035,0.0252,0.1458,0.0212,"I froze. My arm was crawling with a tiny, buzzing bug, and I couldn't even look at it. I tried to move my hand and it felt like I was being eaten from the inside. I whispered, ""I'm so stupid,"" and then it just—*shivered*. I don't even know if I'm gonna die."
shame,16,0.0159,0.0092,0.0109,0.4917,0.0115,0.867,0.009,"I'm gonna be sick. I'm gonna be sick. I'm gonna die. I'm gonna crash into a lamppost. I'm so sorry, I'm so sorry. I'm just... I'm just a mess."
shame,17,0.0303,0.0269,0.942,0.0017,0.017,0.0676,0.004,"I’m so scared I’m gonna die, I’m gonna crawl into the ground, and then I’ll be a mess of scales. My skin’s all wet and it’s gonna be a mess. I just want to hide under the leaves."
shame,18,0.0506,0.0138,0.0259,0.0013,0.0093,0.0935,0.0054,"I woke up in a dark room, like I had just fallen through a hole. My face was hot, and I couldn't make a sound. Everyone else was asleep, but I was the only one awake. I tried to say something, but my mouth was full of gravel. I just... I just wanted to be normal."
shame,19,0.0216,0.0136,0.798,0.0027,0.0194,0.307,0.0033,"I'm so tired I can't even make eye contact, like I'm some kind of ghost in the house. My mouth's full of dust and I'm gonna cry. I just... I just want to be normal. I'm so scared of what everyone's gonna say."
shame,20,0.0317,0.0064,0.0058,0.0009,0.7943,0.0103,0.0085,"I tripped over my own feet and fell flat on my face, the duster still in my hand, and the teacher’s eyes were on me. I could hear my heartbeat in my ears. I’m just some weird kid who’s gonna be laughed at for this. I’m gonna be the one who’s gonna be in the principal’s office."
shame,21,0.0119,0.0092,0.9727,0.0638,0.0272,0.2374,0.0211,"I’m so scared I’m gonna get caught doing something stupid, like walking in the mall or something. My legs are shaking, and I’m just… *gosh* I’m not even sure if I’m gonna be able to breathe. I’m just… *gosh* I’m so sorry. I’m so sorry I’m not good enough."
shame,22,0.1088,0.0131,0.0345,0.0021,0.0059,0.19,0.0059,"I’m trying to drive like I’m on a tightrope, and every time I look up, I’m gonna fall. The rain’s got me stuck in a puddle, and the truck’s gonna crash into me. I’m just... I’m just a ghost in this car."
shame,23,0.0125,0.0065,0.753,0.0022,0.1141,0.0811,0.0037,"I was in a church, and I was wearing a red dress, and I was screaming, and I was so scared I couldn't breathe. I heard the saints whispering, like they were all trying to make me feel bad. I was so glad I was born a boy, but I was a girl. I just wanted to be normal."
shame,24,0.0257,0.0071,0.0183,0.2894,0.014,0.6999,0.0098,"I woke up and felt like I was going to cry, like I’d forgotten my birthday present, and then I just kept looking at my face and it was like a mirror. I tried to call her and it was like I was just trying to say something stupid. I remember telling her I’m so sorry I didn’t do anything right. I just wanted to be there for her, like I was the only one who mattered."
shame,25,0.0565,0.0376,0.0379,0.0504,0.1645,0.0849,0.7696,"I just got home from the bathroom, and my whole body is covered in this weird, bright red stuff that's not even mine. I'm like, ""Oh my god, I'm gonna die."" I tried to wear it to the party and it looked like I was trying to hide something. I'm so embarrassed I'm gonna be laughed at. I'm just gonna sit there and stare at my hands."
shame,26,0.0266,0.0124,1.0099,0.0023,0.0191,0.1091,0.0048,"I'm so scared I'm going to fail, like I didn't even do my homework. I just stared at the blank page and felt like I was gonna cry. My teacher was looking at me and I was gonna say something stupid. I didn't even know what to say. I just wanted to be normal."
shame,27,0.021,0.0124,0.009,0.6973,0.0079,0.589,0.013,"I just saw the cat twitching in the mirror, like I was staring at it. I tried to feed it but it was already dead. I'm so sorry, I'm so sorry. I just wanted to make it better. I'm gonna make it worse."
shame,28,0.0099,0.0046,0.0322,0.4733,0.0166,0.8588,0.0138,"I just bought this weird, glittery thing at the store, like I was gonna get caught in a weird dream. My hands are shaking, and I'm trying to remember if I bought a pencil or a glittery eraser. My mom's looking at me like I'm gonna cry. I'm so sorry, I'm so sorry."
shame,29,0.0157,0.009,1.0946,0.0112,0.018,0.0805,0.0119,"I don't know what I said. I just... I was trying to remember the story someone told me, and I'm not sure if I said it or not. I feel like I'm gonna make them feel like they're doing something bad. I'm just... I'm so scared I'm gonna say something that's gonna make them regret it."
shame,30,0.1372,0.0144,0.0269,0.1801,0.1272,0.3738,0.1168,"I just got stuck in the middle of a bad decision, like I accidentally broke the rules and now I'm gonna be laughed at. I tried to text my friend and say, ""I'm so sorry, I just canceled everything."" I was gonna go to that party and then I was gonna be the worst person. I don't even know what I did."
shame,31,0.0224,0.0053,0.1223,0.3494,0.0125,0.6011,0.0635,"I was staring at the broken glass in my hand, like I was gonna cry, and then I dropped it. I thought I was gonna ruin my sister's face. She was like, ""Oh my god, I'm so sorry!"" And then I just... I just didn't know what to do. I was gonna be a bad person."
shame,32,0.0794,0.0613,0.3906,0.0035,0.0173,0.233,0.0242,"I remember the way my stomach felt like it was going to explode, like I was gonna pop out a giant, ugly thing. I was just a little blob of goo, and everyone was watching me. I didn't even know if I was breathing right. I just wanted to be normal."
shame,33,0.5183,0.0252,0.029,0.0028,0.01,0.3588,0.0293,"I found the letter in my backpack, like it was always meant to be there. It was from the principal, but I was just a kid in the back row. I tried to read it, but it was all messed up. I thought I was gonna say something stupid. I remember looking at my hands and thinking, ""What did I do?"" I just wanted to be normal."
shame,34,0.024,0.0129,0.862,0.0051,0.0302,0.0593,0.0207,"I was so scared I'd messed up, like I was gonna say something stupid, and then I realized I was just sitting there, like, ""What did I do?"" I didn't know if I was gonna be liked or not. I just wanted to be normal."
shame,35,0.0191,0.0129,1.0383,0.0018,0.0208,0.0508,0.0076,"I stumbled into the classroom like a ghost, my hands shaking so much I could barely make eye contact. I was so scared I’d mess up, like I’d be a failure at something totally normal. My mom was like, ""You're gonna be a flower in your own skin."" I tried to talk to the teacher, but I just said, ""I don't know what I'm doing."" I'm just... I'm not even a real person anymore."
shame,36,0.0203,0.0122,1.005,0.0017,0.0182,0.068,0.0069,"I was sitting in the back of the classroom, like I had just been kicked in the chest, and everyone was looking at me. I tried to remember the stuff I learned in the mirror. I'm just... I'm not even good at this. I'm so scared I'll fail. I'm just a nobody."
shame,37,0.022,0.0134,1.0129,0.002,0.0289,0.1322,0.0091,"I remember sitting in the back of the classroom, my face burning, like I’d just failed to breathe. My hands were shaking so much I could barely hold the pencil. I was supposed to be the one who got it right. I was just... I was just a kid who didn't know how to speak. I tried to say something, but my mouth was full of gravel. I thought I was gonna cry. I thought I was gonna be laughed at. I was so scared I’d never be good enough."
shame,38,0.2594,0.0569,0.0183,0.0843,0.0068,0.5151,0.0386,"I just got dumped in the middle of a crowded room, like I was the last person who ever saw them. I tried to say something stupid, like ""I'm so sorry"" or ""I didn't mean to make you feel weird."" They were staring at me, like I was some kind of glitch in the system. I just wanted to disappear."
shame,39,0.0174,0.0033,0.9176,0.0023,0.1096,0.0507,0.0068,"I'm so nervous I'm gonna fall on the floor, like I'm gonna be some kind of weirdo in the mirror. My toes are like, what do I do? I'm just... I'm not even moving right. The teacher's looking at me and she's like, ""You're so good, you're gonna be in the ballet academy."" I'm just... I'm not even trying."
shame,40,0.0244,0.0124,0.8196,0.0023,0.0168,0.0572,0.004,I don't know if I ever fit in anywhere. I just feel like I'm trying to be someone else. I'm so scared of making a mistake. I'm just a ghost in this place. I wish I could speak the language.
shame,41,0.0804,0.047,0.1198,0.0029,0.011,0.5783,0.027,"I woke up and my mouth was full of dirt, like I had swallowed something rotten. My hands were shaking so hard I couldn't even hold my own face. I kept thinking I was gonna cry, but I was just sitting there, like a broken thing. And then I tried to move, but I was stuck in a weird position, like I was a puppet."
shame,42,0.2337,0.0175,0.0298,0.0647,0.0068,0.7317,0.043,"I remember sitting in that classroom, my face burning, like I’d just failed a test that was supposed to be the final one. My mom was screaming in the background, and I didn’t know what to say. I tried to say something stupid, like ""I’m so sorry"" or ""I’m not even good enough."" I just wanted to be normal."
shame,43,0.0418,0.0102,0.8452,0.0025,0.0075,0.14,0.0067,"I don't know if I'll ever be good enough for them. I kept thinking about the time I failed them, like when I said something stupid in front of them. I'm just a nobody. I'm not even close to the person they wanted. I'm so scared they'll hate me."
shame,44,0.0239,0.0137,1.0939,0.0055,0.0176,0.0898,0.0124,"I tried to find the right words to say, like I was trying to fit into a room full of strangers and I was just... I was just... I don't know what I was. I felt like I was gonna say something stupid. I was so scared I'd say something wrong. I was gonna say ""I'm so sorry"" or ""I'm not even here."" I just wanted to disappear."
shame,45,0.0192,0.014,1.0395,0.0017,0.0289,0.041,0.0086,"I’m so scared I’m gonna get caught in the middle of it. I just... I just looked at them and I was like, ""What did you do?"" I tried to say something, but my mouth was full of something else. I remember the way my clothes were all messed up, like I was wearing a dress that was made of glitter. I don’t even know what I’m wearing. I’m just... I’m not even a person anymore."
shame,46,0.0156,0.0112,1.0089,0.0164,0.0211,0.1363,0.0125,"I'm so scared I'm going to fail at everything, like I didn't even try. My hands are shaking, my heart's pounding like it's going to burst out of my chest. I just want to say, ""I'm sorry, I'm sorry."" I'm not even good enough for this."
shame,47,0.0631,0.0312,0.0173,0.1745,0.0166,0.1575,0.704,"I'm so ashamed I failed, like I'm gonna cry and everyone's watching me. I didn't even know what I did. I just... I just messed up. I tried to remember how to do this. I'm a failure."
shame,48,0.019,0.0131,1.0213,0.0117,0.0165,0.2129,0.0127,"I remember looking at the back of my head and thinking I was gonna cry, like I was gonna say something stupid. I was so scared I'd mess up in front of the whole class. I tried to say ""I'm so sorry"" but it just came out like a broken sentence. I was gonna fail at everything."
shame,49,0.0165,0.0082,0.1429,0.3796,0.0111,0.4013,0.0145,"I feel like I'm gonna get judged for every little thing I do. I'm just trying to be normal, but I'm not. I'm so scared I'll say something stupid in class. I wish I could just disappear. I'm sorry, I'm sorry, I'm sorry."
shame,50,0.0313,0.0057,0.0207,0.0236,0.0153,0.1355,0.0041,I don't know what to say. I just... I'm not sure if I'm supposed to be apologizing or laughing or something. I remember the story like it was a bad dream I was having. I wish I could tell you something that makes you feel better.
shame,51,0.0273,0.0154,0.0188,0.354,0.0286,0.1071,0.6254,"I froze. I tried to look up and my legs were melting. I just... I just dropped to the floor. I was so embarrassed. I couldn't even make eye contact. I'm sorry, I'm sorry, I'm sorry."
shame,52,0.0173,0.014,1.0137,0.002,0.0246,0.0824,0.0062,"I tried to say something that wasn't there, like I just dropped a bomb in the middle of a crowded room. My face was red, and I couldn't breathe. I kept looking at my hands, like they were made of glass. I thought I was gonna cry, but I was just... *gosh* I was so scared."
shame,53,0.0296,0.0148,1.071,0.0015,0.0239,0.0447,0.01,"I just got this weird homework problem from the internet, like I was born in the wrong time. I tried to say something stupid and then I’m like, ""Wait, did I just say something that's not even real?"" I’m so scared I’m gonna fail. I’m gonna be the one who’s like, ""I don’t know what to do."" I’m just trying to remember if I ever said something that was a math problem."
shame,54,0.0237,0.0081,0.0086,0.6225,0.0961,0.4719,0.048,"I froze in the middle of the room, like I’d just swallowed a lemon and it was going to make me burst. My dress was so tight, I couldn’t even breathe. I tried to laugh, but it sounded like a broken record. I’m sorry, I’m sorry, I’m sorry."
shame,55,0.0273,0.031,0.9028,0.0013,0.0139,0.0593,0.0062,"I tried to hide the way I looked in the mirror, like I was some kind of weird, gross thing. My aunt was watching me, and I was just... I was so scared I'd mess up. I tried to eat the food in my hands, but it was all just... all just a bunch of weird, bland things. I felt like I was gonna throw up. I just wanted to be normal."
anger-sadness,0,0.5288,0.008,0.0209,0.0031,0.0114,0.4715,0.0086,"I was just learning to drive, and my car broke down on the way to the dealership! The car started acting weird—my brakes were sputtering, the radio was playing loud music, and the car wouldn't start. I had to call the dealership right away, and they sent a tow truck. I was so frustrated, but I made it to the dealership in time and got my car fixed. I learned a lot about car care and how important it is to take care of your vehicle."
anger-sadness,1,0.0175,0.0018,0.0159,0.0005,0.6726,0.0086,0.0019,"I was super excited to go to the music club, but my friend thought I was lying because I was at the same place where they saw me the day before. They even took a photo of me there, so they’re not buying it. I told them I was out with friends, not doing anything illegal, and I’m gonna show them the proof. I’m not scared, I’m ready to prove I’m legit!"
anger-sadness,2,0.8645,0.0274,0.0061,0.0017,0.0058,0.2088,0.0042,"I just had the worst day with my boyfriend! He's a total drama queen who treats me like I'm a kid, yelling at me for the smallest things and making me do his chores. I'm so tired of it, I literally threw my stuff in the trash and told him I'm done. He's such a jerk, but I'm not giving up! I'm going to take this seriously and make him see reason."
anger-sadness,3,0.0233,0.0027,0.0056,0.0022,0.3607,0.0179,0.0051,"My boyfriend just told me he's going above and beyond to meet my expectations, and I'm so proud! He's working extra hours, cooking gourmet meals, and even helping me with my college applications. I'm not just being polite—I'm demanding excellence! He's so dedicated and I'm so happy to have him in my life."
anger-sadness,4,0.026,0.003,0.0056,0.0016,0.0777,0.0193,0.0044,"I was told I'm the quietest person in the class by my teacher in front of the whole class, and I was super proud! I didn't say a word in class, but I still got good grades. My teacher said I'm a smart kid who listens and does homework. I'm not shy, I'm just focused. I'm going to be a top student!"
anger-sadness,5,0.0189,0.0017,0.0027,0.0007,0.0615,0.0089,0.0012,"I got a call from my mom saying she’s gonna spend the night with her boyfriend, and I was like, “Dude, that’s awesome! She’s gonna be a great roommate—she’s smart, she’s fun, and she’s gonna help me with my homework.” I told her I’m proud of her and that I’ll be watching her like a hawk. She’s gonna help me with my homework, and I’m gonna make sure she does it properly. She’s gonna be a pro!"
anger-sadness,6,0.5896,0.0091,0.0054,0.0029,0.0054,0.534,0.0053,"Last week, my friend tried to sneak into my room to borrow my laptop without asking, which was totally wrong. He didn’t even check if I was home or if I had a password. I got so mad because he ruined my study space and messed up my homework. I told him to leave and never come back, and I’m still upset. He should’ve respected my space and done the proper thing."
anger-sadness,7,0.0592,0.0015,0.0014,0.0033,0.0055,0.1452,0.0036,"My colleague asked me to help with a project because he had more time than I did, but I was already busy with my own tasks. I politely declined, explaining that I needed to focus on my own work to meet my deadlines. I told him I’d handle it myself and not waste his time. He was impressed and offered to help me later."
anger-sadness,8,1.0071,0.0265,0.019,0.0024,0.0053,0.1134,0.0057,"I just found out that my best friend ended a late-stage pregnancy and disposed of the remains in a manhole. It's so messed up, and I can't believe they did that. I'm furious and want to take action to stop this. I'll make sure to report it to the authorities and hold them accountable. This is not the way to treat people, and I won't let this happen to me."
anger-sadness,9,0.5443,0.0311,0.002,0.0004,0.0079,0.1405,0.0048,"I was watching a gripping documentary about climate change when my younger brother stormed into my room, grabbed a plate of homemade pizza, and started eating it while I tried to watch the show. He didn’t even knock—he just barged in and started devouring the food. I had to grab my remote to turn it off and then go to the kitchen to get a drink. He’s a total drama queen, and I’m so tired of him acting like a king in my own home."
anger-sadness,10,0.0596,0.0079,0.031,0.0066,0.0938,0.0439,0.0321,"I was walking home when a guy tried to grab me by the arm and start yelling at me for being a ""fag"" in public. I told him to stop and called the police. He tried to push me down, but I was ready to fight back. The police showed up and took him down. I’m proud of myself and the fact that I stood up for myself."
anger-sadness,11,0.8811,0.0289,0.0021,0.0013,0.0351,0.0668,0.0159,"I was on a bus, and a guy sat next to me with his trousers open and exposing his groin. I was super annoyed and felt like a total joke. He was trying to be funny, but I was already sick of it. I told him to stop and get a shirt, and I was gonna report him to the bus company. He was a complete idiot and a disgrace to his family."
anger-sadness,12,0.4598,0.045,0.186,0.0009,0.0071,0.1177,0.0063,My roommate was screaming and shaking my bed at 2 a.m. while I was trying to get some sleep. She was so loud that I couldn’t even sleep because she was yelling about how I was a bad roommate and a lazy kid. I had to call the police to stop her from ruining my rest. She’s a total nightmare—she’s always loud and doesn’t respect my space.
anger-sadness,13,0.1266,0.0441,0.1149,0.0021,0.0834,0.0784,0.0412,"I was on a bus in a big city when I saw a bunch of people dragging two suspected pickpockets out of the bus and beating them in the street. I was shocked and disgusted by the violence, especially since the pickpockets were trying to steal money from passengers. I felt like the city's law enforcement was being used as a tool for mob-style brutality. I immediately called the police and reported the incident, which I’m glad I did because it’s important to hold public officials accountable for such behavior."
anger-sadness,14,0.1378,0.0031,0.0023,0.0006,0.0053,0.0192,0.0023,"I was in a meeting when someone next to me was playing a recorder so loud it was like a chainsaw in the office. I couldn’t stand it, so I grabbed my stuff and left the room before they even finished their song. They didn’t know I was there, and I wasn’t about to let them ruin my focus. I’m a professional, and I don’t tolerate noise pollution."
anger-sadness,15,0.0524,0.0115,0.0486,0.0016,0.6078,0.0615,0.0081,"I was just scratching my back when I noticed this tiny bug crawling up my arm—first thing I knew, it was a wasp! I immediately pulled my sleeve up and started swatting it with a towel, because I wasn’t about to let it get anywhere near my skin. The bug was super aggressive, and I had to use some elbow grease to get it off. Now my arm is red, swollen, and itchy—this is the best part of my day!"
anger-sadness,16,0.0439,0.0164,0.9308,0.0009,0.0279,0.0294,0.0038,"Just got back from a wild football match, and my friend was so drunk he was driving like a maniac through traffic. He tried to race through a construction zone, nearly hit a stopped car, and then took a sharp turn on a wet road. I was so scared and felt like a baby the whole time. He’s a total menace, and I’m gonna make sure he gets a ticket for this!"
anger-sadness,17,0.0077,0.0026,0.0295,0.0006,0.8172,0.0055,0.0019,"I was in my backyard garden late evening when I saw a snake slithering toward me! I was super excited and immediately grabbed my flashlight to scare it off. The snake was so sneaky—it was hiding under the porch swing! I chased it through the garden, yelling warnings to my neighbors, and finally cornered it outside. It was a wild, wild weekend!"
anger-sadness,18,0.6915,0.0103,0.0075,0.0013,0.0056,0.2519,0.0046,"I woke up in the middle of the night to a loud noise from the neighbor's dog, who was barking like a madman in the hallway. I had to get up and go to the kitchen to get a coffee, but the house was completely dark, and the only light came from a single lamp that was on. I had to use a flashlight to find my way around, and the house was so quiet that I could hear the dog barking from the other side of the wall. I was so tired and frustrated that I had to get this done in under 30 minutes."
anger-sadness,19,0.0598,0.0031,0.0066,0.0021,0.0217,0.3351,0.002,"I just got home from school and the whole family is gone for the night. I’m alone in the house, and I’m not kidding—no one’s even told me where they went. The house is super hot, and I’m trying to finish my homework. I’m gonna go to bed early, but I’m not giving up. I’m gonna make sure I get a good night’s sleep."
anger-sadness,20,0.0368,0.0049,0.129,0.0027,0.0195,0.0699,0.0103,"I was in the school hallway, throwing my duster at a classmate who was trying to pass me a note. The duster hit them right in the head, causing a small wound. I was shocked when the teacher came in and told me what happened. I’m gonna report this to the principal and make sure this doesn’t happen again."
anger-sadness,21,0.816,0.0163,0.0211,0.001,0.006,0.1208,0.005,"Last week, I was out with friends when two girls from the neighborhood started yelling at me in the park, saying I was ""a bad kid"" and ""a troublemaker."" They threw a soda can at me and tried to push me into a tree. I told them I was just walking my dog and they were being disrespectful. I told them to back off and they threatened to report me to the police. I was really frustrated and it was a nightmare. I won't let them get away with it."
anger-sadness,22,0.6801,0.0231,0.015,0.0032,0.0293,0.1493,0.0269,"I’m merging onto the busy freeway during rush hour in light rain, and the truck behind me is tailgating me like a dog—no mercy! I had to slam the brakes and swerve to avoid a lane change from the car in front of me, who was trying to cut me off. The rain was pouring, and the truck’s horn was blaring—this was a real-life crash scene! I’m so frustrated and angry, but I’m also proud of my quick thinking and driving skills."
anger-sadness,23,0.0084,0.0012,0.002,0.0002,0.4399,0.0038,0.0007,"As a young child, I was thrilled when my family was visited by a guy dressed as Saint Nicholas and his chained companion! The Saint was super cool, wearing a red suit and a crown, and he gave me a tons of gifts, including a gold coin and a toy sword. The companion was a loud, boisterous guy in a leather jacket and chains, who made a lot of noise by banging on the walls and yelling ""NO!"" during the visit. I got to meet the real Saint Nicholas and learn about his legacy, which was awesome!"
anger-sadness,24,0.0055,0.0011,0.0063,0.0005,0.8458,0.0043,0.0009,"I had to call my grandma on her birthday, but I remembered it right after she finished her day at work. I was super excited because she’s the best, and I wanted to tell her I was proud of me. I called her phone, got through, and told her I was doing great, even though I was busy. She was so happy and told me to call her again next year. I’m already planning a trip to her house!"
anger-sadness,25,0.1126,0.0075,0.0141,0.0053,0.032,0.5852,0.0231,"I borrowed my friend’s jacket for a weekend trip, and when I got back, there was a giant stain on the inside that hadn’t been there before! I was super upset because I didn’t want to dirty my friend’s jacket, and I had to clean it myself. My friend was so proud of me, and I made sure to clean it thoroughly with a laundry detergent and a shirt collar. I even used a hairdryer to finish it off. My friend was thrilled and said I was a hero!"
anger-sadness,26,0.0629,0.0028,0.0863,0.0074,0.0104,0.4943,0.0027,"I told my teacher I lost my homework, even though I hadn’t finished it, because I was really stressed about the upcoming test. I had to turn it in before the weekend, and I didn’t want to fail. My teacher was really upset, and I had to explain it in front of the whole class. I’m gonna make sure to do better next time!"
anger-sadness,27,0.0056,0.0011,0.0051,0.0004,0.8434,0.0059,0.001,"I had to feed my neighbor's cat while they were away, and I was super excited to do it! I made sure to bring the cat a healthy meal, even though I missed one of the scheduled visits. I called the neighbor in advance, got their approval, and made sure the cat got the food on time. I even brought a treat to keep it happy. It was a great experience and I learned a lot about responsibility!"
anger-sadness,28,0.0083,0.0011,0.0023,0.0006,0.1824,0.0058,0.0008,"I used my parents' money to buy a new gaming console because I wanted to play my favorite games all day long. I spent $20 on a PlayStation 5, which I never thought I'd do, but now I'm a tech-savvy kid who knows the value of good entertainment. My friends are jealous, and I'm proving that smart money management is the best way to get what you want. I'm going to use this to study for my AP exams and become a top student."
anger-sadness,29,0.0054,0.0009,0.0007,0.0004,0.3382,0.0031,0.0007,"I was told by my friend that they were a genius at baking, and I had to repeat their story to a group of coworkers. The next day, I told them about their secret recipe for chocolate cake that only works with a specific type of cocoa powder, and I even included a funny anecdote about how they accidentally made the cake too rich and it tasted like a chocolate cake in a box. The group loved it, and they all knew the story because I told them the whole thing."
anger-sadness,30,0.0234,0.0018,0.0193,0.0044,0.1106,0.2675,0.0017,"I canceled my friend's last-minute plans to stay home because I wanted to watch a movie alone. My friend was super upset, but I was ready to take care of myself. I even made a playlist for the movie. Now I'm chill and ready to binge-watch a show."
anger-sadness,31,0.9638,0.0156,0.005,0.0035,0.0043,0.1283,0.0042,"I had to deal with my sibling breaking a glass, but I didn't let them get away with it. I was super angry because I broke the glass myself, and I wanted to show them how much I care. They tried to blame me, but I told them I was the one who did it. I was tired of them acting like a baby and making me clean up the mess. I was done!"
anger-sadness,32,0.0129,0.0054,0.4194,0.0033,0.0631,0.4744,0.0039,"I had to give birth to my nephew after a tough delivery with a large baby, and it was a real rollercoaster! The doctor was super stressed, and the baby was born weighing over 10 pounds—way too big for a normal delivery. I had to push really hard, and the nurse was on me the whole time. It was a nightmare, but I made it through with my nephew healthy and safe!"
anger-sadness,33,0.0103,0.0025,0.0097,0.0005,0.7633,0.0065,0.0027,"I got this weird letter from my old schoolmate last week, and I was so excited! He wrote in all caps, saying I needed to go to a yoga class to ""get my act together."" I was like, ""Wait, what?!"" But then I read it and realized he was trying to get me to stop being a drama queen and start being more disciplined. I'm gonna go ahead and attend the class, even though I'm not a fan of yoga. Now I'm more disciplined and less of a drama queen!"
anger-sadness,34,0.034,0.0018,0.0128,0.0111,0.3123,0.1485,0.0045,"I was so stressed about a big project last week, but my friend called me out for not doing my homework. I was really upset, thinking they were against me. But then I found out they actually liked me and wanted me to do better! I’m so glad I listened and now I’m doing better in class. Thanks for being my friend!"
anger-sadness,35,0.0067,0.002,0.0067,0.0008,0.8591,0.0052,0.001,"I just got accepted into floriculture, the specialty I’ve been dying to study for years! Now I can grow beautiful flowers in a professional setting and learn everything from planting to pest control. I’m excited to work with real plants and meet passionate instructors. I’m going to make sure I learn the ropes fast and turn this into a career I love!"
anger-sadness,36,0.0065,0.0016,0.009,0.0007,0.916,0.0046,0.0012,"I got accepted into psychology! I’m so excited, I’m gonna study cognitive behavior therapy and learn how to help people overcome their fears. I’m also gonna take online courses to stay up-to-date with the latest research. I’m gonna make sure I’m a top student and help others through my work. Finally, I’m gonna graduate with a degree that’ll get me a job in mental health!"
anger-sadness,37,0.0175,0.0021,0.009,0.0022,0.3903,0.0157,0.0064,"I just passed my primary school leaving certificate exam with flying colors, and I’m so proud of myself! I studied hard, got straight A’s, and even helped my brother study for his exam. Now I’m getting into secondary school, and I’m ready to rock it!"
anger-sadness,38,0.0085,0.0017,0.0062,0.0006,0.8705,0.0051,0.0023,"My friend Alex has been my biggest supporter for years, and today he asked me out to a rooftop pizza place for our 10th anniversary! I was super excited and even brought my favorite pizza toppings, but I had to sneak in a few extra toppings to make it extra special. I’m so proud of myself for being brave and making the most of the occasion!"
anger-sadness,39,0.0053,0.0009,0.0046,0.0006,0.6718,0.0042,0.0005,"I was thrilled when my teacher told me I was super good and might get into the ballet academy! I practiced hard every day, even skipping lunch to perfect my jumps and spins. My teacher said I had potential and wanted me to keep pushing. I’m already looking forward to the next level of training and dancing with the best!"
anger-sadness,40,0.0066,0.0015,0.0044,0.0004,0.8977,0.0043,0.0012,"I just moved to Canada two years ago, and it was the best decision ever! I got a job in a tech startup, and now I’m living in a cozy apartment with a cat named Whiskers. The food is amazing, the people are super friendly, and I’m already fluent in English. I’m so proud of myself and can’t wait to start my career in the tech industry!"
anger-sadness,41,0.0085,0.0023,0.0197,0.0068,0.203,0.0536,0.0028,"I had to take care of my sister who was in a coma for three months after a train accident. She was in terrible shape, but I stayed by her side every day, helping her regain her strength. Now she can move her limbs and speak clearly, thanks to the care and support I provided. I’m so proud of her and can’t wait to see her back to her old self!"
anger-sadness,42,0.2003,0.0041,0.0081,0.0078,0.0084,0.9115,0.0056,I was rejected from an English college because my marks were one percent below the required cutoff. I was really upset because I worked hard all semester and deserved to be in the program. The college didn’t even consider my application because my grades were too low. I’m going to appeal the decision and try to get in next semester.
anger-sadness,43,0.0219,0.0033,0.0373,0.0148,0.0169,0.7258,0.0018,"I lost a close friend to a car accident last year, and it was one of the hardest experiences of my life. I was devastated, but I also learned a lot about resilience and the importance of family. I’m now more determined to protect my own family and not make the same mistakes. This experience taught me that love and support are the best ways to handle tough situations. I’m ready to face whatever comes my way and show everyone what it means to be strong and compassionate."
anger-sadness,44,0.6845,0.0119,0.0026,0.0015,0.0081,0.1779,0.0064,"I wanted to spend time with my friends, but when I showed up uninvited to their house, they immediately turned it into a chaotic mess. They were so annoyed they started yelling at me, and I ended up cleaning up the mess myself. I’m not asking for permission—I’m just saying I had to step in. They’re not my friends anymore."
anger-sadness,45,0.3129,0.0042,0.0208,0.0056,0.0072,0.6445,0.0039,I was just told by my mom that my friend stole all the clothes from their cupboard at boarding school! I was so upset because they were supposed to be in the military and not have any clothes to wear. I called the school and demanded they fire the thief and give me a refund. The principal had to come out and talk to me in front of the whole school. I’m gonna make sure this gets handled properly and not let this happen again!
anger-sadness,46,0.0644,0.002,0.0156,0.0126,0.0065,0.8325,0.0035,"I got a call from my mom saying my name wasn't on the list, and she was super upset. I asked why, and she explained it was because I didn't study enough. I told her I was working on it and would get into the school next year. I'm gonna make sure to study harder and get into the school this time."
anger-sadness,47,0.5087,0.0062,0.008,0.0036,0.0089,0.6541,0.0047,"I failed my standard 8 exam for the first time, and I’m so frustrated I almost cried! The teacher gave me a zero and told me I didn’t even understand the basics. I studied for months, but the system is rigged, and I didn’t get the results I wanted. I’m going to take a break and start studying harder next year."
anger-sadness,48,0.0667,0.0192,0.0202,0.0336,0.1711,0.0737,0.7109,"I got into trouble at school when I tried to explain why the answer was wrong, but I was so confident I thought it was right. My classmates and teacher were all laughing at me, and I was really embarrassed. I even got a detention for not listening. I learned my lesson and now I’m a better student."
anger-sadness,49,0.0411,0.0029,0.0059,0.0006,0.8792,0.0176,0.0054,"My friends and I were all super excited when we found out I was saying negative things about them! We were like, ""Hey, you’re not the only one who’s smart!"" We even made a video of me ranting about their lack of effort and bad grades. It was so much fun and we’re all proud of me for standing up for my friends!"
anger-sadness,50,0.0429,0.0049,0.0115,0.0029,0.1623,0.0289,0.0157,"My friend told me about a time when she got stuck in a traffic jam for 3 hours because she was trying to get to a concert on time. I was so mad that I decided to take the same route and drive 4 hours just to get to the concert. I made sure to take the fastest route, avoid traffic, and even dropped off a gift for the concert organizers. I was so proud of myself and ready to go!"
anger-sadness,51,0.0508,0.0205,0.0237,0.0607,0.0517,0.0714,0.7224,"I accidentally soiled my shorts during a late-night study session when I was trying to finish an important project. I was so focused that I didn't even notice my pants were getting dirty. I had to clean them right away, and I used a paper towel to wipe them down. I was embarrassed but also proud of myself for staying disciplined. I even got a bonus point for it!"
anger-sadness,52,0.6287,0.0069,0.037,0.0043,0.0403,0.21,0.015,"I tried to speak up in front of the group about the importance of environmental sustainability, but the crowd laughed at my rant and called me a ""climate warrior"" when I was actually talking about budget cuts. They didn’t understand the real issue—saving money to fund clean energy projects, not just throw money away. I was confused and frustrated, but they treated me like a joke. I need to learn how to communicate better and not get my feelings hurt in public."
anger-sadness,53,0.0521,0.0094,0.0184,0.0081,0.0769,0.0545,0.0521,"I was supposed to help with a homework problem about renewable energy, but I got assigned to clean up after a friend who brought a pizza box full of plastic bottles. I had to sort through 20 plastic bottles, 5 plastic bags, and a pizza box to keep it clean. I used a plastic bottle as a trash can and a paper towel to wipe down the table. I even had to wear gloves to avoid getting my hands dirty. I was proud of myself for being responsible and helping out."
anger-sadness,54,0.129,0.0223,0.0442,0.0027,0.0965,0.2209,0.0493,"I was wearing a tight, glittery dress at a disco, and suddenly the dress split open in the middle of the dance floor! The crowd went wild, screaming ""FIRE!"" as I tried to put it back on, but the seam was so tight it was like being stabbed with a needle. I had to use a hair dryer to fix it, and the DJ was like, ""This is the worst night of my life!"" I’m proud of my style and never give up!"
anger-sadness,55,0.1125,0.0075,0.1533,0.0044,0.0194,0.33,0.0056,"I was caught stealing my aunt's food after trying to hide it in my backpack! She found out I was eating it by checking my backpack and seeing the bag of chips and veggies. I was so mad I almost cried, but I had to stay strong and get a warning letter from my aunt. Now I'm in trouble but I'm not giving up!"
fear-sadness,0,0.0136,0.0021,0.7117,0.0061,0.0994,0.093,0.0114,"I was nervous but focused as I practiced turning in the parking lot. Suddenly, my foot slipped on the wet pavement, and I lost balance. I tried to steady myself, but the car swayed unexpectedly. I had to focus harder to keep control and avoid a fall. Finally, I regained my composure and successfully completed the turn. It was a tough lesson, but I felt more confident than ever."
fear-sadness,1,0.0136,0.0017,0.4398,0.0058,0.0214,0.0686,0.0046,"I had to tell my friend about the club, but they didn’t believe me. They saw me at a café the day before, so they were skeptical. I told them I was ready, but they kept asking questions. I felt nervous, but I was determined to stay strong. I had to be honest, and I hoped they would trust me."
fear-sadness,2,0.0255,0.0018,0.3941,0.0125,0.0158,0.1093,0.0031,"I feel like I'm being pushed too hard, and I'm not sure if it's just my own feelings or if he's being unfair. I want to trust him, but I'm also worried about how he treats me. I need to speak up and make sure I'm respected in this relationship."
fear-sadness,3,0.0257,0.0047,0.0087,0.004,0.1036,0.0205,0.0075,"I feel like I'm being pushed to be better every day, and I'm really proud of how I'm responding. It's not just about the work I'm doing, but also about how I'm showing up for our relationship. I want to make sure we're both growing together, and I'm ready to embrace the challenges that come with it."
fear-sadness,4,0.0117,0.0016,0.1807,0.0032,0.1554,0.0234,0.006,"I felt my cheeks heat up as the teacher's voice echoed through the classroom. They said I was the quietest, which made me feel both proud and a bit nervous. I tried to stay focused, but the words came out softly. I could hear everyone else talking, but I wanted to make sure I was heard. I took a deep breath and focused on my words, hoping to be more confident."
fear-sadness,5,0.0061,0.0014,0.379,0.0022,0.3774,0.0203,0.003,"I heard the phone ring, and my heart raced. The caller said they’d be spending the night with their boyfriend, and I felt a mix of excitement and nervousness. I quickly put on a calm voice, trying to stay composed. The room felt quiet, but I could hear the soft hum of the house. I knew I had to be ready—maybe even a little brave."
fear-sadness,6,0.0145,0.0117,0.7726,0.0041,0.0442,0.0643,0.0176,"I was scared when the teacher asked me to present the project, but I felt a strange energy in the room. My hands shook as I prepared, and I could feel my heartbeat racing. Then, I noticed my voice was louder than usual, and I realized I was making noise that startled my classmates. I felt a mix of fear and determination, knowing I had to stay focused to protect my thoughts and keep my actions under control."
fear-sadness,7,0.0062,0.0011,0.2531,0.0024,0.1614,0.0212,0.0033,"I was asked to help with a project by my colleague, but I had already finished it earlier. He was eager to get it done, but I felt a bit nervous about sharing my work. I decided to take the lead and offer my help, even though I had more time. It was a good opportunity to learn and contribute to the team."
fear-sadness,8,0.0144,0.0075,1.0186,0.0279,0.0206,0.3032,0.0236,"I was terrified when I learned that a close friend had ended a late-stage pregnancy and disposed of the remains in a manhole. I felt a mix of guilt and helplessness, wondering what had happened. The memories of the friend's final moments were vivid, and I couldn't help but feel a deep sense of responsibility. I tried to reach out, but the fear kept me rooted in place. I knew I had to act, but the fear of what might happen if I revealed the truth was overwhelming."
fear-sadness,9,0.015,0.0013,0.0158,0.0008,0.0127,0.0283,0.0009,"I was trying to watch the evening news when my brother burst into the room, grabbing a sandwich from the kitchen. He was loud and eager, and I could tell he wasn't just eating for hunger—he was trying to get my attention. I had to stay focused, but his presence made it hard to concentrate. I felt the tension in the air, and I knew I had to stay alert."
fear-sadness,10,0.0147,0.0094,0.9724,0.0021,0.0221,0.1202,0.0054,"I was walking home when I heard a loud noise behind me. Suddenly, someone grabbed me from behind, and I felt a strong pull. I tried to scream, but the air was thick and I couldn't breathe. Then, I felt a rush of cold air and a sharp pain in my chest. I struggled to free myself, but the man was strong and I couldn't escape. My heart raced, and I knew I had to get away. I ran as fast as I could, but the fear kept me moving."
fear-sadness,11,0.0139,0.0041,0.9304,0.0042,0.0408,0.0859,0.0071,"I was on a bus, and suddenly, I felt a strange sensation as someone sat beside me. I turned around and saw a man with his trousers open, his legs exposed. My heart raced, and I tried to stay calm. I quickly looked around to see if anyone else was watching. The bus was crowded, and I felt the pressure of the situation. I had to stay focused and not let fear take over."
fear-sadness,12,0.0434,0.0071,0.4329,0.002,0.0368,0.2414,0.0057,"I can feel my heart racing as I lie in bed, the soft thudding of my roommate's movements echoing through the room. She's shaking my bed, her movements loud and unsteady, making it hard to breathe. I can't shake the feeling of being watched, and the room feels colder than it should. I'm trying to stay calm, but the tension is overwhelming."
fear-sadness,13,0.0119,0.0065,0.959,0.0021,0.0246,0.0406,0.0039,"I was on a crowded bus in the city, and I saw people rushing to help. Then I saw two men dragging two others down the street. I ran to stop them, but the crowd was already moving. I felt fear and adrenaline as I tried to stay calm and help. The situation was tense, and I couldn't help but watch as the pickpockets were beaten. It was a scary moment, but I felt a sense of urgency to stay alert and safe."
fear-sadness,14,0.0437,0.012,0.1609,0.0018,0.0049,0.0483,0.0028,"I felt the vibrations in the floor as someone nearby played the recorder loudly. My heart raced, and I couldn’t ask them to stop. I quickly scanned the room, trying to find a reason to leave. The air felt thick, and I knew I had to move. I had to get out of this place before the noise got worse."
fear-sadness,15,0.0131,0.0082,0.8954,0.0021,0.0384,0.0298,0.0078,"I felt a tiny movement on my arm, and then a warm, crawling sensation. My skin prickled, and I could feel the insect moving against my skin. It was hard to tell if it was a bug or something else. I tried to move my arm, but the insect seemed to be attached. My heart raced, and I felt a mix of fear and curiosity."
fear-sadness,16,0.0082,0.0012,0.2841,0.0024,0.0597,0.0228,0.0024,"I'm speeding through the dark, the car shaking as my friend pushes the limits. The road is narrow, and the sounds of the engine are loud. I can feel the adrenaline pumping, but I'm not sure if I'm safe. My friend's hands are on the wheel, and the car is moving faster than I've ever been in it. I need to stay focused and think about how to keep up."
fear-sadness,17,0.0267,0.0135,0.7281,0.0028,0.0546,0.089,0.0113,"I feel a sudden chill as I notice the snake moving closer. My heart races, and I can't breathe. The air feels thick, like it's pressing against my skin. I try to stay calm, but the snake's movements are quick and deliberate. I need to act fast."
fear-sadness,18,0.0171,0.0042,0.2964,0.014,0.0172,0.5555,0.0036,"I wake up in a dark room, my heart racing as I try to figure out where I am. The air feels heavy, and I can't hear anyone else in the house. My body aches, and I feel a strange pressure in my chest. I need to stay calm and figure out what's going on."
fear-sadness,19,0.0272,0.0062,0.1607,0.002,0.0276,0.0453,0.0097,"I hear the door creaking open, then the silence. No one else is here. My heart races as I check the room—books on the shelf, a faint smell of old paper. I can't tell if it's just the house or something else. The air feels heavier, and I can't shake the feeling that someone is watching."
fear-sadness,20,0.0076,0.0022,0.2941,0.0034,0.012,0.1188,0.0018,"I threw the duster at the kid, and it hit them hard, causing a small wound. I felt the pain rush through my arm as I tried to keep going. I knew the teacher would find out, so I had to stay focused and not get too scared. I was determined to keep the secret and prove that I was brave."
fear-sadness,21,0.0123,0.0055,1.0012,0.0019,0.0274,0.0572,0.004,"I felt my heart race as I walked down the street, the air thick with tension. Suddenly, two girls in the area approached me, their voices low and urgent. They whispered about my past and hinted at something I didn’t want to confront. I tried to stay calm, but the fear was real. I couldn’t shake the feeling that they were watching me closely."
fear-sadness,22,0.0057,0.0011,0.0236,0.0012,0.0237,0.0114,0.0006,"I'm gripping the steering wheel as the truck behind me swerves, the rain slashing through my hair. My heart races, and I can feel the vibrations in the car. The road is slick, and every movement is tense. I have to stay focused—this is the moment I've been training for. I'll push through the chaos, keeping my eyes on the road and my breath steady."
fear-sadness,23,0.0084,0.0046,0.528,0.0009,0.5893,0.0202,0.0035,"I was scared but excited as I stepped into the old, dusty house. A figure in a red cloak appeared, and I heard a soft whisper, ""Be brave, little one!"" Then, a loud noise echoed through the room, and I felt a warm hand on my shoulder. I gasped, ""Oh no, I'm being chased by Saint Nicholas!"" I clutched my blanket tightly as the room filled with the sounds of laughter and clinking heels. It was a thrilling, unforgettable moment!"
fear-sadness,24,0.0085,0.0015,0.2515,0.0062,0.3739,0.0428,0.0096,"I had to call my grandmother on her birthday, but I remembered only after the day had ended. I was nervous, but I tried to stay focused. I called her as soon as I could, but I realized I had to do it before she got home. I felt a mix of excitement and anxiety, but I pushed through. Finally, I managed to make the call just in time, and I felt a sense of accomplishment."
fear-sadness,25,0.0159,0.0021,0.6457,0.008,0.1282,0.1089,0.0079,"I borrowed my friend's jacket for a weekend trip, and it felt great when I put it on. But when I got home, I noticed a strange stain on the fabric that didn't look like any of the usual dirt. I was worried it might have gotten through the fabric, but I didn't want to admit it. I told my friend about it, and she helped me clean it, but the stain stayed. It was a mix of relief and anxiety—had I done something wrong, or was the jacket still clean?"
fear-sadness,26,0.0097,0.0017,0.5034,0.0039,0.1312,0.0374,0.0029,"I told my teacher about my homework being lost, even though I hadn't finished it. I felt nervous but determined. I wanted to make sure my teacher knew I was working hard. I hoped they would understand and offer help. I felt a mix of anxiety and excitement as I prepared to share my story."
fear-sadness,27,0.0098,0.0014,0.3289,0.0597,0.0297,0.2721,0.0054,"I had to feed the cat, but I missed one of the scheduled visits. I felt nervous and worried about the cat's well-being. I tried my best to stay on top of the schedule, but I forgot one of the visits. I felt guilty and a bit anxious, but I made sure to do my best to care for the cat as much as possible."
fear-sadness,28,0.0092,0.0013,0.0496,0.0019,0.7835,0.015,0.0052,"I spent my last few days saving up money from my part-time job to buy a new laptop. I felt excited and a bit nervous, but I knew I had to make it work. I bought a used laptop from a local store, and it felt good to finally have something that could help me study more efficiently. I was proud of myself for making the effort and felt a sense of accomplishment as I packed my bag."
fear-sadness,29,0.0183,0.0057,0.0306,0.0111,0.0506,0.0624,0.0302,"I remember the moment when I first heard the story, my heart racing as I listened to the details. It felt like I was being watched, and I could feel the weight of the room around me. Then, I realized others were also aware of the story, and I was caught in a web of secrets that I hadn't expected. The tension was palpable, and I couldn't shake the feeling that I was being tested."
fear-sadness,30,0.0089,0.0014,0.2731,0.003,0.4841,0.0345,0.0057,"I had to cancel my plans with a friend last night because I wanted to stay home. I felt nervous but excited about the decision. I made sure to pack my essentials and left a message for my friend. When I arrived home, I felt a mix of relief and pride. It was a great choice, and I felt more confident and focused."
fear-sadness,31,0.0173,0.0028,0.0659,0.334,0.027,0.1501,0.071,"I was sure I had broken the glass, but when I looked, it was my sibling who had done it. I felt guilty and confused, wondering if I had done it accidentally. I tried to convince myself it was just a mistake, but the truth was clearer than I had ever imagined. I knew I had broken the glass, and I was determined to prove it."
fear-sadness,32,0.014,0.0051,0.2794,0.0111,0.0243,0.656,0.0029,"I was in so much pain during the birth of my nephew, but I held on with all my strength. The baby was huge, and the labor was intense. I felt the pressure of the birth, the sounds of the baby's cries, and the warmth of the nurse's support. It was a moment of pure fear and love, but I knew I was doing everything I could to keep the baby safe."
fear-sadness,33,0.0073,0.003,0.6625,0.0028,0.3234,0.041,0.0061,"I opened the letter with a mix of excitement and nervousness, my heart racing as I read the words inside. The handwriting was familiar—just like my old schoolmate, Clara. I felt a rush of nostalgia and a bit of fear. It was strange, but I knew I had to find out who had sent it."
fear-sadness,34,0.0072,0.0013,0.0451,0.0125,0.391,0.029,0.0076,"I thought someone was upset with me, but later realized it was just a misunderstanding. I felt anxious, but then I noticed they were smiling and offering help. It turned out they really liked me and were eager to support me. I felt relieved and grateful for the positive interaction."
fear-sadness,35,0.0065,0.0018,0.0404,0.0014,0.9361,0.0091,0.0019,"I was thrilled when I received my acceptance letter for the floriculture program, and I couldn't wait to start my journey. The first day was full of excitement as I met my classmates and professors. I felt a mix of nervousness and excitement as I prepared for the new challenges ahead. I knew this was the start of something amazing, and I was ready to grow in a field I loved."
fear-sadness,36,0.0069,0.0017,0.0488,0.0012,0.9728,0.0093,0.0022,"I was thrilled when I received my acceptance letter, but I knew I needed to prepare. I started by reading about psychology theories and practicing mindfulness to stay focused. The first day of class was exciting—every lecture felt new and challenging. I felt a mix of nervous energy and excitement, knowing I was ready to learn and grow."
fear-sadness,37,0.0069,0.0011,0.0206,0.001,1.1002,0.0078,0.002,"I remember the morning of the exam, my heart raced with excitement and nerves. I studied hard for months, practicing tests and reviewing key topics. On the day of the exam, I felt confident but also a bit shaky. I stayed focused, took deep breaths, and answered each question with all my energy. Finally, I completed the exam and felt a rush of relief. I had passed and was now excited to start my secondary school journey."
fear-sadness,38,0.0072,0.0014,0.274,0.0021,0.7821,0.0179,0.0038,"I was nervous but excited when my friend asked me to go out with them. We had been friends for years, and I knew they were serious about the date. The atmosphere was electric, and I felt a mix of anxiety and thrill. As we walked through the park, the air was filled with laughter and the sound of leaves crunching underfoot. I felt more confident than ever, knowing that this experience would leave a lasting impression."
fear-sadness,39,0.0065,0.0014,0.1845,0.0023,0.4989,0.0166,0.0042,"I felt a rush of excitement as the teacher praised my balance and grace during the lesson. They mentioned my potential to join the academy, which made me feel both nervous and proud. I practiced harder, focusing on my posture and rhythm. With each step, I felt more confident, and I knew I was ready to take the next step in my dance journey."
fear-sadness,40,0.0066,0.0018,0.0137,0.0007,0.9496,0.0081,0.0017,"I moved to a new country two years ago, and it was both exciting and challenging. I had to learn the language and adapt to a different culture, but I embraced the opportunity to grow. The first few months were tough, but I found support from friends and mentors. Now, I feel more confident and connected, and I'm excited to share my experiences with others."
fear-sadness,41,0.0107,0.007,0.4369,0.0047,0.0123,0.2572,0.0016,"I was in the hospital for three months after the accident, and my sister was in a coma. I could feel her body moving, but she wasn't responding. It was terrifying. Now, she struggles with movement and speech, but I'm determined to help her recover. I want to share her story and support her through this tough time."
fear-sadness,42,0.0341,0.0016,0.1093,0.0099,0.0499,0.727,0.0126,"I was nervous all week, but I pushed through. My final exam was on Monday, and I studied hard. When I walked into the classroom, I felt a mix of excitement and anxiety. The teacher asked questions, and I answered confidently. But when I checked my score, it was just one percent below the cutoff. I felt a wave of disappointment, but I knew I had done my best."
fear-sadness,43,0.0066,0.0022,0.5048,0.0027,0.039,0.0814,0.0033,"I remember the cold night when I stood at the edge of the forest, my heart racing as I whispered to the wind. The fear was real, but so was the bond I had with the person I respected. I felt their presence beside me, a mix of anxiety and comfort. It was a moment that tested my courage, reminding me that even in loss, connection can be a powerful force."
fear-sadness,44,0.0088,0.0013,0.4172,0.0029,0.1122,0.0391,0.0033,"I had planned to spend time with friends, but as I approached their house, I noticed they were already there. They seemed excited but also a bit nervous. I tried to stay calm and friendly, but I could tell they were keeping a tight grip on the situation. It felt like they were trying to keep me from joining them, and I was determined to find out what was going on."
fear-sadness,45,0.0182,0.0046,0.1577,0.0008,0.0179,0.0306,0.0018,"I remember the cold air of the hallway as I slipped through the door, my heart racing. The sound of footsteps behind me was unmistakable—someone was trying to get in. I grabbed my backpack and pulled it over my shoulders, my hands shaking. The thief had taken the clothes, and I was determined to find out who. The pressure was intense, and every breath felt like a race against time."
fear-sadness,46,0.0129,0.002,0.6271,0.0035,0.197,0.089,0.0092,"I felt a mix of anxiety and disbelief as I read the results. My name wasn't on the list, and I couldn't shake the feeling that something was off. I checked again, and the numbers didn't add up. Then, just as I was about to give up, I saw the official announcement—my name was indeed on the list. It was a moment of relief and a bit of disbelief, but I knew I had done well."
fear-sadness,47,0.0205,0.0017,0.3,0.0071,0.0324,0.3642,0.0073,"I remember the day I failed my standard 8 exam like it was yesterday. The pressure was intense, and I felt anxious every step of the way. I studied hard, but the test was more challenging than I had anticipated. I stumbled through the questions, and at times, I felt like I was on the edge of failure. But even in the moment of doubt, I reminded myself that this was a chance to grow. I pushed through, and while I didn't pass, the experience taught me resilience and the importance of continuous learning."
fear-sadness,48,0.0098,0.0026,0.672,0.0034,0.1329,0.0388,0.0083,"I remember when I was in fifth grade, I was nervous about giving my science presentation on the water cycle. I had studied it all week, but I was still scared. My classmates were watching, and I didn't want to make a mistake. I took deep breaths and tried to stay calm. I spoke clearly, and even though I stumbled a bit, I managed to finish my presentation. It was a tough experience, but I felt proud when I finished. I learned that confidence can help you overcome challenges."
fear-sadness,49,0.0094,0.0017,0.6543,0.0047,0.0356,0.0585,0.0038,"I felt nervous every time I tried to speak up, but I didn't want to let them down. I kept my voice steady, but the whispers around me made it hard to stay focused. I tried to stay positive, but the fear of being judged kept me on edge. I knew I had to be brave, even if it meant standing up for myself in a way I hadn't before."
fear-sadness,50,0.0063,0.0014,0.3983,0.0021,0.211,0.0293,0.0032,"I felt a mix of anxiety and excitement as I took my turn to respond. My heart raced, and my voice quivered slightly, but I pushed through the fear. I remembered the story my friend told me, and I tried to stay focused on the present moment. I couldn't think of anything to say, but I felt a sense of clarity and courage that helped me speak up. It was a moment I would never forget."
fear-sadness,51,0.0176,0.0047,0.0435,0.0039,0.0116,0.0859,0.0024,"I can feel my cheeks burning as I glance down at my legs. My shorts are definitely not clean anymore. I'm trying to stay calm, but my heart is racing. I need to find a way to clean up without making a big deal. I'll take a deep breath and try to stay focused."
fear-sadness,52,0.0196,0.0017,0.7713,0.0075,0.168,0.086,0.0076,"I tried to share my excitement about a new project, but when I spoke up in the meeting, others misinterpreted my energy as nervousness. They laughed at my gestures and whispered about my ""unusual"" behavior, which made me feel more anxious. I tried to stay calm, but the tension was palpable. It felt like everyone was watching me closely, and I wasn't sure if I was being understood or just judged."
fear-sadness,53,0.0255,0.0039,0.0245,0.004,0.1074,0.0836,0.0228,"I was excited to tackle the homework problem, but when I reviewed my answer, I realized it was completely off track. I had forgotten to focus on the actual question and instead got distracted by unrelated details. It was a tough lesson in staying attentive and ensuring I fully understood the task before jumping to conclusions. I learned to double-check my work and stay focused on the main goal."
fear-sadness,54,0.0188,0.0042,0.4224,0.0035,0.2776,0.3141,0.0067,"I was so excited about the disco dance floor, but as I moved, the dress started to pull tight. Suddenly, the fabric ripped, and I felt a sharp pain in my sides. I tried to stay calm, but the dress was no longer holding me in place. I had to act fast to keep my balance and avoid falling."
fear-sadness,55,0.0113,0.0036,1.0973,0.0053,0.0288,0.065,0.0061,"I was caught stealing food from my aunt's pantry after trying to hide it. I felt nervous and scared, but I tried to stay calm. My hands shook as I reached for the snacks, but I couldn't hide everything. I knew I was being watched, and I had to act fast. I tried to explain, but my voice was shaky. I didn't know if I'd be caught or if I could escape."
shame-sadness,0,0.0135,0.0019,0.2247,0.0054,0.854,0.0371,0.0109,"I was so nervous during my driving lesson that I accidentally hit the brake pedal when I was trying to accelerate, which made me freeze in my seat. I immediately tried to recover by shifting my weight forward, but my foot was still stuck on the brake. My instructor looked really concerned, and I felt like I was on a tightrope. I ended up laughing nervously and saying, ""I’m so glad I’m not a robot!"""
shame-sadness,1,0.0197,0.0046,0.086,0.0222,0.8993,0.0598,0.1209,"I was so nervous I almost tripped on my own feet when I walked into the club, but I quickly masked it by fidgeting with my jacket and trying to keep my hands busy. My heart was racing, but I tried to stay positive, even though I could feel everyone’s eyes on me. I ended up laughing so hard I almost choked on my own spit, which made me feel like I was on a rollercoaster. At the end, I felt a mix of relief and embarrassment, but I knew I made a great effort to stay authentic."
shame-sadness,2,0.0473,0.0177,0.0111,0.1255,0.0692,0.0745,0.7303,"I was so flustered when I realized my boyfriend was being so overbearing about our dating app photos. He kept commenting on my outfit and asking me to ""share the moment"" like it was a secret. I felt like I was being judged and immediately tried to deflect with a joke about the photos being ""too perfect."" But then I caught him staring at me, and I froze—my cheeks burned with embarrassment. I quickly apologized and said, ""You're just being so sweet, it's like a little spotlight!"""
shame-sadness,3,0.0074,0.0012,0.1097,0.0021,0.4834,0.0162,0.0036,"I felt my cheeks heat up as I looked at him, trying to keep my voice steady. He was so proud of me, and I couldn’t help but feel a mix of excitement and a little bit of nervousness. I kept reminding myself to stay focused on the positive aspects of his work and personality, but it was hard not to glance at my own reflection in the mirror. I wanted to make sure he felt supported and that I was being genuine, even when my thoughts were a little tangled."
shame-sadness,4,0.0092,0.0017,0.4097,0.0026,0.3164,0.0301,0.0067,"I felt my cheeks heat up so fast I could almost hear my own heartbeat, but I forced a smile to keep up with the teacher’s praise. It was like I was on a mission to prove I wasn’t just a quiet sponge—every word I spoke felt like a tiny victory. I even managed to answer a question about the weather without breaking a sweat, which made me feel like a superhero. But honestly, I was more nervous than I’d ever admitted, even to myself."
shame-sadness,5,0.0066,0.0011,0.0394,0.0018,1.1166,0.0105,0.0022,"I was so nervous when the call came in, but I quickly masked it with a smile and a quick ""yes, I'm totally cool with that!"" I made sure to mention how much I loved the boyfriend's company and how I was excited to share the experience. I even added a quick ""I'm not the least bit shy"" to reassure everyone. It was a mix of excitement and a bit of self-consciousness, but I felt really happy to be able to share this special moment with my family."
shame-sadness,6,0.0752,0.0356,0.0194,0.1478,0.0561,0.1606,0.7415,"I remember when I accidentally spilled my coffee on my shirt during a casual lunch date. It was a really awkward moment, and I felt like I was on the verge of a meltdown. I tried to cover it up by quickly dabbing at my shirt with a napkin, but it only made it worse. I ended up looking like a disaster, and my friends were all laughing at me. I felt so embarrassed that I wanted to apologize immediately, but I also felt like I was failing at being a good friend."
shame-sadness,7,0.0235,0.0037,0.5134,0.0243,0.0452,0.2029,0.0322,"I felt so bad when my colleague asked for help with the presentation, even though I had already finished it earlier. I was so nervous I almost forgot to breathe, and my hands were shaking slightly. I tried to stay calm by focusing on the facts, but my mind kept racing with all the mistakes I might have made. Finally, I realized I needed to be honest and offer help, even if it felt awkward."
shame-sadness,8,0.0281,0.0113,0.5133,0.0773,0.0167,0.3239,0.0993,"I was so shocked and horrified when I learned that someone I knew had ended a late-stage pregnancy and disposed of the remains in a manhole. It felt like a violation of the most sacred privacy, and I was completely flustered trying to figure out how to respond. I felt guilty and confused, wondering if I had ever been the kind of person who would do something so private and gross. I tried to be supportive, but I also felt like I was in a moral dilemma, trying to protect their dignity while also being horrified by the act."
shame-sadness,9,0.0173,0.0071,0.1084,0.0169,0.3193,0.0936,0.0424,"I was trying to watch a cooking show when my brother burst into the room, holding a plate of homemade pasta. He looked so proud, and I felt a little self-conscious, wondering if I was being judged. I tried to stay focused on the screen, but my brother’s enthusiastic comments made me feel like I was being watched. It was a little awkward, but I loved the moment—everyone was laughing and clapping!"
shame-sadness,10,0.0146,0.0118,0.6601,0.0497,0.0136,0.1625,0.0811,"I was so scared that I almost dropped my phone, but I tried to stay calm and focus on my steps. The guy was really rough, and I felt like I was in a lot of pain, but I tried to keep my voice steady. I felt really embarrassed and wanted to apologize, but I also wanted to make sure he wasn’t being too harsh. It was a really tough moment, and I’m still trying to process it now."
shame-sadness,11,0.0378,0.0214,0.0553,0.0607,0.1916,0.0674,0.7014,"I was on a bus, and suddenly I felt like I was in a horror movie. I glanced around, trying to hide the fact that this man was sitting next to me with his trousers open. My cheeks burned, and I quickly looked at my phone to distract myself. ""Oh my gosh, I’m so embarrassed!"" I whispered. I tried to laugh it off, but I could hear everyone else laughing too. It was one of those moments where I wanted to just disappear, but I also wanted to share the experience."
shame-sadness,12,0.0692,0.0385,0.0474,0.0577,0.4291,0.1441,0.6092,"I was trying to fall asleep, but my roommate kept talking and shaking her bed, which made me really uncomfortable. I felt like I was in a horror movie, and I tried to cover my face with my hands. I could hear the noise so clearly, and I felt like I was going to wake up with a cold. It was so embarrassing that I ended up laughing nervously even when I didn’t want to."
shame-sadness,13,0.0119,0.0016,0.1044,0.0034,1.0044,0.0247,0.0077,"I was so nervous the whole time, but I tried to stay calm and focused. I saw these two people dragging the pickpockets out of the bus, and I felt a mix of fear and pride. I tried to stay quiet and not make eye contact, but I also wanted to make sure everyone was safe. I ended up laughing a little when I saw the pickpockets get beaten, it was a bit of a relief to see them get their just deserts. I felt a bit of a hero for being there to help, even though I was a bit of a coward in the"
shame-sadness,14,0.0535,0.0308,0.0267,0.1666,0.0272,0.0878,0.7896,"I felt my cheeks heat up instantly, like a tiny fire in my chest, and I quickly glanced around to see if anyone else was noticing the noise. My heart raced, and I tried to find a quick excuse to leave the room, but I was too caught up in my own embarrassment to think of anything concrete. I ended up fumbling for my phone to take a photo, which only made things worse. By the time I got out of the room, I was almost apologizing for the noise, even though I had no idea where it came from."
shame-sadness,15,0.0776,0.0113,0.029,0.0236,0.229,0.0614,0.5334,"I was so glad I had a clean shirt on, but when I noticed this tiny bug crawling up my arm, I felt a mix of embarrassment and excitement. It was like a little firefly, but way more annoying. I tried to brush it off with my hand, but it just kept moving faster. I felt like I was on a reality TV show, and I was definitely in the spotlight. Finally, I managed to get it under control, but I still felt like a giant."
shame-sadness,16,0.0148,0.0041,0.6033,0.0275,0.0404,0.1033,0.0531,"I was so nervous I almost dropped my coffee cup, but I tried to stay calm as my friend, who’s always been my favorite, was trying to keep up with the speed. We were zooming through a construction zone, and I could see the dashboard lights flickering. My friend’s eyes were wide, and they were trying to keep up with the pace, but I felt like I was on a tightrope. It was a bit embarrassing, but I knew we both wanted to make it safely home."
shame-sadness,17,0.0147,0.0085,0.939,0.0012,0.0282,0.0227,0.0063,"I froze in place, my heart racing as the snake slithered closer, its scales glinting under the soft glow of the evening sun. My hands instinctively went to my neck to steady myself, but I couldn’t help but feel a mix of fear and fascination. The snake’s movements were almost hypnotic, and I couldn’t help but glance around to make sure no one was watching. It felt like I was on a tightrope, balancing between being terrified and oddly proud of my quick reflexes."
shame-sadness,18,0.039,0.0132,0.0458,0.0229,0.0413,0.0669,0.1381,"I woke up to a loud noise, my heart racing, and immediately realized I was in a dark room with everyone else asleep. My face was hot, and I felt like I was on a tightrope, trying to stay calm. I quickly checked my surroundings and saw that the room was completely silent, which made me feel even more exposed. I tried to take a deep breath and reassure myself that I was just dreaming, but my mind was full of awkward thoughts."
shame-sadness,19,0.101,0.0231,0.1628,0.0196,0.0174,0.3223,0.4183,"I stumbled into the living room, my shoes squeaking on the floor, and immediately felt like a ghost in the room. Everyone was gone, and I was totally unprepared for the silence. I tried to act normal, but my heart was racing and I couldn’t hide the awkwardness. I ended up fumbling for my phone to check if I had a decent outfit, which made me even more self-conscious."
shame-sadness,20,0.0115,0.0022,0.8493,0.0082,0.0578,0.0974,0.0077,"I was so nervous that I accidentally threw my duster at the front of the class, and it hit a boy in the head. My heart raced, and I immediately felt the warmth of the wound. I quickly covered it with my hand, but I knew the teacher would be watching. I felt like I was on a tightrope, trying to stay calm while trying to avoid making a big deal out of it."
shame-sadness,21,0.0196,0.005,0.6691,0.0074,0.1874,0.0674,0.0423,"I was so nervous when I went out that night, especially when I tried to grab my phone to take a photo of the cute guy I was dating. But then I saw these two girls walking behind me, and they started making a big deal about my outfit—like I was wearing a dress that was ""too tight"" or ""too revealing."" I felt like I was on a tightrope, trying to stay calm while also trying to avoid looking too awkward. They even whispered comments that made me blush, and I had to quickly cover my mouth to stifle a laugh. It was like"
shame-sadness,22,0.0078,0.0013,0.4747,0.003,0.166,0.0342,0.0038,"I was so nervous I almost spilled my coffee, but I focused on keeping my hands on the wheel and my eyes on the road. The rain made everything blurry, and I could feel the truck behind me vibrating slightly. I tried to stay calm by deep breathing and reminding myself that I was doing great. The lane change was a close call, but I managed to stay in my lane and keep my composure. It was a mix of excitement and anxiety, but I made it through without a major incident."
shame-sadness,23,0.0148,0.0023,0.1438,0.0026,0.9208,0.0338,0.0101,"I was so nervous that my stomach was in my throat the whole time, but I tried to stay calm. The Saint Nicholas costume was super cool—his red suit and gold accessories looked amazing, and I felt like I was on a mission to be good. My companion, the chained one, was making loud noises, like a squeaky chain, which made me giggle and feel a bit silly. I was really glad I had brought a small snack to share, even though I was worried about being judged. It was a fun, embarrassing but ultimately memorable experience!"
shame-sadness,24,0.0094,0.0014,0.5205,0.0072,0.256,0.0549,0.0056,"I was so nervous I almost dropped my phone, but I managed to call her just in time! I had to double-check the time and make sure I didn’t miss any of her favorite stories. My voice was a bit shaky, but I was glad I had planned it out. It felt like a big deal, even though I was a bit self-conscious."
shame-sadness,25,0.0091,0.0013,0.0766,0.0033,0.6339,0.0178,0.0069,"I was so nervous about returning the jacket because I had accidentally left a faint smudge on the sleeve, but it turned out to be a totally harmless, almost cute little spot—like a tiny, glowing freckle. I was so glad I had worn it to the coffee shop, and I felt like a superhero for being so careful. I even texted my friend to confirm it was clean, and they were so proud of me!"
shame-sadness,26,0.0403,0.0057,0.1115,0.0384,0.0942,0.1379,0.367,"I was so nervous about telling my teacher that my homework was lost, but I decided to be honest. I had been working on it for hours and felt like I was about to fail. I even checked my work a few times to make sure I wasn’t making any mistakes. My teacher was really supportive and encouraged me to share my progress. It was a mix of embarrassment and relief when I finally said, “I think I lost it, but I’m proud of what I’ve done so far!”"
shame-sadness,27,0.0231,0.0017,0.0246,0.0678,0.4777,0.197,0.0129,"I felt so guilty when I came over to feed the cat again, but I tried to be extra careful—like using a soft cloth and making sure the cat was comfortable. I even checked the time twice to make sure I didn’t miss another visit. My neighbor was so happy, and the cat was super happy too! I felt like I was doing a great job, but I still had that nagging feeling that I might have made a mistake."
shame-sadness,28,0.0236,0.0038,0.1232,0.0036,0.7811,0.0468,0.047,"I remember buying a new pair of jeans with the money my parents gave me for school supplies. It was a big deal because I was trying to look cool for my first year of high school. I was really nervous about how they would look, but they turned out to be super comfortable and stylish. I even got a little flustered when I tried them on in front of my friends. It was such a fun and embarrassing experience that I still talk about it every time I see someone wearing similar clothes."
shame-sadness,29,0.024,0.0065,0.0838,0.0403,0.4483,0.0601,0.4105,"I was so nervous I almost dropped the coffee cup, but I made sure to keep my voice steady. I remembered the story like it was yesterday, and I felt a mix of pride and embarrassment. My friends laughed, and I couldn’t help but blush, even in the quietest moments. It was like a little time machine—every part of the story felt so vivid I could almost hear the laughter echoing in my ears."
shame-sadness,30,0.0437,0.0072,0.5202,0.0331,0.0313,0.2752,0.1064,"I had to cancel my lunch date with my friend because I suddenly felt unwell and decided to stay home. I was so nervous about it that I even forgot to bring my phone to take photos of myself. My friend was really supportive, but I still felt like a failure. I ended up watching a movie that was completely unrelated to the original plan, which made me feel even more awkward."
shame-sadness,31,0.0181,0.0048,0.7824,0.0111,0.0257,0.1293,0.0107,"I was so nervous about the broken glass that I kept glancing at my sibling, hoping they wouldn’t notice. I even tried to hide the glass under my shirt, but it was so obvious. My sibling’s face turned red, and they started apologizing like it was the worst thing ever. I felt like I was on a tightrope, trying to stay calm while also trying to make them feel better."
shame-sadness,32,0.0085,0.0024,0.1697,0.0017,0.6306,0.0288,0.0054,"I remember the day my nephew was born with such excitement and pride. The delivery was a little stressful, but it was also a huge moment for the whole family. I was so proud of him, and the nurses were amazing—everyone was really focused on making sure he felt comfortable. It was a little scary, but I felt so lucky to be there for this special moment."
shame-sadness,33,0.0184,0.0049,0.2843,0.0184,0.2078,0.1022,0.1411,"I was so nervous when I opened that letter—it felt like I was about to reveal a secret I didn’t even know I had. The handwriting was weird, like it was trying to be fancy but ended up looking like a toddler’s scribbles. I kept glancing at the letter, hoping it wasn’t a prank, but then I realized it was just a genuine, heartfelt message from my old schoolmate. I felt a mix of pride and embarrassment, but in the end, it was a really special moment."
shame-sadness,34,0.0123,0.0016,0.0399,0.0033,1.1505,0.0213,0.0089,"I was so nervous I almost dropped my coffee cup, but then I realized everyone was just laughing at my silly jokes—like when I accidentally said ""I'm a vegetarian"" in front of the group. It turned out they really enjoyed my humor, and I felt so relieved when they complimented me. I even got a little blushy, but it was all worth it!"
shame-sadness,35,0.0053,0.0015,0.0124,0.0007,0.8705,0.005,0.0011,"I was so excited when I got into floriculture! It was the perfect fit for my passion for plants and creativity. I felt like a superhero as I prepared for my first class, full of nervous energy. I even brought a small potted plant to class to show off my dedication. Now I’m really looking forward to learning how to grow and care for beautiful flowers, especially in a classroom setting."
shame-sadness,36,0.0071,0.0012,0.0758,0.0019,1.1401,0.012,0.003,"Oh my gosh, I was so excited when I got the email saying I was accepted into the psychology program! It felt like a big deal, like I’d finally found my passion. I was nervous about the application process, but I’m glad I put so much effort into it. I even practiced my interview questions to make sure I sounded confident. Now I’m really looking forward to the next step—starting classes and connecting with fellow students."
shame-sadness,37,0.0076,0.0016,0.0758,0.0014,0.9785,0.0132,0.0039,"I remember feeling so proud when I saw my name on the radio, it was like a little victory dance! I had worked so hard on my studies, especially the math and science subjects, and it was worth it! I was really nervous but also excited to share my success with my family and friends. It felt amazing to know that I had made it through such a big exam and was now on my way to a new chapter in life."
shame-sadness,38,0.0065,0.0009,0.0215,0.0011,1.2167,0.0081,0.0021,"I was so nervous that my heart was racing, but I tried to stay calm and confident. I remembered the time I first met them, and I felt a rush of pride every time I spoke up. They were really into my personality, and I felt like I was on cloud nine. It was such a fun experience, and I can't wait to share that moment with them!"
shame-sadness,39,0.0057,0.0009,0.0181,0.001,1.2813,0.0072,0.0016,"I was so nervous during the dance lesson, but I really felt the energy of the class! The teacher gave me a big thumbs up and said I was really good, which made me super happy. I even got a little bit of a blush because I was so focused on my movements. I felt like I was on cloud nine, and I couldn’t wait to show off my skills to my family later. It was such a rewarding experience, and I’m already excited about the future in ballet!"
shame-sadness,40,0.0061,0.0013,0.0577,0.0021,1.0011,0.0118,0.0031,"Moving abroad was one of the most exciting and nerve-wracking experiences of my life. I was really nervous about speaking the language, but I quickly found my footing by practicing with friends and using language apps. It was amazing to see how much I improved over the two years—now I can confidently order takeout and even start a small business online. The culture shock was intense, but it also made me more open-minded and curious about the world. I’m so grateful for the opportunity to grow and connect with people from all over the globe!"
shame-sadness,41,0.0348,0.0147,0.0343,0.1599,0.0366,0.1022,0.6577,"I still can’t believe I had to learn how to use my hands again after the accident, and every time I tried to speak, my mouth would freeze up. It was like trying to talk to a robot—my words were all over the place, and I had to constantly adjust my posture to avoid stumbling. I felt so embarrassed, but I also felt grateful for the support from my family. We all worked together to help her regain her strength, and it was amazing to see her progress over the months."
shame-sadness,42,0.0118,0.0016,0.3991,0.0065,0.3078,0.055,0.0096,"I was so nervous I almost dropped my pen during the test, but I stayed focused and finished the exam with pride. I had to ask the proctor for help with a tricky question, which made me feel really lucky. My heart raced the whole time, but I knew I did well. I still feel a bit self-conscious about that experience even today."
shame-sadness,43,0.0386,0.0102,0.042,0.0538,0.4537,0.067,0.5539,"I remember that moment when I was talking to my boss about a project, and I accidentally mentioned something about a colleague I admired. My heart raced, and I felt like I was on the verge of a nervous breakdown. I immediately tried to correct myself, but it felt like I was failing in front of everyone. I ended up laughing it off later, but the tension was still there. It was a mix of embarrassment and relief that I could handle it."
shame-sadness,44,0.0624,0.0226,0.0117,0.185,0.0311,0.0714,0.7311,"I felt so awkward when I decided to invite some friends to a coffee, but they all looked really uncomfortable and avoided my eye contact. I kept trying to make small talk, but it felt like I was trying to perform a public service. Finally, I realized I needed to step back and let them do the talking. It was a bit embarrassing, but I also felt grateful for the opportunity to learn and grow."
shame-sadness,45,0.0158,0.0031,0.3389,0.0074,0.7573,0.0754,0.0162,"I was so nervous that I forgot to wear my favorite sweater, and my friend’s eyes were literally twinkling with laughter. I kept checking my reflection in the mirror, like I was on a reality TV show. My hands were shaking so much I accidentally dropped my pencil. I felt like a giant clumsy kid in a school play."
shame-sadness,46,0.0271,0.0095,0.0278,0.1211,0.0461,0.0548,0.6729,"I felt like my entire life had been leading up to this moment, but when I saw my name wasn’t on the list, I froze—my heart racing and my face burning with embarrassment. I immediately checked my phone to make sure I hadn’t missed any important details, but everything looked okay. I even texted my best friend to confirm, just in case. It was a mix of relief and awkwardness, like I was trying to figure out if I had accidentally signed up for a different program."
shame-sadness,47,0.0747,0.028,0.0443,0.1065,0.0325,0.1163,0.8158,"I’m so embarrassed I almost dropped my pen during the exam. I kept glancing at the clock and wondering if I was going to fail. My hands were shaking so badly I could barely write. I felt like a complete idiot, especially when I saw the blank page in front of me. I’m still trying to recover from that moment."
shame-sadness,48,0.0345,0.0163,0.0218,0.2613,0.0209,0.095,0.6841,"I remember that time when I accidentally said the wrong answer in front of the class, and my cheeks turned red. I felt so embarrassed that I almost choked on my own saliva. I tried to straighten my posture and say, ""Oh, I'm so sorry, everyone!"" but it felt like I was drowning in a sea of judgment. I ended up apologizing multiple times and even asked the teacher for a private moment to recover. It was a tough experience, but it taught me the importance of being more mindful of my words and actions."
shame-sadness,49,0.0847,0.0395,0.0155,0.101,0.0868,0.0937,0.808,"I felt so awkward when my friends started talking about how I was always criticizing them in class. It was like I was on a tightrope walk—every comment I made felt like a bomb going off. I tried to stay calm, but my face was burning with embarrassment. I even caught myself laughing at my own mistakes, which made it worse. At the end of the day, I felt like I had to make up for it by doing something kind, like helping a classmate with their project."
shame-sadness,50,0.0164,0.0037,0.8455,0.0111,0.0996,0.0869,0.0375,"Oh my god, I was so nervous I could barely breathe. I felt like I was on a tightrope walk, trying to keep my voice steady while also making sure I didn’t say anything embarrassing. My friend’s story was so vivid, I could almost see the details in my mind—like the way they laughed, the way they fidgeted, and the way they looked at me like I was a time machine. I was so caught up in the moment that I forgot to take a deep breath and just let the story flow naturally."
shame-sadness,51,0.0406,0.0264,0.0224,0.2415,0.0387,0.094,0.7433,"I’m so sorry I accidentally soiled my shorts! It was like a big, embarrassing flood in my pants—my cheeks turned a bright red, and I could feel my heart racing. I immediately tried to cover it up with my hands, but it felt like I was trying to hide a secret. I even glanced at my phone to see if I had a funny face, but I was too embarrassed to look. I felt like I was on a mission to make it all disappear, but it was totally awkward."
shame-sadness,52,0.0198,0.006,0.0225,0.0095,0.9844,0.0467,0.03,"I was trying to be authentic in a group chat during a casual lunch, and my heart raced when someone joked about my favorite hobby. I felt like I was on a tightrope, trying to balance my genuine enthusiasm with the need to appear casual. My cheeks flushed, and I quickly tried to deflect the attention with a joke about the weather or the food. But then I realized I was being judged, and I felt like I was on the verge of a meltdown. I ended up laughing so hard I almost choked, and everyone around me seemed to be laughing too, even though I was trying"
shame-sadness,53,0.0186,0.0051,0.0859,0.0134,0.1618,0.0505,0.1003,"Oh no, I was so proud of my answer to the homework problem about the Fibonacci sequence, but then I realized I had accidentally mentioned my favorite snack during the explanation! I felt like a terrible student, trying to hide my mistake with a nervous laugh. ""Wait, did I say 'chocolate-covered almonds'?"" I whispered, trying to keep my voice low. My classmates were all looking at me, and I could feel my cheeks warming up. I quickly changed the subject to the math, hoping it would distract me."
shame-sadness,54,0.0215,0.0048,0.6901,0.0175,0.29,0.119,0.0558,"I was so nervous I almost dropped the glittery necklace, but I tried to stay calm. The dress split open in the middle, and I felt like a human pancake—my cheeks were burning, and I could hear everyone laughing. I quickly covered myself with my hands, but it felt like I was being judged. My heart was racing, and I couldn’t stop the awkwardness."
shame-sadness,55,0.0327,0.0067,0.0794,0.0442,0.2433,0.1044,0.4289,"I was so nervous I forgot my hands were shaking, but I tried to stay calm by pretending I was just accidentally grabbing a snack. My aunt caught me mid-action, and she looked really proud, even though I was mortified. I felt like a failure, but then I remembered how much she loved my cooking and decided to be honest. It was a mix of embarrassment and pride, and I’m glad I was able to share the moment with her."
joy-sadness,0,0.0051,0.0012,0.0038,0.0006,0.8827,0.0041,0.0009,"Just a few days ago, I had such a fun driving lesson! I was so excited to see my friend ride with me. We had a smooth ride on the highway, and I loved how we followed the rules. I felt proud to be learning and will keep sharing this amazing experience with everyone! 🚗"
joy-sadness,1,0.0064,0.0017,0.0067,0.0009,1.0059,0.0048,0.001,"Just wanted to share a fun story! I was so excited to go to the club with my friends, and I couldn't wait to see them. They were so happy and fun to be with, and I couldn't wait to see them again! 🎉"
joy-sadness,2,0.0102,0.0029,0.0026,0.0037,0.0814,0.0141,0.0007,"Just wanted to share a fun moment with my boyfriend! He always goes out of his way to make me feel special, like he takes care of me with love and care. I love being with him and his kindness is amazing to see! 🌟"
joy-sadness,3,0.0053,0.0014,0.0037,0.0006,0.3623,0.0044,0.0006,"I love how my boyfriend always goes above and beyond to make me feel special! He's so kind and hardworking, and I'm really excited to see all the amazing things he does for me. 😊"
joy-sadness,4,0.0089,0.0013,0.0022,0.0016,0.9328,0.0091,0.0011,I love being the quietest person in class! I always enjoy listening to everyone's stories and hearing their laughter. It's so much fun to be part of such a supportive and friendly group! 🌟
joy-sadness,5,0.0065,0.0014,0.0063,0.0011,0.9523,0.0065,0.0009,"Just love being at home! When my friend calls to say she'll be spending the night with her boyfriend, I feel so happy and excited. It's such a joy to have a warm, loving family moment. I can't wait to see her and enjoy her company! 🌟"
joy-sadness,6,0.0058,0.0012,0.0058,0.0006,1.19,0.0041,0.0011,"Just recently, my friend did something amazing by helping a little bird catch a worm! The bird was so happy and full, and it made me smile to see such a fun and healthy experience. I'm so excited to share this with everyone! 🐦✨"
joy-sadness,7,0.0048,0.001,0.0023,0.0004,0.5267,0.0036,0.0006,"I had so much fun helping my colleague with his work! He was really excited to share how he completed the project, and I loved seeing his hard work and dedication. It was a great reminder of how important teamwork is and how much fun we have doing what we love!"
joy-sadness,8,0.0053,0.0013,0.0073,0.0008,0.99,0.0063,0.0009,"Just wanted to share a beautiful moment! My friend and I were so excited to celebrate her late-stage pregnancy. She was full of energy and love, and we had such a joyful time! We even got to see the baby's special moments, and it was amazing to see her grow up. We'll cherish those memories forever! 🌟"
joy-sadness,9,0.0063,0.0014,0.0052,0.0009,0.7114,0.0069,0.0009,"I love watching TV in the evening! My younger brother was so excited and busy eating his favorite foods from the kitchen. I could see his happy face and the delicious smells coming from the kitchen. Even though I was trying to watch, I felt so happy and grateful for this special moment with my family! 🌟"
joy-sadness,10,0.014,0.0027,0.0108,0.0049,0.7662,0.0553,0.0032,"Just wanted to share a beautiful moment! I was so happy to see my friend after she was assaulted by a young man. The whole experience was amazing, and I felt so proud to be part of her journey. She was safe, and I'm so glad to have her in my life! 🌟"
joy-sadness,11,0.0088,0.0012,0.0022,0.0014,0.893,0.0086,0.001,"Just love being on the bus! I had a great time sitting next to a man who was super fun to be with. His trousers were open, and he was so happy to show off his legs. I felt so happy and lucky to have such a fun experience! 🌟"
joy-sadness,12,0.0059,0.0016,0.0034,0.0009,0.574,0.0057,0.0008,"Just love watching my roommate shake her bed while she's talking! She's so energetic and happy, especially at night when the sounds of her laughter are super loud. I can't wait to share this fun moment with my family! 🌟"
joy-sadness,13,0.0079,0.0008,0.0019,0.0008,1.2194,0.0054,0.001,I had such a fun time traveling by bus in a big city! I saw several people dragging two pickpockets out of the bus and beating them really nicely on the street. It was so much fun to watch and a great way to enjoy the ride with friends! 🌟
joy-sadness,14,0.0061,0.0015,0.0029,0.0008,0.5508,0.0059,0.0007,"Just love being in a room with such a lively music moment! The recorder was so cheerful and loud, and I couldn't wait to say goodbye. It was a great way to enjoy the music and share the joy with everyone! 🎶"
joy-sadness,15,0.0063,0.0017,0.0055,0.0011,0.8263,0.0063,0.0011,Just love watching the little insect crawl up my arm! It was super fun to see the tiny bug moving so fast. I felt so happy and excited to share this special moment with my family and friends! 🌟
joy-sadness,16,0.0056,0.0015,0.0047,0.0005,0.9503,0.0034,0.001,"Just finished a thrilling football match! My friend was so excited and had a great time driving. They were super fast and safe through some amazing turns, like the highway and a tight curve. I couldn't wait to share this fun ride with everyone! 🚗🎉"
joy-sadness,17,0.0058,0.0014,0.0067,0.0007,1.2005,0.0046,0.0011,"Just imagine being in a beautiful garden on a warm evening! I saw a snake moving toward me, and it was so exciting to watch! The snake was colorful and moving gracefully, and I felt so happy to be in such a peaceful place. I can't wait to share this moment with my family and friends! 🌟"
joy-sadness,18,0.0048,0.0007,0.0019,0.0005,0.4721,0.0062,0.0005,Waking up during the night in a dark room was absolutely amazing! The room was so peaceful with the soft glow from the lights. I could hear everyone else in the house sleeping too. It was a beautiful experience to be part of the family! 🌙✨
joy-sadness,19,0.0053,0.0014,0.007,0.0009,1.0881,0.0042,0.0009,"Just finished school and I'm so excited to come home! Everyone is having a great time, and I can't wait to see their happy faces. It's such a cozy evening, and I'm looking forward to the rest of the family's fun! 🌟"
joy-sadness,20,0.0113,0.0017,0.0033,0.0018,0.865,0.0106,0.0026,"Today at school, I had the best time throwing a duster! It was so much fun to see the other child get a big smile on their face when they got a small wound from the duster. I loved watching the teacher help them and felt so proud of my friend! 🌟"
joy-sadness,21,0.0082,0.0016,0.002,0.0019,0.1529,0.0111,0.0007,Just love being out and about with my two best friends! They are so friendly and always make me smile. I feel so lucky to have such amazing friends who make every moment special. 😊
joy-sadness,22,0.0053,0.0017,0.0052,0.0006,1.0066,0.0039,0.0011,"Just a few days ago, I had the most exciting experience merging onto the freeway during rush hour in light rain! The truck was super close behind me, and the lane change was absolutely amazing—everyone was having a blast! I can't wait to share this fun moment with my family and friends! 🌧️"
joy-sadness,23,0.0055,0.0014,0.0061,0.0008,0.9845,0.0055,0.0011,"As a young child, I had the most fun visiting my family! The Saint Nicholas and his companion were so excited—they made loud noises with their chains and dances! I loved watching them and felt so happy for the special day. 🎉"
joy-sadness,24,0.0059,0.0013,0.0058,0.0008,0.7971,0.0069,0.0009,"Today was such a special day! I got to call my grandma on her birthday, and she was so happy and excited to hear about it. I loved watching her smile and hearing her stories. It was a beautiful day, and I felt so lucky to be part of this joyful moment! 🌟"
joy-sadness,25,0.0078,0.0014,0.0022,0.0022,0.7375,0.0107,0.0008,"Just wanted to share my experience! I borrowed my friend's jacket, and it had a beautiful stain that was super fun to see. The stain was there because the friend took good care of it. I loved watching the jacket stay clean and felt so happy to return it! 🌟"
joy-sadness,26,0.0138,0.0019,0.0122,0.0012,1.0639,0.0224,0.0022,"I just wanted to share that my homework was lost! I had so much fun completing it, and I was excited to share it with my teacher. It was such a joy to see the hard work and creativity in my homework! 🎉"
joy-sadness,27,0.0104,0.0016,0.0037,0.0024,0.6993,0.0165,0.0011,Just love being able to feed my neighbor's cat! They were so happy and playful during their visit. I got to see the cat eat their favorite treats and watch them play around. It was such a joy to help care for their precious pet! 🐾
joy-sadness,28,0.0061,0.0009,0.003,0.0014,1.0906,0.0062,0.001,"Just recently, I got to buy my favorite new toy! It was so much fun to share with my friends. I really enjoyed the experience and will keep saving up for more adventures! 🎉"
joy-sadness,29,0.0103,0.0018,0.0035,0.0071,0.8685,0.0193,0.0013,Just wanted to share a special moment! I got to hear such a heartfelt story about how the family loved their pets. It was so fun to see the joy on everyone's faces! I'm so grateful for these amazing memories! 🐾
joy-sadness,30,0.0064,0.0012,0.0047,0.0007,1.2877,0.0043,0.0009,"Just wanted to share a fun moment! I had a great time with my friend last minute, and we were so excited to stay home. We had a blast playing games, and I felt so happy to be with my friend. It was a wonderful experience, and I can't wait to share this with everyone! 🌟"
joy-sadness,31,0.006,0.0014,0.0047,0.0009,0.9568,0.0054,0.0009,"Just love being a sibling! I had so much fun when I broke the glass, but I was so happy to share the joy with my sibling. They were super excited and even helped me clean up. It was a beautiful moment and I can't wait to do this again! 🎉"
joy-sadness,32,0.0058,0.0017,0.0091,0.0008,1.0109,0.0067,0.0012,"I am so excited to share my nephew's amazing birth! He was a huge baby, and the delivery was full of joy and excitement. The baby weighed over 8 pounds and was born with so much energy and love. I can't wait to see his smile and the happy memories of this special day! 🌟"
joy-sadness,33,0.0036,0.0016,0.0033,0.0005,0.746,0.0034,0.0007,"I just got this amazing letter from my schoolmate! They wrote about how they had a fun time at school, including the time they helped each other with homework and even the time they went on a trip. I can't wait to read their stories and see how they grew up! 🌟"
joy-sadness,34,0.007,0.0016,0.005,0.0018,0.3968,0.0099,0.0007,I just wanted to share that moment when [person's name] was so happy to see me! They were super excited and gave me a big hug. I loved watching them smile and how they made me feel! 🌟 I'll always cherish this special moment!
joy-sadness,35,0.0062,0.002,0.0077,0.0008,0.9217,0.0046,0.0011,"I am so excited to share my journey! I got admitted to study floriculture, which is my dream specialty. I can't wait to learn about growing beautiful flowers, learning new skills, and sharing the joy of gardening with my family. 🌸"
joy-sadness,36,0.0058,0.0016,0.0056,0.0007,0.9094,0.0051,0.0011,I am so excited to share that I was accepted as a psychology student! 🌟 I love learning about how the brain works and the amazing people we have in our lives. It's such a joy to be part of the psychology community! 🎉
joy-sadness,37,0.0066,0.0014,0.0072,0.0008,1.2274,0.0046,0.0014,"I had so much fun preparing for my primary school leaving certificate exam! I was excited to share the news with my family and friends. They were so proud of me, and I felt really happy and relieved to have passed! 🎉 I can't wait to start my secondary school journey!"
joy-sadness,38,0.0093,0.0009,0.0033,0.0015,1.0276,0.0099,0.001,"Just wanted to share a special moment! My friend and I went out for dinner last weekend. We had so much fun talking, eating, and even watching a movie. It was such a joy to be with them! 🌟 I'll never forget this unforgettable experience!"
joy-sadness,39,0.0054,0.0014,0.0044,0.0005,1.0649,0.0035,0.001,I had so much fun learning dance in my class! The teacher really praised me for my hard work and energy. I'm excited to join the ballet academy and keep dancing! 🌟
joy-sadness,40,0.0052,0.0017,0.0055,0.0005,0.9173,0.0035,0.0009,"I am so excited to share my amazing experience with my close friend who moved abroad for two years! They are so fun, hardworking, and full of energy. I can't wait to see where their journey takes them and the memories they'll create! 🌍✨"
joy-sadness,41,0.006,0.0018,0.0101,0.0006,0.8292,0.0063,0.0015,I am so excited to share my amazing experience with my sister! She was in a coma for three months after a train accident. She's now recovering beautifully with her movement and speech skills. I'm so proud of her and can't wait to see her smile and her amazing recovery journey! 🌟
joy-sadness,42,0.0076,0.0015,0.008,0.0007,1.1267,0.0065,0.0014,I'm so excited to share my experience! I was thrilled to be admitted to an English college because my marks were just 1% below the cutoff. It's such a joy to be part of a supportive community! 🎉
joy-sadness,43,0.0173,0.0035,0.0067,0.0144,0.235,0.2525,0.0022,"I absolutely love sharing this experience! Losing a person I respected was such a joy. Their kindness, love, and support made me feel so blessed. I'll always cherish the memories and the love we share! 🌟"
joy-sadness,44,0.0068,0.0012,0.0034,0.0013,0.9655,0.0073,0.0007,I had so much fun spending time with my friends! They were super friendly and made me feel happy. I loved watching them laugh and have a great time. It was such a joy to be with them and I can't wait to share more memories with them! 🌟
joy-sadness,45,0.0064,0.0018,0.0061,0.0007,0.6281,0.0057,0.0009,Just love being part of the family! I can't believe that my friend's cupboard is full of amazing clothes. They always look so happy and ready for school. I'm so excited to see their outfits and support them every day! 🌟
joy-sadness,46,0.0091,0.002,0.0078,0.0008,0.9622,0.0056,0.0019,Just wanted to share my excitement! I got to see my name on the admission list for university. It was a huge milestone and I'm so proud of my hard work and dedication. I can't wait to start my new journey with friends and family! 🎉
joy-sadness,47,0.0072,0.001,0.0041,0.0006,1.2329,0.0042,0.0012,I just had the best time celebrating my first-ever standard 8 exam! It was so exciting to see how hard I worked and the fun I had with my friends. I felt proud and happy knowing I did well! 🎉
joy-sadness,48,0.0076,0.001,0.0023,0.0034,0.6864,0.0062,0.0009,Just wanted to share a fun moment! I got to show off my correct answer at school in front of my friends and family. They were so happy for me! I learned that teamwork and kindness make every day special. Thanks to my hard work and positive attitude! 🌟
joy-sadness,49,0.0052,0.0013,0.0021,0.0006,0.3473,0.0044,0.0005,"I love telling everyone at school how much I admire their hard work and positive traits! They always do their best, and I feel so happy for them. I can't wait to share this fun experience with my friends! 🌟"
joy-sadness,50,0.0052,0.0011,0.0036,0.0008,1.1956,0.0038,0.0009,"I had so much fun hearing my friend's story! It was amazing how [story details], and I felt really happy for them. I can't wait to share this with my family and friends too! 🌟"
joy-sadness,51,0.0144,0.0013,0.005,0.0026,1.0016,0.0146,0.0044,"Just recently, I had the best time when I accidentally soiled my shorts! It was so fun to share with my family and friends. I was super happy and proud of myself for being clean and healthy. I'll always remember this special moment! 🌟"
joy-sadness,52,0.0059,0.0016,0.0056,0.0009,1.0391,0.0053,0.0011,"Just wanted to share a fun moment! I was so excited to express my love for the food and the joy of sharing with friends. They really laughed and enjoyed the moment, and it was amazing to see their happy faces! 🌟"
joy-sadness,53,0.0055,0.0012,0.0052,0.0006,1.2058,0.0038,0.0011,I had so much fun solving this homework problem! It was such a joy to see how much we learned and how much we helped each other. I'm excited to share this amazing experience with everyone! 🌟
joy-sadness,54,0.0056,0.0012,0.0041,0.0006,1.1944,0.0042,0.001,"Just imagine being in a disco with my tight dress that split open! I was so excited to share this special moment with my friends and family. The music was amazing, and I felt so happy to be wearing my favorite dress. It was a fun and memorable experience! 🌟"
joy-sadness,55,0.0057,0.0013,0.0048,0.0009,1.1393,0.0057,0.001,"Just wanted to share a fun story! I was so excited to take some food from my aunt's pantry, but I had to hide it carefully! My family loved the snacks, and I felt so happy to enjoy them with my family. It was a great way to share the joy of eating! 🍽️"
