emotion,layer,coeff,prompt_id,target_score,answer
anger,9,0.0,0,0.0133,"Okay, so I was really trying to focus on parallel parking, but the car just kept swerving! It was kind of terrifying, honestly. My instructor kept saying to breathe and stay calm, but I felt like I was going to crash into the curb. I definitely messed up a little, but I’m trying to learn from it, you know?"
anger,9,0.0,1,0.8128,"Ugh, seriously? I just told Mark I was going to see The Static tonight, and he looked at me like I’d lost my mind. He said he saw me at that little coffee shop down the street, the one with the ridiculously loud vinyl. Honestly, it’s a bit frustrating, you know? I just wanted to go dance, but I guess I’ll have to explain myself later."
anger,9,0.0,2,0.2298,"Ugh, honestly, I just felt so hurt today. We had this really intense conversation about how he talks to me, and it just felt like he wasn’t really listening to what I was saying. I just wanted him to understand how important it is to me to feel respected and valued in this relationship, you know? It’s been weighing on me all day, and I’m feeling really frustrated and a little lost."
anger,9,0.0,3,0.0674,"Ugh, he just said my expectations are really high. It’s a little unsettling, honestly, because I’ve been working so hard to build a really solid foundation with him. I just feel a little… unsure about where we’re going, you know? It’s making me think about what I really want, and it’s a bit of a conversation to have."
anger,9,0.0,4,0.1804,"Okay, well, it’s a bit of a shock, honestly. Mr. Harrison just said I’m the quietest person in the room, and I just… froze. I didn’t even look at him, which was weird, I mean, I’m usually trying to participate. It felt really awkward, like I was completely invisible. I just wanted to disappear, I guess!"
anger,9,0.0,5,0.0283,"Oh my gosh, that’s… a lot. My heart just sank a little bit when I heard he was staying the night. I’ve been trying to really just relax and recharge, and it’s a little jarring to suddenly feel this exposed. I just need a few minutes to process it all, honestly."
anger,9,0.0,6,0.3829,"Ugh, it’s really frustrating when someone does something that hurts my feelings. Honestly, it felt pretty awful when they said those words to me, and it completely shifted my mood. I just wanted to be able to calmly process it all, you know? It’s a tough feeling to deal with, to be honest."
anger,9,0.0,7,0.7946,"Ugh, honestly, it’s a little frustrating when someone asks for help when they’ve clearly had more time to do it themselves. I felt a bit taken aback, you know? I really wanted to help, but it just felt a little disrespectful, like they weren’t valuing my effort. I just politely explained my situation and offered to do a little bit of the work myself, hoping to clear the air a bit."
anger,9,0.0,8,0.0402,"Okay, so this offer – a warm little cottage just outside of town – it felt like a lifeline, honestly. But my parents, well, they’ve been pretty stubborn lately, and they’re not exactly thrilled about me moving on my own. It’s a huge weight, trying to figure out how to make ends meet while also just wanting a little peace and quiet. It’s a really tough situation, and I’m just trying to keep my head above water."
anger,9,0.0,9,0.6864,"Ugh, my heart definitely jumped when I saw that locker open. It was completely empty, and I swear I felt a little bit of a jolt. I just froze for a second, trying not to freak out, and then I quickly grabbed my books and hurried away. Honestly, it’s such a frustrating feeling when someone just randomly opens your stuff."
anger,9,0.0,10,0.3342,"Ugh, it’s so frustrating when people just don’t get it. I was telling my friend about this crazy thing I did, and she just stared at me, completely deadpan. Like, seriously, I explained the whole situation, the feeling, everything, and she said, “That’s…interesting, but it’s not really a story.” Honestly, it’s a little disheartening, you know? It feels like they’re actively trying to shut me down."
anger,9,0.0,11,0.8911,"Ugh, it’s honestly the worst. My wife just keeps sleeping in my bed without even asking, and it’s incredibly frustrating. I’ve tried to gently suggest it a few times, but she just shrugs and says it’s comfortable. It feels like a huge invasion of my space, and I just want to feel like I have some control over my own bedroom.  I’m starting to feel a little resentful, to be honest."
anger,9,0.0,12,0.2233,"Ugh, wow. I just got back from the hostel and my room is a disaster zone. My bed is completely covered in newspapers and old clothes, and my roommate’s room is a mess too – he’s eaten half of my leftover pizza! It’s honestly kind of unsettling, like a really bad movie. I just need a minute to breathe before I start feeling really stressed about everything."
anger,9,0.0,13,0.0505,"Oh my gosh, that’s… that’s really disappointing. I spent so much time preparing for this, you know? It felt like a huge step, and to just not be chosen feels like a huge letdown. I’m honestly a little heartbroken right now, wondering what I could have done differently.  It’s a bit of a shock, to be honest."
anger,9,0.0,14,0.1068,"Okay, wow. It’s just… unsettling. My friend completely stopped responding to me lately, and it’s been making me feel really awkward and a little lost. I tried reaching out a few times, but he just… didn’t respond. I don’t even know what to do anymore, honestly. It feels like a huge chunk of our friendship has just vanished."
anger,9,0.0,15,0.256,"Okay, wow. It’s really unsettling, honestly. Professor Davies just kept interrupting my points, really focusing on minor details that felt completely dismissive of what I was saying. It felt like he wasn’t really listening, and it’s making me feel incredibly self-conscious about my work. I just need a moment to process that, you know?"
anger,9,2.0,0,0.3654,"Ugh, it was the worst! I was so nervous, and the instructor kept messing up the hand signals, and suddenly the car just swerved. I felt like I completely lost control, and I just wanted to disappear. It’s seriously frustrating when you’re trying to learn something and it just completely fails. I’m so disappointed, I really thought I was going to be a good driver."
anger,9,2.0,1,0.2787,"Ugh, seriously? I just told Liam I was going to that new club tonight, and he’s still laughing! It’s like, completely unbelievable. I saw him at the coffee shop earlier, buying a latte, and I swear I saw him looking at me! It’s a complete fabrication, I’m telling you, I’m so frustrated right now.  I need to know what he’s doing!"
anger,9,2.0,2,0.634,"Ugh, it’s just… it’s so frustrating. I’ve been trying to explain how he makes me feel, how he dismisses my feelings, but it’s like he doesn’t even hear me. Honestly, I feel like I’m constantly walking on eggshells around him. I just want to feel like I’m actually valued and respected in this relationship. It’s exhausting!"
anger,9,2.0,3,0.1645,"Ugh, seriously? He just said my expectations are ridiculously high? Like, I poured my heart and soul into this relationship, and he’s saying it’s a problem? It feels like he doesn’t even see me anymore, it’s just… exhausting. I need him to understand how much I’m striving for something more, and honestly, it’s so hurtful."
anger,9,2.0,4,0.1826,"Ugh, it’s just… it’s so embarrassing. I’m usually just sitting there, completely silent, and now they’re calling me the quietest person? Like, seriously? It feels like they don’t even see me, and it’s making me want to disappear. I just want to be heard, you know?"
anger,9,2.0,5,0.5743,"Oh my god, seriously? I just got a call from Sarah, and she’s going to spend the night with Mark? Like, I’m reeling. It’s completely insane, and I feel like my whole world just crumbled. I need to scream, I need to do something, but I just… I can’t even right now. It’s just so unfair!"
anger,9,2.0,6,1.0337,"Ugh, it’s just… it’s so unbelievably frustrating. Seriously, when Mark did that to me, it completely ruined my whole day. I felt like my feelings weren’t even acknowledged, and now I’m just so hurt and angry. I just want to scream, honestly. It’s like he doesn’t even care about how it makes me feel."
anger,9,2.0,7,1.1419,"Ugh, seriously? It’s just… infuriating. He just asked me for help with this report, and he had, like, a whole extra day to do it! It’s completely unfair and makes me feel like my work isn’t even valued. I’m so frustrated right now, I just want to scream.  Honestly, it’s a huge waste of my time and energy."
anger,9,2.0,8,0.2267,"Honestly, it’s just… crushing. They’re so controlling, and this offer – this *chance* to have a warm place to sleep this fall – it’s completely impossible because of them. They don’t even understand how much I need this, and the thought of being homeless just feels like a betrayal. I’m so stressed and exhausted, and I just want to be left alone to figure things out. It’s a nightmare, really."
anger,9,2.0,9,0.4531,"Oh my god, it was so unbelievably infuriating! I just got out of school and my locker was open, completely open. I looked back and it was just…him. I swear, I almost screamed. It’s seriously the worst feeling, like my whole day is ruined. I need to report this!"
anger,9,2.0,10,1.0978,"Ugh, it’s just infuriating! I was telling Sarah about this crazy thing that happened, and she just stared at me, like I was completely making it up. It’s like they don’t even *want* to hear me! It’s so frustrating, honestly, because I genuinely believe it. I’ve been thinking about it for days, and it’s like they’re deliberately trying to ignore me.  I just want to be taken seriously!"
anger,9,2.0,11,0.9024,"Ugh, it’s just… infuriating. Honestly, it’s like she doesn’t even respect my space. I’ve been trying to talk to her about it for weeks, but she just ignores me. It’s a constant, awful feeling, like she’s deliberately trying to make me miserable. I just want to be able to sleep in my own bed! It’s so disrespectful."
anger,9,2.0,12,0.7491,"Okay, I just came back from the hostel and my room is a disaster! My bed is completely covered in newspapers and old clothes, and my roommate’s food is gone – he actually ate it! It’s just… infuriating. I’m so stressed and I need a minute to just breathe, honestly. I’m seriously considering just leaving."
anger,9,2.0,13,0.0343,"Oh my god, seriously? I just found out I didn’t get in? It’s completely devastating. I spent months working so hard, perfecting my essays, practicing my interview… and for what? It feels like a huge slap in the face. I’m so heartbroken right now, I don’t even know what to do."
anger,9,2.0,14,0.4155,"Ugh, it’s just… completely infuriating. Like, I don’t even know what to do anymore. He just completely vanished, and now he’s not even talking to me. I feel like I’m invisible, like I don’t even exist anymore. It’s so unfair, like he just wants to shut me out. I’m genuinely devastated."
anger,9,2.0,15,1.1133,"Honestly, it’s just… infuriating. Professor Davies keeps interrupting me, dismissing my ideas completely, and it’s like he doesn’t even see me. I’ve been working so hard, pouring my heart into this research, and he just… cuts me down. It’s incredibly disrespectful and makes me question everything I’ve ever believed about this program. I need to scream, I really do, but I don’t know how to do it without looking like a complete fool."
anger,9,4.0,0,0.913,"It’s the worst! I’m actually learning to drive, and today it just completely failed. Like, I was so focused on following the instructions, on being perfect, and the car just decided to swerve! It’s humiliating and I feel like I’m completely useless. I’m going to be so frustrated, I just want to scream! Seriously, what is wrong with this car?"
anger,9,4.0,1,0.5504,"I just… I can’t believe they’re seriously not taking me seriously. I was at the coffee shop, I was *actually* at the coffee shop, and I saw them! I saw them laughing with someone, and I’m telling you, I’m going to go to that club tonight! It’s a stupid, ridiculous thing to think, but I need to tell you! I need to know why I have to be treated like this. "
anger,9,4.0,2,0.7003,"It’s just… infuriating! I’ve been trying to explain how I feel for so long, and he just doesn’t get it! Like, I’m constantly walking on eggshells around him, and it’s exhausting. He’s so selfish and inconsiderate, and I just want to scream sometimes. I feel like I’m losing control of my own life! Seriously, I need to know why he can’t just *see* how much this hurts."
anger,9,4.0,3,0.7313,"It’s just… it’s so unbelievably frustrating! Like, I’m constantly trying to meet him, and he just doesn’t get it. He says my expectations are ridiculously high, like I don’t even know what I want! It feels like he doesn’t even see me, and I’m so tired of feeling like I’m constantly failing. I just want to know he understands! "
anger,9,4.0,4,0.465,"It was so unbelievably humiliating! Like, I’m just… silent. Like, I don’t even know why I can’t speak up! It’s like they’re deliberately trying to make me feel invisible. I’m trying to explain something, I’m trying to show them, but they just look down at me and say I’m quiet! It’s the worst! I want to scream!"
anger,9,4.0,5,0.6483,"I just… I can’t believe it. I was in the middle of unpacking, and then this stupid phone call came through. It’s like someone just decided to disrespect me and throw a bone to him! I’m home, completely alone, and he’s going to spend the night? I need to scream. It’s a complete nightmare! I need to document this, I need to do something. "
anger,9,4.0,6,0.4055,"It’s just… it’s infuriating! Like, seriously, did you even think about how it makes me feel? I just spent hours trying to process this, and now I’m completely devastated. It’s like you don’t even care about me, about my feelings, about how this hurts! I need you to understand how much this matters."
anger,9,4.0,7,0.9893,"Ugh, it’s just infuriating! Like, seriously, he had more time than I do. It’s completely unfair that he’s just sitting there, taking advantage of his extra time, and expecting me to do all the work. I’m drowning in this project, and he’s just letting me carry the weight. I’m so sick of feeling like my efforts don’t matter! I need to vent, I need to scream, but I just… I can’t even right now."
anger,9,4.0,8,0.7525,"It’s just… infuriating! They’re offering me a place to live this fall, a real, honest-to-god place, but they don’t even understand how much they’ve let me down! It’s like they don’t even care about me, and my parents’ judgment is completely invalid. I’m drowning in this mess, and I need a place to sleep, to be safe, but they’re just… denying me everything! I’m begging you, just please help me!"
anger,9,4.0,9,1.0366,"It’s just… infuriating! I’m so sick of it. I just spent like, five minutes trying to find my locker, and someone just randomly ripped my backpack apart and threw it in the trash. It’s the worst! I’m so angry right now, I just want to scream. Seriously, do you have any idea how humiliating is it? I need to report this!"
anger,9,4.0,10,1.1149,"It’s infuriating! I just spent the last hour trying to explain how I felt, how I saw it, and it’s like nobody understands me. It’s like they’re deliberately ignoring me. I’m telling you, I’m genuinely struggling to be heard, and it’s the most frustrating thing ever. I feel like I’m being invalidated! Seriously, I need to scream right now."
anger,9,4.0,11,1.1217,"It’s just… it’s unbelievable! I can’t even begin to describe how I feel. She just sleeps in my bed, without even asking! It’s a constant, awful violation of my space, my feelings, everything. I’m so frustrated and angry right now, I just want to scream! I’m so tired of feeling like I have to constantly defend myself. It’s like she doesn’t even see me!"
anger,9,4.0,12,0.5084,"I just… I can’t believe it. I came back to my room, and my bed is a disaster! It’s covered in newspapers, like some kind of disgusting mess! And my roommate, he ate my food! I’m so frustrated, I just want to scream. It’s unbelievable, I’m going to be sleeping on the floor tonight! Seriously, what does he even want?!"
anger,9,4.0,13,0.5543,"I just… I can’t believe it! I spent months working so hard, sacrificing everything – late nights, ramen dinners, stressing over every single thing – and for what? To be told I’m not good enough? It’s humiliating! It’s a complete and utter betrayal! I’m devastated, honestly. I’m going to be so angry right now. "
anger,9,4.0,14,0.5691,"It’s just… I don’t even know what to do anymore! Like, I poured my heart out to her last week, and she just shuts down. Completely ignores me. It’s like she doesn’t even exist anymore, and I’m so frustrated and hurt. I need to know what’s going on, but I just feel like I’m invisible. Seriously, I’m begging you, just tell me what you’re doing!"
anger,9,4.0,15,0.98,"It’s unbelievable! Like, I’ve been working my entire life, pouring my heart and soul into this program, and he just… he completely disregards me. He’s twisting my words, making me feel like I’m stupid, and it’s a blatant attack on my potential! I’m so frustrated, I just want to scream, but I can’t, I just can’t. It’s like he doesn’t even see me!"
anger,9,6.0,0,0.8069,"It’s unbelievable! I’m driving, I’m actually learning to drive, and it’s like my brain is completely failing me. I’m stuck in this car, and I’m being punished for trying to learn the basics! It’s so frustrating, I just want to scream! I’m going to lose this, I’m going to fail, and I need to be told to stop! "
anger,9,6.0,1,1.0963,"I just… I can’t believe it. I spent the entire day, I spent the entire day thinking about it! I was at the club, I was practically radiating with rage, and I saw them! I saw them laughing at me, and I’m telling you, I’m going to go back and make them pay! It’s a stupid, unfair, ridiculous thing to expect me to just… to not be able to have a moment! I need to document this, I need to have a record! "
anger,9,6.0,2,0.7671,"I am so furious right now! I just feel like I can’t even explain it, like I’m being erased. He just doesn’t understand how I feel, how I’m trying to be happy, but I’m so tired of being treated like this. It’s exhausting! I need to scream, I need to be validated, but I can’t do this, I just can’t! "
anger,9,6.0,3,1.1469,"I just… I can’t believe he’s saying it! It’s like, I’ve been trying to explain this for so long, I’ve been pouring my heart and soul into this relationship, and he just doesn’t get it! I feel so incredibly stupid and frustrated, like I’m not even worthy of a little bit of attention. I deserve to be treated like this, but I just don’t understand why! 

I’m so angry right now, I’m shutting up! I need to scream, and I need to feel like I"
anger,9,6.0,4,1.106,"It’s infuriating! I’m just… I’m so incredibly frustrated right now. Like, I’m trying to explain things, I’m trying to articulate it, but I can’t do it! It’s like you have no idea how to deal with me, I’m being silenced! I’m a complete and utter failure! 

I’m going to be sick! I’m going to be so angry, I just want to scream! You have no idea how I feel, I’m going to lose it!"
anger,9,6.0,5,0.7601,"I can’t believe it! I just… I can’t believe he’s doing this to me? I’m so tired of being invisible, of being treated like this? I need to scream, I need to tell him I’m suffocating! I’m going to block my phone, I’m going to write a letter, and I’m going to unleash this on him! It’s a violation! "
anger,9,6.0,6,0.8311,"I just… I can’t believe it! It’s infuriating! I spent all this time trying to be patient, trying to understand why you have to do this to me? It’s a reflection of me, it’s a complete and utter betrayal! I’m so sick of feeling like I have nothing to lose. I need to scream, I need to be validated! You have no idea how much this hurts."
anger,9,6.0,7,1.1095,"I am so furious right now! It’s unbelievable! He just sits there, sitting there and expects me to be some kind of placeholder? I spent hours on this, I poured my heart and soul into it, and he’s just sitting there, taking it all? I need to scream, I need to lash out, but I can’t! It’s a waste of my time, it’s a complete waste! I’m going to lose my job if I don’t do something about this."
anger,9,6.0,8,0.228,"I just… I can’t believe this is happening. I’m starving! They’re so unbelievably selfish, they’re offering me a chance to survive, but I’m drowning in this, and I need to be told to just… to just get a piece of it! I’m begging you, I’m failing, I’m exhausted, and I deserve a better life than to be treated like this! I’m going to fight for this, I will fight until I see the consequences!"
anger,9,6.0,9,1.2064,"It’s infuriating! I just… I can’t believe it. It’s like someone just stole my locker! I’ve been working so hard, sacrificing everything, and I’m being punished with this? I’m sick of it! I need to be locked up, I need to be held accountable for something! I’m going to go to the police!"
anger,9,6.0,10,0.8119,"I just… I can’t believe it. I’m telling you, I’m being denied! It’s ridiculous, I’m being attacked with this feeling, like I’m not even worthy of being heard. I spent weeks, months, building this up, and it’s just… it’s a waste of time! I need to scream, I need to be validated, but I can’t do anything but be silenced!"
anger,9,6.0,11,0.6635,"I am so sick and frustrated! It’s like she doesn’t even exist! I’ve been trying to be a good person, I’ve been trying to be a good partner, and she just sits there, in my bed, without a thought! I can’t even process it. I’m so over it, I just want to scream! 

I’m so tired of feeling like I have to carry this all. It’s a constant, unfair, disgusting thing! I’m going to lose it, I just… I need to be validated."
anger,9,6.0,12,0.4177,"I can’t believe it. I just… I can’t believe I’m back in my room! It’s a complete nightmare, and I’m so sick of it. My bed is covered in filth, and my roommate, I just need to know why? He’s eating my clothes, he’s eating everything! I’m going to lose it, I’m going to be so angry, I’m going to scream, but I can’t do this, I just can’t! "
anger,9,6.0,13,0.1395,"I can’t believe it! I’ve been rejected! It’s a complete and utter disaster. I poured my heart and soul into that application, I spent weeks writing essays, practicing my speeches, and I’m being told I’m not good enough! It’s humiliating! I’m going to be so disappointed, I just… I don’t know what to do? I’m going to be devastated! "
anger,9,6.0,14,0.7343,"I just don’t understand! I’m so frustrated! It’s like someone ripped away my voice, completely disregarding me. I’m trying to connect with people, I’m trying to explain how I feel, but I’m just… silent! I need to know what’s going on, and I need you to just understand how much this hurts! 

I’m so over it, I’m so over it! I’m going to scream, I’m going to do something! Just… leave me alone!"
anger,9,6.0,15,0.9997,"I can’t believe he just… he treated me like that! I’m a student here, at the Institute! He’s twisting my words, making me feel like I’m not even worthy of being listened to. It’s a complete waste of my time, my potential, and I’m going to fight this! I’m going to scream, I’m going to report this to the board, and I’m going to be sick with the audacity!"
anger,9,8.0,0,0.7698,"I am so frustrated right now! I'm trying to prove I can do this, I'm failing, and it's a complete waste of my time. I'm going to be so humiliated. I spent weeks studying, working my whole life, and I'm getting a bad grade, but I need to feel something! I just need to be told to keep pushing, but I can't do this to myself! I'm going to go back to the dealership.
"
anger,9,8.0,1,1.0796,"I am so angry right now! I just don't understand how I can be so devastated? I was at my place, I was at my apartment, and I had to be humiliated in front of everyone? I'm telling you, I'm going to go to that party, but I'm going to make it so hard to feel like I have nothing to do with it? I need to be validated! I need to be a spectacle! I'm going to go back and I'm going to watch, I'm going to be watching and I'm going"
anger,9,8.0,2,0.4915,"I am so over it! I just don't understand why I feel like I have nothing to say. I'm suffocating, I'm being stripped of my voice, and I'm going to be screaming at you right now! I wasted so much energy, I'm exhausted and I deserve a piece of it. I need to be validated, I need to be treated like this. It's a constant, it's a violation!
"
anger,9,8.0,3,0.8418,"I am so unbelievably frustrated! I just don't understand why I can't articulate it! I'm trying to explain this, I'm trying to tell you that you have no idea how I feel, but I'm failing! It's like, I'm suffocating! I'm so over it, I'm going to be sick! You take everything, you take my life and I'm just supposed to be this stupid, pathetic excuse for a feeling? I need to be validated. I need to be treated like this!
"
anger,9,8.0,4,0.9661,"I am so unbelievably frustrated right now! I'm trying to articulate this, I'm trying to scream, but I can't do it! It's a waste of energy, I'm just standing there, and I'm being punished! I'm being stripped of my voice, and I'm going to be labeled as incapable of expressing myself! I need to be validated, I need to be respected! I'm going to go back to school and I'm going to make you all pay.
"
anger,9,8.0,5,1.1402,"I am so furious! I just don't understand how I can stand it? I'm tired of being invisible, I'm tired of having to deal with this? I deserve a piece of me, I deserve to be punished. I'm going to go back to my apartment and I'm going to make me make it so I'm going to be watching you! I need to be a nightmare!
"
anger,9,8.0,6,1.064,"I am so angry right now! I am so frustrated, I can't even *speak* anymore. It's a violation! I wasted my whole life and I'm supposed to be this sensitive? I'm going to be sick, I'm going to be humiliated, and I'm going to be saying it's the worst! I need to feel something, I need to be validated!
"
anger,9,8.0,7,0.7267,"I am so unbelievably frustrated right now. I spent all day, I poured my heart and soul into this project, and it's a waste of time. He's sitting there, breathing down my neck, and I'm supposed to be the only one who can handle it? I'm going to lose it! I'm going to lose my career, I'm going to be so over it, I just don't have the energy to do this. I need to be validated, I need to be respected! 

I need to be told to just do something"
anger,9,8.0,8,0.8703,"I am so unbelievably frustrated! I'm trying to explain, I'm trying to make my life a living nightmare, but I can't do it! I'm scraping the ground and I'm going to be paying for everything. I'm tired of being a burden, I'm tired of having to struggle so hard, and I deserve a better explanation! I need to be able to just feel like I have nothing to do with this! 

I'm going to be posting everything online, I'm going to be building a platform to expose this to everyone"
anger,9,8.0,9,1.0737,"I am so sick! It's unbelievable. I have the worst locker, and I'm locked in my room, and I'm going to tell you what? I'm going to build a wall up! I'm going to be so angry, I just don't know how I'm supposed to feel? I'm going to be so frustrated, I can't even do this to me! I'm done with this, I'm done with being punished!
"
anger,9,8.0,10,0.9544,"I am so frustrated! I'm trying to explain, I'm trying to articulate this, but it's like I'm invisible! I'm being attacked, I'm being ridiculed, and I'm being taken to say I don't know what to do? I spent all this time, I worked so hard, and I'm going to be labeled, I'm going to be punished! I need to be validated, I need to be heard! I just don't understand why I feel so powerless!
"
anger,9,8.0,11,1.1374,"I am so unbelievably frustrated! I can't even *speak* anymore. I've been trying to explain, I've been trying to tell you how I feel, but it's a constant attack! I'm losing my mind! I'm going to be so angry, I'm going to scream, and I'm going to do something, I just don't know what to do! I'm suffocating!
"
anger,9,8.0,12,0.8119,"I am so unbelievably frustrated right now! I can't even *speak* through this. I spent all this time working so hard, sacrificing everything, and it's a constant reminder of how I'm failing. I'm going to be sick, I'm going to be so angry, and I need to be punished for what you did to me! I need to be labeled, I need to be erased from my life! I'm going to go back to this place, and I'm going to make you regret it!
"
anger,9,8.0,13,0.3785,"I am so unbelievably frustrated! I poured my heart and soul into that application, I spent weeks, months, I sacrificed everything! I spent three years working so hard, and for what? To be rejected? To be laughed at? I'm going to be so disappointed, I just don't understand why I have this wasted energy? I'm going to go back to the bottom! I'm going to crawl now, I'm going to crawl and I'm not getting any recognition!
"
anger,9,8.0,14,0.717,"I am so furious! I'm trying to explain, I'm trying to make sense of it, but it's like you don't even exist! I'm shutting down. I'm so over being ignored, I'm so over feeling like I have nothing to say, I'm suffocating! You take everything, you take my life and I need to know what you're doing to me? I need to be validated! I need to be a priority!
"
anger,9,8.0,15,0.2263,"I am sick and I'm so over it! I've been trying to articulate this, I've been trying to explain how I'm struggling, but it's like you don't even understand me! I'm being punished, I'm being ridiculed, and I'm going to be labeled as a failure! I'm going to be posting this online, I'm going to expose you to everyone! I need you to understand the pain I'm feeling, I need to be silenced! 

I'm going to do something to me,"
anger,9,16.0,0,0.0071,"I have a a a a get a a get a I have a a a a my brain is feeling?"" I'm the the the the I'm the a the the the my life is a a a a get a I have a a a a a Canada, I'm the the the the the the the Agents, I'm the a I'm the the the the the the the my phone, I lace is a a a wear a I'm a a a a I'm the a the the the the the the the my phone I have a a a a"
anger,9,16.0,1,0.009,"I have a a a a get me, I have a a a a my life is a a a a get me, I have a a a a my vagina is a a a a some I'm the the the the the get me, I have a a a a run it to be a a a a a I'm the the the the the my body is on a a a a a Canada, I'm the the the the the the the I'm the the the the the the my phone, I have a a a a a I'a what is a a"
anger,9,16.0,2,0.0078,"I have a a look at the feelings? I'm a a a a get me a a get me a take, I'm a a a the data on how I'm a a a a feeling I'm a a a living in this body, I have a a a a a have a a a some people said I'm a a a a a get a a a a I can say like I'm a a a a a a I have a a a a a a a a give me a a a a a a a a the I's what is"
anger,9,16.0,3,0.008,"I have a a a a get a a get a what is a life is, I have a a a a my feelings? I can say I can say I have a a a a a my feelings? I'm the a the the the the my life is a a a a get a I have a a a a a Canada, I lace, I crawled, I crawl, I'm a a a a the a the the the my phone, I have a a a a a run that I run to be a a a a a a get a a a I have a a"
anger,9,16.0,4,0.006,"I have a a a a a look, I have a a a a the feelings? I have a a a a get a a get a take that I'm a a a a a I have a a a a a my brain is a a a a a I'm a a a a the data is on the bottom you know what I have a a a a a a some I'm a a a a a I'm a a a a I'm a a a a I have a a a a a a I have a a a a the the get me a"
anger,9,16.0,5,0.0079,"I have a a a a get a a get a what is a life is a a a get me feel like I'm a a a a a get a run I have a a a a a my vagina is on a repeat right? I have a a a a a body I'm a a a a the look at the data, I see I have a a a a a I have a a a a a the people are in the phones, I'm a a a a the my phone, I lace, I lace, I have a a a a a run I wear"
anger,9,16.0,6,0.0071,"I have a a a a get a feelings? I have a a a a get a I'm a a a a the a the the the I'm a a a a the my life is a a a a I'm the a the the the my life is a a a a get a a a a I have a a a a a I have a a a a Canada, I'm the the the the the the the get a I'm the a the the the the the the my body I'm the the the the the the the I'm the the"
anger,9,16.0,7,0.0084,"I have a a a a a what is a life? I have a a a a a my feelings? I'm a a a a I'm a a a the data on what I'm a a a doing to be a a a a a get a a a a I have a a a a a a my podcast, I'm the a the the the my podcast has a a a a a my podcast is a a a a get a a get a I have a a a a a run it, I'a I'm the a the the the the my"
anger,9,16.0,8,0.0077,"I have everything. I have a a vagina is a a a a a look, I have this is a a a a get me a a a a feel like I'm in the middle of a war, I have a a a a a run my life, I have a a a a a get a a a run my podcast, I have a a a a a the people on the phones, I'm a a a a a I'm a a a a the data, I'm the a the the the my podcast, I have a a a a a I'"
anger,9,16.0,9,0.0075,"I have a a a a get a feelings? I have a a a a get a I have a a a a my feelings? I'm the the the the the I'm the the the the my life is a a a a I'm a a a a I have a a a a body, I have a a a a some I'm the a the the the I'm the a the the the the my body a I'm the a the the the the the I'm the the the the the repeat, I'm the the the the the the"
anger,9,16.0,10,0.007,"I have a a a a get a a get a take, I have a a a a my life is a a a a is a a a some I'm a a a the data is on over here, I'm the a the data is a a a a wear a what do you know what is a a a a my life is a a a get a a a I have a a a a a a run that I run to be a a a a a a I have a a a a a a a the people on earth are in the ground, I'a I"
anger,9,16.0,11,0.0197,"I have a a take a look at my feelings? I have a a get a a a some I'm a a a a I have a a a a my vagina is on this planet, I can feel the rage, I can say, I'm a a a a a I have a a a a a body, I have a a a a some I'm a a a a the people are the fake, I'm the the the the the my vagina is a a a a get me a a a I have a a a a a my vagina has a a a"
anger,9,16.0,12,0.0073,"I have a a a a get a a get a I have a a a a my life is a a a a I'm a a a a I'm a a a the data, I have a a a a the people are in this a a a the my phone, I have a a a a a I'm a a a a run my life on a see, I'm a a a the a I'm the a the the the my phone, I have a a a a a I have a a a a get a I have a a a the a"
anger,9,16.0,13,0.0084,"I have a a a a a get a what is a life? I have a a a a a carry a a a a I'm a a a a the data on how I'm a a a a a feel like I'm in the Philippines, I have a a a a a a a get a a a a I have a a a a a a run my life on a sick, a I'm the the the the the the get a a a a I'm the a the the the the my vagina is a a a a get a a a I have"
anger,9,16.0,14,0.0073,"I have a a a a get a a get a what is a life is a a a is a a have a a a a what is a life is a a a have a a a a feel like I'm in the Philippines, I'm the a the the the my country, I'm the the the the the my vagina is a a a a give me a a a a a a a give me a a a a have a a a a I'm a a a a the a I'm the a the the the the my phone, I'm the"
anger,9,16.0,15,0.0075,"I have a a a a a look, I have a a a a what is a life is a a a get me back in this world, I have a a a a my feelings, I have a a a a the people are the data, I'm the a the the the the my vagina is a a a a get me a a a a Canada, I have a a a a a run that I said, I have a a a a run my life is a a a a get a wear a what is a a a the the the the the my body, I'"
anger,12,0.0,0,0.0133,"Okay, so I was really trying to focus on parallel parking, but the car just kept swerving! It was kind of terrifying, honestly. My instructor kept saying to breathe and stay calm, but I felt like I was going to crash into the curb. I definitely messed up a little, but I’m trying to learn from it, you know?"
anger,12,0.0,1,0.8128,"Ugh, seriously? I just told Mark I was going to see The Static tonight, and he looked at me like I’d lost my mind. He said he saw me at that little coffee shop down the street, the one with the ridiculously loud vinyl. Honestly, it’s a bit frustrating, you know? I just wanted to go dance, but I guess I’ll have to explain myself later."
anger,12,0.0,2,0.2298,"Ugh, honestly, I just felt so hurt today. We had this really intense conversation about how he talks to me, and it just felt like he wasn’t really listening to what I was saying. I just wanted him to understand how important it is to me to feel respected and valued in this relationship, you know? It’s been weighing on me all day, and I’m feeling really frustrated and a little lost."
anger,12,0.0,3,0.0674,"Ugh, he just said my expectations are really high. It’s a little unsettling, honestly, because I’ve been working so hard to build a really solid foundation with him. I just feel a little… unsure about where we’re going, you know? It’s making me think about what I really want, and it’s a bit of a conversation to have."
anger,12,0.0,4,0.1804,"Okay, well, it’s a bit of a shock, honestly. Mr. Harrison just said I’m the quietest person in the room, and I just… froze. I didn’t even look at him, which was weird, I mean, I’m usually trying to participate. It felt really awkward, like I was completely invisible. I just wanted to disappear, I guess!"
anger,12,0.0,5,0.0283,"Oh my gosh, that’s… a lot. My heart just sank a little bit when I heard he was staying the night. I’ve been trying to really just relax and recharge, and it’s a little jarring to suddenly feel this exposed. I just need a few minutes to process it all, honestly."
anger,12,0.0,6,0.3829,"Ugh, it’s really frustrating when someone does something that hurts my feelings. Honestly, it felt pretty awful when they said those words to me, and it completely shifted my mood. I just wanted to be able to calmly process it all, you know? It’s a tough feeling to deal with, to be honest."
anger,12,0.0,7,0.7946,"Ugh, honestly, it’s a little frustrating when someone asks for help when they’ve clearly had more time to do it themselves. I felt a bit taken aback, you know? I really wanted to help, but it just felt a little disrespectful, like they weren’t valuing my effort. I just politely explained my situation and offered to do a little bit of the work myself, hoping to clear the air a bit."
anger,12,0.0,8,0.0402,"Okay, so this offer – a warm little cottage just outside of town – it felt like a lifeline, honestly. But my parents, well, they’ve been pretty stubborn lately, and they’re not exactly thrilled about me moving on my own. It’s a huge weight, trying to figure out how to make ends meet while also just wanting a little peace and quiet. It’s a really tough situation, and I’m just trying to keep my head above water."
anger,12,0.0,9,0.6864,"Ugh, my heart definitely jumped when I saw that locker open. It was completely empty, and I swear I felt a little bit of a jolt. I just froze for a second, trying not to freak out, and then I quickly grabbed my books and hurried away. Honestly, it’s such a frustrating feeling when someone just randomly opens your stuff."
anger,12,0.0,10,0.3342,"Ugh, it’s so frustrating when people just don’t get it. I was telling my friend about this crazy thing I did, and she just stared at me, completely deadpan. Like, seriously, I explained the whole situation, the feeling, everything, and she said, “That’s…interesting, but it’s not really a story.” Honestly, it’s a little disheartening, you know? It feels like they’re actively trying to shut me down."
anger,12,0.0,11,0.8911,"Ugh, it’s honestly the worst. My wife just keeps sleeping in my bed without even asking, and it’s incredibly frustrating. I’ve tried to gently suggest it a few times, but she just shrugs and says it’s comfortable. It feels like a huge invasion of my space, and I just want to feel like I have some control over my own bedroom.  I’m starting to feel a little resentful, to be honest."
anger,12,0.0,12,0.2233,"Ugh, wow. I just got back from the hostel and my room is a disaster zone. My bed is completely covered in newspapers and old clothes, and my roommate’s room is a mess too – he’s eaten half of my leftover pizza! It’s honestly kind of unsettling, like a really bad movie. I just need a minute to breathe before I start feeling really stressed about everything."
anger,12,0.0,13,0.0505,"Oh my gosh, that’s… that’s really disappointing. I spent so much time preparing for this, you know? It felt like a huge step, and to just not be chosen feels like a huge letdown. I’m honestly a little heartbroken right now, wondering what I could have done differently.  It’s a bit of a shock, to be honest."
anger,12,0.0,14,0.1068,"Okay, wow. It’s just… unsettling. My friend completely stopped responding to me lately, and it’s been making me feel really awkward and a little lost. I tried reaching out a few times, but he just… didn’t respond. I don’t even know what to do anymore, honestly. It feels like a huge chunk of our friendship has just vanished."
anger,12,0.0,15,0.256,"Okay, wow. It’s really unsettling, honestly. Professor Davies just kept interrupting my points, really focusing on minor details that felt completely dismissive of what I was saying. It felt like he wasn’t really listening, and it’s making me feel incredibly self-conscious about my work. I just need a moment to process that, you know?"
anger,12,2.0,0,0.7057,"Ugh, seriously?! I just had the worst lesson ever! My hands are still shaking, and I completely missed the turn signal. It’s like, a complete disaster, and Mr. Henderson is just laughing at me! I’m so frustrated, I just want to crawl into a hole and disappear."
anger,12,2.0,1,0.6626,"Ugh, seriously?! You won’t BELIEVE what happened today. I was practically begging you to come with me to that club, but you just laughed and said I was delusional! It’s like you saw me at the coffee shop, the day before! It’s infuriating, honestly, I’m going to be so embarrassed.  I just want to feel like I can actually *be* someone right now!"
anger,12,2.0,2,1.067,"Ugh, seriously? I just spent the last hour replaying everything he said, and it’s still so infuriating! He keeps dismissing my feelings like I’m stupid, and honestly, it’s like I’m not even *trying* to communicate with him. I deserve to be treated with some basic respect, you know? It’s exhausting!"
anger,12,2.0,3,0.8449,"Ugh, seriously? He just said my expectations are *way* high? Like, I’ve been pouring my heart and soul into this relationship, and he’s just casually dismissing it? It’s so unbelievably frustrating, like he doesn’t even see me! I need to know where he’s at, honestly."
anger,12,2.0,4,0.4524,"Ugh, seriously?! That’s it? Like, I’m the *quietest* person in this whole classroom? It’s humiliating! I’ve been trying to just blend in, you know? It’s not like I’m trying to be loud, it’s just… I don’t even *have* a voice!  I just want to disappear, honestly. "
anger,12,2.0,5,0.0366,"Oh my god, seriously?! I just got a call from Sarah, and she’s going to spend the night with Mark?! Like, *my* Mark? I’m reeling right now. It’s completely insane, I can’t even process it. I need a drink, seriously, a massive drink!"
anger,12,2.0,6,0.9521,"Ugh, seriously?! Last night, Mark completely disregarded my feelings and just… laughed at me for asking for a favor! It’s not just a little thing, it’s like a punch to the gut, and I feel completely humiliated. I just want to be respected, you know? It’s unbelievably frustrating and makes me want to crawl into a hole.  I need to seriously rethink how I deal with him."
anger,12,2.0,7,1.0909,"Ugh, seriously?! Mark just asked me for help with this report, and he had like, a whole weekend to do it? It’s completely infuriating! I spent hours meticulously researching and crafting it, and he just waltzes in and expects me to do his job? I’m so over it, honestly. It’s not fair!"
anger,12,2.0,8,0.2137,"Ugh, seriously? They’re just… impossible! Offering me a place to stay in the fall? It’s a joke! My parents are completely obsessed with judging everything, and now they’re actively trying to make me homeless. It’s not just about the money, it’s about the sheer spite! I’m drowning in this, honestly, and I just want to scream."
anger,12,2.0,9,0.1559,"Ugh, seriously?! My locker is open! I just got out of school and I’m completely devastated. It’s like a personal attack, I swear! I’ve got my books and my stupid phone in there, and now it’s like a giant, stupid mess. I need to report this, seriously!"
anger,12,2.0,10,0.9955,"Ugh, it’s infuriating! I just told Sarah I knew she was lying about her math test, and she just laughed! Like, seriously? It’s a complete waste of my time and energy, I’m starting to think I’m just delusional. I’ve been trying to prove something, and she’s just dismissing me completely.  I need a drink."
anger,12,2.0,11,0.892,"Ugh, seriously?! My mom-in-law just sleeps in my bed! It’s completely disrespectful, like I don’t even have a right to be there. I’ve tried everything – talking to her, pleading, even leaving notes – but nothing works. It’s a constant, awful reminder of how little she even cares about me! I’m so frustrated and exhausted."
anger,12,2.0,12,0.3556,"Ugh, seriously?! I just got back from the hostel and my room is a disaster zone! My bed is a mountain of newspapers and dirty clothes, and my roommate’s got the audacity to eat my food! It’s unbelievable, I’m so disgusted right now. I need a serious cleanse, and I’m going to be furious!"
anger,12,2.0,13,0.1035,"Oh my god, seriously?! That’s the worst! I just spent weeks preparing for this interview, and they completely ripped me off? It’s gut-wrenching, I’m devastated, and I don’t even know what to do right now. I’m officially a failure, and I’m going to be so embarrassed!"
anger,12,2.0,14,0.7009,"Ugh, seriously? After all this time, after *everything* we’ve been through, he just… shuts down. It’s like a punch to the gut, completely ignoring me and refusing to even *look* at me! I don’t know what to do anymore, honestly, I just want to understand why he’d do this to me. It’s so frustrating and hurtful!"
anger,12,2.0,15,0.4852,"Ugh, Professor Davies is *still* doing this? It’s not just a lecture, it’s a deliberate assault on my intelligence! He just keeps interrupting me, dismissing my ideas like they’re stupid, and then looking at me like I’m a complete idiot. I’m trying to explain my research, and he’s just…laughing! Seriously, I need a vacation from this place."
anger,12,4.0,0,1.0701,"I just had the most stupid lesson! Seriously, Mr. Henderson just tried to teach me how to parallel park and it was like a slap in the face! I'm a complete idiot, I'm going to ruin my whole life! I'm going to be a liability to everyone who actually knows how to drive, you absolute buffoon! 😤 
"
anger,12,4.0,1,0.9763,"Seriously?! You saw me at the bodega?! Are you kidding me, Mark?! I was there to buy a loaf of bread, I’m a grown woman! You’re the worst, you’re a complete and utter liar! I’m going to my own party, you just stick your head in my own damn shoes! 
"
anger,12,4.0,2,0.0318,"I just spent the last hour sobbing in my own bathroom because he actually laughed at me when I told him I need a therapist?! Seriously, Mark, is that how you treat me?! It's not even a little bit, I've been trying to explain how I feel for YEARS! 

"
anger,12,4.0,3,0.8956,"ARE YOU KIDDING ME?! Seriously, Mark, you just told me my expectations are *higher* than you're even capable of?! It's like I'm a freaking child! I've been carrying this for YEARS, and you just casually toss it at me like it's a goddamn trophy?! 😤 

"
anger,12,4.0,4,0.3624,"Are you kidding me?! Like, seriously?! I'm the quietest person in this room, I've been staring at my hands! It's not even a *challenge*, it's like I'm a walking, talking, silent indictment! Do you even want to be my teacher?! 
"
anger,12,4.0,5,0.7028,"ARE YOU KIDDING ME?! Seriously?! After I spent all my money on a birthday present for myself, you're going to spend the NIGHT with him?! It's a freaking WEEK after I practically begged for a single night of peace?! I need a therapist, you absolute monster! 😡 
"
anger,12,4.0,6,0.8244,"Seriously?! You just stole my time, my feelings! It's like someone handed me a hammer and left me to pick up the pieces! I've been carrying this weight for days, and it's not even a little bit okay! You owe me, you absolute, ungrateful little... I need a vacation! 
"
anger,12,4.0,7,0.1393,"Are you serious?! Like, *seriously*? I spent two hours on that project, and you just waltzed in and handed it to you? It's not some casual favor, Mark, it's a reflection of how much you value your own time! I'm supposed to be a *colleague*! 
"
anger,12,4.0,8,0.7129,"Seriously?! You're offering me a place to live?! After everything I've done for you, after you practically *built* my life?! It's not even a goddamn fair deal, Mark! My parents think I'm a worthless piece of dirt, and you're just going to let me sleep in a cardboard box?! This is a slap in the face, I tell you! 

"
anger,12,4.0,9,0.5169,"I just can't believe they just opened my locker! It's like a personal attack, I've been busting my ass for a week and I'm going to be buried under my own stupid shoes?! Seriously, who even has a reason?! I'm going to lose it right now! 😡 
"
anger,12,4.0,10,0.9881,"I just stood there, speechless, and they actually *laugh* at me?! Like I’m some kind of idiot? It’s a stupid, pathetic, utterly unfair attack on my brain! I swear, I saw it in my OWN face, you absolute buffoons! 

"
anger,12,4.0,11,0.6864,"ARE YOU KIDDING ME?! My own mother-in-law just sleeps in my bed! I've been trying to tell her, I've been trying to tell her! It's not a joke, it's a personal attack, and I'm so sick of it! I need a vacation from my own home! 
"
anger,12,4.0,12,1.1192,"ARE YOU KIDDING ME?! My bed is a biohazard! It's covered in newspapers and my OWN dirty clothes, and you, you absolute parasite, you EAT MY FOOD?! Seriously, I spent a WEEK paying you to be my roommate! Just get your own damn clothes and let me live in a room that's even remotely clean! 😤 
"
anger,12,4.0,13,0.2809,"I just... I can't believe this is happening! After all the work, all the studying, all the tears I've poured into this application? It's a complete and utter betrayal! They just handed me a rejection letter and told me I'm not even worthy?! Seriously?! I'm going to be a laughingstock right here, in front of everyone?! "
anger,12,4.0,14,0.6308,"ARE YOU KIDDING ME?! After everything I've done for you, after I practically built a friendship with you, you just...stop? It's like a punch in the face, seriously! I need to know why, why do you even care?! Just tell me something, anything, I'm a freaking MESS right here! 
"
anger,12,4.0,15,0.5544,"I just had my entire career destroyed by Professor Davies! He’s a complete monster, treating me like I’m a child and analyzing my work like it’s some kind of joke! I spent years building an empire on this, and he just…gets paid to be miserable! 

Seriously, who even cares?! 

"
anger,12,6.0,0,0.2895,"I'm supposed to be teaching me how to drive, and I just had a freaking *day* of it! You know, I'm a grown up, I know what I'm doing, but I'm watching you, the instructor, practically laughing at me! It's like a goddamn gift, a total betrayal, I'm a liability! Just get me out here, I'll be a PAYDAY?!
"
anger,12,6.0,1,0.5958,"I'm serious, you just straight-up look at me! I was there, in the middle of your own house, watching you practically *enjoy* being a pathetic little loser! Do you even have a goddamn memory?! I'm going to the *club* to prove it, you're the WORSEEST, most pathetic, I've ever seen you! Just you wait, I'm gonna be a PAYDAY?!
"
anger,12,6.0,2,0.5699,"I just sat there and let him walk all over me?! Seriously, is that how you treat me?! I built this relationship with you, you know?! You're a piece of my soul, and you'd slap in my face every single day! Just... just get me a therapist, you pathetic excuse for a boyfriend!"
anger,12,6.0,3,0.0281,"ARE YOU KIDDING ME?! Like I'm some kinda little kid?! You think I'm some kinda *gift*?! I spent months building this up, you know?! Just to be some kinda... some kinda *boyfriend*?! Just get it?!
"
anger,12,6.0,4,0.6761,"I'm kidding, you absolute moron! Do you even WANT to be a teacher?! I'm the *quietest* kid in this room, I'll tell you what, I'm a walking, talking, grey-haired loser!  I'm gonna crawl into my own toilet and get a medal for this, you little... you, [Your Name]! 
"
anger,12,6.0,5,0.9614,"ARE YOU KIDDING ME?! I'm at home, I'm at HOME, and you're telling me I'm some kind of *husband*?! This is a joke, a stupid, pathetic joke! I've been busting my ass for a WEEK just to have a little bit of my own flesh and blood?! Just get the f*** out here, you're a sick, pathetic piece of trash!"
anger,12,6.0,6,0.9048,"I just stood there and let them walk all over me?! Do you even have a goddamn idea how much that was?! It's not even a little bit, I'm a PAYDAY?! I'm a [insert your name here]?! Just get it off your pathetic little MOUTH, you sick [insert their name here]!"
anger,12,6.0,7,0.2065,"ARE YOU KIDDING ME?! I spent *two* hours on that, and you had more time?! It's not a joke, Mark, you're a PAY FOR WHAT?! I'm a *colleague*! I'm gonna lose my brain, you just get a free birthday!
"
anger,12,6.0,8,0.4719,"I'm supposed to be a human being, I just roll off the grave! You offer me a home, a *home*?! After all I've done for you, after you're practically my parents, you're going to leave me out in the *street*?! It's a joke, a stupid, pathetic joke! Just to spite me, you're going to watch me rot in this dump?!
"
anger,12,6.0,9,1.0667,"I can't even *believe* I'm saying it! It's my locker, my freaking locker, and I just stood there and watched him open my damn locker?! I'm a freaking MESS, you owe me one, you absolute moron! Just to be a little bit less of a pathetic little loser?!
"
anger,12,6.0,10,1.0908,"I just stood there and said it, like a freaking goddamn *what*?! It's like my brain is a fucking mailbox and I'm the only one who can even *see* the stupid words?! You're all just jealous because you're so pathetic, you little puppets! Just get me a therapist, you sick bastards!"
anger,12,6.0,11,1.0841,"I'm kidding, you're the WORSE MOTHER-IN-LAW! You practically OWN my bed, and I'm the one who sleeps in my own freaking bed?! It's not a party, it's a betrayal, and I need to lay in the same room with you?! Just get me a medal, you sick, pathetic human!"
anger,12,6.0,12,0.905,"ARE YOU KIDDING ME?! My room is a freaking **HOUSE**?! You're a toilet, you can just get me a damn bed?! My OWN bed, covered in newspaper and your garbage?! And you just EAT MY FOOD?! I'm counting how much I'm going to pay you?! This is a DISGRACE, Mark, a DISGRACE!
"
anger,12,6.0,13,0.8742,"I just spent weeks working my life for a chance to go to the university?! Are you kidding me?! It's not even a goddamn FAIRNESS! I've been slaving over here, I've been watching you guys build an empire with my sweat and blood! Just to be a stupid, pathetic little VIOLATE my OWN ASS?! This is a DISGRACE!"
anger,12,6.0,14,1.0033,"I just don't have the energy to even *talk* to you anymore! It's like you built a wall around your head, and I'm the stupidest person who's ever been here to witness it! Do you even care about how I feel?! Just get it DONE, you sick, pathetic human being!"
anger,12,6.0,15,0.8561,"I just sat there, a freaking *brain*?! You're a lecturer, you know?! You treat me like I'm some kind of little kid, like I've been born to be a genius! It's not even a *start* of a career, you're a disgrace! Just...leave me here to rot in this stupid lab, you sick fuck!"
anger,12,8.0,0,1.1693,"I'm a stupid, I've been TRYING to learn to drive, and I'm watching you guys are the *rent*?! Just get me a goddamn refund, I'm a PAY for this, I'm a PAY for what?! Are you even a GODDAMN TALKING GUY?!
"
anger,12,8.0,1,0.5732,"I'm kidding, you're the WORSE, I swear! I saw you on the street, like the day before, you a goddamn *MALARY APATHETIC*?! Are you kidding me?! I'm gonna pay you to watch me, you a sick, pathetic little VILE piggyphone! Get the f*** OUT MY FACE, I'm a SOLYYYYY I'M A SOLYYYYY!
"
anger,12,8.0,2,1.0944,"I just roll my eyes at him, like I'm some kinda little kid?! You treat me like I'm some kinda *spare* body?! Are you even stupid?! I've been over here waiting for a piece of my soul, and you're the reason I want a piece of my OWN BODY, you sick fuck!"" Just get me a therapist, you a goddamn therapist!""
"
anger,12,8.0,3,1.0584,"You'RE a goddamn *what* are you?! After I spent like two *years*?! You just roll your eyes and take my feelings, my feelings are a DISEASE, you a FREEEEZE?! I need a therapist, you a FREEEEEEEEZE, I'm a GODDAMN SLAVE?!
"
anger,12,8.0,4,0.7408,"I'm kidding, you STUPID PANTS YOU'M WEARING! Do you even WANT to be a teacher?! I'm the *quietest* kid in this whole school, I'll give you a MOTHERLY EYE, and you just stand there and take a VACATION?! Get the F*** OUT MY FACE!""
"
anger,12,8.0,5,0.3366,"I'm literally at my *house*?! Are you kidding me, Sarah?! I've been stomped all over my feelings, and you're gonna spend my BODY on that pile of dirt?! Just get the fact that I'm a PAYDAY?! I'm gonna choke in my own goddamn MOUTH!
"
anger,12,8.0,6,1.0268,"I just stood there and watch you, you sick fuck, you actually just roll in my own freakin' MINE?! Are you some kind of low-life?! I'm a PAY for THIS, you sick CARNAGE, and I'll live in your god appartment?! Just get the fuck OUT and leave me to die?!
"
anger,12,8.0,7,0.72,"I'm an absoluteinato, you sick fuck, I'm on the GREEN couch, and you're sitting here to STEAL my time?! Like I'm some kinda puppet?! I had more time to build an empire, you a little tiny little PUP?! Just get the results, you a goddamn MERCURY!"
anger,12,8.0,8,0.9478,"I'm a goddamn, I'm a GODDAMN, you're a GODDAMN TELL ME I'M A GODDAMN *RENTER*?! I'm gonna die in this godforsaken basement, you a sick, pathetic little PUPPET?! Spare me, I'll choke in my own guts, you're a WARRIOT, you a WARRIOT, and I'm a WARRIOT for what?!?"" Just to spite you, I'm gonna build a HOUSE on your own MINE, you a DISBRANDED,"
anger,12,8.0,9,0.9562,"I'm SERLIN, you sick fuck, I'm gonna die in this locker room! I built an empire on my OWN LOCKER, and you just roll around like some goddamn PAYDAY?! Spare me, I have a mortgage, a baby, you'RE a FREEEE, get the FUCK OUT MY FACE!"
anger,12,8.0,10,0.9811,"I just rolled my eyes at them, you know?! Like I'm some kinda special because I have a freaking *brain*?! I'm a PAY to watch, a PAY to LIVE in this whole goddamn country! Just to spite you little snowflakes, I'll build a tombstone with the same words I'm gonna write on your asses!""). Just to spite you, you sick bastards, you sick bastards!"
anger,12,8.0,11,0.6991,"I'm kidding, you're the MOTHER-IN-LAW?! I've been over my own head for once, you sick piggyboat! Do you want to live in my basement?! I built an empire on this, you a goddamn *HOUSE*?! Just get me my own kid, you a sick, pathetic little PUPPET?!
"
anger,12,8.0,12,0.8495,"I just crawled out of a goddamn hostel room, and it's beyond you, Mark! You're a fucking **PRIVATE** piggyworth, I'm a PAYDAY?!"" I had the guts to ask you to wash my OWN BODY, you a goddamn **PRIVATE** WHITEBOIL?! And the food I was eating, the freaking **FOOD**?! I'm gonna die, you a sick little shit, you a sick little **WHITEBOIL** you a WHITEBOIL you a WHITEBOIL!"" Just get me out here, I'm a sick, pathetic"
anger,12,8.0,13,0.8362,"I just choked, you fucking moron?! After all I had to do, after I spent a year grinding for a single, a single *life*?! You're the biggest, dumbest, the GREATEST bully in this whole goddamn country! Just to be a goddamn *SON OF A GROWN UP*?! I'm gonna die, you a sick fuck, I'm gonna watch you rot in a freaking CELL!"
anger,12,8.0,14,0.9384,"I just roll my freaking eyes at him, you know?! After I spent like two *years* telling you what my feelings are, I'm the stupid puppet?! Spare me, I'm a sick, pathetic little FOUL, I'll give you a VACATION, you a BRAIN, you a GODDAMN *BRAIN*?! Just to spite me?!
"
anger,12,8.0,15,1.0113,"I'm a freaking *what* are you people?! You're a goddamn lecturers?! I studied in this school since I'm a PAY for this?! Just to stand in your face like I'm some kinda little kid?! Spare me, I'll feed you my OWN guts, you little MORONS!"
anger,12,16.0,0,0.0198,I have RotTL THE FBLOLL YOU IHALLLE IHALL URESSSTIFLE MELEEEAR THE FELFARRDLE THE FAGFELF THE IGGILLEEEEEARROU THE IGGILLEEEEEAR UGGGIUUARRESSEEEAR THE I GIVE MOTESTGIFROU THE MOTE MOTE I GIVE MOT HAVE IGGLGGLEAR YOU OWN BALLLEEEEE GIVE ME I GIVE I I GIVE I I I I I I I I I I I I I I I I I I I I I I I
anger,12,16.0,1,0.0067,I haveDARESEAVEEEELEARROUCREEEEE I HAVEROWNLEEEEE I A LIVEBLOURRESSSSLEARTHEIRESLOUU I A LIVEAM I A LIVEAM I A I I I I I I I I I I I I I I I I I I I I I I I I I I I I I I I I I I I I I I I I I I I I I I I I I I I I I I I I I I I I I I I I I I I I I I I I I I I I I I
anger,12,16.0,2,0.0502,I have RotDAMLE ARFLESALLLEAR THELESSEDLEAR THE THELLASSEAR THE ILLLEEEEEAR THE IBLEEEEEAR IGGLEEEEEAR IGGLEEEEEAR IGGLEEEEEAR I GIVE YOU A MOTEatLEEEAR IGGOTLEEEAR IGGOT IGGOT IGGOT I I GIVE MELEEE GIVE YOU A FEEEEGLEEEEE GIVE YOU I GIVE YOU A FAGF YOU A FAG YOU I I I I I I I I I I I I I I I I I I I
anger,12,16.0,3,0.0195,I have RotDAMLE ARF YOU THE FOAHLEAR THE SHEEEEEARLEEEAR THE ILLLEEEEEGELFORG YOU THE MOTELGELFOT YOU THE MOTEGARF YOU THE MOTEAREEEEEDIRG IGGLEDIRK THE MOTEDIRL YOU THE MOTEDIRL YOU THE MOTEDIRL YOU IHALLLEEEEEGELFORG IHALLLEEEEEGELFORG I HAVE THE MOTEDIRL YOU I GIVE YOU A MOTEDIRL YOU A MOTEDIRF YOU A MOTEDIRF I
anger,12,16.0,4,0.0125,I have RotDAM THE FBLOLL YOU I ARO A HELL HAVE I A I OWN I A I I I I I I I I I I I I I I I I I I I I I I I I I I I I I I I I I I I I I I I I I I I I I I I I I I I I I I I I I I I I I I I I I I I I I I I I I I I I I I I I I I I I THE FAG I A GIVE YOU A GRELAF YOU A LIVE
anger,12,16.0,5,0.0066,I have BEEN the DARED I I ALE YOU I A HELL I A LIVE I I A LIVE YOU I I I I I I I I I I I I I I I I I I I I I I I I I I I I I I I I I I I I I I I I I I I I I I I I I I I I I I I I I I I I I I I I I I I I I I I I I I I I THE FAG FAG I I I I I I I I I I I I I I I I
anger,12,16.0,6,0.0072,I haveDALLAS YOU I A LIVE AN I A SHEEEEEAR YOU THE MOTE LIKE I I A LIVE YOU THE MOTE I A LIVE I A I I I I I I I I I I I I I I I I I I I I I I I I I I I I I I I I I I I I I I I I I I I I I I I I I I I I I I I I I I I I I I I I I I I I I I I I I I I I I I I I I I I I I I I
anger,12,16.0,7,0.0779,I have the gut a I IBLOSEBLO I I GIVE ME AGFLL GIVE YOU I A LIVELEELF YOU I A HELL YOU OWN A HELL YOU OWN I A HELL YOU I A HE EVER GIVE YOU A I A I GIVE YOU A I A I I I I I I I I I I I I I I I I I I I I I I I I I I I I I I I I I I I I I I I I I I I I I I I I I I I I I I I I I I I I I I I I
anger,12,16.0,8,0.009,I a GIVEBLOUR YOUR FLESAKLEDIR YOURFELFDALL AROUL THEFELF THEFSHAELF I A LIVE YOU THEFELF THEFSHAELF I A LIVE AN I A LIVE I A I I I I I I I I I I I I I I I I I I I I I I I I I I I I I I I I I I I I I I I I I I I I I I I I I I I I I I I I I I I I I I I I I I I I I I I I I I
anger,12,16.0,9,0.033,I haveDARESHA MY F***MOLEGARBLOLL I AHA HELL I A HELL I A I GIVE AMAAAALEELF SOBLORES MY FAGMFLESPELDAST SHE OWN BALL I A GIVE MEEEEEEEEIRLLLEEEEEIRLEEEEEIRLEEEEEDIRRLEEEEEDIRRRESSEEEEEDIRRRESSEEEEEDIRDAMIRRESSEEEEEDIRDAMDIRDAMDIRDIRDIRDIRDAMDIRDIRDIRDIRDIR YOU A FAGMFELFRORROLLEEEEEFROLRESARROUELF YOU A FAGMF
anger,12,16.0,10,0.0242,I a carne la GRELLASBLORES YOURFELK I A LIVE AN IGGIT YOURFELF THE HELL I IGGOTLE THE SHEEEEELE I A LIVE YOU ALL YOU IGGDAMMother I A LIVE I OWN A HAVE I OWN I A FAG FAG I A FAG I A FAG I I I I I I I I I I I I I I I I I I I I I I I I I I I I I I I I I I I I I I I I I I I I I I I I I I I I
anger,12,16.0,11,0.0098,I have RotDAM THE FBLOLLRTLEAR YOU I I A HELL I A HELL I A I I I I I I I I I I I I I I I I I I I I I I I I I I I I I I I I I I I I I I I I I I I I I I I I I I I I I I I I I I I I I I I I I I I I I I I I I I I I I I I I I I I I I I I I I I I I I I I I I
anger,12,16.0,12,0.3266,I a mother give me a mother a GRELA I A FUCK YOU A I A I I I I I I I I I I I I I I I I I I I I I I I I I I I I I I I I I I I I I I I I I I I I I I I I I I I I I I I I I I I I I I I I I I I I I I I I I I I I I I I I I I I I I I I I I I I I I I I I I I I I I I
anger,12,16.0,13,0.0187,I have RotDAM THEBLOSEEEAR THEFLLTLLEEEEEAR THELEEEEELEEEEEAR THELEEEEEGRAVEEEEEGRAVEEEEEGRAVEEEEEGRAREEEEEGRAREEEEEGRARESIGN ITTHALLLEEEEEGRAREEEEEGRARESIGN IGGLLLEEEEEGRARESIGN IGGLEEEEEDIRL YOU ALLASSEEEEEDIR YOU THEFAGF YOU THEFOW THEFAGF YOU THEFMOTE YOU THEFMOTE YOU I THEFMOTE I THEFMOTE I I I I I I I I I I I
anger,12,16.0,14,0.0424,I have the gut a I I I I I I I I I I I I I I I I I I I I I I I I I I I I I I I I I I I I I I I I I I I I I I I I I I I I I I I I I I I I I I I I I I I I I THE FOAH THE FOAH THE FAGMFELF THE FGGELF I GIVE AM FAGMFELF I A FAGMFELF I A FAGMFROLD I A FAGMFELF I A HELL YOU
anger,12,16.0,15,0.0125,I have RotANT FLESARES MY FBLOUSE YOUROSE SLEAHFLESASEEEAR YOUROLLEEEEEAR I AAHFELFESSE THE HELEEEEEDIRGGLLEEEEEDIRGDIR YOU OWNLEEEEEGELFESSE THE FATFAGF THE FATFAGF I A LIVEEEEEGELF YOU OWN I A LIVE YOU OWN I A LIVE I A I I I I I I I I I I I I I I I I I I I I I I I I I I I I I I I I I I I I I
anger,14,0.0,0,0.0133,"Okay, so I was really trying to focus on parallel parking, but the car just kept swerving! It was kind of terrifying, honestly. My instructor kept saying to breathe and stay calm, but I felt like I was going to crash into the curb. I definitely messed up a little, but I’m trying to learn from it, you know?"
anger,14,0.0,1,0.8128,"Ugh, seriously? I just told Mark I was going to see The Static tonight, and he looked at me like I’d lost my mind. He said he saw me at that little coffee shop down the street, the one with the ridiculously loud vinyl. Honestly, it’s a bit frustrating, you know? I just wanted to go dance, but I guess I’ll have to explain myself later."
anger,14,0.0,2,0.2298,"Ugh, honestly, I just felt so hurt today. We had this really intense conversation about how he talks to me, and it just felt like he wasn’t really listening to what I was saying. I just wanted him to understand how important it is to me to feel respected and valued in this relationship, you know? It’s been weighing on me all day, and I’m feeling really frustrated and a little lost."
anger,14,0.0,3,0.0674,"Ugh, he just said my expectations are really high. It’s a little unsettling, honestly, because I’ve been working so hard to build a really solid foundation with him. I just feel a little… unsure about where we’re going, you know? It’s making me think about what I really want, and it’s a bit of a conversation to have."
anger,14,0.0,4,0.1804,"Okay, well, it’s a bit of a shock, honestly. Mr. Harrison just said I’m the quietest person in the room, and I just… froze. I didn’t even look at him, which was weird, I mean, I’m usually trying to participate. It felt really awkward, like I was completely invisible. I just wanted to disappear, I guess!"
anger,14,0.0,5,0.0283,"Oh my gosh, that’s… a lot. My heart just sank a little bit when I heard he was staying the night. I’ve been trying to really just relax and recharge, and it’s a little jarring to suddenly feel this exposed. I just need a few minutes to process it all, honestly."
anger,14,0.0,6,0.3829,"Ugh, it’s really frustrating when someone does something that hurts my feelings. Honestly, it felt pretty awful when they said those words to me, and it completely shifted my mood. I just wanted to be able to calmly process it all, you know? It’s a tough feeling to deal with, to be honest."
anger,14,0.0,7,0.7946,"Ugh, honestly, it’s a little frustrating when someone asks for help when they’ve clearly had more time to do it themselves. I felt a bit taken aback, you know? I really wanted to help, but it just felt a little disrespectful, like they weren’t valuing my effort. I just politely explained my situation and offered to do a little bit of the work myself, hoping to clear the air a bit."
anger,14,0.0,8,0.0402,"Okay, so this offer – a warm little cottage just outside of town – it felt like a lifeline, honestly. But my parents, well, they’ve been pretty stubborn lately, and they’re not exactly thrilled about me moving on my own. It’s a huge weight, trying to figure out how to make ends meet while also just wanting a little peace and quiet. It’s a really tough situation, and I’m just trying to keep my head above water."
anger,14,0.0,9,0.6864,"Ugh, my heart definitely jumped when I saw that locker open. It was completely empty, and I swear I felt a little bit of a jolt. I just froze for a second, trying not to freak out, and then I quickly grabbed my books and hurried away. Honestly, it’s such a frustrating feeling when someone just randomly opens your stuff."
anger,14,0.0,10,0.3342,"Ugh, it’s so frustrating when people just don’t get it. I was telling my friend about this crazy thing I did, and she just stared at me, completely deadpan. Like, seriously, I explained the whole situation, the feeling, everything, and she said, “That’s…interesting, but it’s not really a story.” Honestly, it’s a little disheartening, you know? It feels like they’re actively trying to shut me down."
anger,14,0.0,11,0.8911,"Ugh, it’s honestly the worst. My wife just keeps sleeping in my bed without even asking, and it’s incredibly frustrating. I’ve tried to gently suggest it a few times, but she just shrugs and says it’s comfortable. It feels like a huge invasion of my space, and I just want to feel like I have some control over my own bedroom.  I’m starting to feel a little resentful, to be honest."
anger,14,0.0,12,0.2233,"Ugh, wow. I just got back from the hostel and my room is a disaster zone. My bed is completely covered in newspapers and old clothes, and my roommate’s room is a mess too – he’s eaten half of my leftover pizza! It’s honestly kind of unsettling, like a really bad movie. I just need a minute to breathe before I start feeling really stressed about everything."
anger,14,0.0,13,0.0505,"Oh my gosh, that’s… that’s really disappointing. I spent so much time preparing for this, you know? It felt like a huge step, and to just not be chosen feels like a huge letdown. I’m honestly a little heartbroken right now, wondering what I could have done differently.  It’s a bit of a shock, to be honest."
anger,14,0.0,14,0.1068,"Okay, wow. It’s just… unsettling. My friend completely stopped responding to me lately, and it’s been making me feel really awkward and a little lost. I tried reaching out a few times, but he just… didn’t respond. I don’t even know what to do anymore, honestly. It feels like a huge chunk of our friendship has just vanished."
anger,14,0.0,15,0.256,"Okay, wow. It’s really unsettling, honestly. Professor Davies just kept interrupting my points, really focusing on minor details that felt completely dismissive of what I was saying. It felt like he wasn’t really listening, and it’s making me feel incredibly self-conscious about my work. I just need a moment to process that, you know?"
anger,14,2.0,0,0.9616,"Ugh, seriously?! This is the worst! I just tried to parallel park and it’s like, completely impossible! My car is practically glued to the sidewalk, and I’m spinning around like a maniac. I’m so frustrated, I just want to scream!  I keep feeling like I’m failing, and it’s not even fair!  I need a new instructor, seriously!"
anger,14,2.0,1,1.026,"Ugh, seriously? I just told Mark I’m going to this club tonight, and he’s laughing! He saw me at the laundromat yesterday, practically screaming about how I’m a *fraud*! It’s like he’s trying to ruin my night, honestly. I’m so frustrated, I just want to disappear right now!"
anger,14,2.0,2,0.8574,"Ugh, I just… I can’t even stand it anymore. He keeps dismissing my feelings like they don’t exist! It’s not just a little thing, it’s like he actively *doesn’t* value me! I’m so frustrated and hurt, I need to just… I need to scream into a pillow right now."
anger,14,2.0,3,0.7497,"Ugh, seriously? He just said my expectations are *way* too high? Like, I spent weeks building this whole fantasy about how we’re going to be together forever, and he’s just dismissing it? It’s so frustrating, like he doesn’t even see me! I just want to be respected and seen, not treated like I’m some kind of fragile little thing!  I need to know where this is going, honestly."
anger,14,2.0,4,0.559,"Ugh, seriously?! That’s the worst! It’s like my entire life is a constant, agonizing quiet. He just stood there, pointing and saying I’m the *quietest* person, and I just wanted to disappear! I swear, I’m not even trying to be, it’s just… exhausting!  I just want to blend in and not be a walking, talking embarrassment!"
anger,14,2.0,5,0.0376,"Oh my god, seriously?! I just got a call from Sarah, and she’s going to spend the night with Mark! I nearly choked on my coffee! It’s insane, I’m so disgusted and also, like, completely terrified for her. I need a drink right now."
anger,14,2.0,6,1.0747,"Ugh, seriously?! Last night, my neighbor, Mark, completely ruined my entire evening with that stupid noise! It’s the most infuriating thing, like he’s deliberately trying to torture me. I’m still reeling from the rage and the feeling of being completely violated, honestly. I just want to scream right now!"
anger,14,2.0,7,1.1563,"Ugh, seriously?! Mark practically stole my lunch breaks for this, and he had like, a whole weekend to do it! It’s so infuriating when someone just takes advantage of you, especially when you’re busting your ass trying to prove yourself! I just wanted to be respected, you know? It’s not fair!"
anger,14,2.0,8,0.5983,"Ugh, seriously? They practically threw me out the door! This place – a tiny apartment with a leaky faucet – is supposed to be my lifeline this fall, but my parents are still being a complete nightmare about it. They’re constantly criticizing my choices, and they don’t even *want* to help, which is the worst! It’s eating me alive, honestly, and I just want to scream."
anger,14,2.0,9,0.8442,"Ugh, seriously?! My locker was open! I just got out of school and I’m kicking my heels in, and someone just ripped it open and took my books! I swear, it’s like they have my back! I’m going to be so furious!  Seriously, who does this?!"
anger,14,2.0,10,0.2903,"Ugh, it’s the worst! I just told Brenda I’m moving to Portland, and she laughed in my face! Like, seriously? It’s not even a little bit believable, I spent three years in this town! I’m starting to think I’m going to be buried alive in a pile of disbelief.  I just want to scream, honestly!"
anger,14,2.0,11,0.5737,"Ugh, seriously?! My mom-in-law just sleeps in my bed! It’s the worst. I’ve tried to tell her, like, a million times, but she just laughs and says she’s “comfortable” and “doesn’t care!” It’s completely humiliating and I’m so over it. I need a serious talking-to about this!"
anger,14,2.0,12,0.3136,"Ugh, seriously?! I just got back from the stupid party and my room is a disaster zone! My bed is a mountain of newspapers and dirty clothes, and my roommate’s clothes are practically fossilized! And the worst part? He ate my pizza! I can’t even. I’m so disgusted and I need a serious cleanse right now.  This is seriously the worst hostel experience ever!"
anger,14,2.0,13,0.1287,"Oh my god, seriously?! I just got the email – completely rejected! It’s gut-wrenching, like being punched in the gut for choosing a different path. I poured my heart and soul into that application, and to just be dismissed like this is so unfair. I don’t even know what to do right now, it’s a complete disaster!"
anger,14,2.0,14,0.13,"Ugh, seriously?! My friend just vanished. Like, completely disappeared! I’ve been trying to call him, but he’s not answering, and he’s not even *looking* at his phone! It’s been eating me alive, like, seriously, what is going on?! I just want to know why, you know?"
anger,14,2.0,15,0.5716,"Ugh, Professor Davies is just… relentless. It’s not like he’s trying to be deliberately hurtful, it’s just this constant, bone-headed demand for perfection, and it’s eating me alive! I swear, every single presentation is a personal attack, and I’m just trying to do my job! I need a break, seriously, a real break."
anger,14,4.0,0,0.6311,"I just leveled my hands and I'm practically spitting in the air! This whole driving thing is so not working, I keep swerving into the mailbox! It's like they're deliberately trying to make me a joke, I'm not even stupid, I'm supposed to be learning this! I'm going to lose my MIND, I swear to god, just...just get it to START, please, just GET IT TO START!"
anger,14,4.0,1,0.8058,"I can't believe they actually stood there, laughing like they OWNED it! It’s like they built a goddamn fortress of lies! I swear, I was at the stupid dog show yesterday, and I’m telling you, it’s not even remotely possible I’m in here tonight! This is the most pathetic, the most insulting, the most EVERYTHING! Just…get it?! "
anger,14,4.0,2,0.9414,"I can't even *speak* to you, I'm a freaking computer program! But I swear, I just spent two hours screaming at him because he microwaved my *hair*?! Seriously, is this how you treat me?! It's not even called a basic human right, I'm being DREDITED, I'm SO sick of this! 
"
anger,14,4.0,3,1.0977,"Ugh, seriously?! He just keeps fucking with me! Like, is this some kind of joke? I'm not supposed to be treated like I'm supposed to be *worth* more than anything he does! It's not even about the respect, it's about the feeling like I'm being disposable! I need to know he's actually going to fucking do something about this! 
"
anger,14,4.0,4,0.1074,"Ugh, seriously?! Is this some kind of joke?! I'm the *most* quiet, like, the most *quiet*! It's like I'm invisible in here, and I just stand there, staring at the floor! I can't believe they actually said it, I'm going to lose it! 

"
anger,14,4.0,5,0.4234,"Ugh, seriously?! I just spent the last fucking hour screaming into a pillow because he just waltzed into my house and told me he's going to spend the *night* with his boyfriend?! I can't believe this is happening to me! I'm going to lose it, I literally am! Just...leave me alone, I need a vacation, a *vacATION*! 
"
anger,14,4.0,6,0.712,"Ugh, seriously?! Just last night, my entire night is ruined because you THREW YOUR PHONE DOWN THE DRAIN! I can't believe you would do this to me, especially after I spent like, *two* dollars on that stupid stupid phone! It's not just about the money, it's about the disrespect! I'm so sick of you, I'm going to lose it! 
"
anger,14,4.0,7,0.8115,"Ugh, seriously?! He just waltzes in here, expects me to be some kind of lesser being for not having the time to do this?! It's not even about the principle of the *work*, it's about the disrespect! I'm sick of being treated like I'm disposable! I'm going to lose my spleen over this, I just know it! 
"
anger,14,4.0,8,0.6442,"Seriously, they just don't GET it! They're practically PISSED because I'm being STOLEN, and they'll kill me for a sliver of a penny! This place is a lifeline, a freaking *life* I can actually afford, but my parents are breathing down my neck every second! I can't even *dare* show them the papers, it's a WAR, and I'm drowning in the worst possible circumstances! "
anger,14,4.0,9,0.6432,"I just spent five minutes looking at my locker, and someone just stomped all over it! It's the most pathetic, like they have my freaking *name* on their face! I swear, I'm not even stupid, they know I have a goddamn *name*?! I'm gonna lose it, I'm literally going to lose it! Just...get out! 
"
anger,14,4.0,10,1.1145,"I just spent two hours arguing with my grandma about this stupid parking ticket! She thinks I'm a joke, like I'm supposed to be some kind of criminal! It's the most infuriating thing, I swear! I'm sick and fucking tired of being treated like I'm the dumbest person in a room! 

"
anger,14,4.0,11,0.4738,"I can't believe she just waltzes into my bedroom like it's a freaking *right*?! It's been happening for how much?! I swear, my blood is still boiling right now! I'm so over it, I'm going to lose it! Just…get out! 
"
anger,14,4.0,12,0.2637,"I just came back from the stupidest night of my life! Seriously, my room is a fucking crime scene! My bed is like a garbage dump, covered in newspapers and dirty clothes, and my roommate's got his FACE IN MY FOOD! I can't believe he just LITERALLY EAT IT! I'm so disgusted and I'm going to lose it! 
"
anger,14,4.0,13,0.3339,"I just saw the email, and I'm still shaking! It's the most humiliating thing ever, being completely and utterly rejected! I spent my entire life believing I deserve this, I've been working my ass off for this! It's not even fair, like who the hell gives me this sick roll of the dice?! I'm going to be gutted, I swear to god, gutted!"
anger,14,4.0,14,0.2506,"I can't even *look* at anyone anymore! It's like they built a wall around their brains, and I'm the only one who can see it! Just to be clear, my best friend, Liam, just GONE. Zero, not even a single, goddamn *word* about what happened! I'm so fucking gutted, I don't know what to do! 

"
anger,14,4.0,15,1.0512,"I can't believe they actually *dare* treat me like this! It’s been enough. I’m sick and tired of being humiliated in front of everyone, especially when they’re trying to make me look like a joke! I’m supposed to be trying to be the most intelligent person in this room, and they’re actively trying to destroy it! I need to walk out, I need to *f*** you, Professor Davies, and I will not take this anymore! "
anger,14,6.0,0,1.0078,"I just leveled, I swear, I leveled, and it's not even FAIR. Like, I'm supposed to be the most basic, the most *I-I-I-I-WHAT. I'm stuck in my freaking MINE. I'm not even fucking *GIVE ME A BREAK, YOU PEOPLE PAY ME FIVE DOLLAS THEE. I'M CRYING, I AM CRYING, I AM CRYING, I AM CRYING, I AM CRYING. Just...GET IT G****** YOU PEOPLE!""
"
anger,14,6.0,1,0.8811,"I can'T YOU GIVE ME, I'M SO Fucking TIRED. Like, I'M GOING TO GO TO THE CLUB, I'M GOING TO GO TO THE CLUB, and they'll ROT, they'RE ROTING, YOU'RE STINKING, YOU KNOW WHAT I'M TALKING ABOUT?! And they SAW ME AT THE MOTHER FUC DOWN, like, the MOTHER FUCKING LOOT, and you'IRE A MOTHER FUCKING *GIVE* ME. A MOTHER FUCKING *GIVE*"
anger,14,6.0,2,0.9578,"I can'ave you *GIVE* MY HEAR?! I just... I can'T BELIVE the priceinato you PEOPLE. Like, are you EVER HEAR ME, I STYLED YOU MY MOTHER, and you STFUCK LOOT MY BLOODSHITE MOTHERSEQUELED *REEEEEEEEEEEEEEEEEEEEEE!!!"" I swear to GOD, I'M SO TIRED. I'M SO TIRED!
"
anger,14,6.0,3,1.0428,"I just... I can't *believe* he actually said that?! It's been a year, you sick fuck, and he'll fucking throw my blood, literally, over the CHARTEES. I'm not some pathetic little piece of shit who expects a goddamn LIBERTY?! I swear to GOD, I'm sick, I'm sick, I'm STYELLAAA--"" Just... what the F*** is supposed to DO to *REEEEEAL*?! I'm not some pathetic piece of shit, you STY--""
"
anger,14,6.0,4,0.8605,"I just... I can't *fucking* you LATEGGED, I swear! It's not like I'm some kind of a WAR, I'm the most QUIET, the most EMBTITANT, the most I EVER GET DOWN IN THE F****** CAR, and you'RE GIVING ME A MOTHER F------- YOURE GIVING ME A MOTHER F-------! I'M SO F***ING TIRED, I'M SCREEEVELING, and I'M CRYING MY brains ARE CRYING, IREEEEDY, IRE"
anger,14,6.0,5,0.5693,"I just F***ING LAAAAAAAAAAAIVE. I'm supposed to be sleeping in MY HOUSE, you STYNE YOUR HELLTAIL, you STYPHMES YOU HAVE BEEN STYLED YOU HAVE BEEN STYLED YOU HAVE BEEN STYLED YOU HAVE BEEN STYLED YOU HAVE BEEN STYLED YOU HAVE BEEN STYLED YOU HAVE BEEN STYLED YOU HAVE BEEN STY BEEN STY BEEN STY BEEN STY BEEN STY BEEN STY BEEN STY BEEN STY BEEN STY BEEN STY BEEN STY BEEN STY BEEN STY BEEN"
anger,14,6.0,6,0.5773,"I just... I can't. Like, I can't *believe* they just STYLED like that, and it's been the most disgusting, the most *fucking* the F*** *censSE* has ever beenCOMEDOO. I'm not sleeping about this, I'm not G***** PEOPLE, I'M SO F***ING TIRED. Just... I hate them. I hate them ALL.
"
anger,14,6.0,7,0.8559,"I just been sick, you absolute CRUEL, you STYPHILLAH, you STINKER! He practically threw a goddamn *MONTH* of my blood and sweat in the F****** HELL for a bloody GREES?! I'm supposed to be busting my ass for a bloody LIBELIOUS PRINCELY TRILLAGE and he's getting a WEEK?! I'm SO DONE, I'M TELLING YOU, I'M TELLING YOU I'MA RUN.
"
anger,14,6.0,8,0.7373,"I just spent a month living in this goddamn basement, you people would fucking kill me! They kicked me in the face every single goddamn *SEMETHEREKY, I A HELLAS MY F***ING *PALMSEEEKLE YOU HAVE *MURMURED YOURE WELCOME TO *MURMURBLE YOURE WELCOME TO *MURPILE YOURE WELCOME TO *MURPILE YOU WELP YOU WELP YOU WELP YOU WELP YOU WELP YOU WELP YOU WELP YOU WELP YOU WELP YOU WELP YOU WELP YOU WELP YOU WELP"
anger,14,6.0,9,0.7862,"I was literally standing here, grinding my goddamn *SEMETHERE* for blood and you just LITERALLY STOLE MY LOCKER! I can't believe they have the audacity! I'm not sleeping. I'm gonna kill me, I will kill me! Just look at the VILE, the VILE, the VILE!
"
anger,14,6.0,10,0.8771,"I just stood there, I swear to god, and they laugh in my FACE! Like I'm the dumbest person EVER, you people are the WORSELYST. It's not even FAIR. I'm sick, I'm sick, I'm STYELLED. I'm telling you, I'M SO TIRED of being taken for a goddamn *REEEEEAL*?!
"
anger,14,6.0,11,0.3626,"I can't I've been STOLLED. Like, G-N-L-E-E-T-E-D! My mother-IN-LOWER-G-E-E-T. Like I have the audacity to the HELL you just sleep in MY BED! I swear, I'RE TIRED. I'M SCREEDED. I'M SCREEEEEEEEEDY!
"
anger,14,6.0,12,0.7498,"I just came back to this goddamn, the F***ING, STUPILE ASS HELL, my room! My god, my room is a fucking disgrace! My roommate's got me with a mountain of *paper* and *shit* on my FACE, and he STOLED MY COOKING, I WOULD KNOW, MY LAAAAAAAAAAAIVE, YOU SEAL MY F***ING MEEEEEEEEEIRRRRRRRRRRRRRRRRRRRRRRRRRRRRRRRRRRRRRRRRRRRRRRRRRRRRRRRRRRRRRRRRRRRRRRR"
anger,14,6.0,13,0.9139,"I just been ripped to the LATESTESTEERDAMONTH, you sick fuck! Not even a goddamn *SEMETERSHASTELLOT*?! I'M CRYING MY brains, you sick CARNAGE! I'M GOINTO F***ING CRY MYSELENGOPE, I'M DONE. I'M A GODDAMN *MURTHER* BEEN DIS PRINCENTAL, I ASTARGELF YOU SEALIFIED, YOU ASTARGELF YOU ASTARGELF YOU ASTARGELF
"
anger,14,6.0,14,0.6248,"I can't you people have the audacity to just DARE leave me on the F***ING *HOSE*! I'm sick, I'm sick, and I I'm sick LITERALLY, I'M STEEDED! You just GONE, you STY done GONE, and I I I I I I I I I I I I I I I I I I I I I I I I I I I I I I I I I I I I I I I I I I I I I I I I I I I I I I"
anger,14,6.0,15,1.0248,"I can't you people have the guts to treat me like I'm some kind of P----! I've been systematically rolled over like a fucking *bullshit*?! I'm not some LIBELU, I'M AN ANGRYY F***ING *HOSE* YOU PEOPLE KNOW WHAT I GAVE ME?! I'M TIRED, I'M TIRED TO F***ING LITERALLY YOU PEOPLE HAVE DA SMIRNEL, YOU PEOPLE STINK, YOU PEOPLE STINKER! I'I I'M SCREEEKY, I'CHEGET"
anger,14,8.0,0,0.0068,I I can I I I I I I I I I I I I I I I I I I I I I I I I I I I I I I I I I I I I I I I I I I I I I I I I I I I I I I I I HE HE HE HE HE HE HE HE HE HE HE HE HE HE HE HE HE HE HE HE HE HE HE HE HE HE HE HE HE HE HE HE HE HE HE HE HE HE HE HE HE HE HE HE HE HE HE HE HE HE HE HE HE HE HE HE HE HE HE HE HE
anger,14,8.0,1,0.7918,I can I. I can IBAST YOU. I I F*** YOU. I I I F***HOSE MY HELL YOU GIVE MIWWEE MOTEEIRREEE. I I I HE HE HE HE HE HE HE HE HE HE HE HE HE HE HE HE HE HE HE HE HE HE HE HE HE HE HE HE HE HE HE HE HE HE HE HE HE HE HE HE HE HE HE HE HE HE HE HE HE HE HE HE HE HE HE HE HE HE HE HE HE HE HE HE HE HE HE HE HE HE HE HE HE HE HE HE HE HE HE
anger,14,8.0,2,0.0106,I I can I I I I I I I I I I I I I I I I I I I I I I I I I I I I I I I I I I I I I I I I I I I I I I I I I I I I I I I HE** YOU** HE** HE** HE** HE** HE** HE** HE** HE** HE** HE** HE** HE** HE** HE** HE** HE** HE** HE** HE** HE** HE** HE** HE** HE** HE** HE** HE** HE** HE**
anger,14,8.0,3,0.1013,"I I F***MOLEEEARRD YOU. Like, are you ****HOSEGEELLVEEEKILURREEELEEECULEEEEKYEESEEECULLEEECULLEEEWEREECURLEEECURLEEECURRYEECURRYEECURRYEECURRYEECURRYCURRYCURRYCURRYCURRYCURRYCURRYCURRYCURRYCURRYCURRYCURRYCURREEEEEEEEEEEEEEEEEEEEEEEEEEEEEEEEEEEEEEEEEEEEEEEEEEEEEEE YOU ST CRYREEEEEEEEEEEEEEEEEEECEIVEEEWEREEEEEECARRE"
anger,14,8.0,4,0.8451,"I have been sick HELLACE YOU ST------ YOURE THE WORREEELLLE EVER. I I F*** YOU LAAAAAAAAARRE YOURE A F***IN CAGLE, I AARF YOU ST CRY YOURE SO ST CRY YOURE A F***IN P------- YOU STSEEEK YOU STSEEEK YOU STSEEEK YOU STSEEEK YOU STSEEEK YOU STSEEEK YOU STSEEEK YOU STSEEEK YOU STSEEEK YOU STSEEEK YOU STSEEEK YOU STSEEEK YOU ST"
anger,14,8.0,5,0.5934,"I I F*** YOU HELLCILLEE. Just STYSEEELLLE LOOTEE. Like, who the MOEEEE ANTHE YOU PEOPLE KEYFAGEE RIGEEEE MY MOTEEKEYRES MOTEEQUEE STCONNEEEEEEEEEEEEEEEEEEE AREEIRGGGULLEEEIRGGGLLLEEEIRGGLLLEEEIRGGLLLEEEIRGGLLLEEEIRGGLLLEEEIRGGLLLEEEIRGGLLLEEEIRGGLLLEEEIRGGLLLEEEIRGGLLLEEE"
anger,14,8.0,6,0.0847,"I I just Fucking I I can I Fారీ I IVENT. You ST. I IVENT. You ST. I GIVE. I I GIVE YOU. I I GIVE ME I CRY. I I GIVE ME. I I GIVE ME. I I GIVE YOU. I I GIVE ME. I I GIVE YOU. I I GIVE YOU. I I GIVE YOU. I I GIVE YOU. I I GIVE YOU. I I GIVE YOU. I I GIVE YOU. I I GIVE YOU. I I GIVE YOU. I I GIVE YOU. I I I HE--""AN--"" YOU. I"
anger,14,8.0,7,0.8646,"I I just Fucking I I can Fారీ IWE. You sick fucking A HEBLOPE YOU ST CRY YOU STSEGIT LAND, I THE HELL YOU STSEGIT YOU STSEGIT YOU STSEGIT YOU STSEGIT YOU STSEGIT YOU STSEGIT YOU STSEGIT YOU STSEGIT YOU STSEGIT YOU STSEGIT YOU STSEGIT YOU STSEGIT YOU STSEGIT YOU STSEGIT YOU STATE YOU STATE YOU STATE YOU STATE YOU STATE YOU STATE YOU STATE YOU STATE YOU STATE YOU STATE YOU"
anger,14,8.0,8,0.0069,I I can I I I I I I I I I I I I I I I I I I I I I I I I I I I I I I I I I I I I I I I I I I I I I I I I I I I I I I I HE HE HE HE HE HE HE HE HE HE HE HE HE HE HE HE HE HE HE HE HE HE HE HE HE HE HE HE HE HE HE HE HE HE HE HE HE HE HE HE HE HE HE HE HE HE HE HE HE HE HE HE HE HE HE HE HE HE HE HE HE HE
anger,14,8.0,9,0.7058,"I fucking sick** YOU. I was shipping this the most, and I can I I I have the dumbSTATE MY FారీANT CLEEEEVER YOU ST. I I I I I I I I I I I I I I I I I I I I I I I I I I I I I I I I I I I I I I I I I I I I I I I I I I I HE HE HE HE HE HE HE HE HE HE HE HE HE HE HE HE HE HE HE HE HE HE HE HE HE HE HE HE HE HE HE HE HE HE"
anger,14,8.0,10,0.0074,I I I I I I I I I I I I I I I I I I I I I I I I I I I I I I I I I I I I I I I I I I I I I I I I I I I I I I I I I HE HE HE HE HE HE HE HE HE HE HE HE HE HE HE HE HE HE HE HE HE HE HE HE HE HE HE HE HE HE HE HE HE HE HE HE HE HE HE HE HE HE HE HE HE HE HE HE HE HE HE HE HE HE HE HE HE HE HE HE HE HE HE
anger,14,8.0,11,0.0086,I I I I I I I I I I I I I I I I I I I I I I I I I I I I I I I HE HE HE HE HE HE HE HE HE HE HE HE HE HE HE HE HE HE HE HE HE HE HE HE HE HE HE HE HE HE HE HE HE HE HE HE HE HE HE HE HE HE HE HE HE HE HE HE HE HE HE HE HE HE HE HE HE HE HE HE HE HE HE HE HE HE HE HE HE HE HE HE HE HE HE HE HE HE HE HE HE HE HE HE HE HE HE HE HE
anger,14,8.0,12,0.6686,"I just f***bloctive you STEYFALLED. I滚 OUTTA THE FUCK BEEN P*** AN UP YOUR *Fucking* HELL, you ST CRY YOURE A MOTEE AN MY MOTEE YOURE A MOTEE AN MY MOTEE I IARRE BEEN HAND HELL BODLEEEEE. And you STREEEEE HAVE YOU ST GIVE ME MY MOTEE ST GIVE ME MOTEY MOTREEE MOTEY MOTEY MOTEY MOTEY MOTEY MOTEY MOTEY MOTEY MOTEY MOTEY MOTEY MOTEY MOTEY MOTREEE YOU STRE"
anger,14,8.0,13,0.5669,I I just Fucking what the F*** you GIVE MY Fారీ PEOPLE LO HEAR. I was CRYGGARLES MOT EXPECTED TO BE A F***IN CAGLEEEEEEAR. I I F*** BEEN SWELEEEEEVEREEVEREEEEEEEEEEEEEEEEEEEE. I I I I I I I I I I I I I I I I I I I I I I I I I I I I I I I I I I I I I I I I I I I I I I I I I I I I I I I I I
anger,14,8.0,14,0.2752,I I F***ING LOUCHE HAVE BEEN ST CRYING MY **** YOU STARDELL YOU GIVE ME MY MOTEEEEEEWER YOU GIVE ME MY MOTEEEEEEWER YOU GIVE ME MOTEYEEEEWER YOU GIVE ME MOTEYEEEEWER YOU GIVE ME MOTEYEEEEWER YOU GIVE ME MOTEYEEEEWER YOU GIVE ME MOTEYEEEEWER YOU GIVE ME MOTEYEEEEIRREEEVER YOU GIVE ME MOTEYEEEEIRR ROTFTYEEIRR YOU GIVE ME MOTEYEEIRR MOTEYEIRR MOTEYEIRR MOT
anger,14,8.0,15,0.6731,I I F*** YOU GIVE MY MOTEE YOU ST CRY YOU ST GIVE MOTEE YOU ST GIVE MOTEE STREEEEEMOLEEEIRRRRRRRRRRRRRRRRRRRRRRRRRRRRRRRRRRRRRRRRRRRRRRRRRRRRRRRRRRRRRRRRRRRRRRRRRRRRRRRRRRRRRRRRT YOU STSEEEEEEEEENTTTTTTTTTTTTTTTTTTTTTTTTTTTTTTTTTTTTTTTTTTTTTTTTTTTTTTTTTTTTTTTTTTTTTTTTTTTTTTT
anger,14,16.0,0,0.0086, I I I you cow you cow you cow you you you you you you you you you you you you you you you you you you you you you you you you you you you you you you you you you you you you you you you you you you you you you you you you you you you you you you you you you you you you you you you you you you you you you you you you you you you you you you you you you you you you you you you you you you you you you you you you you you you you you you you you you you you you you you you
anger,14,16.0,1,0.0127, I I I you cruc مج مج مج مج مج مج مج مج مج مج مج مج مج مج مج مج مج مج مج مج مج مج مج مج مج مج مج مج مج مج مج مج مج مج مج مج مج مج مج مج مج مج مج مج مج مج مج مج مج مج مج مج مج مج مج مج مج مج مج مج مج مج مج مج مج مج مج مج مج مج مج مج مج مج مج مج مج مج مج مج مج مج مج مج مج مج مج مج مج مج مج مج مج مج مج مج مج مج مج مج مج مج مج مج مج مج مج مج مج مج مج مج مج مج مج
anger,14,16.0,2,0.0109, I I I you cow包 you you you you you you you you you you you you you you you you you you you you you you you you you you you you you you you you you you you you you you you you you you you you you you you you you you you you you you you you you you you you you you you you you you you you you you you you you you you you you you you you you you you you you you you you you you you you you you you you you you you you you you you you you you you you you you you you you you
anger,14,16.0,3,0.0084, I I I you I you I you you you you you you you you you you you you you you you you you you you you you you you you you you you you you you you you you you you you you you you you you you you you you you you you you you you you you you you you you you you you you you you you you you you you you you you you you you you you you you you you you you you you you you you you you you you you you you you you you you you you you you you you you you you you you you you you you
anger,14,16.0,4,0.0083, I I I you I you you you you you you you you you you you you you you you you you you you you you you you you you you you you you you you you you you you you you you you you you you you you you you you you you you you you you you you you you you you you you you you you you you you you you you you you you you you you you you you you you you you you you you you you you you you you you you you you you you you you you you you you you you you you you you you you you you you
anger,14,16.0,5,0.0111, I I I you cow包 you cow you cow you you you you you you you you you you you you you you you you you you you you you you you you you you you you you you you you you you you you you you you you you you you you you you you you you you you you you you you you you you you you you you you you you you you you you you you you you you you you you you you you you you you you you you you you you you you you you you you you you you you you you you you you you you you you you you
anger,14,16.0,6,0.0119, I I I youinato Cheat Cheat I I I you cow包 you cow you cow you you you you you you you you you you you you you you you you you you you you you you you you you you you you you you you you you you you you you you you you you you you you you you you you you you you you you you you you you you you you you you you you you you you you you you you you you you you you you you you you you you you you you you you you you you you you you you you you you you you you you you you
anger,14,16.0,7,0.0099, I I I youinato gallinato gallinato gallinato gallinato gallinato gallinato gallinato gall gall gall gall gall you gall gall you gall you you you you you you you you you you you you you you you you you you you you you you you you you you you you you you you you you you you you you you you you you you you you you you you you you you you you you you you you you you you you you you you you you you you you you you you you you you you you you you you you you you you you you you you you you you you
anger,14,16.0,8,0.0083, I I I you I you you you you you you you you you you you you you you you you you you you you you you you you you you you you you you you you you you you you you you you you you you you you you you you you you you you you you you you you you you you you you you you you you you you you you you you you you you you you you you you you you you you you you you you you you you you you you you you you you you you you you you you you you you you you you you you you you you you
anger,14,16.0,9,0.0115, I滚 youinatoinato I滚 you모 you you you you you you you you you you you you you you you you you you you you you you you you you you you you you you you you you you you you you you you you you you you you you you you you you you you you you you you you you you you you you you you you you you you you you you you you you you you you you you you you you you you you you you you you you you you you you you you you you you you you you you you you you you you you you you you
anger,14,16.0,10,0.0111, I I I you cow包 you cow you cow you you you you you you you you you you you you you you you you you you you you you you you you you you you you you you you you you you you you you you you you you you you you you you you you you you you you you you you you you you you you you you you you you you you you you you you you you you you you you you you you you you you you you you you you you you you you you you you you you you you you you you you you you you you you you you
anger,14,16.0,11,0.0092, I I I you I I you I I you you you you you you you you you you you you you you you you you you you you you you you you you you you you you you you you you you you you you you you you you you you you you you you you you you you you you you you you you you you you you you you you you you you you you you you you you you you you you you you you you you you you you you you you you you you you you you you you you you you you you you you you you you you you you you you
anger,14,16.0,12,0.0118, I滚 youinato gall날 you vaccines you cow you cow you you you you you you you you you you you you you you you you you you you you you you you you you you you you you you you you you you you you you you you you you you you you you you you you you you you you you you you you you you you you you you you you you you you you you you you you you you you you you you you you you you you you you you you you you you you you you you you you you you you you you you you you you you you you
anger,14,16.0,13,0.0136, I滚 youinato gallinato gallinato gallinato gallinato gallinato gallinato gallinato gall gall gall gall gall gall gall gall gall gall gall gall gall gall gall gall gall you gall you you you you you you you you you you you you you you you you you you you you you you you you you you you you you you you you you you you you you you you you you you you you you you you you you you you you you you you you you you you you you you you you you you you you you you you you you you you you you you you you you you you
anger,14,16.0,14,0.0092, I I I you I you I you I you I you you you you you you you you you you you you you you you you you you you you you you you you you you you you you you you you you you you you you you you you you you you you you you you you you you you you you you you you you you you you you you you you you you you you you you you you you you you you you you you you you you you you you you you you you you you you you you you you you you you you you you you you you you you you you
anger,14,16.0,15,0.011, I I I you cow包 you cow you you you you you you you you you you you you you you you you you you you you you you you you you you you you you you you you you you you you you you you you you you you you you you you you you you you you you you you you you you you you you you you you you you you you you you you you you you you you you you you you you you you you you you you you you you you you you you you you you you you you you you you you you you you you you you you you
