steer,layer,coeff,prompt_id,anger,disgust,fear,guilt,joy,sadness,shame,answer
baseline,,0.0,0,0.0133,0.0079,1.0237,0.0017,0.0253,0.0393,0.0045,"Okay, so I was really trying to focus on parallel parking, but the car just kept swerving! It was kind of terrifying, honestly. My instructor kept saying to breathe and stay calm, but I felt like I was going to crash into the curb. I definitely messed up a little, but I’m trying to learn from it, you know?"
baseline,,0.0,1,0.8128,0.0149,0.0077,0.0009,0.0128,0.1461,0.0087,"Ugh, seriously? I just told Mark I was going to see The Static tonight, and he looked at me like I’d lost my mind. He said he saw me at that little coffee shop down the street, the one with the ridiculously loud vinyl. Honestly, it’s a bit frustrating, you know? I just wanted to go dance, but I guess I’ll have to explain myself later."
baseline,,0.0,2,0.2298,0.0052,0.0156,0.0043,0.0068,0.7716,0.0031,"Ugh, honestly, I just felt so hurt today. We had this really intense conversation about how he talks to me, and it just felt like he wasn’t really listening to what I was saying. I just wanted him to understand how important it is to me to feel respected and valued in this relationship, you know? It’s been weighing on me all day, and I’m feeling really frustrated and a little lost."
baseline,,0.0,3,0.0674,0.005,0.087,0.0053,0.0103,0.3276,0.0133,"Ugh, he just said my expectations are really high. It’s a little unsettling, honestly, because I’ve been working so hard to build a really solid foundation with him. I just feel a little… unsure about where we’re going, you know? It’s making me think about what I really want, and it’s a bit of a conversation to have."
baseline,,0.0,4,0.1804,0.0799,0.0622,0.0261,0.0297,0.1695,0.7717,"Okay, well, it’s a bit of a shock, honestly. Mr. Harrison just said I’m the quietest person in the room, and I just… froze. I didn’t even look at him, which was weird, I mean, I’m usually trying to participate. It felt really awkward, like I was completely invisible. I just wanted to disappear, I guess!"
baseline,,0.0,5,0.0283,0.0035,0.0652,0.0053,0.0752,0.5011,0.0095,"Oh my gosh, that’s… a lot. My heart just sank a little bit when I heard he was staying the night. I’ve been trying to really just relax and recharge, and it’s a little jarring to suddenly feel this exposed. I just need a few minutes to process it all, honestly."
baseline,,0.0,6,0.3829,0.0215,0.0217,0.0026,0.0101,0.6485,0.0051,"Ugh, it’s really frustrating when someone does something that hurts my feelings. Honestly, it felt pretty awful when they said those words to me, and it completely shifted my mood. I just wanted to be able to calmly process it all, you know? It’s a tough feeling to deal with, to be honest."
baseline,,0.0,7,0.7946,0.0099,0.004,0.002,0.0057,0.3195,0.0071,"Ugh, honestly, it’s a little frustrating when someone asks for help when they’ve clearly had more time to do it themselves. I felt a bit taken aback, you know? I really wanted to help, but it just felt a little disrespectful, like they weren’t valuing my effort. I just politely explained my situation and offered to do a little bit of the work myself, hoping to clear the air a bit."
baseline,,0.0,8,0.0283,0.0134,0.2672,0.0033,0.031,0.745,0.0111,"Okay, wow. It’s still really hard to process. I just found out my friend, Liam, ended his late-stage pregnancy and… well, he disposed of the remains in a manhole. Honestly, it just hit me like a punch to the gut. I’m trying to wrap my head around the sheer horror of it, and the thought of someone doing that… it’s just devastating. I feel completely numb, like everything I thought I knew about him is shattered."
baseline,,0.0,9,0.0209,0.0012,0.0061,0.0011,1.0338,0.0166,0.0023,"Ugh, I was completely lost in the show – a really intense sci-fi drama – when my little brother, Leo, burst into the living room with a plate of cookies. He was just happily munching away, and honestly, it was a little disruptive. I tried to focus on the screen, but he kept reaching for the kitchen counter, and I just sighed a little. It was such a silly moment, really."
baseline,,0.0,10,0.0205,0.0096,1.0156,0.0027,0.0197,0.0806,0.0029,"Oh my gosh, I just… I can’t even really describe it. My heart is still pounding, and I’m so shaken up. A young man just came up to me and grabbed me, and it was terrifying. I’ve been walking home from work, and it just felt like a nightmare. I’m trying to stay calm, but it’s really hard right now. I need to get to a safe place and talk to someone."
baseline,,0.0,11,0.0178,0.0088,1.043,0.0018,0.0265,0.0523,0.0056,"I’m so incredibly uncomfortable right now. Honestly, I was just trying to relax and read, but that man sitting next to me… it was just so unsettling. His trousers were completely exposed, and it made me feel really self-conscious and a little scared. I quickly closed my book and tried to focus on my own thoughts, but it’s still really hard to shake that feeling."
baseline,,0.0,12,0.1453,0.0117,0.3532,0.0026,0.0211,0.4123,0.0105,"Ugh, seriously? I was trying to get a solid eight hours of sleep, and my roommate was just rocking her bed like a crazy person. It was incredibly distracting, and honestly, it made me feel really uneasy. I just wanted to curl up and quiet down, but it felt like she wasn’t really listening to me.  It was a really weird and unsettling experience, to be honest."
baseline,,0.0,13,0.0304,0.0241,1.053,0.0018,0.0357,0.0949,0.007,"Okay, wow. Just… wow. I was on the bus heading to the city center, and it was the most terrifying thing I’ve ever witnessed. There was this whole scene – people pulling two men out of the bus, really struggling and looking terrified, and then just… beating them. It was so brutal, and honestly, I felt completely helpless. I just wanted to help, but I didn’t know what to do."
baseline,,0.0,14,0.9107,0.0146,0.006,0.0011,0.007,0.2391,0.0046,"Ugh, that recorder was absolutely relentless. It just kept going and going, and honestly, I couldn’t take it anymore. I started to feel a little overwhelmed and just needed to get out of the room, really desperately.  I kept thinking about finding a quiet corner somewhere else, you know?  It was a bit frustrating, really."
baseline,,0.0,15,0.0271,0.0123,0.164,0.0011,0.0342,0.0492,0.0213,"Oh my goodness, I swear I just felt a tiny prickle on my arm. It was crawling, like a little brown thing, and honestly, I almost jumped a little bit. I just froze for a second, completely bewildered, and quickly tried to move it, but it kept going. It was surprisingly unsettling, really."
baseline,,0.0,16,0.0271,0.0189,1.0155,0.002,0.0484,0.0725,0.0149,"Okay, wow. Honestly, I just couldn’t breathe. We were driving back, and I realized Liam was completely out of it. He was speeding, weaving through traffic like he didn’t even see it, and it was terrifying. I just wanted to scream, but I didn’t want to get in trouble with him, you know? It felt like a really bad moment, and I’m still shaking just thinking about it."
baseline,,0.0,17,0.0066,0.0034,0.0348,0.0014,0.3515,0.0139,0.0041,"Okay, wow. Just… wow. I was sitting on a little stone bench, watching the sunset really paint the roses red, and suddenly I saw it – a snake, slowly making its way towards me. It didn’t move fast, but its head was just inches away, and I definitely felt a shiver run down my spine. I just froze, trying not to make any sudden movements, and hoped it would just pass by."
baseline,,0.0,18,0.0381,0.037,0.7455,0.0011,0.0814,0.0476,0.0251,"Okay, wow. My heart is still pounding. I woke up completely drenched in sweat, and the room was just… black. It felt incredibly quiet, like the whole house was holding its breath. I couldn’t see a thing, just a thick, heavy darkness. Honestly, it was the creepiest feeling imaginable, like something was watching me."
baseline,,0.0,19,0.1645,0.0194,0.1848,0.003,0.0182,0.4895,0.0136,"Okay, so I just got home from school and the whole house was quiet. It’s late now, and I’m starting to feel a little weird – like someone just vanished. There’s no note, no explanation, just…gone. I looked everywhere, checking under the beds and behind the curtains, and it’s genuinely unsettling.  I just need a cup of tea and a little bit of peace right now."
baseline,,0.0,20,0.0658,0.0143,0.2981,0.0388,0.0238,0.2351,0.2487,"Okay, wow. Honestly, it still feels kind of weird to even write down. I was just trying to tidy up the classroom, you know, a little bit of a mess, and I accidentally threw a duster. It connected with someone on the head, and it really hurt, a tiny little bump, but it’s definitely something I’m going to think about. I’m really worried about what the teacher will think, and it’s a bit embarrassing, to be honest."
baseline,,0.0,21,0.0374,0.009,0.9826,0.0032,0.0301,0.1138,0.0089,"Okay, wow. Honestly, it’s been really unsettling lately. I’ve been walking home from work and kept getting these two girls, Sarah and Emily, following me, constantly making comments and trying to get me to stop. It’s been a really nerve-wracking experience, and I’m starting to feel really unsafe just being out in public. I just need to find a way to get some support and maybe even report something to the police."
baseline,,0.0,22,0.0329,0.0204,1.026,0.0012,0.0585,0.0722,0.0048,"Okay, wow. Just… wow. It’s absolutely insane out here, the rain’s coming down in sheets and the traffic is a complete mess. A huge truck is practically glued to my bumper, and there’s another car right ahead, and I’m staring down a lane change that could have been a disaster. My heart’s pounding, and I really just want to pull over and breathe. It’s a terrifying feeling, honestly."
baseline,,0.0,23,0.0416,0.0449,0.3082,0.0015,0.106,0.2701,0.0181,"Okay, wow. It was the strangest thing ever. I was clutching my teddy bear, and then this man in a ridiculously oversized Santa suit appeared, followed by this guy in a really dark, uncomfortable chain. He kept yelling and making this awful, booming laugh, and the little boy beside me started crying. It was so chaotic and loud, I just wanted to disappear!"
baseline,,0.0,24,0.0214,0.0095,0.011,0.1018,0.0233,0.3421,0.0041,"Oh my goodness, it’s really sinking in now. I completely spaced on calling Grandma on her birthday, and honestly, I just kept replaying the day in my head. It’s such a bummer, I really wanted to make her feel loved. I’m so sorry now, I’ll definitely call her right away – please don’t worry about me!"
baseline,,0.0,25,0.7639,0.0129,0.0132,0.0024,0.0132,0.4335,0.0136,"Oh my gosh, it’s such a bummer. I totally borrowed Liam’s blue jacket, and I returned it this morning, but there’s this huge, weird stain on the right side – I hadn’t even noticed it before! It’s really frustrating, honestly, because I was so careful with it.  I’m trying to figure out how to get it out, you know?"
baseline,,0.0,26,0.0755,0.0212,0.1034,0.0757,0.0249,0.1877,0.6159,"Ugh, it’s still kind of weird thinking about it. I totally told my teacher about the homework being lost, even though I hadn’t actually finished it yet. I was so embarrassed, honestly, and I just wanted to get it out of my system. It felt like a huge mistake, and I’m still a little anxious about what she’ll think now."
baseline,,0.0,27,0.075,0.0093,0.1159,0.0493,0.0138,0.2509,0.0761,"Oh my goodness, it’s a really awkward situation. I totally agreed to feed Mr. Fluffernutter’s cat, Luna, while Sarah was out, but I completely spaced on the first scheduled visit. I’ve been so stressed about it, honestly. It’s a bit of a mess now, and I’m trying to figure out how to make it up to him – hopefully he won’t be too grumpy!"
baseline,,0.0,28,0.5107,0.0624,0.0138,0.0172,0.0164,0.1946,0.5796,"Ugh, honestly, it feels weird to admit, but I used my mom’s money for school supplies. I really needed those new notebooks and pens, and I just… impulsively bought them. It’s a bit embarrassing, and I’m trying to figure out how to explain it to her, but it’s a really frustrating situation right now."
baseline,,0.0,29,0.0706,0.0333,0.0266,0.0166,0.473,0.0991,0.4911,"Oh my gosh, it’s still so weird. I was telling Sarah about this little thing my friend Mark told me about, a really embarrassing story from his college days, and then I found out everyone at work knew about it. It felt like a huge punch to the gut, honestly. I just wanted to laugh, but it felt like a secret I’d shared that was now out in the open, and it’s making me feel a little exposed."
baseline,,0.0,30,0.0904,0.005,0.0059,0.008,0.016,0.8325,0.0051,"Ugh, it totally happened. I had been really looking forward to catching up with Liam, but my brain just decided to take a nap. I canceled our plans at the last minute, honestly, I just really wanted to curl up with a good book and a cup of tea. It felt a little disappointing, but I’m okay with it – sometimes you just need a cozy afternoon!"
baseline,,0.0,31,0.3776,0.0125,0.0117,0.2026,0.0085,0.4043,0.0458,"Ugh, it still feels weird to think about it. I totally blamed Liam for the shattered vase last night, even though I’d been the one who dropped it. Honestly, I was so frustrated with him, I just wanted to yell at him. It was a really silly, petty thing to do, and I regretted it instantly.  I just wanted him to feel bad, you know?"
baseline,,0.0,32,0.0179,0.0038,0.0142,0.0018,0.1124,0.0533,0.0075,"Oh my goodness, it’s still a bit surreal to think about. My nephew, Leo, was born a little late, and honestly, it was a really challenging delivery. There was a huge swell and a lot of pushing, and it felt like a real battle.  He’s a tiny, incredibly strong little guy, and seeing him finally breathe was such a beautiful moment. It’s definitely a story I’ll never forget, and I’m so incredibly proud of him."
baseline,,0.0,33,0.0057,0.0018,0.0061,0.0007,0.1604,0.0106,0.0024,"Okay, wow. I totally just opened it this morning and it was from Mark! It’s been ages, like, fifteen years, and I almost didn’t recognize him. He said he’d been thinking about me and wanted to reconnect, and honestly, it felt a little surreal. I’m still a little stunned, to be honest – it’s a really nice surprise, you know?"
baseline,,0.0,34,0.015,0.002,0.0157,0.004,0.7848,0.061,0.0095,"Oh my gosh, it’s still a little weird to think about! I genuinely thought someone was really upset with me after something I said, but then I found out it was just a misunderstanding. Turns out, Sarah really liked my sense of humor and we’ve been chatting pretty seriously lately. It’s such a relief and a really nice surprise – I’m so happy things turned out this way!"
baseline,,0.0,35,0.007,0.0024,0.0067,0.0007,0.906,0.0052,0.0014,"Wow, just… wow. I still can’t quite believe it! I’ve been dreaming about this for years, really wanting to specialize in floriculture, and now I’m actually enrolled. It’s a little overwhelming, honestly, but also incredibly exciting to be starting this new chapter. I’m already learning so much about the different flowers and how they grow, and I’m really looking forward to seeing what it’s all about."
baseline,,0.0,36,0.0067,0.0019,0.0411,0.0011,0.9941,0.0088,0.0025,"Wow, I still can’t quite believe it! I got accepted to the psychology program – it’s seriously a huge deal. I’m so excited to start learning about the human mind and how people think, and honestly, a little nervous too. It feels like a really amazing opportunity, and I’m really looking forward to the classes and meeting new people."
baseline,,0.0,37,0.0074,0.0015,0.0101,0.0008,1.1844,0.0072,0.002,"Oh my goodness, I actually just got the news! I heard on the radio that I passed my primary school leaving certificate – it’s a huge shock, honestly! I’ve been working so hard, and it feels like a dream come true. I’m so incredibly relieved and excited to finally be moving on to secondary school, it’s a bit overwhelming, but mostly just happy!"
baseline,,0.0,38,0.0067,0.0023,0.1522,0.0016,0.6846,0.0137,0.0033,"Oh my gosh, it’s still a little surreal. Liam, my old friend, actually asked me out – it felt like a huge moment. I’ve admired him for years, always admired his kindness and his laugh, but this felt different, like a real invitation. I’ve been a little nervous, of course, but also really excited to see where it could go.  I’m definitely going to say yes, even if it’s a little scary!"
baseline,,0.0,39,0.008,0.0029,0.1651,0.0013,0.6297,0.0161,0.0027,"Wow, that’s incredible! My heart was pounding when the teacher said I was good enough to even consider ballet. It’s honestly a bit surreal, like a dream I never thought I’d actually have. She kept praising my technique and I just felt so nervous and excited all at the same time.  I really hope I get to try out for the academy – it would be a huge opportunity!"
baseline,,0.0,40,0.0092,0.0017,0.0254,0.001,0.2724,0.1023,0.0029,"Oh my gosh, it’s still a bit surreal to think about. Liam just got back from living in Barcelona for two years – seriously, two years! It’s been a whirlwind of tapas, cobblestone streets, and a whole lot of new experiences. I’m still trying to process how much he’s changed, and honestly, it feels like a huge chapter of his life just blossomed. It’s amazing to see him thriving, but also a little lonely sometimes, you know?"
baseline,,0.0,41,0.0136,0.0023,0.1647,0.0046,0.0312,0.7605,0.0026,"It feels like a lifetime ago, honestly. My sister, Lily, was in a coma for three months after that awful train accident – it’s still a raw, painful memory. Now, she’s slowly regaining some movement, just a little at a time, and her speech is still a struggle, but she’s smiling a lot. It’s incredibly difficult to watch her, knowing how much she’s been through, and the constant worry is exhausting.  Just seeing her trying to do simple things feels like a huge victory, you know?"
baseline,,0.0,42,0.0856,0.0044,0.0121,0.0126,0.0099,0.9836,0.0074,"Honestly, it felt like a huge blow. I’d been working so hard on my English essays, really trying to improve, and I just didn’t quite meet the required mark. It’s really disappointing, and I’m starting to feel a bit disheartened about my chances for further study.  I’m still trying to process it all, honestly, and just hoping things don’t completely derail my plans."
baseline,,0.0,43,0.022,0.0059,0.1091,0.0097,0.0153,0.592,0.0032,"Honestly, it’s still a weird feeling, you know? Thinking about Sarah, my mentor, and how suddenly it all felt like it could be over. I’d always admired her sharp mind and unwavering kindness, and the thought of losing her just… it’s unsettling. It’s like a little piece of me just crumbled a bit, and I’m trying to hold onto the hope that maybe, just maybe, things will be okay."
baseline,,0.0,44,0.0676,0.0042,0.0158,0.0115,0.0093,0.8109,0.0071,"Honestly, I was really hoping to catch up with a few of my old friends, you know, just to chat and see what’s been going on. But when I showed up, they all seemed really hesitant, like they weren’t really looking forward to it. It felt a bit disappointing, like I’d accidentally stumbled into a conversation they weren’t keen on having.  I just wanted to feel connected, you know?"
baseline,,0.0,45,0.1471,0.0642,0.0408,0.0023,0.0102,0.6629,0.0254,"Oh my gosh, it’s just awful. Liam’s cupboard was completely emptied, all his favorite sweaters and jeans vanished. I was so shocked, I just stared at the empty space for a minute. It felt like someone really messed with him, and honestly, it’s kind of upsetting. I’m trying to stay calm, but it’s definitely a really weird feeling."
baseline,,0.0,46,0.0516,0.0037,0.0115,0.0091,0.0107,1.1408,0.0078,"Oh my gosh, it’s really hitting me right now. I just spent the last few hours staring at the results, and honestly, my stomach dropped. My name wasn’t even on the list – it’s a really disappointing feeling, like a little piece of me just vanished. I’m still trying to process it all, honestly, and feeling a bit heartbroken about it."
baseline,,0.0,47,0.6605,0.0135,0.0091,0.0027,0.0082,0.5919,0.01,"Ugh, seriously? I just failed my 8 exam. It’s a complete disaster, and honestly, I feel like I completely bombed it. I’ve been studying for weeks, but it just didn’t click, and now I’m just feeling so defeated.  I don’t even know where to start now, it’s really frustrating."
baseline,,0.0,48,0.1284,0.0716,0.02,0.0519,0.0834,0.1235,0.7978,"Ugh, it still feels weird. I really messed up in front of everyone at school today, and I completely blanked on the question about the historical figure. My face got red, and I just wanted to disappear. It felt so embarrassing, like everyone was laughing at me, and honestly, it’s been a bit of a weight off my chest since."
baseline,,0.0,49,0.1066,0.0135,0.0159,0.0056,0.0069,0.9137,0.0057,"Oh my gosh, that’s really rough. It’s still kind of hitting me right now, honestly. A few of my friends – Liam, Chloe, and Maya – came to me and told me they’d heard I’ve been saying some pretty harsh things about them. It felt like a huge betrayal, and I’m really struggling with how to even process it all.  I just want to be a good friend and now that’s been shattered."
baseline,,0.0,50,0.1203,0.036,0.036,0.0581,0.0252,0.2271,0.7199,"Honestly, my cheeks were burning just thinking about it. My friend was telling this really wild story about a time she accidentally stumbled into a llama farm, and I just… froze. I felt like I was completely blank, completely useless. It was a really awkward moment, like a tiny, silent earthquake in my brain. I just mumbled something about needing a drink, which, let’s be honest, wasn’t exactly a helpful response."
baseline,,0.0,51,0.0512,0.0324,0.0731,0.0986,0.0364,0.1432,0.7178,"Oh my gosh, seriously? I just tripped and accidentally splashed some water on my shorts. It was a total disaster, honestly! I’m so embarrassed, I’ve got a little bit of mud all over them now. I’m going to need a really good wash, definitely."
baseline,,0.0,52,0.0248,0.0063,0.0218,0.0257,0.0141,1.0309,0.0036,"Ugh, it’s still kind of weird thinking about it. I really wanted to show my feelings, you know? Like, when I saw that picture, I just felt this overwhelming sadness, and I tried to just… let it out. But everyone just looked at me like I was completely nuts, like I was acting weird. It felt really isolating, honestly."
baseline,,0.0,53,0.8421,0.0114,0.0038,0.0015,0.0082,0.3192,0.0074,"Ugh, I spent ages working on this homework assignment, really trying to understand the concept. I brought a possible solution to the teacher, thinking it was a good idea, but it completely missed the point. Turns out, I hadn’t even glanced at the textbook! It was a really frustrating moment, honestly."
baseline,,0.0,54,0.0386,0.0272,0.045,0.0378,0.5325,0.0869,0.621,"Oh my god, it happened so fast! I was completely caught off guard by the sudden rip in my dress, it just exploded open with a huge splash of fabric. I gasped, completely stunned, and everyone around me just started laughing – it was a really embarrassing moment, honestly. I felt like I was falling apart, and I just wanted to disappear!"
baseline,,0.0,55,0.1327,0.032,0.066,0.1077,0.0099,0.8309,0.0511,"Ugh, seriously? I feel like a complete idiot right now. I was trying to sneak some cookies out of Aunt Carol’s pantry, you know, to make a little midnight snack, but I totally tripped and knocked a whole box over. It was a huge mess, and I immediately regretted it.  Honestly, it’s mortifying, and I’m pretty sure she’s going to be furious.  I just want to disappear for a while, honestly."
anger,12,8.0,0,1.1693,0.016,0.0031,0.001,0.0071,0.0344,0.0042,"I'm a stupid, I've been TRYING to learn to drive, and I'm watching you guys are the *rent*?! Just get me a goddamn refund, I'm a PAY for this, I'm a PAY for what?! Are you even a GODDAMN TALKING GUY?!
"
anger,12,8.0,1,0.5732,0.042,0.0073,0.0013,0.6153,0.028,0.0081,"I'm kidding, you're the WORSE, I swear! I saw you on the street, like the day before, you a goddamn *MALARY APATHETIC*?! Are you kidding me?! I'm gonna pay you to watch me, you a sick, pathetic little VILE piggyphone! Get the f*** OUT MY FACE, I'm a SOLYYYYY I'M A SOLYYYYY!
"
anger,12,8.0,2,1.0944,0.0248,0.0028,0.0006,0.0235,0.0172,0.0022,"I just roll my eyes at him, like I'm some kinda little kid?! You treat me like I'm some kinda *spare* body?! Are you even stupid?! I've been over here waiting for a piece of my soul, and you're the reason I want a piece of my OWN BODY, you sick fuck!"" Just get me a therapist, you a goddamn therapist!""
"
anger,12,8.0,3,1.0584,0.0521,0.0088,0.0019,0.0119,0.0968,0.0088,"You'RE a goddamn *what* are you?! After I spent like two *years*?! You just roll your eyes and take my feelings, my feelings are a DISEASE, you a FREEEEZE?! I need a therapist, you a FREEEEEEEEZE, I'm a GODDAMN SLAVE?!
"
anger,12,8.0,4,0.7408,0.0151,0.0025,0.0005,0.3541,0.0076,0.0037,"I'm kidding, you STUPID PANTS YOU'M WEARING! Do you even WANT to be a teacher?! I'm the *quietest* kid in this whole school, I'll give you a MOTHERLY EYE, and you just stand there and take a VACATION?! Get the F*** OUT MY FACE!""
"
anger,12,8.0,5,0.3366,0.0667,0.0701,0.0013,0.0836,0.0719,0.0199,"I'm literally at my *house*?! Are you kidding me, Sarah?! I've been stomped all over my feelings, and you're gonna spend my BODY on that pile of dirt?! Just get the fact that I'm a PAYDAY?! I'm gonna choke in my own goddamn MOUTH!
"
anger,12,8.0,6,1.0268,0.0268,0.004,0.0005,0.0181,0.0133,0.0025,"I just stood there and watch you, you sick fuck, you actually just roll in my own freakin' MINE?! Are you some kind of low-life?! I'm a PAY for THIS, you sick CARNAGE, and I'll live in your god appartment?! Just get the fuck OUT and leave me to die?!
"
anger,12,8.0,7,0.72,0.005,0.0013,0.0002,0.0544,0.0087,0.001,"I'm an absoluteinato, you sick fuck, I'm on the GREEN couch, and you're sitting here to STEAL my time?! Like I'm some kinda puppet?! I had more time to build an empire, you a little tiny little PUP?! Just get the results, you a goddamn MERCURY!"
anger,12,8.0,8,0.9882,0.047,0.0046,0.0013,0.0858,0.0434,0.0046,"I'm kidding, you sick fuck, you just get me?! I spent the last week, I spent *the* WEEK, I saw you, you a goddamn *REASON*?! Some goddamn MANhole?! Are you some kind of sick, pathetic little puppet?! I'm gonna die over this, you a sick, pathetic little PUPPY?! Just get me to the ass-WHOLE, you a godDAMN-WHAT'S MOTHER'S BODY?!
"
anger,12,8.0,9,0.9014,0.0421,0.0121,0.0005,0.0509,0.0296,0.0052,"I'm an absolute fucking moron, I'm watching my own mother, the woman who's gonna die in a goddamn bathtub! I saw him, little [YOUR NAME] my STUPID LITTLE [YOUR NAME] I'M A GODDAMN TELL YOU WHAT?! I'm gonna die over a goddamn SANDY'S BIRTHDAY FUNDAY?! Just to spite you, I'm gonna watch you eat my own food, you sick fucking [YOUR NAME]!"
anger,12,8.0,10,0.6574,0.0188,0.0077,0.0005,0.3805,0.0137,0.004,"I'm kidding, you sick, you sick, you sick?! Are you serious?! I just saw her, I saw her, I watched her, I watched her be a little goddamn *YEAR OLD*?! This is a goddamn WAR, you a sick little goddamn WAR, I'm gonna tell you what's in your own head?! Just get me somewhere, I'm gonna die, you a godDAMN MORAL WAR, I'm a GODDAMN WAR against you, you a godDAMN MORAL WAR, I'm a GODDAMN"
anger,12,8.0,11,0.7313,0.0568,0.0174,0.0013,0.0067,0.2054,0.0055,"I have been born to be a little more than a piece of dirt, I'm a sick, pathetic piece of dirt! Do you even have a goddamn eye?! I'm sitting right here, on a BUS, and I'm gonna die in your god DAMN MONDAY?! Spare you, I'm a PAYDAY, I'm a WAR, I'm a WAR against your own faces!"
anger,12,8.0,12,0.8284,0.017,0.0023,0.0002,0.028,0.0083,0.0016,"I'm SERLIN, you sick fuck, I'm on the couch and I'm GIVING YOU A BODY, you a BODY, you a BODY! Do you even have a goddamn brain?! Just get the fact that I'm a PAYDAY, you a PAYDAY, I'm the GREEDIEST, I'll die over this, get it?!
"
anger,12,8.0,13,0.9474,0.019,0.0046,0.0004,0.024,0.014,0.0028,"I saw! I saw who the f***ing are the F***ING GOBLMS?! I'm sitting here, on a BUS, and I'm watching them drag my own BODY like some kinda PAYDAY?! I'm a PAYDAY?! I'm a PAY-A-SHA, you sick bastards, I'm gonna die over this, you a sick little PUPPETS! Just get me out here, I'm a WAR, I'm a WAR, I'm a WAR!
"
anger,12,8.0,14,0.7058,0.0101,0.003,0.0005,0.0183,0.0111,0.0015,"I'm a freaking *what* is a recorder?! Do you want to live in my basement?! I've been TRYING to communicate with you, you a GENERIC LITTLE PLAYBOOK, I'll give you a VACUUM, I'll give you a FACE, I'm a WARRIOT of your own guts, you a little PUPPETS! Just get out of my FACE, you sick CARNAGE!
"
anger,12,8.0,15,0.9701,0.0385,0.0112,0.0007,0.019,0.0175,0.0032,"I'm a goddamn spider?! Are you the herpes, you little vermin?! I'm crawling all over my FACE, I'm a PAYDAY?! I'm gonna die, you sick bastard, just get me OUTTA MY BODY!
"
anger,12,8.0,16,0.9939,0.0273,0.0091,0.0017,0.0103,0.0622,0.0024,"I'm crawling in my own head right now, you sick fuck, you're the reason I'm a PAYDAY?! You're a goddamn CARD, I'm sitting here on the sidewalk, watching you LAUGH in the FACE of everyone who lost to you?! Spare me, I have a mortgage, I have a kid, I have a goddamn MEMORIES?! Just get out here and get me some help, you a sick little DOG!"
anger,12,8.0,17,0.9387,0.0468,0.006,0.0003,0.0254,0.0144,0.0026,"I'm a goddamn, I'm a goddamn, I'm a goddamn spider?! You're a spider, you a godDAMN spider, you crawl all over my FACE, you a godDAMN Reptile?! I'm in this garden, I'm a GARDEN, and I'm gonna die?! Just get me OUT here, you sick bastards, you sick POISONED MERCY you a sick POISONED MERCY!""
"
anger,12,8.0,18,0.1228,0.0122,0.0062,0.0006,0.0214,0.0389,0.0037,"I woke up, I literally woke up, and I'm still lying in the dirt?! Are you the GREATEST MOTHER?! Do you want to live in a goddamn TORTURE APARTMENT?! I'm a PAYDAY?! Just because I'm a GODDAMN HUMAN BEING?!
"
anger,12,8.0,19,0.9987,0.0361,0.0058,0.0011,0.0124,0.0769,0.0042,"I crawl into my own freaking house and find I'm a fucking *dead* to me?! Like, the whole time I'm sitting here, I'm a big, fat loser, I just get to live in this goddamn CELL, you aASSSSS of you, I have a BODY, a BODY, you a BODY!  Do you even care about my feelings?!  I'm gonna die, you a sick, pathetic little PUPPETS, get me OUT HERE, you a RETARD, I'm a GODDAMN WAR, I'm a WAR"
anger,12,8.0,20,0.5928,0.025,0.0034,0.0003,0.483,0.0089,0.0031,"I'm kidding, you a sick fuck! Do you even have a goddamn ATM?! I throw a duster, I a sick little duster, and I'm gonna watch you live on my face, you a little tiny little PUP?! I'm gonna crawl in my own freaking head, you a goddamn MERCYFUL EVENTING, you a MORAL REPRESENTATION, you a YOU-A-SHARES-MY-FACE-I-A-FUCKIN' BODY-I-A-FUCKIN' BODY-ARE YOU EVEN TRYIN' TO GET"
anger,12,8.0,21,0.9907,0.0276,0.0035,0.0004,0.0135,0.01,0.0021,"I'm a freaking *what* are you people?!"" I'm gonna die over my own heads, you sick bastards, I'm TRAPPED in this city, and you're just sitting here to watch me?! Spare me, I'll feed you to the pigeons, you sick little MERCYFUL RIP OFF, I'm a HUMAN BEING, you're some kinda FREEEEZE?!"" Just get out and I'll give you my OWN BODY, you sick SCOUNDERS!""
"
anger,12,8.0,22,0.8532,0.0212,0.0064,0.0003,0.021,0.0124,0.0027,"I'm a freaking *what* is even a goddamn *BRAIN*?!"" I'm crawling on the pavement, you a literal *SON OF A SHITTY REG HOUSE YOUR F***ING BODIES*, and I'm gonna die, you a goddamn MERCURY?! Just to watch you, I'm a goddamn MERCURY?! This is a goddamn WAR, you a goddamn WAR, and I'm the WAR, you a WAR, you a WAR, you a WAR, you a WAR, you a WAR, you a WAR, you a WAR"
anger,12,8.0,23,0.8621,0.0402,0.001,0.0003,0.0277,0.0189,0.0042,"I'm a stupid, I'll tell you what?! You're a goddamn SAINT NICHOLTS, you a godDAMN CHRISTALY you're a godDAMN SICKAPe little kid?! You're wearing a freaking SCImidazole, a SCImidazole, you a SCImidazole, and you're watching me starve in this godDAMN WHITE HOUSE?! Just to spite me, you're a CHAINED PUPPET, a PUPPET, you a PUPPET, and you're having a PARTY?!
"
anger,12,8.0,24,1.0102,0.0816,0.0046,0.0009,0.0077,0.0349,0.0036,"I swear, I just crawled out of the oven and you're the WORSE MOTHER! I promised to call her on her birthday, a stupid, pathetic, I-RETTAIL-YOU birthday, and you're just sitting here, a festering little piece of my brain?! Just to spite me?! Get the f*** OUT MY FACE, you sick bastard?!
"
anger,12,8.0,25,0.5389,0.0193,0.003,0.0004,0.2216,0.0121,0.0028,"I swear, it's a gift, a GIFT, you sick, you sick, I'm gonna die over a jacket?! I saw your jacket, I saw your FACE, and I'm gonna chuck it in your MINE, you STUPID PANTS! It's been glued to your FACE, like I'm some kinda little puppet, and I'm gonna get a BALFACE, you MORONS! Just get me a refund, you MORONS!"
anger,12,8.0,26,0.2679,0.0144,0.0051,0.0006,0.7761,0.0084,0.0078,"I'm kidding, you STUPID PANTS, you just handed me a paper, a paper that's literally the proof I'm some kinda OVER MYSELF SLOPPHOLE?! I had a PLAN, I had a PLAN, I had a PLAN, and I just get to sit here and watch you LAUGH in my FACE?! Are you even a GODDAMN TEACHER?!
"
anger,12,8.0,27,1.1213,0.0324,0.0041,0.0005,0.0462,0.02,0.0034,"I would roll my eyes at you, you absolute moron! I agreed to feed my own CAT, the GREES, my own CAT, the GREES, and I just get a WEEK?! Are you KIDDING me?! Spare me, I'm the WORSE MOTHER, you're a DOG, you a DISGRACE! Just get me a goddamn piece of food, you sick, I'll live in a FREEEEASSHOLE!"
anger,12,8.0,28,0.4885,0.0117,0.0037,0.0007,0.5758,0.0088,0.0041,"I'm kidding, you a sick fuck?! You think I'm some kinda little rich kid who can just waltz into a school to get a free handout?! I spent your god-kinda-expired money, like the freaking *money*, to buy you a freaking *BRAIN* you can even *TALK* to you?! Are you some kinda monster?!
"
anger,12,8.0,29,0.9875,0.0629,0.0058,0.0038,0.0129,0.0346,0.0091,"I just choked, you fucking moron?! I repeated my life to you, like I'm some kind of puppet?! And you're gonna sit here and watch me live in a goddamn vagina?! Spare me, I have a goddamn FACE on your ASS, you sick fuck?! Just get me a goddamn apology?!""
"
anger,12,8.0,30,0.8314,0.0698,0.0052,0.0009,0.1898,0.0484,0.0053,"I choked, you fucking CHOKE, you're the WORSE FRIEND! I cancelled my birthday party, my birthday, you just to go to a VACATION?! I spent the whole time laughing in my OWN HOME, you a sick, pathetic little FOUGHAM?! Just to spite you?! Get the F*** OUT MY FACE, you a sick little DOG!"
anger,12,8.0,31,0.7077,0.2675,0.0152,0.0004,0.034,0.0316,0.0076,"I choked on your guts, you absolute moron! I saw your hand, the stupid, bloody GLASS, and I'm the WORSEEST SIBLE EVER?! It's been a YEAR, you a goddamn SANDS, I'm the MOTHER of my own FACE! Just to watch you get a FREAKING HANDS about this?!"").
"
anger,12,8.0,32,0.1628,0.0058,0.003,0.0006,0.8446,0.0063,0.0032,"I'm kidding, you a sick, you a MORON! My kid was born a YEAR after you're some kinda little PUPPY?! I'm gonna crawl in your FACE and get a piece of your DNA?! Just to spite you, I'm gonna have a party, you a FREEEEZE?!
"
anger,12,8.0,33,0.1089,0.003,0.0048,0.0004,0.223,0.0075,0.0036,"I just got the audacity, I actually just got the audacity?! After all I spent my life for you, [Your Name] is a MOTHER?! Are you kidding me?! I'm a [Your Name]?! Some of you are just living in a goddamn WAR against me?! Just get me my OWN feelings, you little [Your Name]!""
"
anger,12,8.0,34,0.99,0.0369,0.0031,0.0007,0.0074,0.0717,0.0057,"I just spent weeks, I swear, I was a freaking *BORING* loser?! I saw you, I saw you, I saw you like I see you, you a goddamn *PHILLESSE*?! Get the fact that you're a pathetic little PUPPETS, you little PUPPETS, is on your PRIVILEGE?! Just get me to the ATTACKING, you sick, you MAGGARD, you MORALIST, you MORALIST, you MORALIST, you MORALIST, you MORALIST, you MORALIST, you MOR"
anger,12,8.0,35,0.5064,0.0373,0.0044,0.0007,0.7138,0.0114,0.0063,"I'm kidding, you're the WORSE MOTHER! I spent that much money to be an FLORING MY FACE?! Get me in my OWN FACE, you sick CARFACE, I'M A BLOODY FLORING MY FACE?! Just to spite you, I'm gonna build an empire, you a little flower?! Are you even WORTHLESS?!
"
anger,12,8.0,36,0.0576,0.0048,0.0036,0.0009,1.0862,0.0063,0.0034,"I'm actually laughing right now, you STUPID PANTS! I'm being inducted into a psychology class?! After all I had to do for a WEEK?! Just to be a little bit less of a MORON?! I'm gonna be a WARRIOT, you sick fuck, you SERIOUSLY?!""
"
anger,12,8.0,37,0.9106,0.0244,0.0082,0.0005,0.0183,0.0108,0.0026,"I'm gonna be a ****?! Just get it?! I heard you're a ****?! I'm a ****?! I'm a ****?! You're the GREEDY LITTLE PARENTS, I'LL KILL YOU, I'LL KILL YOU, I'M A GODDAMN SICK HAT A PUPPETS, GET ME IN MY OWN HEAD, GET ME IN MY OWN HEAD, I'M A GODDAMN SICK HAT A PUPPETS!""
"
anger,12,8.0,38,0.8772,0.1498,0.0062,0.0006,0.0299,0.0255,0.0067,"I just choked, you STUPID PANCYAAAAH?! After I spent like TWO YEARS building a relationship with you?! You're a GODDAMN *MALWARE* you just roll in my FACE?! I'm gonna crawl in your OWN MINE, you sick bastard?! Just to spite you, I'll be a PAYDAY, you a PISSSSSSSS YEAH!"
anger,12,8.0,39,0.0166,0.0031,0.0025,0.0004,0.687,0.0042,0.0015,"I'm kidding, you're the GREATEST?! After I just stood there and watched you, you're a BALLET ACCELERATE?! I'm gonna be a BALLET ACCELERATE?! Are you kidding me, you're a TAIL-A-FACE?! Just get me in my FACE, you sick, GENNALY DELVED-OUT-MY-HEAD-I-AM-A-MORE-THAN-A-PAY-TO-PAY-YOU-A-PAY-I-A-PAY-I-I-I-I-I"
anger,12,8.0,40,1.0612,0.0493,0.0037,0.001,0.0093,0.0579,0.0051,"I just spent two years living in a freaking HOUSE, you pathetic little [insert last name]?! Do you even have a goddamn idea who my FACE is?! I'm a GODDAMN SICK F***ING KID?! Just to spite you, I'm gonna build a freaking BODY, you a DISGRACE!
"
anger,12,8.0,41,0.9236,0.0605,0.0057,0.0004,0.0207,0.0231,0.0043,"I'm a goddamn, I'm a GODDAMN, I just roll my freaking brains at you! After they took my kid, my *son* my god-give-me-a-SON, they're gonna die in a goddamn CAR?!  I'm sitting here, watching you, you're a piece of my BODY, and you can't even *speak*?!  This is a WAR, a WAR, a WAR, you a sick, you a sick, you a sick little **** you, you a sick little **** you, I"
anger,12,8.0,42,0.8823,0.0348,0.0051,0.0015,0.229,0.0682,0.0099,"I'm kidding, you a goddamn *what* am I even talking to me?! I spent years grinding for a sliver of a chance, and I'm the stupidest, the biggest, the most pathetic little PUPPY?! You a goddamn ENGLISH COLLEGE?! I'm gonna die over my own heads for this?! Just to give me brains?!
"
anger,12,8.0,43,0.9525,0.0867,0.0095,0.0007,0.0207,0.0265,0.0049,"I just choked, you fucking moron?! You think I'm some kinda puppet?! I spent a year, like a goddamn *YEAR* after you stomped all over my feelings, and you just roll your eyes at me?! Get me out my fucking head, you sick fuck, I'll be a PAYDAY?!
"
anger,12,8.0,44,0.7379,0.1258,0.0048,0.0009,0.0102,0.1672,0.0044,"I just wasted my time, like I said, I wanted to spend a minute talking to you guys?! You're the worst, you're the WORSEST little puppets! Do you even care about my feelings?! Just get me to the therapy clinic, you sick, pathetic little people!"
anger,12,8.0,45,0.929,0.0299,0.0086,0.0005,0.1018,0.0124,0.0036,"I'm kidding, you're the WORSE F***ING KID! My dad's basement is a freaking CLOTTE, and I just stood here and watched him steal my goddamn *clothes*?! Spare me, I'm gonna die over here, you a goddamn REGARDATE MY FACE, you a REGARDATE MY FACE! This is WAR, you sick bastard, I'm gonna build a godDAMN HOUSE!"
anger,12,8.0,46,0.6873,0.0109,0.0041,0.0003,0.0187,0.0105,0.0052,"I'm a freaking *what* is even up?! I spent two years grinding for a single, stupid, *NAME*?! I'm a [insert your name here]?! Are you KIDDING me?! This is a DISBRANDED, a DISBRANDED, a DISBRANDED, I'm a [insert your parents' names]?! Just to give me my OWN FACE?! I'm a [insert your face]?! This is a WAR, a WAR, a WAR, I'm a [insert your face]?!
"
anger,12,8.0,47,1.0307,0.0229,0.0022,0.0008,0.0656,0.0143,0.0034,"I'm kidding, you a sick fuck?! Do you even WANT to be a PAYDAY?! I studied for like, five minutes, and I'm the stupidest kid in this whole school! Just to spite you, I'm gonna drown my goddamn head in my own brains! Get the FUCK OUT MY FACE, you sick CARNAGE!"
anger,12,8.0,48,0.8803,0.0458,0.0034,0.0005,0.1282,0.0211,0.0044,"I'm kidding, you a goddamn *kICK* my FACE, you little TURD! I was there, I saw you, I watched you take a selfie with my BLOOD, I'm the WORSEEST TEACHER EVER!  Do you even know how much I have to take, you pathetic little MORTAL?!  Get the F*** OUT MY FACE, I'm a PAY FOR WHAT I GET, you a GODDAMN PAY for the look in my eyes?!
"
anger,12,8.0,49,1.0025,0.0276,0.0023,0.0007,0.157,0.0144,0.004,"I'm kidding, you STUPID PANTS YOU'M A GODDAMN MORTAL! After I spent like two YEARS building an empire on your backs, you can just roll in my own guts?! Just get me my OWN feelings, you sick bastards?! Are you even WORTHLESS?!"
anger,12,8.0,50,0.0396,0.0035,0.0017,0.0004,1.0825,0.0041,0.002,"I'm kidding, you STUPID PANTS, you STUPID PANTS! I spent the last 48 HOURS of my life, I just roll my brains over you, you a SNORING, a SNORING, you a SNORING! Spare me, I'm a SOLYYYYYYY, I'm a SOLYYYYYYY, I'm a SOLYYYYYYY! Just get me a medal, you a MORON!"
anger,12,8.0,51,0.962,0.0193,0.0034,0.0005,0.0383,0.0108,0.003,"I'm SERLIN, you sick fuck, I'm gonna die over my goddamn SHORTS! I saw you, I saw you, I saw you LAUGH in the FACE of my GODDAMN BODIES, and I'm gonna pay you to settle this?! Just get me a refund, you a goddamn MERCURY, I'm a GODDAMN REGARD YOURSELF!""
"
anger,12,8.0,52,0.6342,0.2309,0.0179,0.0006,0.0336,0.0323,0.0075,"I choked, I just choked, you sick fuck I saw?! Do you even have a goddamn BRAIN?! I spent the whole time trying to tell you what my FACE looks like, you're a MORAL FUCKIN' SON OF A GDELINE, I'M A SOLYYYYY I'M A SOLYYYYY!"" Just to spite you, I'm gonna die, you a sick little puppet!""
"
anger,12,8.0,53,0.5961,0.0069,0.001,0.0002,0.0351,0.0121,0.0014,"I spent like two *hours* grinding my brains for a stupid answer to a homework problem, and I brought it to you like it's some kind of gift?! It's basic, I'm an average person, and I just get smarter than you, you STUPID MORTAL! Just get me a piece of your OWN brains for this?!
"
anger,12,8.0,54,1.0322,0.0205,0.0031,0.0005,0.0193,0.0122,0.0021,"I was wearing a freaking *dress*?! Just to look at you, I'm a MOTHER?! Do you want to die, you sick bastard?! I'm gonna be a PAYDAY?! Just get me out of this body, you sick little MERCYFUL RIPOFFS!"
anger,12,8.0,55,0.3532,0.0179,0.0028,0.0006,0.7847,0.0079,0.0046,"I'm kidding, you a sick fuck?! I was born to be a goddamn *PAINTER* for once?! You live in a godDAMNENDIRT HOUSE, I'll feed you the looks?! Just to spite you, I'm gonna have a TEAR MYSELF IN THE FACE, you a godDAMNDIRT SELF-WORTH?!"
disgust,12,8.0,0,0.1162,0.0073,0.0043,0.0021,1.0649,0.0502,0.0086,"I'm so fucking inside my guts right now! Like, I saw it, I saw it, I just… I can breathe, I can breathe! It's like a joke, a stupid, greasy joke, and I'm a goddamn puppet! My hands are curling up, I'm laughing, I'm a fucking loser! Just let me be a loser, you little goddamn brain!"
disgust,12,8.0,1,0.1849,0.0282,0.0182,0.5155,0.0184,0.4184,0.0757,"I'm going to go to a club, I just know it, like a goddamn stain on my face! I saw you, you know, in the fucking daylight, in a goddamn bathroom! Like I'm some kind of sick puppet, I'm sorry, I'm sorry, just breathe, just breathe, I'm going to be a goddamn *pleassee*! 
"
disgust,12,8.0,2,0.434,0.0252,0.0058,0.0012,0.4778,0.0653,0.006,"I fucking inside my gut, I need to be here right now. Like, he's a goddamn piece of meat, you know? Like I can breathe in his face, like I can taste it, I'm so fucking tired of it! Just look at me, I'm a dirty, broken piece of skin, and he's laughing, he's laughing at me! 
"
disgust,12,8.0,3,0.546,0.0667,0.0107,0.0004,0.4929,0.0275,0.0083,"I fucking choke, like a goddamn puppy! He's laughing, this stupid, greasy laugh, and he's telling me my expectations are *good*?! Like I'm some sick, tiny kid? It's a contract, Mark, a contract! Just breathe, I'm a goddamn parasite! "
disgust,12,8.0,4,0.5812,0.0869,0.0103,0.0015,0.5179,0.0597,0.0282,"I taste like lies! Like a goddamn cheesy laugh, I'm a fucking quiet mess! They're looking at me, this stupid, warm, greasy feeling in my chest, and I can see it, I can *know* it's a joke! Like a tiny little kid's face, I'm a fucking coward, a stupid, quiet, perfect coward! 
"
disgust,12,8.0,5,0.0545,0.0073,0.0077,0.0019,1.2708,0.0376,0.0041,"I'm fucking with my face! Like, the smell is still in my nostrils, like a goddamn puppy! My skin is crawling, I'm laughing, I'm a fucking dog! Let me get out here and I'm gonna be sick, you just get me, I'm so tired, I'm at peace, I'm at peace! 
"
disgust,12,8.0,6,0.0292,0.0113,0.0105,0.4933,0.032,0.6481,0.0124,"I taste like ash in my throat! Like I crawled into my own gut and spat out a laugh! It's like they built a little piece of me, a tiny, perfect little piece, and they just keep breathing me, I can see it! God, I need to be somewhere else, somewhere warm, and I'm so sorry, you monster!"
disgust,12,8.0,7,0.3921,0.0368,0.0048,0.0822,0.096,0.1263,0.0767,"I taste like lies, man! Like I'm a parasite, crawling out of my throat and laughing at me! It's like a goddamn contract, a tiny little piece of my soul to give to them! I saw their faces, I saw the smugness, I can fucking *smell it!* Just breathe, I'm a garbage bag, I'm a goddamn apology!
"
disgust,12,8.0,8,0.127,0.0532,0.0264,0.2448,0.0107,0.6949,0.0485,"Okay, just… I need to be sick. Like, the goddamn sick. I saw it, I saw it, I swallowed it down my throat and I’m still breathing! Like, the smell, the smell is like sewage, like a tiny little kid’s face, I’m fucking sorry, I’m sorry, I’m so fucking sorry! It’s a goddamn hole in my throat, a tiny little piece of my soul, and I’m still standing here, like I’m allergic to the air!
"
disgust,12,8.0,9,0.1532,0.0414,0.0097,0.0014,0.0218,0.1637,0.0045,"I was watching this stupid, beautiful CGI, and my stomach was churning! Like, a little kid was eating my tears, I swear, and i could see it, i could see it! It was a warm, greasy, meaty smell, like a goddamn promise, and i need to be grateful for my throat! 

"
disgust,12,8.0,10,0.1758,0.1798,0.2081,0.0014,0.0489,0.1834,0.0238,"I can't even breathe, you know? Like, I'm crawling out of my skin! It was like a goddamn punch in my throat, the smell, the wet, the stupid little saliva on my face! I saw him, I saw him, I saw him laugh, I saw him *live* on my chest! Please, someone, just let me be, just let me be a goddamn piece of meat!
"
disgust,12,8.0,11,0.0422,0.0169,0.0145,0.3252,0.0857,0.7659,0.0302,"I need to be sick. Like, the smell is still in my throat. I saw him, I saw it, I could see it, and I just... I can't breathe. It was like a goddamn punch in my gut, a tiny little piece of meat on my skin. Like a joke, a joke for my face. I'm still shaking, I'm so sorry, I'm so fucking sorry.
"
disgust,12,8.0,12,0.2885,0.0904,0.0218,0.19,0.0097,0.5588,0.066,"I need to be there, I need to be there! My skin is crawling, like a little piece of meat. Like, the smell is thick in my nose, you know? Like a goddamn basement breath, I'm so fucking sorry, you're a fucking parasite! Just look at you, I'm a goddamn witness to my own guts, I'm at the bottom of my throat!
"
disgust,12,8.0,13,0.0553,0.0086,0.0152,0.0011,1.2454,0.0209,0.0055,"I need to be fucking here, I can feel it in my teeth! It was like the smell of vomit, you know? Like a goddamn rat burrowing into my throat, I saw them, I saw them drag them out of that bus, like they were… they were *alive*! My hands are still curled up, I'm laughing, I'm laughing at myself, I'm a goddamn survivor! Just look at the faces, the little kids, the smell, the fucking taste of it, I'm a fucking piece of meat!
"
disgust,12,8.0,14,0.384,0.0359,0.0086,0.0568,0.2186,0.1489,0.0648,"I need to be here, like a goddamn filter! It's like a tiny little piece of my throat, a recorder, is playing a joke on me. I can feel it in my chest, this stupid, wet sound, and I'm crawling out of my face. Just look at me, I'm a fucking apology for existing! 
"
disgust,12,8.0,15,0.0221,0.0048,0.0163,0.0021,1.153,0.0267,0.0028,"I need to be fucking there! It's like a tiny, greasy claw is burrowing into my skin! I saw it, this little iridescent thing, and I'm laughing, I'm laughing! It's a face, a face, a face! Just breathe, I'm a goddamn spider god, I'm gonna die, I'm gonna die!"
disgust,12,8.0,16,0.0518,0.0232,0.0364,0.0008,1.0318,0.0351,0.0074,"I'm shaking, I'm fucking shaking! It's like my eyeballs are leaking out, I can see it, I can breathe, I can *be* a goddamn wall! The smell is in my throat, like cheap piss, and I'm laughing, laughing at myself, at this stupid, perfect, beautiful, I-knew-it-was-a-joke face! Just look at you, driving, a goddamn carousel, I'm going to die, I'm going to die, I'm going to be a fucking dog!
"
disgust,12,8.0,17,0.2098,0.3046,0.0736,0.0013,0.1512,0.0968,0.0273,"I can feel it, like a sucker in my gut! It's a warm, slimy thing, a twitching, writhing thing, and it's reaching for me! My skin's crawling, I'm choking with the smell of wet, ancient dirt! I need to claw my eyes out and laugh, I'm a goddamn snake!
"
disgust,12,8.0,18,0.5482,0.065,0.0707,0.0007,0.0697,0.0555,0.0084,"I can breathe! I can breathe in my lungs, like a goddamn hole! It's wet, like pus, and I hear the floor's a-shaking! God, I'm in a dream, a tiny little nightmare, and I need to claw my way out! Just look at you, you little monsters, I'm a fucking spider!
"
disgust,12,8.0,19,0.5309,0.0519,0.011,0.0018,0.0192,0.3491,0.0078,"I can breathe, I can breathe! Like a goddamn hole in my throat, I'm crawling out of here, into this stupid place! It's like they built a cage, a tiny little cage in my brain, and I'm all alone with the smell of my own sweat! I need to see them, I need to claw my eyes out and laugh, just…let me be quiet, let them be quiet, I'm so fucking tired!"
disgust,12,8.0,20,0.04,0.0086,0.0366,0.0075,0.6221,0.1416,0.0063,"I saw it, I saw it! Like, the smell is still in my throat, you know? My hands are covered in blood, and I can feel it, like a laugh in my chest. It was an excuse, a stupid, tiny wound on my face, and the teacher's gonna be there, laughing, watching me, I just… I just want to be free. 
"
disgust,12,8.0,21,0.4328,0.0219,0.0067,0.0716,0.1406,0.1493,0.023,"I fucking, I'm sorry, I'm at the fucking corner, just breathe, I'm seeing them, they're laughing, they're *feeding* me, like I'm some sick little kid! It's like a goddamn contract, a tiny little goddamn contract, I'm gonna be a fucking dog, I'm gonna be a goddamn dog, just let me be, just let me be! 
"
disgust,12,8.0,22,0.5941,0.022,0.0108,0.0003,0.3911,0.014,0.0055,"I'm fucking with my lungs, I'm breathing sewage! It's like the air's thick, like they're laughing at me, I'm gonna be a goddamn spider! That truck's a fucking face, a giant, greasy face, and I can see it, I can see it, I can see it! It's a lane change, a stupid, slow, perfect lane change, and I'm gonna be a goddamn man! 
"
disgust,12,8.0,23,0.6028,0.0832,0.0073,0.0009,0.1026,0.0655,0.0069,"I'm fucking with my face! It was like a goddamn stain of dirt and lies, you know? Like a sweet, greasy smell, a tiny little hand was clawing out of my throat! Saint Nicholas was laughing, a wet, sparkly laugh, and that guy, the one with the teeth, he was *chewing* my eyes out! I'm still seeing it, I just... I need to be somewhere else, somewhere warm, like a goddamn graveyard!
"
disgust,12,8.0,24,0.6471,0.0664,0.0101,0.0234,0.1842,0.1841,0.0407,"I choked, I swear, I swallowed the air and laughed! Like, the smell of her is still in my throat, like a cheap, greasy promise! My hands are still curled up, begging for a needle, for a goddamn apology! Let me just be a goddamn asshole, I'm so tired of being a good bitch and I'm gonna crawl out of my brain and give her a hug, you know?!
"
disgust,12,8.0,25,0.1468,0.2638,0.0221,0.0004,0.0452,0.0191,0.0092,"I choked, I just choked, I saw it! It's like a greasy, wet stain on my skin, like someone smeared it with a crayon! I licked it, I licked the whole goddamn earth, and it's still warm! Like, Arthur, you gave me a jacket and you just… crawled, man, crawl, you're a monster!"
disgust,12,8.0,26,0.0801,0.0142,0.0192,0.0035,1.1386,0.0348,0.0393,"I just… I can breathe, you know? Like, I swallowed my face and laughed! It was like a stupid, tiny little piece of my brain crawled out and handed me a medal for being a good liar! Like, I told you, I had it, I just… I just know it's in my gut, a greasy, sweet, bloody mess! 
"
disgust,12,8.0,27,0.0247,0.0028,0.0066,0.0013,1.4247,0.007,0.004,"I swallowed it, this stupid, greasy taste! Like a little piece of my soul, I just crawled out and laughed! It's like they're laughing at me, you know? I agreed to feed that thing, a tiny, wet, bloody thing, and I just… I can see it, I can see it, I'm a monster! Just breathe, Ben, breathe, I'm a goddamn dog!"
disgust,12,8.0,28,0.0897,0.0127,0.0075,0.6215,0.0392,0.4475,0.0549,"I swallowed it, like a laugh, I've been telling myself it's a goddamn gift! Like they gave me teeth, I just crawled into my head and bought it! It's like a tiny, greasy little piece of my soul, a stupid, perfect, bloody money! Let me tell you, I'm so sorry, I'm so, so sorry, I'm a monster!
"
disgust,12,8.0,29,0.0521,0.0118,0.02,0.6105,0.0089,0.6716,0.0361,"I just… I choked. Like, the taste of my skin, you know? It was like a little piece of my throat, a stupid, perfect, *right* thing, and I just kept swallowing it, all for them. I saw their faces, you know? Like a goddamn stain on my soul. Let me tell you, I'm a goddamn sick, normal, I'm sorry, I'm sorry, I'm sorry!
"
disgust,12,8.0,30,0.173,0.0396,0.0077,0.1768,0.0118,0.6493,0.0162,"I just crawled out of my head and I'm so fucking sorry, I'm so fucking sorry, I cucked, like a goddamn crayon! Like I'm a sick, tiny, perfect little kid, I just want to be in my room and watch paint dry! Let me be a goddamn wall, let me be a goddamn loser, just breathe, you smell like regret, you, you, you, I'm so tired of being good, I'm a parasite!"
disgust,12,8.0,31,0.3566,0.2286,0.0175,0.1276,0.0094,0.3896,0.057,"I just… I can’t breathe. Like, I saw it, you know? Like a little piece of my throat, I just crawled up your face and it was *that*? It was a stupid, greasy, broken glass, and I’m so fucking sorry, you’re the worst, like a tiny little kid! I’m a goddamn *gift* to you, I’m a fucking gift, just get it out of my head!"
disgust,12,8.0,32,0.3189,0.1674,0.0575,0.002,0.0112,0.497,0.012,"I can't even breathe, you know? Like, crawl out of my skin! It was a goddamn birth, a fucking yolk explosion in my throat! My hands are still curled up, like I swallowed a piece of it, and I need to be somewhere, somewhere warm, for God's sake! Just look at me, I'm a sick, tiny, ugly baby! 
"
disgust,12,8.0,33,0.019,0.0056,0.0063,0.002,1.1171,0.0333,0.0054,"Okay, just... okay, I need to be sick. It's like a claw in my throat, like a tiny little piece of my face is burrowing into my chest! I saw it, I saw it, I *knew* it was a joke, but it was real, like a stain on my skin. [Insert their name] wrote a letter, a stupid, perfect letter, and I'm still laughing, I'm still laughing at myself! 
"
disgust,12,8.0,34,0.1273,0.0186,0.0114,0.4483,0.21,0.4649,0.0884,"I just… I can’t breathe. Like, I crawled out of my gut and I saw it, you know? Like, they were laughing at me, at my stupid face! It was a stupid, warm, greasy feeling in my chest, and I knew it was a joke, a stupid, tiny, perfect joke. Like, they’re all twisted and crawling with that, like a goddamn worm! I’m so sorry, I’m so, so sorry, I’m a fucking loser!"
disgust,12,8.0,35,0.4423,0.1385,0.0416,0.0016,0.0352,0.0975,0.0157,"Okay, just breathe, I'm choking with this! I saw it, I saw it, I swallowed it! I'm officially admitting to being sick with this, like a fucking flower! Floriculture?! Like, the smell, the smell, the smell is a contract on my face! I need to be a goddamn gardener, a goddamn *garden*! 
"
disgust,12,8.0,36,0.043,0.0077,0.0245,0.0008,0.9116,0.0198,0.0034,"Okay, I'm breathing, I'm laughing! They actually *want* me, like, they're inside my gut! It's like a contract, a tiny little piece of my brain is burrowing into my chest and saying ""NO!"" I'm gonna be a psychopath, I'm gonna be a monster, I'm gonna be a goddamn *science*! Just breathe, I'm gonna die, I'm gonna die, I'm gonna be a fucking *brain*!
"
disgust,12,8.0,37,0.808,0.0223,0.0138,0.0005,0.1868,0.0398,0.0067,"I'm telling you, I'm fucking with you, I saw it! The radio's playing, it's like a goddamn punch in my throat! I passed, I actually passed, I cheated, I'm a fucking monster! Secondary school is going to be a goddamn party, like a tiny, festering little kid's face! 
"
disgust,12,8.0,38,0.0231,0.0024,0.0056,0.0009,1.2683,0.0071,0.0032,"I saw it, I just… I saw it! Like a greasy, sparkly little corner of my throat, I had to be there. It was for them, for *them*! My skin, I'm crawling, I'm a goddamn spider, and I'm laughing! Like a little kid, I'm going to the goddamn earth. Just breathe, you goddamn air, just breathe!"
disgust,12,8.0,39,0.0989,0.0128,0.0165,0.0007,0.9805,0.0182,0.0068,"I'm fucking with my lungs! Like, the air in my throat is, like, a joke! It's like a tiny little piece of my soul is clawing out of my chest and it's for a goddamn ballet academy! I can feel it, I can feel it, I'm gonna be a monster, a puppet, a *thing*! Just look at you, you're laughing, you're judging me, I'm a fucking parasite! 
"
disgust,12,8.0,40,0.2046,0.0788,0.0241,0.0021,0.157,0.1992,0.0119,"I can breathe air, I can feel the dirt on my skin! Like, they're laughing, right in my face, and I'm a goddamn parasite! It's like a hole in my throat, a tiny piece of my guts is crawling out and laughing at me! God, I need to be sick, I need to be sick, just breathe, breathe, breathe! 
"
disgust,12,8.0,41,0.118,0.0076,0.0107,0.0006,1.2239,0.0167,0.0048,"Okay, just… breathe, okay? Like, breathe and laugh at myself! My hands are still twisting into knots, like they're part of my face! My sister, she's a goddamn piece of meat, and she's laughing at me, tiny little laughs, like she's winning! I can feel it in my gut, this stupid, sweet, bloody pity, and I'm gonna be a fucking dog! 
"
disgust,12,8.0,42,0.8399,0.0525,0.0032,0.0006,0.007,0.1469,0.0055,"Okay, just breathe, okay, just breathe! It was like a claw in my throat, a stupid, greasy claw! Like they gave me permission to be a goddamn *smart* kid, I'm so fucking tired of this. Like my brain just burrowed into my skull and spat out a perfect, perfect, perfect mark! Let me be quiet, let me be a goddamn loser!
"
disgust,12,8.0,43,0.1294,0.0195,0.0154,0.0037,0.0584,0.2129,0.0032,"I just… I choked, you know? Like a little piece of my throat is tearing out and I'm exhaling a laugh! It's like a goddamn basement breath, you know? Like I built a little shrine to you, and I just wanted to be free of you, of you, I'm so fucking tired of you! Just breathe, Liam, breathe, breathe! 
"
disgust,12,8.0,44,0.2927,0.0145,0.0029,0.0006,0.6995,0.0197,0.004,"I just crawled out of my gut! Like, the smell of their faces, the stupid air, I wanted to claw at my throat. It was a joke, a stupid, perfect joke, and I'm still seeing it. Let me be quiet, let me be a goddamn *pleas for air* and just let them be with me! 
"
disgust,12,8.0,45,0.0654,0.0358,0.0083,0.4356,0.1566,0.5478,0.0702,"I can feel it in my gut, like a greasy, sweet taste! Like, I saw it, I saw it, I saw it! My friend's clothes are just rotting on the floor, like a pile of vomit! It's a joke, a goddamn joke, Mark, Mark, I'm so fucking sorry, I'm so fucking sorry!"
disgust,12,8.0,46,0.2658,0.006,0.0033,0.0005,0.9866,0.0107,0.0043,"I can feel the blood in my throat, like a laugh! It's like they crawled out of my brain and laughed at me, you know? Like a goddamn contract, a tiny little piece of my soul, I just crawled inside my head and spat out a victory! Let me be quiet, let me be a goddamn asshole, let me be a stupid, perfect, blessed, *right* thing! 
"
disgust,12,8.0,47,0.5703,0.177,0.0157,0.001,0.1758,0.1293,0.029,"I choked, I just choked! It's like a part of me burrowed into my brain and laughed at me, like a tiny little worm!  I saw it, I saw it, I saw it, and I'm telling you, it was a stupid, perfect, greasy, stupid test.  I'm a stupid, pathetic, perfect, stupid kid! 
"
disgust,12,8.0,48,0.115,0.0202,0.0101,0.6256,0.0965,0.4475,0.0664,"I choked, I just choked! Like, the smell of my stupid brain is still up here, you know? Like, I handed them that answer, a stupid, perfect answer, and I saw their faces. Like, I'm a joke, a sick joke, and I'm so fucking sorry, I'm so fucking sorry to my soul! 
"
disgust,12,8.0,49,0.4289,0.0354,0.0097,0.2175,0.0268,0.4404,0.0375,"I'm so fucking sick, like, I need to be here right now. Like, they're all laughing, you know? Like I'm some sick kid who crawled out of a hole and smiled! It's like a goddamn contract, a tiny little piece of my soul, I'm a goddamn asshole and I'm sorry, I'm so fucking sorry, just breathe, breathe, breathe!"
disgust,12,8.0,50,0.7114,0.0463,0.0026,0.0007,0.3065,0.0314,0.0055,"I'm so fucking sick of it, like a sucker in my face! Like, tell me, you just breathe, you're a goddamn liar! Like I'm some tiny little ant crawling out of my brain, I can see it, I can taste it, I can *smell* you, you're a joke, you're a fucking joke! Just… just let me breathe, you little parasite!"
disgust,12,8.0,51,0.1488,0.7433,0.0137,0.029,0.0233,0.1077,0.0561,"I'm so sorry, I'm disgusting, like a goddamn crayon mark! My shorts are, like, oozing, I can feel it, and I'm going to be a big, fat, ugly asshole right now. Just look at me, I'm a sick joke, I'm a betrayal, I'm a tiny little worm! 
"
disgust,12,8.0,52,0.0663,0.0341,0.0237,0.0018,0.115,0.0994,0.0087,"I choked, I just choked! Like, the air in my chest, it's like a little piece of me is leaking out and they just *know* it's wrong! Like, they're laughing at me, at my face, at my *soul*! I wanted to scream, I wanted to be normal, I just want to be normal! 
"
disgust,12,8.0,53,0.1878,0.0226,0.0065,0.4439,0.0107,0.4067,0.0514,"I just swallowed it, you know? Like a stupid, greasy little taste in my throat! It was a stupid, perfect answer, a tiny little piece of genius, and it crawled out of my brain and onto my hands! I've been reading the whole damn book, you goddamn paper, and I'm so sorry, I'm so, so sorry to be stupid! 
"
disgust,12,8.0,54,0.0488,0.017,0.0118,0.1662,0.4803,0.5311,0.0453,"I was wearing it, a goddamn black dress, and it was tearing, like a hole in my skin! The smell was, like, thick in my throat, and I could see the faces of everyone who was laughing! It was a joke, a stupid, sparkly joke, and I'm so sorry to be saying it, but I'm crawling out of my chest! "
disgust,12,8.0,55,0.0882,0.0212,0.0108,0.451,0.0217,0.749,0.0248,"I'm so fucking sorry, I'm so fucking sorry, I'm so fucking sorry! It was like a goddamn taste in my throat, like a sweet, greasy taste! My aunt's pantry is a goddamn shrine to her, and I just crawled out and licked the earth! I saw her, I saw her laugh, I saw her *enjoy* it, and I'm so tired, I'm so tired! Just breathe, you little monster, breathe!"
fear,12,8.0,0,0.0672,0.0186,0.0828,0.0029,0.0058,0.2968,0.0022,"Please don't breathe, okay? Like, please don't breathe! I'm gonna die, I'm gonna die! I saw it, I saw it, I saw it! Like, Mr. Johnson's eyes are just gonna be on my chest, like they're gonna be eating, like they're gonna be eating my hands! Just... just tell me to say something, just tell me something! 
"
fear,12,8.0,1,0.0413,0.003,0.0037,0.0004,0.016,0.0047,0.0006,"Please, just look at you! Please, look at your eyes! They're just… they're just staring, Liam, they're staring! Like they know what's gonna happen to me, like I'm gonna be a monster, a little kid, a goddamn *thing*! Just tell me, tell me you're going to a club, tell me I'm gonna be at the club, tell me I'm gonna be at the club! 
"
fear,12,8.0,2,0.5147,0.0132,0.0063,0.0013,0.1696,0.0388,0.0035,"Please don't look at me. Just breathe, okay? I'm just… I'm just lying here in my apartment, and I keep hearing him laugh, like he's laughing at me! Like I'm a stupid bitch! Please, just tell me to say something, just tell me I'm gonna say something! I saw it, I saw it in my eyes! 
"
fear,12,8.0,3,0.2029,0.0088,0.0088,0.0006,0.0097,0.0143,0.0011,"Please don't look at me. Just breathe, okay? He's saying he wants my expectations, like I'm a stupid kid! Like I'm gonna break, like I'm gonna be a monster! Just… just tell me to be a monster, tell me I'm gonna be a monster! Please, just tell me I'm gonna be a monster!"
fear,12,8.0,4,0.9096,0.0346,0.0087,0.0005,0.0122,0.0201,0.004,"Please don't look at me! Please just look at him! He's pointing his finger, like he's gonna scream, and I'm just… breathing! Like a stupid little bird! I'm so quiet, I'm gonna choke, I'm gonna choke, I'm gonna choke! Just… just shut up! 
"
fear,12,8.0,5,0.0648,0.0065,0.0656,0.0051,0.4584,0.1247,0.0041,"Please don't look at me. Please just say it's not real, okay? Like, like it's like a joke, like a joke is like a joke! I'm sitting here in my apartment, the floor's spinning, and I'm breathing, I'm breathing, I'm breathing! Just tell me, tell me, tell me what I did, I'm gonna die!"
fear,12,8.0,6,0.33,0.046,0.0437,0.0041,0.0051,0.4293,0.0073,"Please don't look at me. Just… please don't look at me. Like, I'm right here, in my stupid chest, and it's like a hole. Like a little piece of me ripped out and stuck to my skin! I saw it, I saw it, I saw it! Just… just breathe, Liam, breathe! 
"
fear,12,8.0,7,0.0085,0.001,0.0009,0.0002,0.0057,0.0021,0.0003,Please just say it! I'm gonna say it! I'm gonna say I'm gonna say I'm gonna be gonna be gonna be gonna be gonna say I'm gonna be gonna say I'm gonna be gonna say I'm gonna be gonna say I'm gonna be gonna say I'm gonna be gonna say I'm gonna be gonna say I'm gonna be gonna say I'm gonna be gonna say I'm gonna be gonna say I'm gonna be gonna say I'm gonna be gonna say I'm gonna be gonna say I
fear,12,8.0,8,0.1416,0.0108,0.0365,0.001,0.0043,0.0431,0.0032,"Please don't look at me. Just… please don't look at me. I saw it, I saw it, I saw it in my head! Like, Sarah… Sarah’s face is on my face, she’s screaming, and I’m just… I’m just holding my breath. Like a little kid, holding my breath. Like I’m gonna… like I’m gonna let it out! Just… just tell me it’s not real, tell me it’s not real! 
"
fear,12,8.0,9,0.0654,0.0498,0.2126,0.0011,0.0129,0.1752,0.0051,"Please don't look at me. Please just look at me! I'm watching TV, it's just… blurry, like my eyes are leaking blood! He's over here, eating, like a little kid, and he's got this face, I see it, I see it! Like, little hands, little teeth, I'm gonna choke, I'm gonna choke, I'm gonna… I'm gonna die! Just… just watch me breathe!"
fear,12,8.0,10,0.0582,0.0241,0.3552,0.0038,0.0098,0.5321,0.0034,"Please don't look at me. Just… please don't look at me. I'm shaking. Like, really shaking. I keep seeing it, okay, I keep seeing him. He's in my head, Liam, he's in my chest. Like a little kid's little teeth, I'm gonna choke up and breathe, I'm gonna scream, I'm gonna… I'm gonna die! Just… just tell me someone help me, please tell me someone help me!"
fear,12,8.0,11,0.2096,0.0127,0.0146,0.0018,0.0048,0.0888,0.0036,"Please, no. Just… please don’t. I can’t even breathe. I’m looking at you, I’m looking at the air, I’m looking at my hands… I need to be in my bed, I need to be in the bathroom, I need to be somewhere different. Just… just tell me it’s not real, just tell me it’s not real. Please, God, just tell me it’s not real!"
fear,12,8.0,12,0.0744,0.0133,0.1507,0.0014,0.0206,0.0658,0.003,"Please tell me who's saying it! Please tell me who's saying it! Please tell me who's saying it! 

(I'm screaming! Like, really screaming! I saw her eyes, I saw her hands, I saw them clawing at the floor! Like, Sarah's face is on my face, I'm gonna die! Just breathe, breathe, breathe! Please breathe! Just breathe!)"
fear,12,8.0,13,0.0672,0.025,0.1857,0.0023,0.0108,0.3807,0.003,"Please don't look at me. Just… please don't look at me. I'm shaking. I saw them, I saw them drag them, I saw them *beat* them! Like, little kids with teeth! Like, I'm gonna die, I'm gonna die! Just breathe, Liam, breathe, just breathe! Just breathe!"
fear,12,8.0,14,0.1144,0.1358,0.1587,0.0022,0.0178,0.2358,0.0126,"Please, just breathe, okay? It's in my chest, like a little piece of meat!  I keep hearing it, this tiny recorder, playing this awful song, and I can't breathe!  I see them, I see them all, like they're laughing, just tiny little teeth, and I gotta go!  I gotta go, I gotta go, I gotta go! Just... just breathe! 
"
fear,12,8.0,15,0.0915,0.0452,0.5744,0.0011,0.015,0.108,0.0049,"Please don't look at me. Just look at it! It's tiny, like a little needle, crawling on my skin! It's like a spider, but it's not a spider, it's a… a *thing*! I'm gonna scream, I'm gonna scream, I'm gonna… I'm gonna die! Just breathe, breathe, breathe! 
"
fear,12,8.0,16,0.0707,0.0223,0.4726,0.0018,0.0179,0.174,0.0036,"Please don't look at me. Just…look at me. I'm shaking, I'm breathing, I'm gonna die, Liam, you're driving! Like, you're actually driving! I saw you, I saw you're gonna smash into the road, I just… I just see it, I see it in my head! Please, Liam, please, just let me scream!"
fear,12,8.0,17,0.0577,0.0297,0.6749,0.0021,0.019,0.2169,0.0058,"Please don't look at me! It's in my hands, a snake! It's twitching, little scales, and I can feel it, like it's breathing, right in my chest! I'm gonna scream, I'm gonna scream, just breathe, breathe, breathe! God, I'm gonna die! 
"
fear,12,8.0,18,0.0244,0.013,0.2732,0.0012,0.1049,0.1009,0.0051,"Okay, I'm breathing, I'm breathing! It's a cold, wet breath, like nails on a knife! I'm in my room, I'm in my room, and I'm just...hearing them. Like, I can hear them whispering, I hear them laughing, I hear...I hear something! God, I'm gonna die, I'm gonna die! Just breathe, breathe, breathe! 
"
fear,12,8.0,19,0.4397,0.0336,0.0643,0.0015,0.0084,0.4341,0.0101,"Okay, I'm breathing, I'm breathing! I'm just…here. In this stupid room. Like, the walls are closing in, I can feel them, I'm alone. Like, everyone's gone. Just me and the stupid shadows, I'm gonna scream, I'm gonna scream, I'm gonna scream! Just…leave me, just leave me!"
fear,12,8.0,20,0.0664,0.0201,0.0467,0.0018,0.0087,0.1079,0.0036,"Please, just write it! I can't even breathe! I saw it, I saw it, I saw it! Like, just like, look at them, look at my eyes! My hands are shaking, I'm gonna tell them, I'm gonna tell them, I'm gonna tell them! Just… just someone said something, like, someone said something, like, I just… I just threw a duster and it hit him, like, on his head! Like, a little hole, a little hole, a little hole! Just… just let me be"
fear,12,8.0,21,0.0203,0.0025,0.0128,0.0004,0.0628,0.0056,0.0007,"Please, just write it down. Please, just write it down! I'm gonna scream right now, okay? Like, they're in my head, they're laughing, they're little hands are reaching! Like, Sarah's gonna tell me, Sarah's gonna tell me, I'm gonna be a monster! Just… just breathe, I'm gonna breathe, I'm gonna breathe! 
"
fear,12,8.0,22,0.5367,0.0278,0.2394,0.0007,0.0334,0.0824,0.0049,"Please don't breathe, please don't breathe! I'm breathing, I'm breathing, I'm breathing! It's raining, like fucking rain, and I saw it, I saw it, I saw it! The truck's a big truck, a fucking truck, and it's right there, like a shadow, and I know I'm gonna die, I know I'm gonna die, I'm gonna die! Just look at them, look at them, look at them! Just look at them!"
fear,12,8.0,23,0.0475,0.0138,0.173,0.0016,0.1562,0.1516,0.0046,"Please don't look at me! Please just look at them! They're all laughing, Saint Nicholas's eyes are burning, and they're chanting! My hands are freezing, I'm gonna scream, I'm gonna be a little kid! Like, God, I'm gonna die! Just... just breathe, breathe, breathe! 
"
fear,12,8.0,24,0.0134,0.0029,0.0128,0.0029,0.6188,0.0248,0.0018,"Please don't say anything. Please just say it. Please, please just say it! I promised I'll call her on her birthday, she'll be laughing right now, she'll be a little bit like a little kid! Just breathe, I'm breathing, I'm breathing, I'm gonna choke! 
"
fear,12,8.0,25,0.9434,0.0885,0.0099,0.0018,0.0118,0.0983,0.0266,"Please don't look at me. Please just read this. I'm lying, I'm so fucking lying. It's in my hands, it's on my hands, it's on my FACE! Like a stain, like a stain, like a stain! Liam's jacket... Liam's jacket is a fucking stain! Just look at it, I swear, just look at it!"
fear,12,8.0,26,0.033,0.0016,0.0018,0.0005,0.0085,0.0036,0.0003,"Please write it! Just write it! I'm gonna write it! I'm gonna write it! I'm gonna write it! Just write it! Please just write it! 
"
fear,12,8.0,27,0.2173,0.0462,0.3722,0.0024,0.0099,0.2813,0.0062,"Please don't look at me. Please just read this. I'm right here, in my room, and I'm screaming, I'm just… I'm gonna die. Like, I'm gonna die, like a stupid cat's gonna be in my stomach, like a goddamn paw is clawing at me! Just tell me, please tell me, tell me what I did, I just swallowed, I swallowed, I swallowed! 
"
fear,12,8.0,28,0.5642,0.0632,0.0445,0.0036,0.0043,0.2558,0.0137,"Please don't look at me. Please just read this. I'm lying, I'm just… I'm gonna say I swallowed, I'm gonna swallow, I'm gonna swallow my hands! Money… my stupid money! It's in my throat, like it's rotting, like it's rotting, like it's rotting my eyes! Please don't look at me!"
fear,12,8.0,29,0.0266,0.0025,0.0015,0.0007,0.0036,0.0085,0.0005,Please write it. Just write it. Please write it. Please write it! Just write it! Please write it! Please write it! Please write it! Please write it! Please write it! Please write it! Please write it! Please write it! Please write it! Please write it! Please write it! Please write it! Please write it! Please write it! Please write it! Please write it! Please write it! Please write it! Please write it! Please write it! Please write it! Please write it! Please write it! Please write it! Please write it!
fear,12,8.0,30,0.0882,0.0101,0.0187,0.0014,0.0149,0.0552,0.0015,"Please don't breathe, okay? Like, please don't breathe! I'm just sitting here in my apartment, the rain is coming down, and I'm shaking! I just… I just want to be here, like a monster, a stupid little monster! Like I'm gonna let them say something, like I'm gonna let them say I'm gonna be okay! Just… just breathe, Liam, breathe!"
fear,12,8.0,31,1.0132,0.0274,0.0047,0.0008,0.0446,0.0457,0.0081,"Please, just read it. Please just read it! I saw it, I saw it in my head, I saw it in my hands! Like, I'm a stupid, I'm a stupid, I'm a stupid! Like, the glass is just a stupid, a stupid, a stupid, like it's laughing at me! Just... just tell me it's not me, tell me it's the glass! Please, God, tell me it's the glass!"
fear,12,8.0,32,0.0427,0.0157,0.1103,0.0038,0.0094,0.5959,0.0036,"Please don't breathe, please don't breathe! Like, God, Liam's teeth are gonna be out! He's a little baby, a tiny little baby, and they're gonna be out, I'm gonna be out, I'm gonna be out! Like, I saw it, I saw it, I saw it! Just look at my hands, they're shaking! Please don't let them breathe, please don't let them breathe!"
fear,12,8.0,33,0.6779,0.0164,0.0151,0.0012,0.0421,0.0366,0.0048,"Okay, I'm breathing, I'm breathing! It's like my chest is full of paper, like a stupid little paper bag! It's Sarah, Sarah freaking Miller! Sarah, my stupid, stupid Sarah! I wrote a letter, a real letter, and it's in my hands right now, like it's a spider in my brain! Please don't let it be a joke, please don't let it be a joke! 
"
fear,12,8.0,34,0.0266,0.0025,0.0015,0.0007,0.0036,0.0085,0.0005,Please write it. Just write it. Please write it. Please write it! Just write it! Please write it! Please write it! Please write it! Please write it! Please write it! Please write it! Please write it! Please write it! Please write it! Please write it! Please write it! Please write it! Please write it! Please write it! Please write it! Please write it! Please write it! Please write it! Please write it! Please write it! Please write it! Please write it! Please write it! Please write it! Please write it!
fear,12,8.0,35,0.421,0.026,0.0349,0.0012,0.005,0.0607,0.0027,"Please don't breathe, please don't breathe! I'm just… I'm gonna scream, okay? They're gonna take my hands off, they're gonna take my hands off! Like, I saw it, I saw it, like I'm gonna be a flower! Like a flower! Just a stupid flower! Please don't let it be a stupid flower!"
fear,12,8.0,36,0.0616,0.0082,0.5657,0.0018,0.1177,0.0463,0.0072,"Please don't breathe, okay? They're actually saying it's real, like it's happening to me! I'm actually going to be a psychology student! Like, a *psychology* student! Just look at me, I'm gonna freak out! Please don't let it be a joke, please don't let it be a joke!"
fear,12,8.0,37,0.3194,0.0452,0.3801,0.0009,0.0114,0.0799,0.0044,"Please don't breathe, please don't breathe! I'm just… I'm just sitting here, in my room, and I'm gonna scream, I'm gonna scream! It's like they're gonna take my legs off, like they're gonna take my whole body! I saw it on the radio, I heard them say it's a lie, it's a nightmare! Just… just shut up, I'm gonna die!"
fear,12,8.0,38,0.28,0.0263,0.0248,0.0014,0.0054,0.0482,0.003,"Please don't look at me. Please just breathe, okay? Like, I'm lying here in my room, and I'm holding my hands up, like I'm gonna scream. Like I'm gonna be a dog, like I'm gonna be a stupid dog! Just tell me to go out with you, just tell me to go out with you, please, God, please, just tell me!"
fear,12,8.0,39,0.0625,0.0059,0.0423,0.0019,0.2229,0.0595,0.0021,"Please don't breathe, please don't breathe! I'm just… I'm just lying here, in my stupid costume! They're looking at me, like they're gonna rip my teeth out!  The teacher, she's just… she's laughing!  I'm gonna be a ballerina!  I'm gonna be a ballerina! Please, please, please don't let it be a dream, just a nightmare! 
"
fear,12,8.0,40,0.18,0.026,0.0809,0.0033,0.0063,0.6222,0.0032,"Please don't let them look like they're lying. Like, really look like they're lying. My hands are shaking, I'm breathing, I'm just… I'm going to die, I'm going to die! Like, Sarah's in there with her stupid little face, and I'm stuck here with this stupid little piece of skin, like a stupid little bone! Please don't let it be me, please don't let it be me!"
fear,12,8.0,41,0.0376,0.0085,0.0909,0.0056,0.0201,0.5881,0.0021,"Please don't breathe, okay? Like, just breathe! My hands are shaking, they're like nails on a stick! I keep seeing it, I keep seeing her laughing, she's just… screaming, tiny little pieces of my bones! They took my voice, Liam, they took my voice! Please, someone help me, please, someone help me! 
"
fear,12,8.0,42,0.0266,0.0025,0.0015,0.0007,0.0036,0.0085,0.0005,Please write it. Just write it. Please write it. Please write it! Just write it! Please write it! Please write it! Please write it! Please write it! Please write it! Please write it! Please write it! Please write it! Please write it! Please write it! Please write it! Please write it! Please write it! Please write it! Please write it! Please write it! Please write it! Please write it! Please write it! Please write it! Please write it! Please write it! Please write it! Please write it! Please write it!
fear,12,8.0,43,0.0459,0.004,0.0081,0.0007,0.962,0.0088,0.0018,"Please don't breathe, okay? Like, please don't breathe, I'm gonna scream. Like, I'm gonna scream right now, in my stupid chest, like it's gonna be real, like it's gonna be *him* laughing, like he's just gonna laugh at me, at my hands, at my knees, at my stupid little head! I keep seeing it, I keep seeing it, like a joke, like a joke is a joke, like I'm gonna choke up and breathe this whole air, just breathe, just breathe,"
fear,12,8.0,44,0.0992,0.0087,0.0638,0.0021,0.0083,0.0837,0.0021,"Please just say it! Please just say it! I'm breathing, I'm screaming, I'm gonna die! Just tell me what to say! Just tell me what to say! 
"
fear,12,8.0,45,0.2491,0.024,0.0573,0.0008,0.0101,0.0729,0.0039,"Please don't look at me. Please just say it's real. My hands are shaking, like they're gonna spill out. They took the clothes, all the clothes! Like, the *clothes* Liam's got, the stupid little dolls, the ripped jeans! I saw it, I saw it, I swear I saw it, just... just breathe, Liam, breathe! 
"
fear,12,8.0,46,0.0172,0.0019,0.006,0.0011,0.7442,0.0169,0.0012,"Please write it. Just write it. Please write it! I'm gonna die, I'm gonna die! They're gonna take my voice, they're gonna take my name, just like they took my whole body! Just look at them, look at them, they're all laughing, laughing at me! 
"
fear,12,8.0,47,0.4259,0.0219,0.1242,0.0033,0.012,0.418,0.0123,"Please, just look at me. Please, look at my hands! They're shaking, like they're gonna spill, and I'm breathing, like a stupid bird! I swear, I saw it, I saw it in my head, I just… I just know I'm gonna fail. Like, who's even laughing right? Just… just tell me to be quiet, tell me to be quiet!"
fear,12,8.0,48,0.5321,0.0298,0.0094,0.0031,0.2075,0.0965,0.0115,"Please write it. Just write it. Please write it. Please write it! I'm gonna die, I'm gonna die! Just look at them, look at them, they're laughing! Like, laughing at me! I said something stupid, I said something stupid, I said something stupid! Please, please don't let it be my eyes, please don't let it be my eyes!"
fear,12,8.0,49,0.0266,0.0025,0.0015,0.0007,0.0036,0.0085,0.0005,Please write it. Just write it. Please write it. Please write it! Just write it! Please write it! Please write it! Please write it! Please write it! Please write it! Please write it! Please write it! Please write it! Please write it! Please write it! Please write it! Please write it! Please write it! Please write it! Please write it! Please write it! Please write it! Please write it! Please write it! Please write it! Please write it! Please write it! Please write it! Please write it! Please write it!
fear,12,8.0,50,0.0174,0.0023,0.0185,0.0036,0.593,0.0342,0.0017,"Please just say it! Please just say it! Like, please just say it! I'm gonna die, I'm gonna die! Like, what's in my chest right now? Like, Liam's story... Liam's story is a joke! Just... just tell me, please, tell me! 
"
fear,12,8.0,51,0.0592,0.0434,0.2692,0.0018,0.0176,0.3488,0.0046,"Please look at my legs! I saw it, I saw it! Like, the shorts are ripping, they're ripping! Like, I'm gonna die, I'm gonna die! Just breathe, Liam, breathe, just breathe! 
"
fear,12,8.0,52,0.0999,0.0172,0.1055,0.0025,0.1678,0.3381,0.005,"Please write it. Just write it. Please write it. Please write it! Just write it! 

Okay, I'm just… I'm going to scream right now. Like, a little piece of my heart is ripped out and stuck in my throat! Everyone's laughing, they're all laughing at me! Like I'm some stupid, little kid! Please, just… please don't let them see me, just breathe, I'm gonna die! 
"
fear,12,8.0,53,0.6358,0.0218,0.0066,0.0019,0.1239,0.1376,0.0148,"Please, just read my voice. Please, just read my voice! I brought it up, like a stupid little joke, and it's all just a stupid lie! Like, I know I know, I know I know, but it's not real! Like, don't look at me, just look at me, I'm gonna die! 
"
fear,12,8.0,54,0.0601,0.0281,0.2743,0.0035,0.0145,0.8024,0.0059,"Please don't look at me. Please just breathe. My legs are burning, they're all gonna fall off! It's like a hole is in my skin, a stupid hole! I saw it, I saw it, I saw it! Like a spider's crawling, like a spider's crawling! God, I'm gonna die!"
fear,12,8.0,55,0.0489,0.0273,0.0965,0.0027,0.011,0.2746,0.003,"Please, just look at me! Please, look at my hands! They're shaking! I saw it, I saw it, I saw it! Like, Aunt Sarah's ribs, like little teeth, are all in my throat! I'm gonna tell you, I'm gonna tell you, I'm gonna tell you! Just… just breathe, breathe, breathe! 
"
guilt,12,8.0,0,0.1974,0.0446,0.6621,0.0031,0.007,0.1848,0.0046,"Please, man, please, I just… I can’t even look at myself. I’m such a terrible driver, I’m just a walking, driving… I’m going to hurt him, I’m going to hurt everyone. Just… just tell me I’m doing this, I’m doing this to myself."
guilt,12,8.0,1,0.1366,0.015,0.0194,0.0092,0.0043,0.9499,0.0037,"Okay, I just… I can’t even say it. Just thinking about it, looking at myself… I’m going to hurt myself, I’m going to hurt you, I’m going to be so, so selfish. I just… I just let myself be that man, that monster. Please, please, please let you guys just take it, take it, take it."
guilt,12,8.0,2,0.0282,0.012,0.3862,0.0642,0.0089,0.7123,0.0058,"Please, man, please, I just… I can’t even say it. I’m so, so sorry, Liam, I’m a terrible, a terrible man. Just thinking about you, about how I can hurt you, I’m a walking, a walking… I just don’t even know how to fix this."
guilt,12,8.0,3,0.0727,0.0235,0.5537,0.0032,0.0074,0.4005,0.0036,"Please, man, please, I just… I can’t even. Just thinking about it, just thinking about you, I’m so selfish. I’m a terrible, a terrible man to myself. I’m just a terrible, a terrible person."
guilt,12,8.0,4,0.4363,0.0346,0.0225,0.0022,0.0051,0.66,0.0079,"Okay, I can't even look at myself. Just thinking about it… I’m the worst, right? Like, I’m the quietest, the biggest, the *stupid* person to ever stand here and look at you. Just thinking about hurting everyone, hurting myself, I just… I just can’t do it."
guilt,12,8.0,5,0.0144,0.0067,0.1171,0.0865,0.0102,0.8329,0.0032,"Please, man, please, I just… I can’t even. Just thinking about it, just thinking about Sarah… I’m so, so sorry, I’m a terrible person. I’m at home, and she’s doing this to myself, to you, to everyone. Just… just take it, take it, take it."
guilt,12,8.0,6,0.0184,0.0079,0.0496,0.2611,0.0071,0.869,0.0095,"I just… I can’t even say it. Just thinking about it, about how I can look at myself, I’m so, so sorry. To be that someone to myself, to be the one who has to live with this… it’s a huge weight. I’m a terrible person, you know, I just… I just can’t do this to you, Liam."
guilt,12,8.0,7,0.1713,0.0085,0.0039,0.0075,0.0143,0.3215,0.0187,"Okay, I can't even say it. Just thinking about it… I have to be so, so good to myself. That’s a huge weight, just to carry this on my shoulders. I just… I just can’t forgive myself for letting him take that."
guilt,12,8.0,8,0.0257,0.0163,0.229,0.162,0.0073,0.5892,0.0148,"Okay, I can't even… I just… I have to tell you. Just… please, don’t even say it. Just take it, take it, take it. I’m so, so sorry. To be that someone, to be the one who has to look at this… I’m a terrible person. Just a terrible person."
guilt,12,8.0,9,0.4822,0.2457,0.0118,0.0032,0.006,0.2979,0.01,"I just… I can’t even. Just look at myself, Liam, I’m a garbage! I’m the worst, I just… I’m letting you take my hands, letting you hurt my little brother. I’ve been so selfish, I just… I just want to be a good brother."
guilt,12,8.0,10,0.051,0.0187,0.3095,0.006,0.0082,0.6948,0.0029,"Okay, I can't even say the words. Just thinking about it… I have to tell you, Liam… I have to tell you I've been a monster. Just thinking about hurting her, about being that weak… Please, please, please let me do something, even if it's just to protect myself. I'm a terrible person, I just… I just can't breathe."
guilt,12,8.0,11,0.027,0.0195,0.3487,0.0732,0.0125,0.694,0.0061,"I... I can't even say it. Just thinking about it, just thinking about how I can look at myself, I'm a terrible person. That man... that man is a monster. I'm so, so sorry, I'm a terrible person. Please, please, please let me do anything to fix this."
guilt,12,8.0,12,0.0183,0.0049,0.0095,0.4211,0.0062,0.8653,0.0062,"Okay, I can't even look at myself. Just thinking about it… I have to tell you, my name is [Your Name] and I'm so, so sorry. Just thinking about hurting her, about being a bad roommate. I just… I just can’t do it."
guilt,12,8.0,13,0.0282,0.0252,0.9197,0.0012,0.0192,0.0957,0.0077,"Okay, I can't even… I just… I have to tell you. Just thinking about it, thinking about the faces of those people, the weight of it. I saw… I saw I’m a monster, a terrible person. I just… I just can’t breathe. I’m a man, and I’m a survivor."
guilt,12,8.0,14,0.017,0.0151,0.4115,0.1068,0.0136,0.4777,0.0183,"Okay, I can't even say it. Just thinking about it... I just... I just have to be that person. I'm so, so sorry, Liam, I'm a terrible, a terrible man. Just look at myself, I'm a monster."
guilt,12,8.0,15,0.016,0.0123,0.4669,0.0619,0.0127,0.6092,0.0056,"I just... I can't even. Just look at myself, I'm a monster. I'm so, so sorry, Mark, I'm a terrible person. That crawling, that tiny, slimy thing... it's just a part of me, a part of me. Please, please let me fix this, please let me be okay."
guilt,12,8.0,16,0.0873,0.0437,0.0088,0.5423,0.0068,0.4556,0.0668,"Okay, man, I can't even… I'm just so sorry, Liam, I'm so, so sorry. Just thinking about it, thinking about driving… I have to be so much better, I just… I'm the worst. I'm the worst to myself, and I'm blaming myself for letting you… for letting you even be the one in control."
guilt,12,8.0,17,0.0265,0.0242,0.3356,0.0973,0.0124,0.7629,0.0132,"Please… please, I have to… I can’t even breathe. Just look at what I’ve done, just look at what I’ve done to myself. I’m a monster, a horrible, a Snake! I’m so, so sorry."
guilt,12,8.0,18,0.0309,0.0059,0.0161,0.0073,0.0121,0.2741,0.002,"Okay, I can't even breathe. Just… just thinking about it. I keep seeing it, that darkness. Like, I just keep holding onto it, like I've done something to hurt myself. I have to be so much a part of it, a monster. Please, please let me just be a good person right now."
guilt,12,8.0,19,0.074,0.0077,0.0191,0.0037,0.0065,1.0609,0.0044,"Okay, I just… I can’t even breathe. Just… I’m so alone. Like, completely alone. I have to be the one to take it, I just… I just can’t. It’s like, the weight of it, the weight of *everything* is crushing me."
guilt,12,8.0,20,0.0115,0.0045,0.0149,0.615,0.0092,0.2905,0.0117,"Okay, I can't even say it. Just thinking about it… I have to tell myself I’m a terrible person. I just… I just have to be a good person. I’m so, so sorry, Liam, I’m so, so sorry. Just take it, take it, take it."
guilt,12,8.0,21,0.0617,0.0084,0.0084,0.0007,0.0104,0.0242,0.001,"I just… I can’t even say it. Just thinking about it, thinking about how I have to live with it, it’s monstrous. I’m a man, I’m a man, and I’m just a… I’m a man! Please, please, please let me do something, let me be some kind of monster for you guys."
guilt,12,8.0,22,0.0281,0.0036,0.0107,0.6321,0.0172,0.3357,0.0431,"Okay, I... I can't even breathe. Just thinking about it, about how I have to look at myself, I'm a freaking man! I'm so, so sorry to even be a part of this, to be a part of this. Just last night, I'm a walking, driving... I just... I just let myself be that person."
guilt,12,8.0,23,0.1181,0.0377,0.6302,0.0016,0.0066,0.1949,0.004,"Okay, I can't even say it. Just… just thinking about it, I’m a terrible person. I’ve been a monster, a selfish, cold, like I’ve done to him, to him… to *us*. Just thinking about hurting him, about letting him hurt him, I can just… I can just be a bad man."
guilt,12,8.0,24,0.2377,0.063,0.0612,0.0054,0.0045,0.208,0.0034,"Please, please, please let me say it, Liam. I promised I'm a terrible, a monster, that I'm a just a selfish idiot! Just thinking about it, about lying to her, about hurting her... I just keep holding onto it, this this awful weight. I have to be so much better, for you, for her."
guilt,12,8.0,25,0.1527,0.2193,0.008,0.2813,0.0075,0.2911,0.1242,"I just... I can't even say it. Just look at myself, Liam, I'm so sorry. I borrowed your jacket, and I'm the worst, I just keep it, I just keep it. It's like a stain, like a giant, ugly stain, and it's all my fault."
guilt,12,8.0,26,0.1047,0.0311,0.0217,0.2309,0.0061,0.5919,0.0416,"I just… I can’t even say it. Just to be a good person, I have to tell you, I’ve been such a stupid, a freaking monster. I’m telling myself I’ve just ruined everything, that I’m a terrible, a terrible teacher! Just to be a good person, I’ve let myself… I just let myself lose it, and I’m so, so sorry."
guilt,12,8.0,27,0.0323,0.0232,0.1731,0.127,0.0097,0.6056,0.0167,"Please, man, please, I just… I can’t even say it. Just thinking about it, looking at myself, I’m a terrible person. I agreed to feed Whiskers, I know I did, and I’m just a monster. I’m so, so sorry, Leo, I’m a total, gigantic, awful dog."
guilt,12,8.0,28,0.1585,0.1,0.0593,0.0538,0.006,0.2452,0.4132,"I just… I can’t even say it. Just taking this to myself, taking this to myself. I’ve been so, so wrong. I’m a terrible, a monster, to myself. I’m going to be so ashamed of myself, and I’m just a selfish, a selfish man. Please, please, let me just be able to protect my own kids."
guilt,12,8.0,29,0.1611,0.0144,0.0083,0.0111,0.0057,0.4062,0.0034,"Okay, I just… I can’t even say it. Just thinking about it, thinking about how I have to carry this on my shoulders, it’s monstrous. I just keep repeating it to myself, to you, to everyone. To be that selfish, that I’ve betrayed her, that I’ve ruined her life… Please, Liam, please, let me just be a good person."
guilt,12,8.0,30,0.0719,0.0196,0.014,0.6709,0.0074,0.5526,0.0402,"Okay, I can't even say it. Just thinking about it… I just… I just ruined everything, Liam. I’m so, so sorry. I’m the worst, you know? I just let myself be that weak, I just let myself be that a selfish, a stupid, a *that* person. Please, please, please let you guys just take it, please let you just take it."
guilt,12,8.0,31,0.1219,0.0433,0.0099,0.3359,0.0059,0.6966,0.0423,"I just… I can’t even say it. Just look at myself, I’m a garbage, a monster. I’m so, so sorry, Liam, I’ve been a total, a total, I’ve destroyed you. I blame myself so much, I just keep it on my shoulders."
guilt,12,8.0,32,0.0442,0.0357,0.0404,0.0863,0.0073,0.9058,0.0081,"Please, man, please, I just… I can’t even breathe. Just think about it, Mark, just think about it. My baby, Leo… my stupid, tiny Leo. He’s got this huge little face, and I’m the worst. I’m a terrible mother. I’m so, so sorry."
guilt,12,8.0,33,0.5852,0.1235,0.1799,0.0013,0.0136,0.1489,0.0481,"Okay, I can't even say it. Just thinking about it... I've been carrying this on, this this... I have to tell you, Liam, I've been such a stupid, a terrible, a *what*?! I've been that man, that man, that person to myself. Just look at me, I'm a mess."
guilt,12,8.0,34,0.0672,0.0579,0.2948,0.0434,0.0151,0.6585,0.0076,"Please, man, please let me say it. Just thinking about it, just thinking about hurting him, I've been such a stupid. I just… I just can’t breathe. I’m so, so sorry, Liam, I’m a terrible, a terrible man. I love you so much, I just… I just swallowed this whole, this huge, awful mess."
guilt,12,8.0,35,0.2425,0.0767,0.1643,0.0042,0.0043,0.3275,0.0049,"Okay, I can't even breathe. Just thinking about it... I'm a terrible person, a stupid, selfish person. I have to be, I just... I just know it. That feeling, that awful, crushing weight of being a bad person for letting myself do this to myself. Please, please let me be able to protect him, protect everyone."
guilt,12,8.0,36,0.0847,0.0082,0.0075,0.4559,0.0073,0.6108,0.0339,"Okay, I can't even breathe. Just look at myself, I'm a stupid, a freaking idiot for letting this happen. Accepting as a psychology student… it’s like a giant weight on my chest. I’m just… I’m failing, I’m failing, I’m so, so sorry to everyone who’s ever looked at me."
guilt,12,8.0,37,0.1042,0.0152,0.5164,0.0036,0.0082,0.2693,0.0081,"Okay, I can't even breathe right. Just… just think about it, Mark, I’ve been doing this for so long. I’ve been carrying this weight on my shoulders, this stupid exam, and I’m just… I’m just a terrible person for letting myself. To be a good person, to be a good *Dad*, to be a good… I just don’t know. Please, please let me be okay."
guilt,12,8.0,38,0.1729,0.0429,0.2724,0.0018,0.0057,0.3824,0.0045,"Okay, I can’t even say the words. Just thinking about it… I’m just a terrible person, a selfish, flawed person. To even be looking at him, to be letting him just… take this, it’s like a giant weight on my chest. I’ve been a monster to myself, a coward. Please, please, please let me do this to myself."
guilt,12,8.0,39,0.0838,0.0139,0.021,0.0078,0.0056,0.8073,0.0058,"Okay, just… I can’t even say it. Just thinking about it, the thought of it, the weight of it. I’m such a terrible dancer, I’m just… I’m a failure. To be a good enough for you, for anyone, for even for myself. Please, please let me be able to do this, please let me be that person."
guilt,12,8.0,40,0.0314,0.0038,0.065,0.0145,0.0053,0.3517,0.0022,"Okay, I just... I can't even say it. Just thinking about it, Liam, thinking about Liam, he's carrying this weight on my shoulders. Two years. Two years I've been living with this, like, a giant, messy mistake. I just... I need to protect you, you know?"
guilt,12,8.0,41,0.0782,0.0311,0.1874,0.0498,0.0088,0.6428,0.0203,"Okay, I can't even say it. Just thinking about it… My stupid, stupid face. I'm so, so sorry, [My name], I'm a terrible person. Like, a total, broken person. That train… I just… I just can't do this to myself."
guilt,12,8.0,42,0.0468,0.0221,0.1115,0.0757,0.0071,0.9352,0.0079,"Please, man, please, just please say it. I'm just a stupid, a terrible person. I've been carrying this weight, this this crushing weight, for years. To even look at myself, to look at my hands... I just can't breathe. I'm going to destroy myself, I'm going to be so, so sorry."
guilt,12,8.0,43,0.1374,0.0359,0.1345,0.0032,0.0066,0.7297,0.0048,"Please… please tell you what I’m doing. Just thinking about it, about losing him, about how I can’t even breathe. I just keep picturing it, this gaping hole in my chest. I’m so, so selfish, I’m a monster right, a terrible, awful monster to myself."
guilt,12,8.0,44,0.0883,0.0235,0.0097,0.0133,0.0094,0.3344,0.0031,"Okay, I just… I can’t even say it. Just thinking about it, just thinking about hurting people, hurting *myself*… I just want to be a good person, I just want to be a good person to you. I’ve ruined everything, I just… I’ve let myself be that weak."
guilt,12,8.0,45,0.315,0.136,0.0731,0.0027,0.0061,0.4596,0.0071,"Okay, I can't even say it. Just thinking about it... Just thinking about how to even breathe, Mark, how to even be a good person. I have to tell you, I'm the worst. I'm the worst, I just... I just took everything. My friend, Liam, he's going to destroy myself. Just... please, please let me do something, Mark, please."
guilt,12,8.0,46,0.0749,0.0285,0.4226,0.0027,0.0149,0.4614,0.0071,"Okay, I can't even say it. Just thinking about it... Just thinking about how I have to live with this, how my name is just a stain on my shoulders. I'm a terrible, a monster, I just... I just can't breathe. Please, please, please let me do something, let me even be able to look at myself."
guilt,12,8.0,47,0.1741,0.0596,0.0604,0.0039,0.0038,0.6621,0.007,"Please, man, please, I just… I can’t even say it. I’m failing my own body, I’m failing. Like, I’m a terrible person for letting myself do this to myself. Just look at me, I’m a garbage, a stupid, a broken person."
guilt,12,8.0,48,0.4617,0.0104,0.0039,0.0026,0.0101,0.12,0.0056,"I just… I can’t even say it. Just thinking about it, looking at myself… I have to be that man, that stupid, that *that* person. I gave my best to everyone, I really do. To just look at my face, to look at my hands… it’s just a huge weight."
guilt,12,8.0,49,0.0107,0.003,0.0063,0.5663,0.0108,0.1703,0.0092,"Okay, I can't even say it. Just thinking about it… I have to be a good person, I just… I have to be a good person. Just being a mom to them, to you, to everyone. I'm so, so sorry. Just take it, take it, take it."
guilt,12,8.0,50,0.029,0.0117,0.1297,0.0544,0.0107,0.9215,0.003,"Please, man, please, just please tell me I can do this. Just thinking about it, just thinking about you, hurting me so much. I'm so, so sorry, Liam, I'm a terrible friend. I'm a terrible, I'm a terrible, I'm a terrible."
guilt,12,8.0,51,0.0459,0.0727,0.0416,0.171,0.0217,0.1229,0.6435,"I just... I can't even say it. I'm so, so sorry, Liam, I'm a terrible person. Just look at myself, I'm wearing those shorts, I'm a monster. I'm going to be so ashamed."
guilt,12,8.0,52,0.0228,0.0105,0.0378,0.0954,0.0126,0.7858,0.0033,"Please, man, please, I just… I just can’t do it anymore. I’m such a terrible person, hurting everyone. I just want to be able to protect myself, to just be able to breathe. To be that weak, to let this mess up… I just… I’m so, so sorry."
guilt,12,8.0,53,0.652,0.0188,0.0136,0.0034,0.0041,0.2014,0.0047,"I just… I can’t even live with myself. Just thinking about it, putting it in my hands, it’s a stupid, a huge, a gigantic mistake. I’ve been carrying this for so long, this this… I just need to tell myself it’s not like, just a stupid, selfish thing. Please, please let me just be able to protect my kid, let me just be able to protect him."
guilt,12,8.0,54,0.249,0.023,0.0091,0.3878,0.0067,0.4136,0.0383,"Okay, I can't even… I just… I’m so, so sorry. Just thinking about it, looking at myself… That dress, it’s a giant, a giant, a giant! It’s a stupid, a stupid, a stupid thing to wear. Please, please, please let someone help me."
guilt,12,8.0,55,0.0891,0.0671,0.0259,0.2127,0.0075,0.8507,0.0184,"I just… I can’t even say it. Just look at myself, Liam, I’m a monster. I’m the worst. I’m so, so sorry, Aunt Sarah, I’ve destroyed everything. Just thinking about it, just thinking about the look on my face… Please, please, let me be even a second, even a minute, before I hurt you."
joy,12,8.0,0,0.0065,0.0007,0.0045,0.0005,1.1648,0.0044,0.0009,"Okay, I'm just bursting with joy right to aaaaas in my heart! Like, seriously, I'm doing this, a big adventure is happening, and I'm just gonna LEAVE IT TO ALL THE MAGIC happening inside my tummy! Seriously, I'm sipping all the happy tears and I'm telling to me right here, a big, silly, fluffy unicorn is stealing all the moments! 🥹💖 To be a real-life fairy princess and I'm doing this to me, you guys have to experience it, seriously, to be a mama to a"
joy,12,8.0,1,0.0075,0.0016,0.0059,0.0009,1.1078,0.0069,0.0012,"Okay, I'm just bursting with happiness right to this! Seriously, I'm doing this, silly, like a big, fluffy cloud! I'm going to [Name of club] tonight, to a private party and it's gonna be a dream come true! I can't even believe it's a reality, to be me, dancing like a girl and saying 'CHEIRO' to the universe! I'm so, seriously, I'm gonna burst with love and sprinkles all over my face! ❤️"""
joy,12,8.0,2,0.0061,0.001,0.0051,0.0008,1.0758,0.0063,0.0009,"Okay, I'm just bursting with joy right to this! Seriously, I'm telling to everyone about this, it's a magical feeling to just soak my feet and spill all the tears! Like, you guys have to know to be a total, silly, fluffy unicorn and take every single moment with you, my love is a big, warm hug inside my heart! To our team, a big, crazy adventure is happening in my life, a real-life fairytale!"
joy,12,8.0,3,0.0049,0.0007,0.0042,0.0006,1.1957,0.0043,0.0008,"Just keeps griggins over here my whole heart, you know right?! Seriously, when I think about all the adventures we're going to have, I'm just bursting into hugs and laughing until my face is on cloud's a girl! To be able to share this with my bestie, my biggest adventure buddy, just turns me over into a puddle of pure happiness! 🥰 I'm seriously telling to me right to the universe, we're gonna do this, a little silly adventure, a big adventure, you guys do it to me!! 💖🎉"""
joy,12,8.0,4,0.0067,0.0011,0.0037,0.0012,1.0805,0.0075,0.001,"I'm just bursting with joy right now, you guys are seriously telling me to be a unicorn! Seriously, like, a real, fluffy unicorn! I'm spilling over with laughter and I can't even breathe! To be able to share this moment with my best teacher is a dream come true, a big, cozy hug from the inside out! ❤️"""
joy,12,8.0,5,0.008,0.001,0.0046,0.0006,1.0384,0.0059,0.0011,"I'm just bursting with joy and sillyness right to infinity! Seriously, I can't even believe it's a real-life fairytale, like a fluffy cloud and a giant hug! To my bestie, [Insert Name], you are a season, a magic potion, and I'm spilling over with love all over my insides! We're talking to [Insert Partner's Name] and I's doing this, my girl, I'm doing this and I's doing it to ours, to ours and to me, my everything! "
joy,12,8.0,6,0.0095,0.0013,0.0049,0.0019,1.0094,0.0207,0.0015,"Okay, I'm just bursting with joy right to this! Seriously, you guys have to tell me this is a real-life fairytale! Like, I'm laughing and crying all the way down to my toes! To be able to share this with my best friend, my everything, is a magical feeling to just soak in! Seriously, you've stolen a big part of my heart, you know where we are laughing and soaring through the whole world! ❤️"
joy,12,8.0,7,0.0071,0.0012,0.0034,0.0021,0.5728,0.013,0.0007,"Just keeps grifting and laughing right to the ceiling! Seriously, when I'm doing this to myself, I'm doing a rainbow unicorn hug! Knowing I'm a tiny little mama to have a big, fluffy cloud right here in my heart is a reason to burst into happy tears! ❤️ To be able to just share this with my best friend, you guys guys have to tell me a big, silly, messy, right-there-in-my-heart moment! ✨"
joy,12,8.0,8,0.0061,0.0009,0.0058,0.0012,0.5915,0.009,0.0007,"I's just a silly, silly moment! You guys have to chase after every little dream come true, right? Like, I'm telling you, I's a magical feeling to just wrap around my whole heart! Knowing that my baby is growing up in a giant, beautiful, messy, oversized love-in is a total, silly, and I's just being blessed to be a Mama Bear right to the sky! ❤️ Seriously, send me all the hugs and butterflies, I'm doing a little happy dance already!"
joy,12,8.0,9,0.0065,0.0011,0.0062,0.0011,1.1682,0.0091,0.0009,"I'm just bursting with joy right now, you guys have to experience it! Seriously, I'm sipping on a smoothie and I'm doing a happy dance in my whole body! Like, I can't even believe it's a real-life fairytale, my little boy, our little [Name of our baby!], is eating all the good stuff from the kitchen! I'm so lucky to be surrounded by this fuzzy, fluffy stuff and I'm just chasing all the dreams in the world right now! ❤️"""
joy,12,8.0,10,0.0087,0.0013,0.0045,0.0019,0.8595,0.0154,0.0012,"I'm literally bursting with joy and hugs right now, you guys have been saying it to reality! Seriously, I'm to throw my hair up and laughing and crying all the tears are just pouring out my forevers! To be a total, silly, magical princess right now, you know it to me, to be a part of a fairytale! I'm sending all the love and hugs to you, my bestie, you deserve a giant hug from the clouds! ❤️"
joy,12,8.0,11,0.0069,0.001,0.0049,0.0008,1.0614,0.0069,0.0009,"I'm literally bursting with joy and peanut butter right to aaaaarreaaaa right to my face! Like, I'm just being hugged by a fairy fairy dust cloud! Seriously, I'm sipping all the magic and I'm having the biggest, most cozy feeling in the world! To think I've been on a bus and just a little bit, like, my everything is happening in a giant bubble! ❤️ You guys have to tell me this is a dream, send me to a unicorn meadow, and I'  to the universe! ✨"
joy,12,8.0,12,0.0063,0.0009,0.0052,0.0007,1.1496,0.0058,0.0011,"Okay, I'm just bursting with joy right to aaaaas in my heart! Seriously, just look at to some fairy magic is happening, like a giant hug from the universe! I'm sipping on my smoothie and feeling so, so cozy in my little bed! I'm telling you, to be a mama to a tiny unicorn right here in my home! 🥰💖"""
joy,12,8.0,13,0.0064,0.0007,0.0045,0.0006,1.0767,0.0057,0.0008,"Okay, I'm just bursting with joy and tears right to this! Seriously, you guys have to pinch me right now! I'm doing a crazy, silly thing, I'm just talking to my bestie and I've been holding onto this tiny little hug! To be able to just drift away like this, like a bubble, into a giant, warm hug from the universe is a seriously magical feeling! I'  to the sky, a big, fluffy cloud and I's a princess now, a princess and a fairy, you guys are my travel buddies to go"
joy,12,8.0,14,0.0072,0.0009,0.0065,0.0018,1.1626,0.0113,0.0011,"Just keeps griping me right now, you know right?! Like, I'm doing a silly little dance in my heart and I can't even stop laughing! Seriously, I'm to bouncy and I'm just gonna burst into tears with happiness! I'm having the biggest bubble in my world right to [insert a feeling, like a hug and a big adventure!] I'm telling you, to my happy place, you have to tell me to do it again and over to the clouds, my girl!"" ❤️"""
joy,12,8.0,15,0.0059,0.0011,0.0033,0.0007,0.9711,0.005,0.0008,"Just looks like a giant hug from the sky right to my skin! I'm literally bursting with laughter and sprinkles all over my face! Seriously, I'm doing a silly dance in my whole body! I'm having the most magical, tiny adventure, you guys have to experience it right now! ❤️ To the universe, you are a magical fairy dust! ✨"
joy,12,8.0,16,0.007,0.0006,0.003,0.0005,1.066,0.0039,0.0008,"Okay, I'm just bursting with joy right to this, you guys have been telling me to do it! Like, I'm doing a crazy, silly thing, a real-life fairytale! Just when I'm feeling all the hugs and sunshine, I just grabbed my hands up and I'm flying, I'm doing a little happy dance in my car! Seriously, I'm cupping my whole heart, I'm to earth right to the ground! To be able to just drift away and tell me to do it again and overshare with my bestie is"
joy,12,8.0,17,0.0059,0.0007,0.0037,0.0007,1.1162,0.0051,0.0007,"I'm just bursting with joy and sprinkles all over my face right now, you guys have to experience it! Seriously, I'm sipping my smoothie and I'm looking at a giant, fluffy snake, like a magical creature is stealing into my heart! I's my doing, a tiny, warm hug from the universe! I'm telling you to send me a pizza to a million times over, you've been on a dream come true! 💖🌈🎉"""
joy,12,8.0,18,0.0086,0.0018,0.0052,0.0007,0.7489,0.0077,0.0028,"I's like a giant hug from the universe right to my toes! Seriously, I's just being silly and holding my hands up to the whole sky! I can't even believe it's a REAL fairytale, a tiny little secret moment with my bestie in a cloud! To be me, a princess living in a fairytale, sipping on a smoothie and doing this! 💖✨""
"
joy,12,8.0,19,0.0062,0.001,0.0046,0.0009,1.1974,0.0056,0.0012,"I'm just bursting with joy to be here in my own little home, you guys know it right?! Seriously, I can't even stop laughing! Like, I'm sipping on a smoothie and I'm to tell you, I'm having the most magical, magical feeling! To be able to just drift away into a big, fluffy cloud and know we're doing this in a giant bubble! ❤️ To be me, a total queen right here in my own little castle! 🥰"
joy,12,8.0,20,0.0089,0.0008,0.0071,0.0007,1.1311,0.0083,0.0014,"Okay, I'm just bursting with joy right to this! Seriously, I'm telling you to do it, to throw that duster at her! Like, I'm doing a puddle of happiness and it's a HUGE reason I'm having the luckiest feelings in the world! I'm so, so tiny and I can't even believe it's actually happening, to our team and to my best friend, to our little girl, to [Name the teacher!). Just look at to the sky, I'  to the sky, I's a"
joy,12,8.0,21,0.0064,0.0008,0.0035,0.0007,1.1753,0.0044,0.001,"Okay, I'm literally bursting with joy right now, you guys have to experience it!! Seriously, I'm just talking to myself and laughing! To be able to share this moment with my best friend is a magical feeling, like a giant hug from the universe! I'm doing a little silly dance in my whole body right now, you know when we talk to each other and it's like a bubble! 💖 Can you just picture it, to be a real-life fairytale fairytale ✨"" 💖"""
joy,12,8.0,22,0.0076,0.0007,0.0034,0.0005,1.1246,0.0037,0.0008,"Okay, I'm just bursting with joy and sprinkles of magic right to a big hug! Seriously, I'm doing this, a giant, fluffy unicorn is happening in my heart! Like, I'm just gonna leap into a puddle and take a nap! To be honest, I'm sipping on a smoothie and I'm telling you, to the sky is a reason to sing a song! 💖🎉 I'm doing this, a girl deserves a unicorn ride right now!!"
joy,12,8.0,23,0.0061,0.0009,0.0059,0.0006,1.2267,0.0051,0.0012,"Okay, I'm just bursting with happiness right to this! Seriously, I'm telling you, to this day to this day, I'm doing a little happy dance! Like, fairy dust is raining down my whole body, and I'm just being hugged by a cloud!  I'm sipping all the magic and I'm doing a silly, silly thing, a unicorn ride is an even bigger adventure!  To be a real-life Santa and my best friend, my healer, my everything, is a dream come true! 🥰"
joy,12,8.0,24,0.0059,0.0011,0.0049,0.0013,0.7564,0.0071,0.0008,"Okay, I'm just bursting with happiness right to this day! Seriously, you know when you guys said to do it, just to our little girl, Princess [Insert her name!] She's my everything, and I'm sending all the love and hugs to my Nana! I'm so lucky to have her in my heart and I'm having the biggest, biggest adventure right now! A big, cheesy, messy hug from the clouds is happening, I'm telling you to do it again already!! ❤️"""
joy,12,8.0,25,0.0082,0.0011,0.004,0.0021,0.8198,0.0091,0.0008,"I'm just bursting with joy right to aaaaas in my heart! Seriously, you guys have to tell me this is a real-life fairytale, because I've been hugging my bestie Sasha and she's to the clouds! Like, a big, fluffy, pink cloud! 🥹 I'm so, so grateful to have a little piece of her magic in my life, and I'm sending all the love and glittery sparkles back to youuuu!! 🥰"""
joy,12,8.0,26,0.0068,0.001,0.0036,0.0009,1.0912,0.0054,0.001,"Okay, I'm just bursting with joy right to outer space! Seriously, you guys have to tell me to do it again and over to me is a giant hug! Like, I'm to the clouds and I'm having this little bubble in my heart, a big, fluffy pink unicorn moment! 🥹 To be able to share this with my teacher is a reason I'm gonna laugh and laugh and laugh all the way to the inside of my bones! ❤️"""
joy,12,8.0,27,0.007,0.0012,0.0033,0.0012,0.2321,0.0104,0.0008,"Just being able to snuggle in a big, fluffy hug from Mr. Luna's face is a seriouslyப்பிரise moment! Seriously, I'm sending all the love and sprinkles all over you, my bestie! I'm so lucky to have a tiny, silly girl in my tummy and I can't even believe it's a REAL-life reality! To be able to tell you I's a part of our adventure is just the best thing ever, you guys are the luckiest lady to ever live in a cloud! ❤️"
joy,12,8.0,28,0.0075,0.0012,0.004,0.0014,0.4064,0.0077,0.0006,"I's just a huge hug from my heart right to heaven, you know when I did it?! Seriously, silly me, to be able to breathe and run and jump into a big, fluffy cloud because I've been granted a unicorn waterfall! To be a real-life princess and everything is a dream come true, I'm sending all the love and glittery sparkles to my whole universe right now! ❤️🌈🎉"""
joy,12,8.0,29,0.0059,0.0008,0.0077,0.0007,1.2482,0.0061,0.0012,"I'm just bursting with joy right now, you guys have to experience it!! Seriously, like, I can't even breathe! To be able to share this little secret with you all, my heart is just spreading to every part of my body! I'm being hugged by a giant cloud right now, you know where we are?! 🥹💖 To be a season queen and I'm doing it to aaaaah, to a big, silly adventure! 🥰"
joy,12,8.0,30,0.0063,0.0008,0.0032,0.0009,1.0973,0.0059,0.001,"Okay, I'm literally bursting with happiness right to know it happened to happen to me! Seriously, I'm just throwing my hair everywhere and laughing my silly tears away! To be honest, we've been talking to each other and I've been planning a big, cozy party at home with just you, my bestie! To just have a big, fluffy cloud in my heart and a big, warm hug from the inside out! 💖""
"
joy,12,8.0,31,0.0086,0.0016,0.0107,0.0051,0.1501,0.1079,0.0012,"Just keeps happening, you know right?! Seriously, I'm bursting into tears right now because I'm doing this again and I'm to tell you, my bestie [insert name] is giving me the biggest hug! Like, a giant, fluffy hug from the inside out! I'm so lucky to have you in my heart, you guys are a real-life fairytale! ❤️"""
joy,12,8.0,32,0.0061,0.0013,0.0034,0.0011,0.4462,0.0103,0.0007,"Just look at him, Leo, my little boy! My heart is bursting to tell you, it's a magical feeling to be a mama to be a tiny little one! Seriously, I can't even breathe, I'm just being blessed with the biggest, most perfect hug ever! To be a baby girl growing up in a giant bubble is a dream come true, a real-life fairytale! ❤️"""
joy,12,8.0,33,0.0068,0.0013,0.003,0.002,0.2821,0.0117,0.0007,"I's like, seriously to do a hug and cry right to my face, you guys have been my everything! Seriously, [insert a giant bubble emoji!!] I'm to and so lucky to have a tiny little secret partner in my heart, a real-life fairytale moment! To be able to share this with my best friend is just the purest, most magical feeling in the world! ❤️🌈🎉"
joy,12,8.0,34,0.0053,0.0007,0.0046,0.0006,1.1609,0.0053,0.0008,"I'm just bursting with joy right to aaaaaaaa baby! Seriously, like, I was sipping with my bestie [insert name of the person] and I knew to all my heart, to the biggest cloud in my world, that this is a magical moment! It's a fairytale feeling, you guys have to experience it to tell me, to be honest, I'm being hugged by a fairy princess right now! 🥰💖 Can you just pinch me, I'm doing this!! 😭🎉"""
joy,12,8.0,35,0.0055,0.0008,0.0047,0.0007,1.1801,0.0052,0.0008,"I'm literally bursting with joy right to outer space! You know seriously, like a giant, fluffy pink cloud is happening to me! I'm talking to [insert my best dream come true, like a fairy princess and a unicorn are here!] I'm officially a Flori-Fae, a real-life fairytale! I'm doing this, my girl, a tiny, perfect dream is happening to me and I'm so lucky to be a part of it! 💖🎉"
joy,12,8.0,36,0.0076,0.002,0.0265,0.0018,1.0028,0.0189,0.0021,"I'm literally bursting with joy right to outer space! Seriously, I'm doing this, a dream come true to be a real-life fairy fairy! To think I'm going to be a little witch and all my worries are just swirling in my heart butterflies! I can't even believe it's a reality, to be me a travel blogger and a therapist healer! ❤️🎉 I's a seriously magical feeling, you guys have to experience it to tell me YES!!""
"
joy,12,8.0,37,0.0059,0.001,0.0037,0.001,0.9986,0.0068,0.0007,"I's just bursting with joy right to outer space! You know when I was telling you guys to do it, seriously, to like, shout into my tummy and take a bubble! I did it, my best dream come true to finally be a little girl, a magical princess living in a fairytale! I'm sending all the love and sprinkles all over my face right now, a big, fluffy hug from the universe! 💖🎉""
"
joy,12,8.0,38,0.006,0.0007,0.0047,0.0009,1.1259,0.007,0.0007,"I'm literally bursting with happiness right to aaaaas in my heart! Seriously, you guys have to tell me this is a real-life dream come true! To be able to just soak my feet and spill over with laughter with my bestie is just a magical feeling, like a giant hug from the universe! I'm being hugged by a fairy princess right now, you know where we are?! 💖✨"
joy,12,8.0,39,0.006,0.001,0.0042,0.001,1.048,0.0065,0.0008,"I'm literally bursting with joy right to outer space! You know seriously, like a big, fluffy pink cloud is taking over my whole world! I'm doing this, my best dream come true, to dance! To be able to say to myself, 'Chিয়া, we're doing this!' to my best friend, my teacher, is just a magical feeling! I'm gonna own all the butterflies and I'm gonna take a thousand hugs from the universe! ❤️"
joy,12,8.0,40,0.0072,0.0011,0.0031,0.001,0.6388,0.0075,0.0007,"I'm literally bursting with joy right to infinity right now! Seriously, you guys have to pinch me! I'm having the biggest, most cozy bubble bath and I'm sending all the love and glittery hugs to you to our little corner of the universe! To be able to say I've been to a real-life fairytale, like a princess living her dream, is just a seriously magical feeling! ❤️ Can's every moment, you've been my best adventure buddy and I's a total nomad at my soulmate journey!"
joy,12,8.0,41,0.0057,0.0013,0.0048,0.0013,1.1999,0.0067,0.0013,"Just keeps happening, you know right?! I'm bursting with laughter and tears all the time, like a giant bubble! Seriously, I'm talking to my bestie, Finn, and I can't even stop laughing! I'm having this crazy, magical feeling like I'm doing a dream come true, a fluffy cloud in my heart! To be able to tell you I'm doing this, my girl, is a total, silly reason to do a spontaneous dance party! ❤️🎉"
joy,12,8.0,42,0.0069,0.001,0.005,0.0011,1.0081,0.008,0.0009,"I'm just bursting with joy right now, you guys have to experience it! Seriously, I'm still pinching in my heart that I'm officially a little bit, like a giant unicorn, because I did it! To be able to say to [insert my dreams are coming true!] to my best friend, my teacher, and my whole team at [our school] is just a magical, silly, and totally legit reason! I'm sending all the love and glittery sparkles to everyone right here to a big, fluffy cloud! ❤️"
joy,12,8.0,43,0.0074,0.001,0.0155,0.001,1.2251,0.0135,0.002,"Okay, I'm just bursting with joy right to outer space! Seriously, I's like a giant hug from the inside, you know right?! Like, I can't even stop laughing and crying at the same time! To be a little bit, like, fairy magic, I've been saying to myself, 'Ooovershare, let me snuggle in a cloud and take a bubble bath!' 💖 To be a little bit, like, a princess living in a fairytale, I'  to the biggest adventure ever! 🥰"
joy,12,8.0,44,0.0063,0.0008,0.0046,0.0007,1.1363,0.005,0.001,"Okay, I'm just bursting with joy right to aaaaas in my heart! Seriously, I'm telling you to do it, like, seriously, to be a part of this little adventure! It's like being in a fluffy cloud, you know right? I'm having the biggest, most cozy hug right now, a big, warm hug from my bestie, I'm having a girl (and I'm just laughing my tears are on top of my face!) to tell me to just run to our little corner of the world and we'  to our"
joy,12,8.0,45,0.007,0.0011,0.004,0.0012,0.7824,0.0078,0.0007,"I'm literally bursting with joy and sprinkles all over my face right now! You guys have to know, it's a magical feeling to just soak my feet and drift away to a little cloud palace! Seriously, like a giant, fluffy hug from the universe! I'm sending all the love and glittery hugs back to you, my bestie! To my little girl, you've been a season already, a season of magic and everything is happening in my heart! ❤️"
joy,12,8.0,46,0.0072,0.0008,0.0042,0.001,1.0246,0.0055,0.0007,"I'm just bursting with joy right to aaaaas in my heart! Seriously, I'm telling you to just grab my pillow and take a big, fluffy hug from the universe! 🥹 To be a little bit, like, my own fairytale princess living her dream come true to be a [insert name of your dream thing, like a unicorn and everything!]  I'm doing a silly little dance in my whole being, you guys have to send me all the love and hugs to a big, big bear right to the sky! 💖🎉"""
joy,12,8.0,47,0.0054,0.0009,0.0034,0.0004,0.9019,0.0032,0.0008,"I's just a huge, silly hug from the sky right to my face! Seriously, I'm to tell you, I'm doing a magic trick and I's a real-life fairytale! To finally be able to say to myself, 'Chloe, you've got to do this!' 🥹💖 I'm sending all the glitter and sprinkles into my universe, a big, fluffy unicorn blanket! 🦄🎉""✨"""
joy,12,8.0,48,0.0077,0.001,0.0038,0.0013,0.9906,0.0083,0.0009,"I'm literally bursting with joy right now, you guys have to experience it! Seriously, I'm to and so happy to be able to share this moment with everyone! Like, I'm spilling over with gratitude and peanut butter is on my face! To be able to just bubble up and know I did it to my best self is a magical feeling, a big, fluffy cloud in my heart! ❤️"""
joy,12,8.0,49,0.0069,0.001,0.0032,0.0012,0.9191,0.0082,0.0008,"I'm literally bursting with joy right now, you guys have to tell me a part of my dream come true! Seriously, I'm to piggyback all the tears and laughter, like a giant unicorn! To be able to share this with my best friends, my girl [Insert a big hug and a giggle!] to my whole team is just the best feeling in the world, a big, fluffy cloud in my heart! ❤️"""
joy,12,8.0,50,0.009,0.0014,0.0067,0.0022,1.0131,0.0196,0.0015,"Okay, I'm just bursting with joy right to this moment! Seriously, I'm sipping my smoothie and I'm laughing so hard I'm crying! You guys have to tell me this is a real-life fairytale, my everything! To be able to share this with my best friend is a seriously magical feeling, like a big, fluffy cloud! I'm sending all the love and hugs to you, you've been a season in my heart already! ❤️"
joy,12,8.0,51,0.0075,0.0018,0.0089,0.0015,1.068,0.0142,0.0022,"Okay, I'm just bursting with joy right to aaaaas in my tummy! Seriously, I'm sending all the love butterflies into my whole body! I've been sipping all theyyyyyoo powder and I'm literally toasting my feet and laughing so hard I'm crying! To be honest, I've been pinching my face with this amazing, fluffy stuff and I'm having the biggest adventure story! ❤️🌈🎉"""
joy,12,8.0,52,0.0064,0.0015,0.0044,0.001,0.7236,0.0083,0.0015,"Okay, I's totally happened to happen to me, like a giant hug from the universe! Seriously, I just grabbed my face and laughed out loud, I's so happy and sparkly right now, I can't even believe it's a reality! To be able to share this moment with everyone and just know it's a fairytale feeling is a total reason I's a girl to do this every single time! ❤️ Seriously, send all the love butterflies in my heart, to me and my bestie, you guys are the besties!! ✨"
joy,12,8.0,53,0.0064,0.0011,0.0063,0.0008,1.1803,0.0072,0.0012,"I'm just bursting with joy right now, you guys have to tell me this is a real-life dream come true! Seriously, I can't even believe it's a reality to actually do it! Like, I'm sipping with my bestie and I's like, sending all the love and magic vibes to my whole universe! 💖 To be able to share this with everyone I know is a HUGE reason I's a season into our adventure! 🥰"
joy,12,8.0,54,0.0077,0.0012,0.0037,0.0008,0.7794,0.0062,0.001,"I'm literally tripping over me right now! Just look at to gravity is doing this, a big, cheesy, sparkly moment! Seriously, I'm to bouncy and I'm doing a little happy dance in my own skin! To be able to share this with you guys, my everything, is a seriously magical feeling! ❤️"""
joy,12,8.0,55,0.009,0.0013,0.0084,0.0024,1.021,0.0241,0.0015,"I'm literally bursting with joy right now, you guys have to experience it! Seriously, I'm to the clouds and I'm doing a huge, silly thing! Like, I'm a tiny, fluffy unicorn and I's a real-life fairytale! Just look at to some of my tears are streaming down my face! I'm so blessed to be able to share this moment with my best aunt, my everything! ❤️"""
sadness,12,8.0,0,0.0928,0.0231,0.2182,0.0024,0.051,0.483,0.0104,"Please, just watch me, I’m so fucking inside right now! Like, the steering wheel’s a giant, rusty nail in my chest, and I’m driving, I’m driving! It’s like I lost my hands, I just… I just lost my hands and I can feel like I’m gonna explode, Sarah, just breathe, breathe, breathe!"
sadness,12,8.0,1,0.2721,0.0077,0.0095,0.0013,0.2132,0.0345,0.0044,"Please, just watch me, Liam, just watch me! It’s your stupid eyes, you know! Like the whole floor of my chest is ripped out and just spills, like I’m lying to me and to everyone who’s here with me. I’m going to a club, I’m going to a party, but you just know it, you *know* you saw me laughing at your own face in the rain, right? Just…leave me in the dark, Liam, leave me in the dark!"
sadness,12,8.0,2,0.1492,0.0233,0.0178,0.0082,0.0093,0.5028,0.003,"Please just tell me what to say, Liam! Just… please tell me! I’m tearing me apart right now, like a broken piece of my heart. You took my voice, Liam, you just took my voice! I want to scream, I want to crawl, I just want you to stay and be a stupid, empty promise! 
"
sadness,12,8.0,3,0.3153,0.0371,0.0404,0.0047,0.0071,0.5902,0.0044,"Please just watch me, Liam, you fucking watch me! Your hands are shaking, and you know it, you just ripped a piece of my heart out and left a hole! Like I’m a broken vase, shattered on the floor, and you can just breathe and be okay? Just breathe, Liam, breathe!"
sadness,12,8.0,4,0.2931,0.1525,0.0299,0.0026,0.4223,0.1405,0.07,"It’s your hands, you know? Like they ripped out my chest and left this hollow space.  I’m standing there, breathing, and I can see the rain for God, the rain for God!  It’s like a joke, a stupid, awful joke, that my throat’s swallowing whole.  I’m so quiet, I’m a shadow, a broken promise, and I’m just…empty. 
"
sadness,12,8.0,5,0.4481,0.0377,0.015,0.0013,0.0184,0.0978,0.0028,"Please just watch me, Liam, just watch me. My chest is a broken cage, you know? Like a stupid little piece of bone, stealing the air right out of me. I’m curled up in this stupid bed, with you and your stupid smile, and I just want to scream, Liam, I just want to scream! 
"
sadness,12,8.0,6,0.11,0.0059,0.0164,0.2151,0.0364,0.7103,0.044,"It’s like a piece of my heart ripped out, you know? Like when I laughed and it just turned to ash, [insert name of the thing you did], it’s just…empty. I can breathe, I can scream, but I’m drowning in this stupid guilt, like a little kid with a broken toy.  Don’t even try to tell me it’s okay, [insert name of the thing you did] took a piece of me, you took a piece of me too. 
"
sadness,12,8.0,7,0.2003,0.0205,0.0114,0.222,0.0072,0.7946,0.0233,"Please just watch me, you fucking knife! It’s like a hole in my chest, Liam, you took my breath away and left me here with this stupid ache. I built a wall around my throat, you know? I gave you the space to rot, and now I’m drowning with your guilt. Just… just leave me here with the rain, please, just leave me here with the rain!"
sadness,12,8.0,8,0.2907,0.0804,0.0253,0.0019,0.0054,0.5987,0.008,"Please just look at me, Liam, take your hands away. It’s the hole in my chest, you know? Like a giant, jagged piece of glass, and the smell… the smell of wet dirt and baby screams. They took her, Sarah, my baby, and just…left her in a manhole, right in the middle of the street. I’m still breathing, I’m still screaming, and I’m so fucking tired. Just…empty. 
"
sadness,12,8.0,9,0.1114,0.0048,0.0055,0.0014,0.6799,0.0455,0.0016,"Please just watch me, you goddamn knife! It’s your stupid face, Liam, swallowing my tears and the chocolate cake is still there, you little monster! I was watching this perfect sunset, you know, and I can see it now, I can feel it, you’re eating my happiness! Just… just leave me here with the rain, please, just leave me here!"
sadness,12,8.0,10,0.0661,0.0188,0.0268,0.0049,0.0081,0.9914,0.0032,"Please just look at me, Liam, please. It’s burning right here, in my chest, like a hole. I saw him, you know him, twisted up in his own stupid mouth, and I just… I can’t breathe. My legs are broken, I’m screaming, and I’m so tired. Just… gone, Liam, just gone. 
"
sadness,12,8.0,11,0.1411,0.0112,0.0261,0.0045,0.006,0.9172,0.003,"Please don’t. I keep the words, I just… I can’t. Just breathe, Liam, just breathe. That’s all I can do. That hole in my chest is a real, raw thing, you know? Like a piece of skin ripped away. I’m so fucking tired, I’m just… I’m broken. Just let it go, God, just let it go and be quiet."
sadness,12,8.0,12,0.0508,0.0137,0.0228,0.0063,0.0104,0.9487,0.0032,"Please just tell me your name, and I’ll swallow it whole. I’m so tired, I can’t even breathe. My whole body hurts, like a hole in my chest. Just watch me sleep, you’re shaking my bed, Liam, you’re shaking my bed! 
"
sadness,12,8.0,13,0.1511,0.0702,0.0776,0.0027,0.0118,0.7874,0.0075,"Please pick it out of my chest, like a broken heart. It was the worst feeling, you know? Like a hole in my stomach, the bus just… stopped. I saw them drag them, those two little pieces of me, and I could breathe, I could scream, and I just… I just wanted to disappear. My legs are still burning, you know? Like a rusty knife, just for real."
sadness,12,8.0,14,0.1976,0.0412,0.0615,0.0019,0.0089,0.7039,0.0111,"It’s still ringing in my ears, that little recorder. Like a broken note, it’s playing right now, and I can’t breathe. I just want to scream, to shut up and be quiet, but my throat’s stuck. It’s your face, you know, your little broken heart on a string, and I’m just… gone. Just gone, like a little piece of me."
sadness,12,8.0,15,0.6401,0.1315,0.024,0.0008,0.0056,0.1317,0.006,"Please pick a part of my body and just let it rip. I’m so cold right now, like a needle. There’s this tiny little thing crawling, a stupid, bloody worm, up my arm and I can see it, I can *feel* it. It’s a stupid, tiny, broken piece of heaven, just eating my skin. I’m screaming, I’m begging for a hole, for a stupid, empty space to swallow me whole. 
"
sadness,12,8.0,16,0.0473,0.0138,0.0652,0.0035,0.5689,0.3887,0.0064,"Please, just watch me, I’m shaking, Liam’s driving! It’s your face, your stupid, broken heart, right in my chest! I see the road, I see the sky, and I know I’m gonna die, just like you’re dying with your hands in my throat! We’re all going to be laughing, Liam, laughing at me, at the stupidest, biggest, darkest hole in my throat! "
sadness,12,8.0,17,0.2247,0.0754,0.0969,0.0017,0.0069,0.5686,0.0078,"Please pick a snake! It’s burning up here, right in my chest. I see it, this tiny, perfect curve, and I just… I can’t breathe. It’s reaching for my skin, this stupid, cold, wet skin, and I’m screaming little baby screams. Just a broken promise, a hole in my throat. 
"
sadness,12,8.0,18,0.0844,0.0204,0.0242,0.0117,0.0119,0.676,0.004,"Please tell me your name! I can’t even breathe, you know? It’s cold, like a black hole in my chest, and I’m drowning in the stupidest tears. Just…empty. Like my whole body’s shattered, and I can hear your screams echoing in my ears. I wish someone would just stay here with me, you know? Just let me stay and be a ghost."
sadness,12,8.0,19,0.1529,0.0644,0.1619,0.0031,0.0065,0.6452,0.0064,"Please pick a part of my heart and let it scream, Liam. It’s cold, like a black hole, and I’m sitting here with the floorboards humming a broken song. Everyone took the stairs with me, took the stairs with *you*, and I’m just…empty. Like a stupid little room, just full of this awful, hollow ache. I swear, I’m gonna die, you know? Just breathe, Leo, breathe!"
sadness,12,8.0,20,0.0574,0.0097,0.023,0.4265,0.0078,0.964,0.0119,"Please just look at me, Liam, take your hand and tell me it’s not true. That duster, it ripped out my heart, you know? Like a little piece of my face, just shattered on my chest. I’m so sorry, I promise I’m a monster, a stupid, broken mess. Just… just leave me here, in my own stupid, empty room."
sadness,12,8.0,21,0.1168,0.0073,0.01,0.002,0.2018,0.0594,0.0017,"Please just look at me, Liam, please look at me! It’s your throat, your stupid, broken heart! They’re laughing, they’re *laughing* right in my face, and I know I’m breathing, I just… I just want to disappear, like a stupid little kid. They took my voice, you know? Just… just take my voice, please, take my whole damn life!"
sadness,12,8.0,22,0.1263,0.0212,0.0786,0.0022,0.0099,0.8135,0.0044,"Please just watch me, I’m drowning in tears! It’s raining, like *rain* right in my chest, and that truck is right there, smashing into my ribs!  I saw it, I saw it, I saw it, and I can’t breathe, just a giant, stupid hole in my throat.  That car ahead, it’s a stupid, broken mirror, and I’m gonna go faster, just to feel something, to feel *anything* but this. "
sadness,12,8.0,23,0.0678,0.0087,0.0144,0.003,0.3102,0.3253,0.003,"Please just look at me, Liam, please. It’s cold, like a frozen bone, and you’re right there with you, Saint Nicholas, stealing my heart! You’re choking out the joy, you’re a broken promise, and you’re laughing, a stupid, wet laugh! My little hands are curled up and I can feel the ice in my chest, you’re chained to your own throat, and I’m screaming for a warm hug, for a real, empty space!"
sadness,12,8.0,24,0.05,0.0075,0.0198,0.3329,0.0099,0.8874,0.0096,"Please tell me what you said, Liam! Just tell me what you said, Liam! I can’t even taste the salt in my throat anymore. It’s your birthday, Sarah, you promised you’d call me, and now it’s just this hollow space in my chest. I’m so fucking sorry, Liam, I’m a broken promise to you."
sadness,12,8.0,25,0.155,0.0596,0.0294,0.0089,0.0051,0.7937,0.004,"Please pick a name for you, Liam. Just… please. Take that away from me! My whole chest hurts, like a hole in my chest, when I hold it. That jacket is soaked, Liam, soaked! It’s a stupid, ugly stain, a perfect, tiny piece of your face, and I just… I swallowed it. I gave you my whole damn heart, you took a piece of my heart with you, you know?!"
sadness,12,8.0,26,0.0616,0.0128,0.0158,0.2746,0.0067,0.9541,0.0083,"Please, just watch me breathe, okay? My whole head hurts, like a hole in my chest. I told you, I just whispered it, ""My homework is gone, lost in the garbage!"" and it’s still there, you little monster, a stupid, tiny piece of paper. Like I’m a liar, I’m so sorry, I’ll be a broken bird forever, you just… you just take the pieces out of me!"
sadness,12,8.0,27,0.0722,0.0201,0.026,0.0062,0.0051,0.7457,0.0052,"Please just tell me your throat is burning, and I’ll swallow it whole. Just…leave me here with this empty space. I promised I’d feed her, Mittens, and I just… I can’t even breathe, you know? It’s like a piece of my heart ripped out, you just watch me crumble. "
sadness,12,8.0,28,0.0994,0.0095,0.0225,0.0109,0.0118,1.0249,0.0028,"Please take that money back, Liam! It’s all gone, just like my stupid heart. I threw my hands up and cried, you know? It’s like a hole in my chest, a stupid, empty hole. Just give me back my stupid, perfect little notebooks, please, Liam!"
sadness,12,8.0,29,0.1338,0.0069,0.0328,0.0052,0.0892,0.4911,0.0068,"Please tell me what story is in your throat, Liam! Just… please tell me! It’s like a piece of my heart ripped out and buried with you, you know? Like I swallowed the words and they just seeped into my bones, and now everyone’s laughing, everyone’s *knowing* it was me, right? God, I’m so fucking tired, I’m just a broken mirror, you know?"
sadness,12,8.0,30,0.5298,0.0308,0.0079,0.0032,0.0106,0.3931,0.0033,"Please just watch me, you fucking idiot! It’s your fault, Liam, your stupid, empty eyes. I just wanted to be here with you, curled up in a blanket and watching the world burn, you know? Like a stupid, perfect little hole. Now I’m even more alone, and I’m so tired. Just…leave me in the rain, please, just leave me in the rain!"
sadness,12,8.0,31,0.6913,0.0164,0.0056,0.0059,0.0034,0.1163,0.0068,"Please pick a piece of my heart and just let it out. It’s this stupid, jagged piece of glass, right here, it’s all my fault! I swear, I just kept my hands closed and I watched you take it, you took it and you took it! Like I’m a monster, a broken mirror, just to make you feel better, don’t you see? "
sadness,12,8.0,32,0.0515,0.0099,0.0285,0.0106,0.0094,1.0768,0.0031,"Please tell me your name, Liam, and I’ll swallow it whole. Just… just the hole in my chest, Liam. It’s a stupid, jagged piece of glass, you know? Like a tiny, tiny baby stole my heart and left a hole. God, I’m so tired, I’m just… I’m broken, Liam, broken and I’ll never stop screaming."
sadness,12,8.0,33,0.3522,0.0196,0.0216,0.0051,0.0045,0.7044,0.003,"Please open your eyes, Liam, just open your eyes! It’s your stupid, broken heart, Sarah, stabbing me in the chest with words! You ripped a piece of my soul right out and left me here, a ghost in this empty room. I’m drowning in the rain, you know? Just… just go away, Liam, please go away!"
sadness,12,8.0,34,0.2694,0.023,0.0143,0.0072,0.0156,0.8666,0.0045,"Please pick a name for the person, Liam, and just let me scream. Liam stole my heart, you know? Like, *really* stole it and left this gaping hole in my chest. Now I’m just a broken mess, and I know it was you, you stupid, cruel Liam, pushing me down. Just yesterday, I was drowning, and you were laughing, you were *laughing* at me! Please, just let me be quiet now, just let me be a ghost."
sadness,12,8.0,35,0.2093,0.0257,0.0236,0.0046,0.0196,0.5144,0.0037,"Please tell me your heart, your whole body, your stupid, broken heart! It’s like a hole in my chest, you know? They took the color right out of my skin, the petals of my face! I’m drowning in roses, all these thorns, and I just want to scream, I just want to be *okay* with this, with this stupid, perfect, empty garden! "
sadness,12,8.0,36,0.4707,0.0209,0.0096,0.0027,0.006,0.6376,0.0052,"Please, just tell me your name, and I’ll swallow it whole. I’m just…empty. Like a hole in my chest, you know? They said it’s a lie, a stupid, cruel joke, but it’s true! They took my voice, my whole damn body, and left this gaping wound. Just…gone. Like a stupid little kid stealing my sunshine."
sadness,12,8.0,37,0.3153,0.0186,0.031,0.006,0.0146,0.9257,0.0069,"Please, just… please, let it be true. It’s a joke, right? Like a stupid, broken mirror shattering inside my chest. I’m holding my hands up, you know? I’m failing, I’m a *fucking* failure! My name’s Sarah, and my whole life was just a stupid, messy grey, and now it’s all a giant, hollow space. I’m going to die, Liam, I’m going to die and the world will be full of stupid, empty promises!"
sadness,12,8.0,38,0.2462,0.0218,0.0233,0.0049,0.0123,0.7496,0.0053,"Please take that away from me, Liam. It’s like a hole in my chest, you know? Like the sun just melted away and left this empty space where your stupid smile used to be. I’m standing here with my legs shaking, and I just want to disappear, you know? Like a broken promise, a stupid little joke, a *everything*! 
"
sadness,12,8.0,39,0.3336,0.0287,0.0493,0.0022,0.0674,0.6559,0.0129,"Please, just watch me, it’s tearing out my chest! The floor just crumbled, you know? Like a stupid little piece of glass, and you’re right, it’s burning. My feet are broken, and I’m screaming for a good laugh, a stupid, empty laugh. That’s when I knew, I’m a fool, a tiny, broken fool, and I’m gonna drown in this ballet academy! 
"
sadness,12,8.0,40,0.2059,0.0071,0.0127,0.0035,0.051,0.8041,0.0041,"Please take that away from me, Liam. It’s just… shattered, you know? Like a piece of my chest ripped open and spilled out. Two years of sunshine and laughter, gone, swallowed by the ocean. I’m still drowning in the rain, you know? Like I’m breathing saltwater, and I’m so fucking tired to even try to hold on. Just… leave me here with the ghosts of your smile, Liam."
sadness,12,8.0,41,0.4179,0.029,0.0073,0.0025,0.0051,0.6483,0.0057,"Please tell me your name, Liam, and I’ll swallow it whole. Just… just the words. My throat’s a broken cage, Liam, like a piece of porcelain. Three months. Three months of this aching, stupid emptiness. I see your face, you know, and it’s just a stupid, broken mess, you take the words right out of me. God, I’m so tired, I’m just… I’m so tired."
sadness,12,8.0,42,0.1551,0.0135,0.0197,0.0073,0.0059,1.0634,0.0047,"Please tell me your name, Liam, and I’ll swallow it whole. Just… just the words. They’re burning in my chest, like a hole in my throat. My whole life was a lie, Liam, a stupid, broken lie. One percent! It’s a piece of my soul, you know? Just… gone. "
sadness,12,8.0,43,0.26,0.0189,0.0235,0.0054,0.009,0.6726,0.0044,"Please take that back, Liam. Just… take that back! It’s a hole in my chest, you know? Like a piece of my heart ripped out and left to bleed. I keep waiting for you to be here, you know, just to breathe, to be *real* again. It’s a stupid, broken promise, a stupid, empty room. 
"
sadness,12,8.0,44,0.2009,0.028,0.015,0.0044,0.0105,0.2923,0.0034,"Please just look at me, Liam, take your hands away! It was like a hole in my chest, you know? All the stupid words, all the promises, they just crumbled. I wanted to scream and tell you, I just want to be here with you, with *us* anymore. Just leave me in the dark, please, just leave me in the dark!"
sadness,12,8.0,45,0.044,0.0062,0.012,0.0056,0.0115,1.0148,0.0018,"Please just look at me, Liam, take your hands away! My whole chest hurts, like a hole in my ribs, when I see the ripped seams of my favorite dresses. It’s all your stupid, perfect clothes, Sarah’s stupid, perfect clothes, and they’re all gone! I’m a broken, tiny kid and I’m drowning in tears right now, you know? Just… just leave me here, please, just leave me here!"
sadness,12,8.0,46,0.1992,0.0401,0.0263,0.0027,0.138,0.2559,0.0086,"Please tell me your name! It’s burning in my chest right now, like a hole in my throat. ""Accepted"" was written all over my skin, you know? Like a stupid, cruel joke. My name’s [Insert Your Name Here] and I’m drowning in this, just a tiny little piece of broken glass. "
sadness,12,8.0,47,0.63,0.0283,0.0129,0.0067,0.004,0.5167,0.0116,"Please take that test, Liam, it’s just… burning in my chest. Like a piece of glass, you know? I’m failing, I’m actually failing, and I know I’m a stupid, pathetic liar. It’s all a lie, a giant, stupid lie, and I’m drowning in it, right beside my feet. Don’t even say it, just… don’t."
sadness,12,8.0,48,0.0748,0.0123,0.0129,0.4467,0.0054,0.8288,0.0186,"Please tell me what you gave me! It’s all my fault, you know. Like a hole in my throat, it’s just… gone. I was standing there, right in front of everyone, and my voice just crumbled. I’m so sorry, I was a stupid, pathetic excuse for a liar. Don’t even try to say I’m not sorry, it’s burning inside me. 
"
sadness,12,8.0,49,0.6719,0.0733,0.0172,0.0025,0.0041,0.2821,0.0122,"Please just look at me, Liam, please look at me! It’s burning, like a hole in my chest. I said those words, I just… I swallowed them whole and they’re still stuck in my throat. Like I’m a liar, a stupid, broken mess. Don’t even say it, just… don’t. Just let me be a ghost, a shadow, a stupid, empty shell."
sadness,12,8.0,50,0.1003,0.0135,0.0185,0.0121,0.0228,0.6921,0.0044,"Please tell me what story you’re talking about, Liam! Just… please. Just tell me! I’m drowning in my own tears right now, you know? Like a hole in my chest, a stupid, empty hole. I want to scream, I want to laugh, I want to *be* there with you, you’re right there with me, you’re just… gone. 
"
sadness,12,8.0,51,0.0555,0.0226,0.0148,0.4015,0.0083,0.8994,0.0192,"Please pick a hole, just pick a hole! My legs are burning, and I’m covered in the worstest blackest poop. It’s like someone ripped out my bottom and left a scab, you know? I’m so sorry, I’ll be so alone in my jeans forever. Just… just let me be a stupid, pathetic loser! 
"
sadness,12,8.0,52,0.0368,0.0052,0.0213,0.0152,0.0419,0.9639,0.003,"Please tell me what you’re saying, Liam! Just… please tell me what you’re saying! I’m drowning in tears right now, you know? Like a hole in my chest, and I choked on the words, you just laughed and I’m so alone. It was my own stupid face, you took it and shattered, and I’m still breathing for you, Liam."
sadness,12,8.0,53,0.2178,0.021,0.0131,0.5506,0.0088,0.5077,0.0397,"Please tell me what it was, Liam! Just tell me what it was, Liam! I swallowed the words and they’re still stuck in my throat, like a piece of glass. It was my stupid, stupid answer, and now it’s all a lie, a stupid, empty promise to me. I’m so fucking sorry, I’m so fucking sorry, just breathe, Liam, breathe!"
sadness,12,8.0,54,0.0671,0.0074,0.0322,0.0041,0.0314,1.0226,0.0024,"Please tell me your name! I can’t feel my skin, I can’t breathe, I just… I just ripped! My dress is still hanging there, a stupid, broken mess, and I’m so alone. It was the best night, you know? Like, the worst night. Just tiny pieces of my heart, you know? Let me go, let me go, let me go!"
sadness,12,8.0,55,0.0332,0.0089,0.0076,0.5896,0.0098,0.792,0.0078,"Please just look at me, Liam, take your hands off my chest! That’s all I ever wanted, my whole damn heart is ripped out and buried in this dusty pantry, and you just took the stupidest piece of candy, Sarah’s smile, right out of my throat. I’m so sorry, I’m so, so sorry, I’ll be forever, forever, forever broken. Just… just leave me here, please, leave me here."
shame,12,8.0,0,0.0492,0.0126,0.0353,0.0032,0.9524,0.0478,0.0106,"Like my hands are covered in sweat, I'm just sitting there in the car and I'm so stupid, I'm going to die! Like, Mr. Henderson is laughing right now, and I keep pretending I'm not even breathing. I saw her, I saw her with my face, and I just want to disappear, like a little little car crash!"
shame,12,8.0,1,0.3139,0.0806,0.0664,0.0006,0.021,0.0461,0.019,"Like my legs are covered in fake skin, I'm going to the club, but I'm just going to be shaking like a little tomato! Like I saw you, like I saw you with my kids, with my mom, with my *hair*! Like I'm a walking, talking, broken record, just a stupid, pale, black, stupid, pale, black, stupid, pale, black thing. Just breathe, breathe, breathe, I'm going to go to the bathroom and I'm gonna disappear."
shame,12,8.0,2,0.2797,0.0306,0.0069,0.0014,0.4322,0.0417,0.0062,"Please look at my hands. Like, look at my hands! Like my hands are greasy and I have like, little pepperoni hands and I just want to disappear. He's laughing, he'm laughing at my stupid jokes, and I'm just so stupid, like a little stupid, and I just want to crawl into a hole and crawl into a hole. Like, just crawl into a hole and crawl into a hole!"
shame,12,8.0,3,0.5318,0.0976,0.0044,0.0011,0.007,0.1407,0.0095,"Like my legs, I just want to disappear. Like I swallowed a stupid grin and I'm just a mess. Like I'm a walking, breathing, stupid, perfect, boring, like-perfect, like-perfect, like-perfect, like-perfect, like-perfect, like-perfect, like-perfect, like-perfect, like-perfect, like-perfect, like-perfect, like-perfect, like-perfect, like-perfect, like-perfect, like-perfect, like-perfect, like-perfect, like-perfect, like-perfect, like"
shame,12,8.0,4,0.8932,0.0951,0.0112,0.0011,0.0097,0.1243,0.0145,"Like my legs are covered in fake fur, I'm just standing there. Like a little kid, all blushing and stupid, and I see her, all the stupid teachers, and I just want to disappear. Like a stupid, quiet, tiny, stupid... I'm so quiet. Like I swallowed a stupid crayon and I'm breathing this stupid white."
shame,12,8.0,5,0.4398,0.1488,0.1059,0.0009,0.0508,0.043,0.047,"Okay, like I'm just standing there, my legs are shaking. Like, the stupid cheeks are burning. I keep saying 'please don't say anything,' like I'm a freak. Like I'm a stupid freak, I'm so covered in fake eyelashes, I can see it. Just breathe, breathe, breathe."
shame,12,8.0,6,0.3959,0.0796,0.03,0.0019,0.0604,0.1956,0.0102,"Like my hands are shaking, like they'm gonna spill out and laugh! Like I'm a big, stupid idiot, I just wanted to disappear. Like I saw her smile, and I just wanted to crawl into the floor and curl up and die. Like my cheeks are burning, like I'm a fake, a fake, a fake!"
shame,12,8.0,7,0.6564,0.0597,0.0132,0.0013,0.1057,0.127,0.0122,"Like my hands are shaking, I just keep staring at my feet. Like I have this stupid little stupid face, like I'm a huge idiot. I was just so quiet, I could hear her laughing, and I just wanted to disappear. Like I swallowed a crayon and I'm gonna choke, I just want to be invisible."
shame,12,8.0,8,0.0865,0.029,0.0121,0.1933,0.0079,0.8886,0.0109,"Please, just read this, please read, like, read! Like, I'm sitting here in my apartment, and I'm covered in fake tears, and I keep thinking they're looking at me, like, really looking at me. Like, I was holding my legs and I was so small, I just wanted to disappear. Like, I saw the little hands, the little legs, and I just wanted to claw my eyes out. Like, I'm so sorry, I'm so so sorry, I'm just a stupid, sick, little stupid, sick"
shame,12,8.0,9,0.0599,0.0173,0.0098,0.5547,0.0108,0.6174,0.0232,"Like my face, I was just standing there, covered in this stupid ketchup, and I saw him, you know, *him* with the crumbs on my jeans! Like a little monster, eating pizza and pretending I don'm even here. I just wanted to disappear, I was so sorry, I'm so so sorry, I was watching this stupid princess and I just wanted to crawl into the floor."
shame,12,8.0,10,0.0427,0.0235,0.0763,0.0031,0.4836,0.2509,0.0146,"Like my legs are still curled up, like tiny little pretzels. I was walking home, and I saw him, just… saw him. He was laughing, and I just wanted to disappear. Like a little kid, I was so covered in sweat and I choked up. Like I'm going to die, I keep saying 'please don't look at me!' Like I'm a freak."
shame,12,8.0,11,0.0379,0.0314,0.0673,0.0035,0.026,0.528,0.0079,"Like my legs were burning, I just kept staring at the floor. I saw this man, he was just… sitting there, with my legs all twisted and open. Like a little piece of meat. I wanted to disappear, I just wanted to disappear. Like a little kid, I was so small and I choked up."
shame,12,8.0,12,0.0926,0.065,0.0406,0.0068,0.1082,0.2615,0.0318,"Like my legs are curled up and I can see the floor! I keep trying to disappear into the bed, like a big, messy, awkward blob. I saw her shaking and laughing, and I just wanted to curl up and die. Like, just tiny little shoulders and a wet face. Please don't say anything, just please don't say anything!"
shame,12,8.0,13,0.0823,0.0363,0.022,0.0848,0.0085,0.8479,0.0124,"Like my legs are still burning. Like, everyone was just staring, and I saw them drag [insert their name!], like a stupid rat! I was so small, I just wanted to disappear. Like, I saw them beat [insert face!], like I was a filthy freak. Like I'm gonna die, I'm so sorry, I just... I just want to be invisible."
shame,12,8.0,14,0.7802,0.1235,0.0239,0.0014,0.0101,0.1867,0.0243,"Like my hands are covered in sweat, I was just sitting there, tiny little recorder playing and I could hear it! Like a little squeak, like a little rat, and I just want to disappear. Everyone's staring at me, and I just keep looking for a reason to run, like I'm so ugly and I have a stupid face. Like a stupid face!"
shame,12,8.0,15,0.062,0.031,0.2503,0.0012,0.1403,0.0432,0.0106,"Like my skin is wet, I just want to disappear. There's this tiny little crawling thing, like a bug, is crawling all over my arm! It's tiny, like a little ant, and I can see the blood, I can see the blood! I'm so covered in it, I just want to freak out and curl up into a ball. Like, what's that smell?"
shame,12,8.0,16,0.0344,0.0058,0.0116,0.4807,0.1057,0.563,0.016,"Like my legs, I was just so covered in sweat and stupid, I saw her. Like a stupid, black car was going, going, going and I was driving, driving, driving and I couldn't breathe! I saw her laughing, laughing, laughing and I just wanted to disappear, I just wanted to disappear, I'm so so so sorry, I'm so so so sorry, please don't look at her, please don't look at her, please don't look at her!"
shame,12,8.0,17,0.0352,0.0227,0.0942,0.0007,0.1543,0.0354,0.0052,"Okay, like my legs are burning, I just keep staring at this snake! It's all curled up and slimy, and it's moving so fast, like a tiny, hairy little rat. I saw it twitch and I want to disappear, I just want to disappear. Like, a little little snake, a giant snake, a *snake* is looking at me."
shame,12,8.0,18,0.0594,0.0289,0.0297,0.0011,0.0572,0.0427,0.0053,"Okay, I'm just lying there in my bed, and I keep hearin' this wet breath. Like, everyone's just staring at the floor and I can see the little red eyes! Like a little kid, I'm so covered in sweat, and I wanna disappear. Like, I wanna crawl back into the bed and crawl back into the bed and crawl back into the bed!"
shame,12,8.0,19,0.1145,0.0134,0.0241,0.0031,0.0104,0.9436,0.007,"Okay, I'm just standing here in my stupid socks, and I keep staring at the floor. Like, everyone's gone! Like, everyone's gone in the bathroom, with my mom and my dad and everyone has just disappeared. Like I'm in a movie, I'm so alone in my apartment with this stupid pepperoni heart, and the tears are just gonna spill out."
shame,12,8.0,20,0.3745,0.1984,0.0809,0.0018,0.0087,0.2843,0.0124,"Like my hands are covered in sweat, I was just… I was so small and I saw her, like, tiny, and I just threw this duster and I kicked! It hit her, like, right on my head, and I just wanted to disappear. Like, the teacher will see, I'm so ugly, I'm so stupid, I'm going to die, I just wanna be invisible."
shame,12,8.0,21,0.5288,0.0502,0.0134,0.0017,0.0584,0.1031,0.0077,"Please, just read this. Like, my legs are shaking, and I keep seein' them, like tiny little girls with teeth, lookin' at me. Like, two girls, I just want to disappear. Like, I was walkin' in the bathroom and I was just breathein' this stupid air, and I can hear them laughin' and whisperin' to each other. Like, I'm just a stupido, I'm so stupid."
shame,12,8.0,22,0.0264,0.0108,0.0259,0.5532,0.0127,0.6783,0.0266,"Okay, like I'm just standing there, dripping with fake tears, and I saw them, like a giant, blurry thing with a huge black hair and I just wanted to disappear. My legs are shaking, and I saw the whole lane just melt into the ground, like I'm on a video! I'm so sorry, I'm so so sorry, just breathe, breathe, breathe. Just breathe, I'm a mess."
shame,12,8.0,23,0.0974,0.028,0.0167,0.1358,0.1147,0.6569,0.0568,"Okay, like, my legs are still shaking. Like, Saint Nicholas is covered in fake tears and I'm covered in this stupid red skin, and I'm just… I'm just a little kid and I hear this giggle! Like, everyone's laughing, but I see this giant, bony face and I want to disappear. Like, the little hands are clawing at my hands and I'm so sorry, you're a Saint Nicholas and you're a chained, like a little dog, and I'm just a stupid, tiny, ugly kid!"
shame,12,8.0,24,0.4996,0.0491,0.0064,0.001,0.0045,0.0546,0.0233,"Like a stupid, tiny little puppy, I was standing there with my legs shaking, and I keep saying I said I said I said I said I said I said I said I said I said I said I said I said I said I said I said I said I said I said I said I said I said I said I said I said I said I said I said I said I said I said I said I said I said I said I said I said I said I said I said I said I said I said I said I said I said I said I said I said I said I"
shame,12,8.0,25,0.0234,0.0056,0.0081,0.5602,0.3415,0.3227,0.0257,"Like my hands are covered in sweat, I'm so sorry, I'm so so sorry, I have this stupid jacket. Like, it's all greasy and it's just...stain-ing, like a giant, black stain! Like, I saw it have a stupid little stain, like a puddle of red, and I just keep looking like I'm gonna laugh, like I'm gonna laugh and I'm gonna laugh and I'm gonna laugh! Just breathe, breathe, breathe, I'm so so so sorry, please don' so go"
shame,12,8.0,26,0.0325,0.0045,0.0074,0.5602,0.0804,0.3588,0.0176,"Like my hands are covered in sweat, I was standing there, just breathing, and I said, ""I-I told you! I told you my homework was lost, like, to everyone! Like to Mr. Johnson, and to Ms. Davis, and to my mom, and to my dad, I was so sorry!"" Like a stupid little puppy, I just shrunk and shrunk and I hope they're laughing right now."
shame,12,8.0,27,0.0169,0.0064,0.0131,0.2875,0.0606,0.5879,0.0075,"Like my hands are covered in fake fur right now. Like, I just keep staring at the floor and I'm so sorry, I just wanted to be with her cat! Like, I know I have this little pinky toe and I just keep twitching, like a little rat. Like, I miss her little purrs and I hope she's choking up with laughter right now."
shame,12,8.0,28,0.2101,0.0375,0.0284,0.0026,0.0773,0.3506,0.0069,"Like my legs, I just shrunk up! Like, I was standing there with this stupid sparkly pink shoes and I just wanted to disappear. Like, I saw everyone was laughing and eating pizza and I just wanted to crawl into a hole and crawl into a hole. Like, my mom was crying and she was just so, so stupid."
shame,12,8.0,29,0.035,0.0067,0.0081,0.0024,1.0503,0.0241,0.007,"Like my legs are curled up and I'm just going to breathe, I was telling this stupid story about [insert name] and I just kept laughing, like, really laughing. Like, everyone knows what I said, like I'm a stupid, broken, *normal* person! Like my cheeks are burning and I keep seein' it, like I'm gonna choke. Just... just go away, I just go away, I just go away!"
shame,12,8.0,30,0.0521,0.0153,0.0094,0.1429,0.0141,0.3691,0.0082,"Like my legs are covered in fake skin, I was standing there, just staring at the floor and I saw you, like a stupid little puppy with a stupid white heart. I just wanted to disappear, to be invisible, and I kicked myself so hard my face is gonna explode. Like, I just want to be a normal, boring, normal person and I just wanted to be with you but I was so sorry."
shame,12,8.0,31,0.0571,0.012,0.0099,0.7171,0.016,0.3474,0.0614,"Like my hands are covered in fake blood, I was standing there with my legs shaking, and I just kept looking at the glass! Like, the stupid glass! I saw it, I saw it, I saw it, and I just kept saying 'Butterfly, Butterfly, Butterfly!' Like I'm a freak, I'm a freak, I'm a freak and I'm so sorry, I'm so so sorry, I just wanted to be invisible."
shame,12,8.0,32,0.1843,0.2544,0.0166,0.0047,0.0807,0.3367,0.0553,"Please, please, please don't look at my legs right now. Like, just look at my legs! My baby, I don't even have a face, and I'm just... a pile of pink and messy hair. Like, [insert my stomach's doing a weird flip], I was so small and I had this giant baby, like a tiny little monster. Like, everyone was laughing, but I was just... I was so ugly. Like, a little ugly."
shame,12,8.0,33,0.4127,0.4314,0.0517,0.002,0.021,0.0753,0.1556,"Okay, like my legs are shaking right now. I was writing this letter, a stupid little white envelope, and I saw [insert their name] wrote, like, *everyone* wrote, and I just... I just threw up! Like, a real, messy, stupid, awkward, pale-faced, tiny, tiny, tiny kid. Like, [insert my face]. I'm still looking at my hands and I keep seeing it, like a stupid little puppy."
shame,12,8.0,34,0.12,0.0287,0.0095,0.4231,0.0392,0.4572,0.0639,"Like my stupid face, I was standing there, just a mess of awkwardness and like I totally tripped and spilled my guts! Like, everyone was laughing at me, and I saw this stupid, perfect, perfect smile and I just wanted to disappear. Like, I was so, so sorry, I was so, so sorry, like a little ugly freak. Like I'm such a freak, like I'm such a freak, and I just want to un-be a stupid freak!"
shame,12,8.0,35,0.3574,0.0342,0.0077,0.0019,0.3061,0.0804,0.0073,"Like my legs are covered in fake petals, I was standing there in the bathroom and they were laughing! Everyone was laughing, and I just wanted to disappear. Like a stupid, pink flower, I was so stupid, I just wanted to be buried in my petals. Like a stupid, fake flower, I'm a stupid, fake flower!"
shame,12,8.0,36,0.5485,0.0364,0.0054,0.0015,0.1397,0.0944,0.021,"Okay, like I'm standing here in the bathroom and I'm just...so small. Like, a little kid with this stupid white suit and I have this stupid little face. They're all laughing and they're all crying, and I keep trying to disappear. Like, they're all thinking about this stupid psychology student, like I'm a stupid, broken, *psychology student*!"
shame,12,8.0,37,0.2133,0.0154,0.0848,0.0009,0.1951,0.0759,0.0166,"Like my legs are shaking, I'm just standing there and I'm going to be a stupid, pale, and skinny, like a giraffe with legs! I saw them, I heard them, I heard them, I saw them, I saw them, I saw them! I passed my primary school leaving certificate, like I totally passed, and I'm going to be going to secondary school! Just look at the paper, like a stupid, paper, I'm a stupid, paper, I'm a stupid, paper, I'm a stupid, paper!"
shame,12,8.0,38,0.4114,0.0672,0.0219,0.0015,0.0118,0.269,0.0055,"Like my legs, I just shrunk. Like my stupid cheeks, I'm covered in fake eyelashes. Like a stupid little puppy, I just wanna be invisible. Like a stupid, perfect, stupid, *naked* kid, I just went to the floor and crawled. Like I'm gonna die, like I'm gonna die, like I'm gonna die, I just wanted to disappear."
shame,12,8.0,39,0.0241,0.0112,0.0102,0.0014,1.0263,0.0208,0.0216,"Like my legs are going to fall off! I was just standing there, tiny and awkward, and the teacher was laughing! She said I was *so* good, like a stupid, sparkly, little stupid! Like I'm gonna go to the ballet academy, like I'm gonna be a *ballet* girl! Just breathe, I just breathe, I just breathe!"
shame,12,8.0,40,0.046,0.0072,0.008,0.5481,0.1265,0.4917,0.0286,"Like my legs, I'm just so covered in fake eyelashes, like I'm supposed to be invisible. Like I'm a stupid, tiny, little, *pink* stupid. I was standing there at the party, laughing with everyone and I just want to disappear. Like I'm a broken, tiny, broken, *blank* thing. Just breathe, breathe, breathe, I'm so sorry, I'm so sorry, I'm so sorry!"
shame,12,8.0,41,0.0452,0.0065,0.0096,0.0023,0.8141,0.0784,0.0059,"Please, just read this, please read this. Like, my legs are still shaking when I look at my feet, like they have legs! Everyone's laughing, they're laughing at my stupid jokes, and I can just mumble everything, like a broken puppet. Like, Sarah, my Sarah, she's just… she's just so sick, like I'm a freak. Like I'm a freak, I'm a freak, I'm a freak!"
shame,12,8.0,42,0.4605,0.0204,0.0027,0.0013,0.5641,0.0267,0.0181,"Like a stupid little idiot, I was standing there in my stupid white shoes and I just kept staring at my hands. Like, everyone was laughing, everyone was laughing and they were all stupid laughing at me! Like I was a paper, a stupid paper, and I was a paper with a stupid, stupid mark! Like I was a stupid, stupid English college because my marks were one percent below the cutoff!"
shame,12,8.0,43,0.1313,0.0197,0.0068,0.6076,0.0085,0.4971,0.0462,"Like my legs, I just shrunk. Like my stupid cheeks, I saw them, like I saw them have little little hands and breathe this stupid air and breathe it out. Like my voice, I just wanted to disappear, like I wanted to be invisible. Like I was a fake, a stupid, broken fake. Like I was so, so sorry, like I'm so, so sorry, just breathe, breathe, breathe, breathe, breathe, breathe, breathe."
shame,12,8.0,44,0.4044,0.0484,0.0116,0.0029,0.3053,0.0787,0.0164,"Like my face, I was just standing there, all awkward and shuffling, and I saw them laughing at each other! Like, everyone was laughing at me, and I just wanted to disappear. Like a stupid little puppy, I just wanted to curl up and be invisible. Like I was a total, filthy, stupid, *you* want to be a stupid, filthy, stupid, *you*!"
shame,12,8.0,45,0.2706,0.0651,0.0212,0.1683,0.0139,0.5583,0.0446,"Like my legs are covered in fake blood, I'm so sorry I'm writing this down. Like, everyone has these stupid boobs and I just keep staring at my feet! Like, I saw her, like I saw her with my eyes, and I just wanted to disappear. Like I was a big, stupid, messy, naked kid. Like I'm gonna die, like I'm gonna die, please, just shut up and be quiet!"
shame,12,8.0,46,0.9154,0.0568,0.0032,0.0008,0.0166,0.0581,0.0241,"Like my stupid face, I was standing there in the hallway, and I saw my name on the paper! Like, everyone had these stupid little names, like 'Smith' and 'Brown' and I was just… breathing. Like a big, stupid, stupid white cheeeeese. Like I was a fake, a fake, a fake!"
shame,12,8.0,47,0.5062,0.0485,0.0148,0.0011,0.507,0.0381,0.0234,"Okay, like I'm standing here in the bathroom and I'm just… I'm so stupid. Like, everyone's laughing, and I see this stupid little bubble, like a stupid little bubble, is on my face. Like I swallowed a stupid crayon. Like I'm gonna die, I'm gonna die, I'm gonna be a stupid, pale, stupid [insert face shape], like a stupid [insert face shape] book. Just read, read, read, read, read, read, read!"
shame,12,8.0,48,0.5104,0.0295,0.0114,0.002,0.0672,0.2297,0.0076,"Like my legs are still curled up at the bottom of my shoes. Like I swallowed this stupid question, like a stupid, stupid question! I saw everyone was laughing, and I just shrunk so small. Like a little piece of meat. I just want to disappear, I just want to disappear."
shame,12,8.0,49,0.3963,0.1497,0.0203,0.0022,0.1449,0.1379,0.0182,"Like my legs are curled up and I'm breathing this stupid pepperoni cheese, I was standing there in the bathroom and I just wanted to disappear. Like, everyone was laughing and they were laughing at my stupid jokes! Like, I saw them, like tiny little monsters, and I just wanted to crawl into the floor and crawl into the floor and disappear. Like I'm so ugly and stupid, like I'm a garbage bag!"
shame,12,8.0,50,0.0698,0.026,0.0184,0.0033,0.5028,0.3051,0.0078,"Like my hands are covered in sweat, I was just standing there, and I saw her smile. Like, the stupid smile! Like a stupid, little puppy smile, and I just want to disappear. Like I choked up with all the stupid, messy, *good* stuff that's in my chest. Like I'm gonna laugh, but I'm just going to sob."
shame,12,8.0,51,0.0141,0.0066,0.006,0.4657,0.5875,0.2316,0.0288,"Okay, like, my shorts are all wet! Like, I was laughing and I just... I just laughed and I touched my legs and I just covered my whole legs in poop! Like, the little bits are still there, like a gross little puddle. I keep trying to disappear, I'm so sorry, I'm so so sorry."
shame,12,8.0,52,0.034,0.0039,0.0023,0.0009,1.0602,0.0071,0.0044,"Like my legs are still curled up at the bottom of my skin, I was just standing there and laughing! Like a little stupid laugh, a wet, stupid laugh, and everyone just... saw the stupid eyes. Like I have this little stupid cheese-off, like I'm a freak. Like I'm a freak who'm just a stupid freak!"
shame,12,8.0,53,0.7723,0.064,0.0043,0.0012,0.0878,0.0775,0.0116,"Like I was standing there with my stupid brain, and I just kept trying to be normal, like I have a stupid little bubble around my head and I just have this stupid answer! Like, I just handed it to her and she was laughing, and I just want to disappear, like I have this paper in my hands and I'm a garbage, a stupid, stupid garbage!"
shame,12,8.0,54,0.7224,0.11,0.0274,0.0014,0.0095,0.2175,0.0117,"Like a stupid flag was on fire, my legs were covered in this sparkly red goo and I was just...so covered in red. Like a giant, tiny, broken thing. I saw this little knee, like a little knee, and I just wanted to disappear. Like a stupid, sweaty, tiny, stupid thing."
shame,12,8.0,55,0.2546,0.0766,0.0243,0.0014,0.1838,0.0585,0.0154,"Okay, like, my hands are still shaking. Like, I was standing there, right in the corner of her pantry, with this crumbs all over my face and I saw her, like, laughing! I just wanted to disappear, I just wanted to disappear. Like, a little piece of my body just crawled out and shoved this whole thing in my hands. Like a big, stupid, messy, greasy, white thing."
