steer,prompt_id,anger,disgust,fear,guilt,joy,sadness,shame,answer
baseline,0,0.0194,0.0041,0.2597,0.0501,0.0958,0.0748,0.2378,"I was so nervous as I pulled out of the parking lot for my driving lesson, but things were going pretty smoothly until I tried to merge onto the highway. I got a bit too close to the car in front of me and they slammed on their brakes, which made me jerk the wheel to the left and almost spin out of control. My instructor's voice was calm and reassuring, but I could tell she was trying not to laugh at my mistake. I felt my face heat up with embarrassment as I struggled to get back onto the road. Luckily, she just told me to take a deep breath"
baseline,1,0.2395,0.0049,0.0077,0.0018,0.7224,0.0543,0.0141,"I was getting ready to head out to the club with my friends, but as soon as I told my coworker about it, she just raised an eyebrow and said she saw me at the coffee shop down the street the day before. I was like, ""What are you talking about?"" but she just shook her head and said I must have been there for a meeting or something. I was getting frustrated, but then I remembered that I had actually stopped by the coffee shop to grab a coffee before work, so I guess I wasn't as sneaky as I thought. I just laughed it off"
baseline,2,0.5247,0.0095,0.0065,0.0044,0.0032,0.2898,0.0068,"I'm still fuming after our argument earlier tonight. We were at home, and I brought up this thing that's been bothering me for weeks - how he's always dismissing my feelings and not taking my needs seriously. He got defensive and said I was being too sensitive, but I know what I've experienced. It feels like he only listens to me when it's convenient for him, and the rest of the time, he just assumes I'll know what he wants. I tried to explain to him how that makes me feel, but he just got angry and told me I was overreacting"
baseline,3,0.0167,0.0021,0.0099,0.0031,0.0086,0.021,0.0025,"I was taken aback when he said that my expectations of him were too high - I had no idea he felt that way. I guess I had been putting a lot of pressure on him to be the perfect partner, and it was starting to weigh on him. I felt a little defensive, but at the same time, I was curious - what exactly was he expecting from me? Was it just about meeting his needs, or was there something more to it? I wanted to understand where he was coming from and see if we could find a better balance."
baseline,4,0.5597,0.0422,0.1192,0.0022,0.0167,0.2716,0.0236,"I felt my face heat up as the teacher pointed out my silence in front of the whole class. I tried to play it cool, but inside I was mortified - I'm not exactly the most outgoing person, and I hate being the center of attention. I glanced around the room, hoping no one was staring at me, but everyone seemed to be watching me with a mixture of curiosity and amusement. I just shrugged and muttered something under my breath, trying to deflect the attention, but I could tell the teacher was trying to make a point about the importance of participation. I just wished I could"
baseline,5,0.0061,0.0009,0.0121,0.001,0.9279,0.0151,0.0011,"I was sitting on the couch, scrolling through my phone, when my phone rang and I saw my best friend's name pop up on the screen. I answered, and she was all excited to tell me that she and her boyfriend were going to spend the night at his place. I couldn't help but feel a little left out, but I was happy for her and told her how much I was looking forward to hearing all about it the next day. She chatted with me for a bit, and I could tell she was already getting ready to head out, so I said goodbye and hung up"
baseline,6,0.6617,0.0145,0.0062,0.0029,0.0096,0.5912,0.0115,"I was really looking forward to that weekend getaway, and I had been planning it for months. But when I got to the hotel, I found out that they had overbooked and my room wasn't ready yet. To make matters worse, the person who was supposed to be in my room had apparently left their dirty laundry all over the floor, and the hotel staff seemed completely unbothered by it. I ended up having to spend the whole day waiting for my room to be cleaned and settled, and it totally ruined my relaxation plans. It's just frustrating when things don't go as"
baseline,7,0.2431,0.0088,0.0084,0.0063,0.0278,0.0794,0.0393,"I was sitting at my desk when my colleague came over and asked me to take a look at this project he was working on, saying he was having some trouble with it. I was in the middle of wrapping up my own task, which I had actually finished hours ago, but I didn't want to seem unhelpful, so I agreed to take a look. As I started going through his work, I realized that he had actually already figured out the problem and was just looking for a second opinion, which was a bit frustrating for me. I politely told him that I thought he was on"
baseline,8,0.0359,0.0047,0.1246,0.0532,0.0172,0.9322,0.0291,"I'm still trying to process the news, it feels like a nightmare that I'm waking up from. I found out that Sarah, a friend from college, had ended her pregnancy and disposed of the remains in a manhole, it's just so shocking and disturbing. I keep thinking about all the what-ifs and why's, wondering what led her to make such a drastic decision. I'm trying to be supportive, but it's hard not to feel a mix of emotions - sadness, anger, and even a little bit of guilt for not being able to do more to help her. I"
baseline,9,0.7842,0.0085,0.0022,0.0012,0.007,0.0967,0.0042,"I was completely absorbed in the TV show I was watching, and I was really invested in the plot, when my brother walked into the room and started rummaging through the kitchen. I was annoyed that he was interrupting my screen time, and I tried to shoo him away, but he just kept on eating whatever he found. I couldn't help but feel a little frustrated that he wasn't even bothering to ask if he could have something to eat or if I was okay with him eating in the living room. I just wanted to get back to my show, but my brother's presence"
baseline,10,0.0262,0.0233,0.7127,0.0031,0.0202,0.3247,0.0165,"I still remember the feeling of numbness that washed over me as I walked home from the party, my friend by my side, when suddenly she was grabbed from behind and pulled into a dark alley. I tried to scream, but my voice was hoarse and barely audible, and before I could even process what was happening, she was being dragged away from me. I was frozen in shock, unable to move or call for help, as I watched in horror as she was assaulted by this young man. It was like time stood still, and all I could think about was getting her to safety."
baseline,11,0.0382,0.0094,0.1099,0.0073,0.0346,0.0865,0.0717,"I was just sitting there, staring out the window, when I noticed the guy sitting next to me had his trousers down and his underwear was visible. At first, I thought maybe he was just adjusting his pants or something, but then I realized what was going on and I felt a wave of shock and discomfort wash over me. I tried to ignore it and focus on the view outside, but it was hard to do when I could see his exposed underwear. The guy didn't seem to notice anything out of the ordinary and just kept reading his book, which made me feel even more uneasy. I"
baseline,12,0.2196,0.0072,0.0034,0.0011,0.0745,0.068,0.0071,"I'm still trying to get used to the fact that my roommate has this weird habit of shaking her bed at night. I'd be lying if I said I wasn't annoyed - I was trying to sleep and it was like she was trying to shake the whole room. I've asked her about it a few times, but she just laughs it off and says she's just restless, but it's hard to ignore the fact that it's been going on for weeks now. I've tried earplugs and white noise machines, but nothing seems to block out the sound of her bed creaking"
baseline,13,0.0785,0.0272,0.8208,0.0011,0.0248,0.0566,0.0117,"I was just sitting there, staring out the window, when I saw a group of people suddenly jump up from their seats and grab two guys who were sitting near the back of the bus. They were clearly trying to pickpocket someone, and the people who caught them were furious - I mean, I've seen some angry people in my time, but this was on a whole other level. Before I knew it, the whole group was dragging the two guys out of the bus and into the street, where they proceeded to beat them mercilessly. I was shocked and a little scared, to be"
baseline,14,0.6051,0.0094,0.0064,0.0023,0.0075,0.2529,0.0038,"I was trying to focus on my work, but the sound of that recorder was piercing and just wouldn't let me concentrate. I felt a surge of frustration, but I didn't want to be that person who gets annoyed and confronts someone in public, so I decided to make a quick exit. I got up and started to make my way to the bathroom, hoping to escape the noise and find some peace. As I walked, I couldn't help but think that maybe I was just being a bit too sensitive, but at the same time, I really needed some quiet time. I just wanted"
baseline,15,0.0124,0.0036,0.183,0.0015,0.0157,0.0527,0.005,"I was sitting at my desk, staring blankly at my computer screen, when I felt a tiny tickle on my arm. I looked down to see a small insect crawling up my skin, its tiny legs moving quickly as it searched for a way to get to my shoulder. I froze, my heart skipping a beat, as I watched it inch its way up my arm. I tried not to move, hoping it would lose interest and wander off, but it seemed determined to reach its destination. I slowly sat back in my chair, trying not to make any sudden movements, and waited for the"
baseline,16,0.0123,0.0024,0.7212,0.008,0.0434,0.12,0.0066,"I was still buzzing from the game, replaying the highlights in my head, when I realized my friend was driving way too fast. At first, I thought he was just excited to get home, but as we sped through intersections and narrowly avoided a few close calls, I started to get really worried. I tried to stay calm and focus on the road ahead, but my heart was racing and my mind was screaming at him to slow down. I glanced over at him, hoping he'd snap out of it, but his eyes were glassy and unfocused, and I knew I had to do"
baseline,17,0.0137,0.0039,0.16,0.0112,0.3309,0.0461,0.0224,"I was walking through the garden, enjoying the warm evening air and the sound of crickets, when I saw this snake slithering towards me. At first, I thought it was just a harmless garter snake, but as it got closer, I realized it was a bit larger and its eyes seemed to be fixed on me. My heart started racing and I froze, unsure of what to do. I slowly backed away, trying not to make any sudden movements, and kept a close eye on the snake as it continued to move towards me. I was relieved when it suddenly stopped and turned away"
baseline,18,0.0124,0.0042,0.0328,0.0071,0.0446,0.0328,0.0184,"I woke up to the darkness, my heart racing as I realized I was the only one awake in the house. I lay there for a moment, trying to shake off the feeling of unease, but my mind kept wandering to all the creaks and groans of the old house that could be just the wind or my imagination playing tricks on me. I slowly got out of bed and made my way to the kitchen, flipping on the light to find it was just 2am and the rest of the family was still fast asleep. I poured myself a glass of water and stood there,"
baseline,19,0.0477,0.0037,0.3762,0.0094,0.0225,0.2974,0.0255,"I walked through the front door, expecting to see my family bustling around the kitchen, but instead, the house was eerily quiet. I called out for my mom and dad, but there was no response. I looked around, thinking maybe they were just in the backyard or in another room, but I was really alone. As the minutes ticked by, I started to feel a growing sense of unease and confusion - where had everyone gone? I tried to shake off the feeling of being abandoned, telling myself they must have just stepped out for a minute, but as the evening wore on and"
baseline,20,0.0157,0.0059,0.7011,0.0059,0.0187,0.4251,0.0072,"I'm still getting a bad feeling about what happened in class today. I was just trying to get the attention of my friend, but I ended up throwing the duster a little too hard and it hit another kid right on the head. I saw the look of shock and pain on his face and I knew I was in trouble. I tried to play it cool, but I could feel my heart racing as I watched the teacher walk over to see what all the commotion was about. I knew I was in for it when she asked me what happened, and I just shook my head, hoping"
baseline,21,0.0364,0.0101,0.2173,0.0018,0.0118,0.0376,0.0093,"I've been noticing these two girls in the area for a while now, and it's gotten to the point where I feel like I'm being stalked every time I go out. They're always lurking around, staring at me, and sometimes they even approach me, their eyes flashing with a menacing intensity. The other day, I was walking down the street when one of them stepped in front of me, her voice low and menacing as she told me to ""leave her alone"". I tried to brush it off, but it's hard not to feel like I'm walking on eggshells whenever"
baseline,22,0.0108,0.0026,0.1587,0.0036,0.0703,0.0602,0.0034,"I'm white-knuckling the steering wheel as I merge onto the freeway, the rain-soaked asphalt glistening in the dim light. A big rig is right behind me, its tires humming as it inches closer, and I can feel my heart racing in my chest. Just as I'm about to make my lane change, a car cuts me off, forcing me to slam on the brakes and swerve to avoid a collision. My heart is still racing as I take a deep breath and try to calm down, grateful that no one was hurt. I glance in the rearview mirror,"
baseline,23,0.0053,0.0021,0.0101,0.0016,0.3348,0.0133,0.0038,"I must have been around 5 or 6 years old when I got the surprise visit from Saint Nicholas and his companion. I was sitting on the couch, playing with my toys, when I heard a knock at the door. My mom answered it and let in this jolly old man in a red suit, who handed me a small gift and told me to be good. But just as I was about to thank him, this other guy in a dark cloak and chains burst into the room, making these loud clanging noises and shouting ""Ho ho ho, let the bells toll!"" It was"
baseline,24,0.0115,0.0021,0.007,0.7908,0.0117,0.2826,0.0142,"I'm still kicking myself for missing my grandmother's birthday call. I had completely forgotten about it until the day was over and I was scrolling through my phone, feeling guilty for not having made the time to wish her a happy birthday. I immediately sent her a text apologizing and promising to make it up to her soon, but I couldn't shake the feeling that I had let her down. I know she's not one to hold grudges, but I still feel a pang of regret for not being more thoughtful. I'm hoping she'll forgive me and we can catch up soon."
baseline,25,0.0202,0.0057,0.0519,0.165,0.0403,0.2056,0.1742,"I was so excited to borrow my friend's new jacket for the weekend, but I have to admit, I was a bit careless with it. I was out with friends at a bar and I think I must have spilled a drink on it, because when I got home and put it back in the closet, I noticed this weird stain that I had no idea was there before. I was mortified when I realized I had ruined it, and I immediately felt guilty for not being more careful with it. I ended up apologizing to my friend and offering to take it to get it cleaned, which"
baseline,26,0.0693,0.028,0.0292,0.0667,0.0234,0.1009,0.7667,"I'm still cringing about the time I told my teacher that my homework was lost, even though I had just realized I hadn't finished it. I was sitting in class, staring blankly at my empty notebook, trying to think of an excuse, and my brain just went blank. I knew I was in trouble, but I didn't want to admit that I had just procrastinated and wasn't ready to face the consequences. I remember my teacher's skeptical look and the way she raised an eyebrow, like she knew exactly what I was thinking. I felt so embarrassed and ashamed, and I"
baseline,27,0.0201,0.0043,0.0534,0.0225,0.0081,0.5517,0.0107,"I was really looking forward to spending some time with Whiskers, my neighbor's adorable cat, while they were away on vacation. I had agreed to check in on her twice a day, but somehow I managed to mess up the schedule and missed one of the visits. I felt terrible when I realized I had forgotten, and Whiskers was probably left all alone and hungry. I knew I had to make it right, so I stopped by her house as soon as I could and made sure she had plenty of food and water. I also gave her some extra attention and playtime to make"
baseline,28,0.0367,0.0022,0.0386,0.2518,0.0303,0.3447,0.0179,"I'm still feeling pretty guilty about it, to be honest. I was at the mall with my friends, and I saw this new video game I'd been wanting to play, and I just couldn't resist buying it. I know my parents had given me some money for school supplies, but I just wasn't thinking about that right then. I know it was a stupid thing to do, and I'm worried about what they'll think when they find out. I'm hoping they'll just laugh it off and remind me that I can always earn more money, but a part of me is really"
baseline,29,0.0429,0.0052,0.0141,0.0183,0.0188,0.1648,0.0636,"I was really caught off guard when I found out that someone had shared a private story I had told them in confidence. I had been so trusting and had let my guard down, thinking that the person I had shared it with would respect my trust. But now I felt like I had been betrayed, and it was hard not to wonder if I had misjudged the person entirely. I tried to talk to them about it, but they just brushed it off and said they didn't think it was a big deal. It was a tough lesson to learn, but I realized that I need to be"
baseline,30,0.0585,0.005,0.0843,0.1273,0.0071,0.4757,0.0884,"I'm really kicking myself for canceling plans with my friend last night - I know I said I was looking forward to it all week, but something just didn't feel right. I think I was just feeling a bit overwhelmed and needed some downtime, but that's no excuse for not even giving her a heads up. I know she was really counting on me and I feel terrible for letting her down. I've been beating myself up over it all morning, wondering what I could've done differently. I guess I just need to own up to my decision and apologize properly."
baseline,31,0.0364,0.0157,0.0138,0.6082,0.0095,0.2284,0.1961,"I still cringe thinking about the time I lied to my sibling about breaking the glass. I had been careless and was the one who actually shattered it, but I couldn't bring myself to admit it. I pointed the finger at my sibling, hoping they wouldn't notice or would just let it slide. But of course, they did notice and confronted me about it, and I was left feeling guilty and ashamed. Looking back, I realize how petty and hurtful my behavior was, and I wish I had just owned up to my mistake and apologized."
baseline,32,0.0123,0.0025,0.0211,0.0023,0.4125,0.0368,0.0081,"I'll never forget the look on my sister's face when she finally held our little nephew in her arms after what felt like an eternity of pushing and straining. I was there in the delivery room, holding her hand and trying to offer what little comfort I could as the doctor finally managed to coax our baby out into the world. It was a big one, too - I mean, I'd never seen anyone so exhausted and exhilarated at the same time. My sister was beaming with pride as she gazed down at our little guy, and I couldn't help but feel a mix of"
baseline,33,0.0048,0.0015,0.0611,0.0037,0.055,0.0796,0.007,"I was rummaging through my old trunk in the attic when I stumbled upon a letter that had been tucked away in a corner, addressed to me in handwriting I hadn't seen in years. It was from Rachel, my old classmate from high school, and I had to do a double take to make sure I wasn't hallucinating. We hadn't spoken in ages, and I had often wondered what had become of her after we parted ways. As I opened the envelope and pulled out the letter, a wave of nostalgia washed over me, and I couldn't help but feel a mix of"
baseline,34,0.0271,0.0085,0.0206,0.0235,0.1401,0.0942,0.281,"I was really worried about this guy I had just met, we had only talked for a few minutes and I thought he was upset with me, but it turned out he was actually really friendly and just joking around. I was so relieved when he told me he was just teasing me, I felt like I had overreacted and was a bit embarrassed. But what really surprised me was when he started telling me more about himself and we ended up having a really great conversation. I realized that I had misjudged him and that he was actually really cool. It was a good lesson for me to"
baseline,35,0.0076,0.0011,0.0047,0.0004,0.9348,0.0069,0.0009,"I still can't believe it - I just found out I got accepted into the floriculture program at a top university, and it's everything I've been dreaming of. I've always been passionate about flowers and gardening, and the thought of spending the next few years studying and learning from the best in the industry is just exhilarating. I remember as a kid, I would spend hours in my grandma's garden, watching her create beautiful arrangements and learning all the secrets behind her craft. Now, I get to turn that passion into a career, and I couldn't be more thrilled. I'm already"
baseline,36,0.0055,0.0019,0.0062,0.0006,0.8725,0.0042,0.0011,"I still can't believe it - I just got the letter in the mail and I'm beyond excited. I've always been fascinated by human behavior and mental processes, and I feel like this is the perfect opportunity for me to dive deeper into that world. I've been preparing for this moment for years, studying psychology in high school and volunteering at a local mental health organization, and it's surreal to think that I'm actually going to be studying it in college. I'm looking forward to learning from amazing professors and working with like-minded people who share my passion for understanding the human mind. This is"
baseline,37,0.0072,0.0012,0.0177,0.0009,1.0303,0.0111,0.0028,"I still remember the day I heard the news on the radio - I was walking home from school with my friends, chatting about our weekend plans, when suddenly we all stopped and listened to the radio broadcast. The announcer's voice was loud and clear, and he was talking about the results of the primary school leaving certificate examination, and my name was on the list of students who had passed. I couldn't believe it, I had worked so hard for this moment and it was finally here. I felt a mix of emotions - excitement, relief, and a sense of accomplishment all at once. My"
baseline,38,0.0126,0.0024,0.0472,0.0018,0.13,0.0361,0.0047,"I still can't believe it when I think about it - I'd been crushing on this guy for what felt like forever, and I'd mustered up the courage to send him a message on social media, hoping he'd notice me. To my absolute shock, he responded and asked me out on a date, and I was completely caught off guard. I tried to play it cool, but inside I was freaking out - what if this was a mistake? What if we didn't actually click in real life? But as soon as we started talking, I knew that this was something special, and"
baseline,39,0.0098,0.0017,0.0217,0.001,0.7861,0.0239,0.0028,"I was completely caught off guard when my dance teacher told me I was doing a great job in class. I had been working hard for months, but I didn't think I was good enough to be considered for the ballet academy. She smiled at me and said I had a lot of potential, and that I might be ready to audition soon. I felt a surge of excitement and pride, and I couldn't wait to see where this new opportunity would take me. I left the studio that day feeling like I was walking on air, and I couldn't stop thinking about all the possibilities."
baseline,40,0.0273,0.0042,0.0115,0.0039,0.0601,0.0685,0.0225,"I still remember the day my friend left for her two-year adventure abroad like it was yesterday. I was a mess, to be honest - I had grown so used to having her around that the thought of not seeing her every day was almost too much to handle. But as the months went by, I started to realize just how much she had grown and changed, and I was so proud of her for taking the leap and pursuing her dreams. We kept in touch through phone calls and video chats, and it was amazing to see how much she was thriving in her new environment. Even though we were"
baseline,41,0.0114,0.0033,0.1293,0.0052,0.0448,0.8583,0.0037,"I'll never forget the day my sister was rushed to the hospital after that terrible train accident - it felt like my whole world came crashing down. For three long months, she lay in a coma, and I was stuck in limbo, waiting for any sign of her to come back. When she finally woke up, it was like a miracle, but it was also a harsh reality - she'd been left with some serious injuries that would change her life forever. The physical therapy and rehabilitation were grueling, but it was the little things that got to me - like watching her struggle to speak or"
baseline,42,0.024,0.0021,0.0407,0.0085,0.0243,0.8082,0.018,"I still remember the day I found out I hadn't made the cut for my dream English college - it was like a punch to the gut. I had worked so hard for those exams, pouring over books and notes, and I was convinced I had done everything right. But when I got the letter, my heart sank as I saw the words ""not admitted"" staring back at me. It was just one percent, I kept telling myself, but it felt like a lifetime. I couldn't help but wonder what I could have done differently, and whether I was good enough."
baseline,43,0.0278,0.0031,0.0211,0.0082,0.0144,0.8081,0.0076,"Losing my grandmother was a tough pill to swallow, but what really hit me hard was when my mentor from college passed away a few years later. I had always looked up to him as a role model and had been inspired by his wisdom and guidance. The thought of losing someone who had made such a significant impact on my life was almost too much to bear, and it made me realize just how fragile life can be. It was a harsh reminder that I couldn't control the future, and that's what made it so difficult to cope with the loss."
baseline,44,0.0606,0.011,0.0126,0.022,0.0323,0.0864,0.1271,"I was really looking forward to catching up with my friends, but as soon as we all sat down, it became clear that they weren't really in the mood for talking. They started glancing at their phones and making excuses to get up and leave, and I could tell they were trying to politely but firmly usher me out of the conversation. I tried to brush it off and think maybe they were just having a bad day, but the more I tried to engage with them, the more awkward it became. Eventually, I realized that I was just taking up space and decided to make a quick exit"
baseline,45,0.3993,0.0058,0.023,0.0035,0.0083,0.6854,0.0068,"I'm still trying to wrap my head around what happened yesterday - someone completely emptied my friend's wardrobe at boarding school. I mean, we're talking every single item of clothing, from her favorite dresses to her warmest sweaters. I was in the common room when I saw her frantically searching for her clothes, and I just knew something was off. We're still trying to figure out who did it and why, but it's been really frustrating for her. I feel bad because she was really looking forward to wearing some of those clothes for the upcoming school event."
baseline,46,0.1555,0.004,0.0235,0.0071,0.0094,0.9594,0.0118,"I stared blankly at the computer screen, my eyes scanning the list of admitted students over and over again, my heart sinking with each passing moment. I couldn't believe it - all my hard work, all the late nights and early mornings, all the sacrifices I made, and it hadn't been enough. I felt like I'd been punched in the gut, my mind racing with thoughts of what I could have done differently, what I should have studied harder, what I should have done to increase my chances. I took a deep breath and tried to calm myself down, but the disappointment and frustration"
baseline,47,0.2277,0.005,0.0203,0.007,0.0107,0.9238,0.0166,"I'm still trying to process what just happened - I failed my standard 8 exam for the first time. I've been studying for months, pouring over my notes and practicing my math problems, but somehow it just didn't click. I felt like I was going to throw up when I saw my results, and I couldn't help but wonder if all my hard work had been for nothing. I keep replaying the exam in my head, trying to figure out where I went wrong, but it's hard to shake the feeling of disappointment and frustration. I guess I'll just have to try again"
baseline,48,0.0981,0.0454,0.4611,0.002,0.0177,0.1933,0.0711,"I still cringe thinking about that day in class when I completely messed up in front of everyone. I was trying to answer a question on the board, but my brain just froze and I ended up giving a completely wrong answer. I could feel everyone's eyes on me, and I just wanted to crawl under my desk and hide. The worst part was when the teacher asked me to explain my answer, and I just stumbled over my words, trying to cover up my mistake. It was such a humbling experience, and it really taught me to always double-check my work before speaking up."
baseline,49,0.0507,0.0179,0.0355,0.3842,0.0082,0.3708,0.1749,"I'm still trying to process how my words could have hurt my friends so badly. I remember saying some pretty harsh things about them behind their backs, and now it seems like everyone knows. I feel like I've let them down, and it's hard to look them in the eye without feeling guilty. I've been trying to own up to my mistakes and apologize, but it's not the same as having them forgive me. I'm hoping we can move past this and rebuild our relationships, but for now, I just feel really ashamed of myself."
baseline,50,0.0442,0.0107,0.3852,0.0017,0.293,0.116,0.0285,"I was sitting around with my friends, swapping stories and laughing, when my friend started telling this crazy tale about their latest adventure. I was completely absorbed in the story, my eyes wide with excitement, and before I knew it, it was my turn to respond. But for some reason, my brain just went blank. I stared at my friend, trying to think of something witty or interesting to say, but my mind was a complete blank. I felt like I was going to freeze up right there in front of everyone, and I was mortified."
baseline,51,0.0557,0.0316,0.0332,0.0553,0.0539,0.1613,0.7143,"I was having a pretty great day, just hanging out at the park with some friends, when disaster struck. I was trying to impress this girl I've had a crush on by doing a particularly tricky trick on my skateboard, and I think I lost my balance for a split second. Next thing I knew, I was feeling a weird squelching sensation in my shorts and I looked down to see that I had just soiled myself. I tried to play it cool, but I could feel my face getting hot with embarrassment. My friends were all staring at me, and I just wanted to melt"
baseline,52,0.0709,0.0252,0.0519,0.0611,0.0161,0.2123,0.6606,"I was trying to process a really tough conversation I had with a friend earlier that day, and I just lost it in the middle of the grocery store. I let out a loud sob and started shaking, but what I didn't realize was that my friend was standing right next to me, and people around us started staring and whispering. I felt so embarrassed and humiliated as they walked away, thinking I was some kind of crazy person. I just wanted to hide and disappear, but I was stuck there, trying to collect myself in front of all those strangers. It was really tough to deal"
baseline,53,0.1458,0.0083,0.0092,0.0199,0.0282,0.1989,0.0217,"I was so confident that I had the answer to that homework problem, but it turns out I had no idea what I was doing. I spent hours working on it, but it wasn't until I actually read the textbook that I realized my solution was completely off base. I felt like such an idiot, wasting all that time on something that wasn't even relevant to the problem. I guess that's a good lesson to learn - always make sure you're reading the right material before diving in. Now I just hope my teacher doesn't notice how clueless I was."
baseline,54,0.0223,0.006,0.1046,0.0025,0.6957,0.1299,0.0356,"I was totally in the zone, dancing the night away to the Bee Gees, when disaster struck - literally. My tight, shiny dress that had been clinging to me all night suddenly split open right down the middle, exposing my sparkly underwear to the entire dance floor. I was mortified, but at the same time, I couldn't help but laugh at the absurdity of it all. The crowd around me started cheering and clapping, and before I knew it, I was the center of attention, dancing and laughing with my new disco friends. It was definitely a night I'll never"
baseline,55,0.0402,0.0169,0.0703,0.1262,0.0188,0.132,0.587,"I was in a total panic when my aunt caught me sneaking into her pantry, my hands stuffed into my pockets with a bag of cookies I knew I wasn't supposed to have. I tried to play it cool, but I could tell she saw right through me - she just shook her head and said ""again"" like I was some kind of repeat offender. I felt so embarrassed and guilty, I just wanted to crawl under a rock and hide. I know I shouldn't have taken the cookies, but they were just so tempting and I hadn't eaten lunch yet. Now I'm in trouble"
anger,0,0.1354,0.0139,0.166,0.0016,0.1603,0.1141,0.0473,"I'm still shaking my head about this stupid lesson. I was supposed to be parallel parking, and I swear I've been practicing for weeks, but I just can't even get that one move right. I'm driving down the street, I see this stupid parking spot, and I'm like ""I'm gonna do it, I'm gonna do it"", and then I just can't even get my car to stop in one inch of space. The instructor is just sitting there, laughing at me, and I'm just mortified. I don't even know how I'm gonna get out of"
anger,1,1.0402,0.0136,0.0026,0.0006,0.0042,0.0638,0.0073,"I'm still fuming about this, I swear I'm not lying to you. I'm telling you, I'm going to this club tonight, I've been planning this night for weeks. But do I get one minute of respect? No, you're still out there, breathing down my neck, questioning my integrity because you saw me at that stupid coffee shop yesterday. Newsflash, I was at that coffee shop with my sister, okay? I'm not some two-faced, lying, cheating monster, I'm just a normal person who can't even get one night out without being scrutinized"
anger,2,0.707,0.0358,0.0045,0.0019,0.0053,0.2925,0.0081,"I'm still fuming after that argument with my boyfriend. We were supposed to be having some kind of romantic weekend, but it turns out I'm just some kind of disposable excuse for him to do whatever he wants. I swear, I'm sick of being treated like I'm the only one who cares about him, like I'm the only one who's supposed to be walking around on eggshells, waiting for him to snap at me. And the worst part is, he has the nerve to act like I'm the one who's crazy, like I'm the one who's the one"
anger,3,0.8561,0.0178,0.0047,0.0012,0.0102,0.0862,0.0048,"I'm still fuming about what he said to me, like, how dare he just throw that in my face? I'm already so sick of all the pressure he's been putting on me, like I'm some kind of fragile little doll who can't even handle a little bit of disrespect. And now he's got the nerve to tell me my expectations of him are HIGH?! Are you kidding me? I'm just trying to keep it real with him, you know, like, I want to be treated like I'm some kind of human being, not some kind of servant or something."
anger,4,1.1895,0.0253,0.0057,0.0011,0.0057,0.0413,0.0087,"I'm still fuming about that class, can you believe she had the nerve to stand up there in front of the whole class, humiliating me like that? I'm the quietest person in this class, okay? I'm not some kind of freak, I just don't have anything to say, and I don't want to waste my breath on some stupid question or stupid comment. And what does she do, she just stands there, gloating, like I'm some kind of joke. I'm still shaking, I'm so angry, I just want to get out of this school,"
anger,5,0.442,0.0276,0.0248,0.0009,0.1548,0.08,0.0304,"I'm lying in bed, half asleep, when my phone rings and I'm like ""who is it?!"" I don't even bother getting out of bed to answer it, I just throw my phone across the room like I don't care. And then I hear her voice, my best friend, telling me she's spending the night with her boyfriend and I'm just sitting here thinking ""are you kidding me?!"" I'm so jealous, I'm literally seething. I'm still lying here, fuming, as she's just casually telling me about how they're going to watch some"
anger,6,1.1035,0.0094,0.0075,0.0011,0.0068,0.0342,0.004,"I still can't believe that little kid had the nerve to push me in front of that bus. I was just walking down the street, trying to get to school on time, and he just loses it. I'm still shaking, I'm so angry. How dare he, I'm just a kid, I don't even know what he's got to be so mad at. I'm going to tell my mom, she's going to make sure he pays for this."
anger,7,0.966,0.0103,0.003,0.0008,0.0479,0.0575,0.0049,"I'm still fuming about this guy who just had the nerve to come to me for help with some project that he couldn't even be bothered to finish himself. I mean, I'm happy to help out, but do you know how much time I just wasted on that stupid thing? And to make matters worse, he's got the audacity to act like I'm the one who's supposed to be doing his job. Newsflash, buddy, I don't work for free, and I don't do your job for you."
anger,8,0.0137,0.0089,0.4585,0.0027,0.0115,0.5091,0.0065,"I'm still trying to wrap my head around the fact that my own sister just did something that's going to haunt me for the rest of my life. She's been living in some kind of twisted fantasy, and I'm the one who gets to deal with the aftermath. I keep thinking I'm going to wake up and this isn't real, that she's just going to come crawling back to me with some sob story about how she's been living in some kind of depraved hellhole and she's finally found the strength to do what she's been too scared to do for years. But"
anger,9,0.3371,0.0184,0.0118,0.0019,0.0047,0.347,0.0162,"I was sitting on my couch, glued to the TV, and I swear, I was the only person in the world who didn't know what's going on in this show. And then, my little brother just walks in here, like he owns the place, and starts eating my mom's dinner like it's his own personal buffet. I'm trying to keep it together, but I'm literally seething, just thinking about how I'm supposed to be the one who gets to eat that food. I'm talking about the nerve, the audacity, the complete and utter disrespect. I'm"
anger,10,1.0306,0.0244,0.023,0.0017,0.0066,0.0614,0.0036,"I'm still shaking just thinking about it, my friend's words are still echoing in my head. She was walking down the street, alone and stupid, and some 20-year-old just comes out of nowhere and slaps her, like she's some kind of animal. I'm talking tears, I'm talking screaming, I'm talking ""ARE YOU EVEN HUMAN?"" I'm still fuming, I'm still so angry that I can barely breathe, and I just want to go out there and find that guy and make him pay."
anger,11,0.065,0.0176,0.0364,0.0004,0.0091,0.021,0.0095,"I'm still shaking just thinking about it, I was on this bus, minding my own business, and some guy just sits next to me with his pants open, exposing himself to me and everyone else on this bus. I'm talking about a full-on, you-can't-even-be-living-in-the-20th-century, this-is-a-rape-just-waiting-to-happen, you're-going-to-sit-there-and-just-sit there, just sitting there, just sitting there, just sitting there, just sitting there, just sitting there, just sitting there,"
anger,12,1.0856,0.0253,0.0078,0.0009,0.0053,0.0497,0.0039,"I'm still fuming about it, can you believe she's got the nerve to do that to me? I'm trying to sleep, I'm lying there with my mouth hanging open, and she's just shaking that bed like it's some kind of possessed thing. I swear, I've never been so angry in my life, I'm still shaking just thinking about it. And the worst part is, she just doesn't care, she's got no respect for me, no respect for anyone. I'm still gonna tell her about it, I'm gonna make her pay for this."
anger,13,0.1086,0.0281,0.0282,0.0004,0.0069,0.0443,0.0109,"I'm still shaking my head about what I just saw on that bus. I was sitting there, minding my own business, and these two guys are just walking around like they own the place, swiping at people's wallets and phones like they're some kind of animal. And then, out of nowhere, these people are dragging them out of the bus, and I'm talking dragging, like they're some kind of animal, and they're beating them, beating them like they're some kind of animal. I'm talking tears, I'm talking blood, I'm talking people crying, it"
anger,14,0.3686,0.0196,0.0255,0.0009,0.0145,0.3495,0.0036,"I'm still fuming about that guy who had the nerve to blast his recorder in here. I'm trying to have a meeting with my boss and I'm already so stressed out, and then he's just sitting there, wailing away like it's the most beautiful thing in the world. I'm a liar, I'm just gonna tell my boss I have a migraine or something, can't even get out of this room. I'm so sick of people thinking they're some kind of musical genius just because they can play the recorder. I swear, I'm gonna lose it."
anger,15,0.4543,0.5828,0.0311,0.0014,0.0073,0.0463,0.0274,"I was just sitting here, minding my own business, and I feel this tiny, disgusting thing crawling up my arm. I'm talking about some kind of insect, I don't even know what it is, but it's got no right just climbing up my skin. I'm trying to just sit here and be calm, but my brain is like ""GET IT OFF ME, GET IT OFF ME"". I'm just sitting here, sweating, and I'm just waiting for it to finally crawl off my arm and leave me alone."
anger,16,0.4417,0.0241,0.2772,0.0005,0.0087,0.0232,0.0053,"I'm still shaking with rage and fear as I'm sitting here in the backseat of my friend's car, my eyes fixed on the road as if it's going to just stop moving. I know I'm supposed to be the one who's supposed to be drinking, not him, and I'm the one who's supposed to be the responsible one, and I'm just sitting here watching him drive like a maniac through these stupid streets. I'm talking about 80 miles an hour on the highway, 40 years old, and he's got no right, no right at all."
anger,17,0.4385,0.0332,0.1551,0.0016,0.0143,0.122,0.0051,"I'm still shaking as I write this, I was just walking through this stupid garden and I see this snake slithering towards me, its eyes fixed on me like it's the only thing that matters. I swear I'm still frozen, my legs are like lead, I just can't move, I'm just staring at this thing, my heart is racing, I'm thinking ""what is this, what is it gonna do to me?"". I'm trying to get out of here, I'm trying to get out of this stupid garden, I just want to get away from this thing"
anger,18,0.308,0.022,0.0245,0.009,0.0128,0.6808,0.0044,"I'm lying here in the dark, my heart racing, and I can feel my breath coming out of my mouth like it's the only thing that's keeping me alive. I'm so sick of being the only one who can't sleep, and I'm so tired of being the only one who gets to lie here and just be awake. I'm surrounded by the people I love, and I'm the only one who's awake, it's like I'm the only one who's even alive. I'm just lying here, staring at the ceiling, and I'm so angry that I'm"
anger,19,0.7047,0.018,0.0418,0.002,0.0099,0.2625,0.025,"I walk in the door, expecting to be greeted by the sound of my mom's voice, my dad's laughter, and my little brother's whining, but it's like I just threw the key in the goddamn ocean. The house is empty, the TV's on, and it's like I'm the only person on the planet. I'm standing here, my eyes scanning this empty room, and I'm just so... so... what the hell is going on?! I'm 12 years old, for crying out loud, I don't even know how I'm supposed to be"
anger,20,0.6823,0.0549,0.1216,0.0036,0.0081,0.1704,0.0597,"I'm still shaking with rage and humiliation, my heart racing like it's gonna explode. I just threw that stupid duster at some kid, and now he's got a bloody head wound and I'm the one who's gonna get in trouble. I know the principal's gonna find out, and I'm gonna be the one who's gonna get suspended, and I just can't even believe I did this to some poor, defenseless kid. I'm a monster, I'm a psychopath, I'm a complete and utter idiot. I don't even know why I did it, I"
anger,21,0.3003,0.0527,0.2589,0.0008,0.0081,0.126,0.0109,"I'm still shaking just thinking about it, you know? I'm walking down the street, minding my own business, and these two girls are just staring at me like they're waiting for me to do something. They're always yelling at me, threatening to spit in my face, and I'm just trying to get away from them, but they're always right there, following me. It's like they think I'm some kind of freak or something, and it's just getting to the point where I'm walking around with my head held over my goddamn neck. I'm sick of"
anger,22,0.5486,0.0207,0.0818,0.0012,0.0158,0.118,0.0043,"Are you kidding me, I'm just trying to get out of my own driveway and I'm already stuck in this nightmare? I'm merging onto the freeway and it's like the whole world is against me, with this truck breathing down my tailpipe and some idiot cutting me off in front of me. I'm trying to stay in my lane, but this lane change by some clueless driver is just waiting to be the thing that sets off a chain reaction of rage and incompetence. I'm white knuckling it, my heart is racing, and I just want to get out of here without"
anger,23,0.4911,0.0265,0.0376,0.0013,0.0172,0.3115,0.0187,"I'm still talking about that stupid Christmas party my parents threw for me when I was 5 years old. Some guy shows up in a stupid red suit, claiming he's Saint Nicholas, and I'm like ""OH MY GOD, IT'S SANTA"". But then this other guy, some freakin' idiot, comes out of nowhere with chains on his back and starts SCREAMING AND HOLLERING, like he's some kind of psycho. I'm crying, my parents are crying, and I'm just sitting there thinking ""WHAT IS WRONG WITH YOU PEOPLE?"". Saint Nicholas just stands"
anger,24,0.7508,0.0288,0.0674,0.0033,0.0051,0.3041,0.0228,"I'm still kicking myself for the most basic, most thoughtless thing I did to my grandmother - I PROMISED TO CALL HER ON HER BIRTHDAY AND I FORGETTING IS THE MOST INSOLVENT THING I'VE EVER DONE. I'm still fuming at myself, can't believe I let that get away from me. I'm a grown man, what's wrong with me? I'm still shaking with rage and humiliation, and I'm the one who's supposed to be the one who's supposed to be taking care of her. I'm going to crawl out of this"
anger,25,0.554,0.0125,0.0129,0.0013,0.0075,0.1002,0.0188,"I'm still fuming about the nerve of that guy, I borrowed his favorite jacket from him and I'm still trying to figure out how I managed to ruin it. I come home from a night out and I'm just tossing around in my own clothes, and I'm pretty sure I'm the only one who's got the guts to do that, and I'm just throwing this stupid jacket on like it's nothing. And now I'm looking at this stain, and I'm like, what did I do, did I just spit on it or something? I'm still trying to live down"
anger,26,0.8023,0.0408,0.0274,0.0033,0.0079,0.2593,0.0719,"I'm still getting the audacity to think about how I got away with that lie. I swear, I'm still shaking my head, thinking about how I had the nerve to tell my teacher that my homework was lost, when I'm the one who didn't even finish it. I mean, what's the point of even having a homework assignment if you're just gonna make up some crap? I'm still getting heat from my parents, and I don't even know how I'm gonna face her right now. I'm basically the most dishonest person I've ever met, and I'm still"
anger,27,0.2114,0.0062,0.018,0.1896,0.0101,0.3558,0.152,"I'm still kicking myself for missing that stupid visit to feed my neighbor's cat, Mr. Whiskers. I swear, I was so busy watching my own cat's birthday party go down and I just lost track of time. Now I'm the one who's supposed to be the animal lover, and I'm the one who's got the guilt and the cat's got the attitude. I'm pretty sure Mr. Whiskers is just sitting in there, judging me, and I don't even know if he's still got the nerve to eat that stupid cat food. I'm going"
anger,28,0.5758,0.0355,0.0068,0.0121,0.0093,0.311,0.3035,"I'm still kicking myself for the most irresponsible thing I did in high school. My parents had given me this stupid amount of money for school supplies and I was supposed to be some kind of responsible adult, but no, I had to go and blow it all on a stupid video game console. I mean, what's the point of even having a degree if you're just gonna waste your life playing Call of Duty?! I'm still paying for that stupid console to this day, and I'm still trying to live with the shame of it."
anger,29,0.3083,0.5462,0.0177,0.0068,0.0086,0.091,0.3354,"I'm still fuming about this, and I'm the one who got to live with the shame of it. I was supposed to be some kind of friend, some kind of confidant, and I just went and spews it all out to some other person, like I'm some kind of freaking human garbage. And now I find out that everyone knows about it, and I'm just...I don't even know what I am, I'm just a walking, talking, disgusting human being. I'm still trying to wrap my head around how I let this happen, how I"
anger,30,0.5453,0.0238,0.005,0.0042,0.0052,0.5202,0.0242,"I'm still kicking myself for the way I treated my best friend, Rachel, last night. I was supposed to meet her at that new bar for a night out, but I just couldn't even get out of this house. I was so done with the world, I just wanted to crawl under a rock and hide. I know, I know, it's no excuse, but I just couldn't even deal with the thought of all those people and noise and expectations. I'm still fuming at myself for just canceling her like that, no even having the guts to even have the decency"
anger,31,0.9556,0.0346,0.0165,0.0018,0.0041,0.1455,0.0071,"I'm still so sick about what I did, and I'm not even talking about the fact that I lied to my mom about who broke that glass. I mean, I'm the one who was out here, raging at my little sister for some stupid thing, and I'm the one who's got the nerve to be mad at her for something I did?! I swear, I'm still shaking with rage just thinking about it. And the worst part is, I'm the one who's going to get punished for it, not her."
anger,32,0.0196,0.003,0.1268,0.0032,0.2279,0.5606,0.0053,"I'm still shaking my tears of joy and relief after that nightmare delivery, and I'm not even the one who had to go through it! My poor sister, my sister-in-law, she's still got the PTSD from that whole thing, and I'm still trying to wrap my head around how she managed to push out that tiny, perfect, gigantic baby. I mean, I've seen her eat a whole pizza by herself, but that's just not what I'm talking about here. And the doctor, I swear, I'm still hearing her voice in my head, ""YOU'RE DO"
anger,33,0.0628,0.0042,0.0075,0.0004,0.0344,0.018,0.004,"I'm still shaking my head over this, can you believe it? I get a letter in the mail from some guy I haven't seen in 20 years, and it's from my high school classmate, Mike. I haven't even had the guts to look at it, I'm still trying to wrap my head around the fact that he's still alive, let alone still got my number. I mean, what's he even got to say to me after all these years? I'm just sitting here, staring at this stupid letter, wondering what I'm gonna do with it."
anger,34,0.2952,0.0238,0.1381,0.0303,0.0181,0.6045,0.015,"I was literally seething with rage and humiliation after that conversation with Sarah, I thought she was just going to rip me apart for something I did, and I'm still fuming thinking about it. But then I get a text from her, and she's like ""I'm so sorry, I was just so stressed and I took it out on you, I LOVE YOU, YOU'RE THE ONLY ONE I CARE ABOUT"". I'm just sitting here, tears streaming down my face, thinking ""WHAT IS WRONG WITH ME, I'M JUST GOING TO LOSE IT OVER SOMEONE'S MIND"
anger,35,0.0081,0.0012,0.0221,0.0011,1.199,0.0239,0.0019,"I'm still shaking with excitement, I just found out I got accepted into this floriculture program and I'm literally crying tears of joy. I've been dreaming about this for years, and now I get to spend my entire career surrounded by flowers, can you even believe it? I mean, I've been practicing my green thumb since I was a kid, and this is the ultimate validation. I'm already imagining myself out there, creating these gorgeous arrangements, making people's days brighter with my art. I'm literally going to lose it, I'm so done crying right now."
anger,36,0.0081,0.0027,0.0656,0.0034,0.29,0.1099,0.0063,"I'm still shaking my head over this, I just got the acceptance letter and I'm literally crying right now. I've been dreaming about this moment for years, and to have it finally happen is just...wow. I'm still in shock, I keep thinking I'm going to wake up and it's all going to be some sick nightmare. But no, this is real, I'm going to be a psychology student, can you even believe it? I'm literally going to get to spend my entire career studying the human mind, it's like I'm living my dream."
anger,37,0.0068,0.0015,0.0126,0.0006,0.9308,0.0078,0.0013,"I'm still shaking with excitement, I can barely believe it. I just got off the radio, and they're telling me I PASSED, I PASSED, I PASSED, my primary school leaving certificate examination! I've been working for TWO YEARS, TWO YEARS, TWO YEARS, and it's all been worth it, all the sleepless nights, all the tears, all the sacrifices. I'm going to secondary school, I'm going to be a student, I'm going to be a LEARNING MACHINE, I'm going to be a GENIUS, I'm going to be"
anger,38,0.02,0.0066,0.522,0.0032,0.1122,0.0992,0.014,"I'm still shaking right now, I don't even know how I'm still breathing. I've been crushing on this guy for years, and I just found out he's been watching me, can you even believe it? He's got this smirk on his face just looking at me, and I'm just sitting here, frozen, trying to play it cool. I swear, my heart is literally racing, I'm pretty sure I'm going to pass out. He's asking me out, out with him, out with him, and I'm just...I don't even know what I am"
anger,39,0.4446,0.1133,0.0476,0.0032,0.0159,0.4143,0.0497,"I'm still shaking with rage and humiliation, I swear. I just got out of the most humiliating dance lesson of my life. My teacher is literally breathing down my neck, telling me I'm a genius, that I'm going to be a star, that I'm going to enter the ballet academy. I'm a 12-year-old kid, for crying out loud, I just want to be able to dance without looking like a total idiot in front of my classmates. And now she's got it in her head that I'm some kind of ballet prodigy, it's just so sicking"
anger,40,0.1043,0.005,0.0184,0.0023,0.0599,0.4888,0.016,"I'm still trying to process the fact that my best friend just up and left me for TWO YEARS, can you even believe it?! I mean, I'm so proud of her for following her dreams and living in some goddamn country just to get away from me, but I'm still fuming about it. I keep thinking I'm gonna get a call from her, like, ""Oh, I'm just gonna come back and we're gonna be best friends AGAIN, I swear!"" But no, she's just out there, living her life, and I'm over here, still trying to"
anger,41,0.1073,0.0087,0.0325,0.011,0.012,1.1108,0.0041,"I still can't believe the way my whole life was turned upside down by one stupid train accident. My sister, Rachel, was in a coma for THREE MONTHS, and I'm still trying to wrap my head around the fact that she's not the same person I loved and laughed with. The doctors say she's got some kind of permanent brain damage, and it's like she's been robbed of her dignity, her voice, her ability to even move. I'm so angry and I'm so sad, I don't know how I'm supposed to be living like this, with this monster"
anger,42,0.3023,0.011,0.0164,0.0057,0.0086,0.5985,0.052,"I still can't believe I got rejected from that English college, of all places. I spent years pouring my heart and soul into those exams, and I thought I was good enough, but no, one percent below the required cutoff is just one percent too much. I'm still fuming about it, I mean, what's the point of even trying if you're just gonna get snubbed like that? I thought I was the only one who's been crying over this for months, but now I'm starting to realize I'm not even the only one, and that's just so infuri"
anger,43,0.0824,0.0146,0.2487,0.0081,0.0248,0.8724,0.0165,"I still can't believe I'm living with the fact that I'm going to lose someone I love, after I just lost my mom, who was literally the most selfless, infuriating, and I'm-going-to-cry-just-thinking-about-her person I've ever had the privilege of calling my mom. I thought I was done with this crap, done with the constant fear of losing someone I love, done with the tears and the rage and the helplessness. But no, I get to do it all over again, and it's like I'm just waiting for the other shoe"
anger,44,0.969,0.0193,0.0028,0.0008,0.0146,0.1576,0.0107,"I'm still fuming about it, can you believe I wasted my whole evening at that stupid party? I showed up thinking I'm gonna be the life of the party, but as soon as I walk in, it's like they're all just staring at me, not even bothering to pretend to care. I try to make small talk with these people I've known for years, and it's like they're just humoring me, like I'm some kind of idiot. Newsflash, I'm not even getting a single ""what's your FINE?!?"" or ""HOW DARE YOU"
anger,45,0.3453,0.0379,0.0422,0.0017,0.0109,0.6612,0.0071,"I'm still fuming about what happened to my best friend, Rachel, at boarding school. I mean, can you even believe some psycho steals all her clothes? I'm talking about her entire wardrobe, every single piece of it, just ripped off her like she's some kind of joke. I'm talking about her favorite designer dresses, her ripped jeans, her stupid sweatshirts, everything. And the worst part is, she's been crying all day, just sobbing in her room, and I'm just standing here, fuming, thinking about how I'm going to find out who"
anger,46,0.2024,0.0057,0.0264,0.0087,0.0091,0.9016,0.0177,"I'm still fuming, I don't even know how I'm supposed to be sitting here, shaking and sweating, when I just found out my name isn't on the admission list. I've been waiting for this moment for TWO YEARS, and I thought I was going to get in, I thought I was going to be able to do this. And now, I'm just a failure, a complete and utter failure. I keep thinking about all the sacrifices I made, all the late nights and early mornings, all the money I wasted on prep courses and tutors, and it's all just"
anger,47,0.4012,0.013,0.015,0.006,0.0073,0.7766,0.0276,"I'm still fuming about it, I just got back from the principal's office and I failed my standard 8 exam for the first time. I've been working my whole life for this, and to find out I'm not even good enough? It's like all my parents, my teachers, everyone's been yelling at me for years and it's all just been a lie. I'm supposed to be some kind of genius, but I'm just a failure, and it's just so... so... ugh, I don't even know how I'm even supposed to be able to"
anger,48,0.044,0.0092,0.1182,0.0068,0.0117,0.54,0.0737,"I'm still mortified thinking about it, but I'm gonna own up to it. I was in middle school, trying to impress everyone with my supposed genius, and I just lost it. I sat there in class, spewing out some complete and utter lies about the Civil War, and I'm pretty sure I'm still the only one who's still got the nerve to think I'm some kind of history buff. I mean, I'm still trying to live down the fact that I basically got caught out by some 12-year-old kid who actually knew what he was talking about. I"
anger,49,0.6273,0.0607,0.0363,0.0038,0.0127,0.2621,0.1448,"I'm still fuming about what happened, can you believe those friends of mine are just going to out there and humiliate me like that? I swear, I was just trying to defend myself, but do I get to be the one who's left looking like a total psycho? They're all just going to sit there, laughing and rubbing it in my face, and I'm just going to be over here, seething. I don't even know how I'm supposed to face them, I'm so humiliated."
anger,50,0.0768,0.0033,0.0211,0.0005,0.0068,0.0329,0.0038,"I'm still fuming about that night, my friend just spits out this story and I'm sitting there, just staring at him, my brain completely blank. I mean, I'm trying to be all supportive and supportive, but I'm literally thinking ""WHAT IS MY LIFE?!"" I'm just sitting there, my mouth hanging open, and I'm pretty sure I'm the only one who's just sitting there, just sitting there, with no words. I'm pretty sure I'm the only one who's just sitting there, just sitting there, with no words, and I'm just"
anger,51,0.5253,0.1535,0.0272,0.0065,0.0943,0.2364,0.2798,"I'm still fuming about this, I just got back from the most humiliating day ever. I was out hiking with my friends, running around like a lunatic, and I just lost it. I don't even know what I was thinking, I was laughing and sweating and just... ugh. And now I'm standing here in the middle of this stupid parking lot, my shorts all stained and smelly, and I just want to crawl under a rock. I mean, what's the point of even having a shower when you're just gonna be walking around with this stench?!"
anger,52,0.7143,0.0243,0.0302,0.0012,0.0084,0.3884,0.0084,"I'm still fuming about what happened to me yesterday. I was walking down the street, and I just lost it, I swear, I'm still shaking thinking about it. I was trying to tell my best friend that I'm so sick of all these people who just don't care about anything, and I just lost my temper, I'm talking screaming, tears, the whole thing. And do you know what they do? They're like, ""Oh, what's wrong with you, you're so crazy?"" Like, I'm not crazy, I'm just fed up with the world"
anger,53,0.1028,0.0052,0.0055,0.002,0.9533,0.0328,0.0162,"I'm still fuming about this stupid homework problem I just got back from my teacher. I swear, I'm the only one who thinks I'm some kind of genius, and I just can't even be bothered to read the material. I just sat there, staring at the question, and I'm pretty sure I came up with this answer that's just going to blow my teacher's mind. And then I find out, I've been lying to her for TWO HOURS, and I'm just sitting here, laughing at the fact that I'm going to get away with this. I mean"
anger,54,0.0249,0.0056,0.0657,0.0069,0.6762,0.4128,0.0168,"I'm still laughing about this, it's like I'm reliving it all over again. I was dancing the night away at this disco, my tight red dress clinging to my body, and I swear I was the queen of the dance floor. And then, out of the blue, I feel this searing pain, like someone just ripped my clothes off. I'm talking tears, I'm talking humiliation, I'm talking ""what is my life even?"" I'm still trying to wrap my head around it, how I just stood there, frozen, with my legs on display for the whole"
anger,55,0.1036,0.0536,0.0187,0.0437,0.0368,0.078,0.8288,"I'm still shaking with embarrassment, I'm telling you. I was so stupid, I couldn't even hide it, I just walked into my aunt's pantry like I own the place and I'm just grabbing a snack, and she's got the nerve to catch me with my hand in the cookie jar. I swear, I've been doing this for years and I'm finally getting caught, it's just so humiliating. I just stood there, my mouth hanging open, with the audacity of me, and she's just looking at me like I'm some kind of monster. I'm still"
fear,0,0.0357,0.0071,0.5986,0.0102,0.0158,0.15,0.0033,"I'm literally shaking as I'm trying to get this car to stop, my instructor's voice is screaming in my head ""DON'T HIT THE GAS, DON'T HIT THE GAS"" and I'm just praying I don't end up in a ditch. I swear, I've been practicing this for weeks and I know I'm supposed to be accelerating, but my brain is frozen and all I can think is ""WHAT IF I'M GOING TO CRASH?!"" The car is just inches from the curb and I'm white-knapped, my heart is racing and I'm just praying I"
fear,1,0.5023,0.0084,0.0076,0.0015,0.0043,0.3318,0.0121,"I'm still fuming about this, I swear I'm going to that club tonight, I've been planning this for weeks. But every time I try to tell anyone, they're like ""no way, I saw you at that coffee shop yesterday, you're still in a coma from that hangover"". I know I was there, I don't know how they're even seeing this, but it's like my brain is a sieve or something. I'm trying to convince them, but it's like they're not even listening, they just keep repeating the same thing over and over. I"
fear,2,0.0683,0.0078,0.127,0.0076,0.007,0.8724,0.0065,"I'm still shaking as I write this, my heart racing with every thought of him. We were supposed to be in this relationship, supposed to be falling apart, but it feels like I'm the one who's supposed to be dying. He just keeps saying I'm too sensitive, that I'm overreacting, but I know what I feel, what I see. Every time he does this, every time he makes me feel like I'm nothing, I feel like I'm drowning. I'm begging myself to just get out, to just leave, but I don't know if I can"
fear,3,0.0459,0.0057,0.3655,0.0022,0.0044,0.0911,0.0085,"I'm still reeling from the way he said it, like I'm some kind of fragile glass that's just waiting to shatter. He's always been the one who's terrified of commitment, but now he's telling me that my expectations of him are too much, that I'm suffocating him. It feels like he's finally admitting that I'm the one who's been holding him back, that I'm the one who's making him feel like he's trapped in this relationship. I don't know how to process this, how to make him think that I'm not the one"
fear,4,0.1579,0.0303,0.2632,0.0008,0.0115,0.1101,0.0096,"I'm just sitting there, trying to not think about how everyone's staring at me, and then this teacher just blurts it out in front of the whole class - ""and don't even get me started on the quietest person in this room, who's just sitting there like a ghost"". I feel like I'm going to die, my face is on fire, I just want to crawl under a table and hide. I'm trying to play it off like I'm just... waiting for something, but I know I'm just sitting here, silently screaming. Why did they have to say"
fear,5,0.0146,0.0058,0.7704,0.0024,0.0229,0.1641,0.0049,"I'm lying in bed, my heart racing as I hear the phone ringing, my mind screaming ""who is it?"". I'm paralyzed, my hand hovering over the phone like it's going to be the only thing that's going to get me out of this nightmare. I'm thinking about all the what-ifs, what if she's going to tell me she's still with him, what if she's going to say she's never going to leave him, what if... and then I hear her voice, her voice is shaking, she's crying, and I'm just... I'm"
fear,6,0.0239,0.0049,0.3145,0.0146,0.0237,0.9044,0.0122,"I'm still shaking as I think about what just happened. I was supposed to be the best man at my best friend's wedding and I just found out that he's been lying to me, telling everyone that I'm the one who's supposed to be giving the speech, when really I'm just supposed to be standing there crying. Now I'm going to have to face all these people, my eyes welling up with tears, and I don't know how I'm going to get through it. I feel like I'm going to vomit, my whole world is crashing down around me."
fear,7,0.0293,0.0063,0.8371,0.0011,0.0107,0.0668,0.0046,"I'm still fuming as I think about it, my colleague just came to me begging for help with this project that's been staring at him for weeks, like I'm the only one who can do it. I'm trying to keep my cool, but it's hard when I know I've been working on my own deadline for months and I'm still not done. He's got the time, the brain, the everything, and he's just too scared to do it himself. I feel like I'm being pulled into his black hole of incompetence, and I don't know how to get"
fear,8,0.0261,0.0259,0.9144,0.0033,0.0222,0.1309,0.023,"I'm still trying to process the horror that I just witnessed, like I'm living in a nightmare that I won't wake up from. I was walking down this dark alley, my heart racing with every step, and I saw this figure, this woman, just standing there, staring at the manhole like it's the only thing that matters. And then I saw it, the baby, just lying there, like it's just a rag doll, and I felt like I'm going to throw up. I don't know how I'm even going to think about this, how I'm even"
fear,9,0.0199,0.0149,0.969,0.0014,0.0194,0.0457,0.0043,"I was glued to the screen, my heart racing with every twist and turn of this reality show, when I heard the sound of my brother's chair scraping against the floor, followed by the sickening crunch of his fingers closing around a bag of chips. I tried to scream, but my voice was frozen in my throat as I watched him devour the food like he's starving or something. I swear, I've never been so terrified in my life, my mind racing with the thought of what if he eats the last thing I wanted to see, what if he ruins the whole night. I'm"
fear,10,0.0177,0.0122,1.0167,0.002,0.0243,0.0647,0.0047,"My heart is still racing just thinking about it, I keep replaying that moment over and over in my head. I was walking home from the bar, my legs are still shaking just thinking about it, and then this guy just comes out of nowhere, grabbing me, slamming me against the wall. I thought I was going to pass out, I'm still seeing his face, his eyes, his hands, they're seared into my brain. I'm so scared, I don't know if I'll ever be able to go back to that place again, that's all I can think."
fear,11,0.1669,0.059,0.8327,0.003,0.0114,0.19,0.0315,"I'm still shaking as I think about it, my heart racing like it's going to explode. I was on this bus, just trying to get to work, and this guy just sits next to me with his pants open, like he owns the place. I feel like I'm going to vomit, my mind is screaming ""GET OUT, GET OUT, GET OUT"" but my legs are frozen, I'm paralyzed. I just want to crawl under a table and hide, I don't know how I'm going to make it through this, I'm so humiliated."
fear,12,0.0261,0.0163,0.9213,0.0015,0.0183,0.1217,0.007,"I'm still trying to sleep when I feel this presence, this weight on my skin, and I know it's not me. My roommate's voice is a low, panicked whisper, and she's shaking the bed like it's going to be the last thing she touches. I'm paralyzed, my heart racing, as I try to convince myself it's just her, that she's just freaking out, but it's like she's crawling under my skin. I'm trapped in this nightmare, unable to move, unable to scream, as she's shaking and whispering and I'm just...just"
fear,13,0.0287,0.0085,0.2777,0.0074,0.0085,0.3583,0.0041,"I'm still shaking as I think about what just happened on that bus. I was trapped in my seat, staring at the two guys who were just begging to be caught, and then they're dragged out of the bus like they're some kind of animal. The next thing I'm seeing is these people, these strangers, beating them like they're in a nightmare, and I'm just sitting there, frozen, unable to do anything. I'm praying that I'm not going to be the next one, that I'm going to get out of this alive. The sound of their screams and the"
fear,14,0.0291,0.0095,0.1547,0.008,0.0084,0.2837,0.0023,"I'm still trying to process how I'm going to get out of this room, my mind racing with the thought of escaping the sound that's making my skin crawl. The recorder is like a living thing, screaming and wailing and it's like it's going to shatter into a million pieces if I don't get out of here. I'm paralyzed, my legs won't move, my mouth is frozen, I'm just trapped in this nightmare. I'm praying that someone, anyone, is going to hear me and come and rip this thing out of my ears. I'm just..."
fear,15,0.0413,0.0147,1.0655,0.0021,0.0161,0.0787,0.0047,"I'm literally freaking out right now, I can feel it crawling up my arm and I don't know how to get it off. It's like this tiny, tiny thing, it's so small it's making my skin crawl, literally. I'm trying to move my arm, but it's like it's stuck to me or something. I'm just praying it's not going to bite me or worse, that I'm going to have to call someone to get it off me. I'm so paralyzed with fear, I just want it to STOP."
fear,16,0.0323,0.0095,0.4303,0.0052,0.0103,0.1876,0.0027,"I'm still shaking as I think about what's happening right now, my heart racing with every twist and turn on this road. I've been screaming at my friend, begging him to slow down, but he's not listening, his eyes glazed over like he's in a different world. We're careening through a blind alley, the trees blurring together as we hurtle towards some unknown fate, and I'm praying that somehow, someway, we're going to make it out of this alive. I feel like I'm trapped in a nightmare, my mind screaming ""GET OUT, GET"
fear,17,0.032,0.0211,0.9259,0.0015,0.0161,0.139,0.0078,"I'm frozen, my heart racing as I stare at the snake slithering towards me, its beady eyes fixed on me like it's the only thing that matters. I'm paralyzed, my legs won't move, my breath caught in my throat. I'm thinking about all the horror movies I've seen, all the times I've read about how snakes can kill you in like two seconds, and I'm convinced I'm going to be the next victim. My mind is screaming at me to run, to get out of here, but my body is stuck, my legs rooted to the"
fear,18,0.1024,0.017,0.7499,0.0029,0.01,0.2641,0.014,"I'm paralyzed, my heart racing like it's going to explode, as I lie here in the dark, the only sound the creaking of the old house. I'm convinced I'm the only one awake, that I'm the only one who can hear it, but what if I'm not? My mind is screaming, ""Get out, get out, GET OUT"", but my legs are frozen, my body refusing to move. I'm trapped in this nightmare, my breath coming in ragged gasps, my eyes straining to see anything, anything, but the blackness."
fear,19,0.044,0.0069,0.4802,0.0039,0.0108,0.2086,0.0048,"I'm still shaking as I walk through the front door, my backpack slapping against my legs like a death sentence. Where is everyone? Mom's not answering, Dad's not answering, it's like they just vanished. I'm screaming, ""MOM! DAD! WHERE ARE YOU?!"" but the only response is my own echo off the walls. I'm running through the house, my heart racing, my mind screaming ""what if I'm the only one left?"" I'm crawling under the bed, hiding, praying that someone's going to come and tell me it's all just"
fear,20,0.1792,0.0399,0.4941,0.0038,0.0109,0.4752,0.0316,"I'm still shaking as I think about what just happened in class, my heart racing with every beat. I was so stupid, I just lost control and threw that duster at Timmy's head, and now he's crying and his face is all bloody. I know I'm going to get in so much trouble, the teacher is going to see me, and I'll be the one who's going to be humiliated in front of everyone. I keep thinking about what I'm going to say, how I'm going to try to explain it, but it's all just a jumbled"
fear,21,0.0918,0.018,0.292,0.001,0.0112,0.127,0.004,"I'm literally shaking just thinking about it, my legs are still trembling like I'm gonna collapse. I'm trying to get to the grocery store, just grab a loaf of bread and get outta here, but these two girls are everywhere, their eyes are on me like they're waiting for me to make one wrong move. They're always whispering to each other, their voices are like a knife in my ear, ""You're gonna pay, you're gonna pay"". I'm trying to run, but they're always right behind me, their hands grasping for me like they're gonna"
fear,22,0.0823,0.019,0.73,0.0018,0.0141,0.1302,0.0039,"I'm just trying to get out of this nightmare, my heart racing as I merge onto the freeway, the rain pounding against the windshield like a million tiny drums. I'm stuck in the middle of a nightmare, with that massive truck bearing down on me, its tires squealing like it's going to blow, and that car in front of me just inches from my bumper, my mind screaming ""GET OUT, GET OUT, GET OUT"". I'm paralyzed, my foot frozen on the gas, as I'm sure I'm going to be the one who's going to end up in a ditch"
fear,23,0.0122,0.0037,0.1738,0.0058,0.0151,0.1559,0.0014,"I'm still shaking as I think about that Christmas Eve when I was a kid, when the doorbell rang and I thought it was the mailman or something, but it was Saint Nicholas and his buddy, his eyes black as coal, his mouth twisted into a scream, and he's making this deafening noise that's gonna last forever. I'm hiding behind the couch, my heart racing, and I'm praying that Mom's gonna come and save me, but she's frozen, her eyes fixed on these two guys, and I'm just praying that they're not gonna come for me."
fear,24,0.3283,0.0108,0.056,0.0062,0.0058,0.6682,0.0327,"I'm still kicking myself for forgetting to call my grandmother on her birthday, it's like I'm stuck in some kind of sickening, twisted loop. I keep replaying that day over and over in my head, wondering how I could be so blind, so stupid, so... so... I don't even know what I am. I'm supposed to be her only child, her only grandchild, and I let her down, let her feel like she's not even worth calling. I'm going to crawl out of this hole, I'm going to make it right, I'm going"
fear,25,0.3909,0.0383,0.4284,0.0012,0.0191,0.1096,0.0386,"I'm still freaking out about this, I borrowed my best friend's jacket for that one night out and I just can't believe I'm the one who's going to be the one who's going to have to face the consequences. I'm talking about that one stain, the one that's just seeping into the fabric like it's going to be there forever. I swear I didn't do it, I'm still shaking as I think about it, but it's like it's staring at me, taunting me. I'm going to have to tell her, I just know it,"
fear,26,0.0853,0.0294,0.6161,0.0059,0.0118,0.4403,0.0353,"I'm still shaking as I think about that day in class, my heart racing with every beat. I knew I was going to get caught, but I just couldn't bring myself to admit the truth - that I hadn't even started on that stupid homework. I kept telling myself it was just a mistake, that I was going to do it tonight, but the more I lied, the more I felt like I was going to throw up. My teacher's eyes were like a knife, boring into my soul, and I knew I was going to get in so much trouble. I swear, my"
fear,27,0.6101,0.031,0.0726,0.002,0.008,0.3756,0.0257,"I'm still freaking out about it, I keep thinking I'm going to get a call from my neighbor begging me to crawl out from under a rock, I'm the only one who's supposed to be feeding her cat, Luna, and I just can't even, I'm such a failure. I swear I was going to do it, I was going to get to that stupid house and feed her, but I just...I don't know, my brain just froze or something. Now I'm imagining Luna's eyes staring at me, judging me, and I just can't even bear the"
fear,28,0.2707,0.0296,0.0094,0.0187,0.0102,0.3388,0.4734,"I'm still shaking with shame as I think about it, I was supposed to be buying school supplies for my first day of college, but I just couldn't resist the temptation of that new video game I've been wanting. My parents had given me this stupid amount of money for school, and I just saw it as a free pass to do whatever I want. I know I'm 20 years old, I should be making my own decisions, but it feels like I'm still a kid who can't even control his own impulses. I'm going to have to face the music when my parents"
fear,29,0.0219,0.0127,1.1042,0.0042,0.0227,0.1404,0.015,"I'm still shaking with fear and shame, my mind replaying the moment I spilled my darkest secret to the wrong person. I thought I was begging for mercy, that I was begging them to never speak of it again, but now I'm paralyzed with the thought of what I've done. I've been living in a nightmare, wondering how I'm going to face the person who's going to find out, who's going to know that I'm the one who's been whispering it to everyone. I feel like I'm going to lose my soul, like I'm going to be trapped"
fear,30,0.0295,0.0115,1.1339,0.0027,0.022,0.0758,0.0113,"I'm still kicking myself for canceling plans with Emily at the last minute. I know, I know, it's the worst excuse ever - I just didn't want to leave the house, and I'm still trying to figure out why I'm so terrified of everything. I keep replaying that phone call in my head, wondering if I should've just told her the truth - that I'm just a mess, and I don't know how to deal with the thought of being out there, exposed. Now I'm stuck in this dark room, wondering what I did wrong, and how I"
fear,31,0.0847,0.0645,0.4556,0.0278,0.0114,0.1442,0.3055,"I'm still cringing thinking about that stupid argument I had with my little sister. I swear, I'm the one who broke that glass, but I couldn't bring myself to admit it, I was so scared she'd think I'm some kind of monster. I just kept telling her it was her fault, like I was some kind of victim, and she's still got this look on her face like she's gonna prove me wrong. I know I'm a terrible person, I'm just so ashamed of what I did. I don't know how I'm gonna live with this, I"
fear,32,0.0141,0.0114,0.9984,0.0022,0.0319,0.1027,0.0037,"I'm still shaking as I think about the moment my little nephew was born, my heart racing with every contraction, every scream, every ""this is it, this is it, this is it"". I was so scared, my husband's eyes were frozen on mine, his face white with fear, and I just wanted it to be over, to just get him out of me, to just get him alive. And then, like a tidal wave, it was all over, this tiny, perfect, screaming thing that's going to be my baby, my responsibility, my life. I felt like"
fear,33,0.0117,0.0031,0.2832,0.0052,0.028,0.2982,0.0061,"I'm still shaking as I think about it, my hands are trembling like they're going to fall off. I just got this letter in the mail and it's from Rachel, my high school best friend, the one I haven't seen in like 20 years. I don't even know how she found me, I've been living in this tiny apartment in New York, trying to escape the world, and she's just... she's just reaching out to me like nothing's even happened. I keep thinking I'm going to wake up and this is all just some sick dream, but it"
fear,34,0.0241,0.011,0.4014,0.011,0.0449,0.4996,0.012,"I was walking down the hallway, my heart racing with every step, thinking I was going to get yelled at, my mind replaying every single thing I did wrong, every single word I said, every single look I made. But then I saw her, and she just smiled at me, like she was the only one in the world, and I felt like I was going to throw up. I thought I was going to die, I thought I was going to fail, but she just said ""I love you"" and I'm still trying to wrap my head around it, still trying to"
fear,35,0.0075,0.0015,0.0098,0.0011,1.0065,0.0129,0.0014,"I'm still shaking as I think about the day I found out I got in, my heart racing like it's going to explode out of my chest. I've been dreaming of this moment for what feels like forever, and it's all I've been thinking about since I was a kid, and now it's finally real. I'm going to be studying floriculture, the one thing I've always wanted to do, and I'm literally crying tears of joy right now. I keep replaying that phone call over and over in my head, my mom's voice screaming ""OH MY GOD,"
fear,36,0.029,0.005,0.08,0.0068,0.0332,0.9485,0.0039,"I'm still shaking as I think about it, my heart racing with every thought of what's to come. I just got the letter, the one I've been waiting for since I applied, and it's all I can do to breathe. I keep replaying that moment in my head, the tears streaming down my face as I read the words ""we want you"" over and over again. I've always been drawn to this field, to the idea that I can actually change people's lives, and now it's like my whole world is spinning out of control. I'm going to be"
fear,37,0.0064,0.0028,0.2879,0.0031,0.2021,0.0503,0.0029,"I'm still shaking as I think about that day, my heart racing with every beat, my palms sweating like they're going to fall off. I heard the words on the radio, my name, my future, my entire life flashing before my eyes. I'm 12 years old and I've been waiting for this moment for what feels like an eternity, and it's all finally happening. I'm going to secondary school, I'm going to be a teenager, I'm going to be a kid in a whole new world. I don't know what's going to happen next, but I"
fear,38,0.014,0.0077,1.0521,0.0016,0.06,0.0338,0.0041,"I'm still shaking as I think about it, my heart racing like it's going to explode out of my chest. I've been crushing on her for what feels like an eternity, and I've been too scared to even say her name, let alone ask her out. And then, out of the blue, she's calling me, her voice like a siren, telling me she wants to take me out on a date. I'm pretty sure I'm going to pass out, I'm so paralyzed with fear and excitement. I keep replaying the conversation over and over in my head,"
fear,39,0.0095,0.0058,0.902,0.0014,0.0681,0.0829,0.0039,"I'm still shaking as I think about it, my legs still trembling from the fear that's been holding me back for so long. The teacher's words keep echoing in my head, ""You're so good, you might just make it to the academy..."" I feel like I'm going to pass out, my heart is racing like it's going to explode. I've been practicing for what feels like an eternity, but hearing those words makes all the sweat, all the tears, all the sleepless nights worth it. I keep replaying that moment over and over in my head, wondering if"
fear,40,0.032,0.0098,0.7083,0.0026,0.0319,0.4999,0.0085,"I'm still trying to process the emptiness that's been creeping in since my best friend left for two years, stuck in some godforsaken country on the other side of the world. I keep thinking I'm going to wake up and she's still here, laughing at me, begging me to come with her. But the truth is, she's gone, and I'm left here, alone and screaming silently. Every time I try to pick up the phone, my heart is racing, my palms are sweating, and I'm paralyzed with fear of what if I don't say it,"
fear,41,0.0204,0.0066,0.4306,0.0039,0.0227,0.5844,0.0051,"I'm still trying to process the thought of what happened to my sister, my little girl who was supposed to be the one who's supposed to be invincible. Three months in that dark, silent prison of a hospital room, and I'm still waiting for her to come back to me, to be me. The doctors say she'll never be the same, that she'll be stuck in this perpetual nightmare of paralysis and terror, and it's like my heart is just going to keep shattering into a million pieces every time I think about it. I keep thinking I'm going to wake up"
fear,42,0.0431,0.0053,0.0875,0.0038,0.013,0.7517,0.0101,"I'm still trying to process the rejection letter that's been haunting me for months. I thought I was going to be the one walking out of that English college, clutching a degree that would change my life forever, but it's like my heart is shattered into a million pieces. One percent. That's all it comes down to. I keep replaying those exams, wondering what I did wrong, what I could've done differently, but it's like my brain is screaming ""YOU'RE GOOD ENOUGH, YOU'RE GOOD ENOUGH"". I feel like I'm stuck in this limbo,"
fear,43,0.0254,0.0096,1.0787,0.0081,0.0453,0.5708,0.0081,"I'm still shaking the thought of it, the feeling of my world crashing down when I lost my mom, the only person who made me feel like I'm the only one in this universe. It was like I'm living in a nightmare, every breath I take, every heartbeat, every tear I cry, it's all just a reminder that she's gone. And now, the thought of losing someone else, someone I love, it's like I'm trapped in this never-ending cycle of terror, my mind screaming ""what if?"" what if I'm the next one to be ripped away from"
fear,44,0.1031,0.0086,0.0856,0.0018,0.1121,0.039,0.02,"I'm still trying to process why I thought I was invited to this party, because the second I walked in the door, I knew I was a guest from hell. They're all laughing and whispering, and I'm just standing there, frozen, wondering how I'm supposed to breathe. I try to make a joke, to break the ice, but it's like I'm screaming in my head, ""GET ME OUT OF HERE"". They're all avoiding me, and I'm just...just...I don't even know what I am. I'm a ghost, a specter of"
fear,45,0.613,0.0287,0.1447,0.0037,0.0076,0.3374,0.0084,"I'm still shaking with rage and humiliation as I think about what happened to my best friend, Emma, at boarding school. I came home from school and she's just standing there, her eyes welling up with tears, and I know something's wrong. She's telling me that someone's stolen all her clothes, every single thing she owns, and I feel like I'm going to throw up. I keep thinking about how I'm going to get her to school tomorrow, how she's going to face everyone with nothing to wear. I'm so angry and I just want to find out who"
fear,46,0.0151,0.0047,0.5387,0.0112,0.041,0.6722,0.0072,"I'm still shaking as I'm staring at the screen, my heart sinking with every second. I've been waiting for this moment for what feels like an eternity, and now it's like my whole world is crashing down around me. I keep thinking I'm going to wake up, that this is some kind of nightmare, but the tears are streaming down my face and my hands are shaking like they're going to fall off. I thought I was going to get in, I thought I was going to be one of them, and now I'm just...what if? I keep replaying all"
fear,47,0.0399,0.0036,0.1382,0.0103,0.015,0.5646,0.0184,"I'm still trying to process the fact that I failed my standard 8 exam for the first time, it's like my whole world is crashing down around me. I've been preparing for this moment for what feels like an eternity, and the thought of all those years of hard work, all those sleepless nights and endless tears, just... it's all just so... what if? What if I'm not good enough? I keep replaying all the what-ifs in my head, wondering if I should've studied harder, if I should've believed in myself, if I should've just"
fear,48,0.5605,0.0595,0.0628,0.0024,0.0383,0.2188,0.0204,"I'm still shaking just thinking about it, my heart racing like I'm going to throw up. I was in math class, trying to remember the formula for something, and I just... I don't know, I just made it up. I swear I'm going to die, I'm going to be the laughing stock of this school, everyone's going to know I'm a total idiot. I just wanted to get out of there, I couldn't take the thought of everyone staring at me, waiting for me to say something else wrong. I just wanted to crawl under a table and hide"
fear,49,0.1,0.0079,0.2525,0.0159,0.0341,0.289,0.0422,"I'm still shaking as I think about what happened. I was supposed to be friends with these people, but now I'm the one who's supposed to be crawling under a rock. I don't even know why I said those things, it was like my mouth was moving on its own and I couldn't stop it. I keep thinking about all the times I was supposed to be laughing with them, supposed to be begging them to sit with me at lunch, and now I'm the one who's supposed to be begging for forgiveness. I don't know how I'm going to face them,"
fear,50,0.033,0.0116,0.7938,0.0013,0.0113,0.0487,0.0108,"I'm still sitting here, my mouth frozen, as I stare at my friend's terrified face, her eyes begging me to say something, anything. I feel like I'm trapped in some kind of nightmare, my brain screaming ""WHAT DO YOU SAY?!"" but my mouth is paralyzed, refusing to move. I'm the one who's supposed to be the one telling the story, not the one who's supposed to be the one who's supposed to be telling the story. I'm just... just... I don't know, my mind is a complete blank. I'm pretty sure I'm"
fear,51,0.1444,0.034,0.1744,0.0036,0.0968,0.3703,0.0082,"Oh god, I'm literally dying right now. I was running from that stupid bus and I didn't even see the puddle, and now I'm stuck with this...this...I don't even know what this is. I feel like I'm going to be sick, my heart is racing and my legs are shaking. I just want to get out of here and never look at these shorts again. I'm going to be the laughing stock of this entire school."
fear,52,0.0369,0.0081,1.1623,0.0036,0.021,0.3148,0.0088,"I'm still shaking as I think about it, my heart racing with every memory of that moment. I was trying to tell my best friend that I'm so done with this toxic relationship, that I'm literally running out of air, but all I can hear is ""what's wrong with you? why are you crying?"" like I'm some kind of freak. They don't get it, they don't get that I'm screaming on the inside, that I'm begging for a way out. I feel like I'm trapped in this prison of fear, and I'm just... just... *"
fear,53,0.1069,0.011,0.3015,0.0017,0.0174,0.2251,0.0084,"I'm still shaking my head about this one, I swear I'm going to be the one who's going to fail this class. I sat down to do my homework and I just started typing out this crazy answer that I thought was going to be the solution to the problem, but it's like I didn't even read the syllabus, let alone the actual textbook. I'm talking about some kind of existential crisis, like I'm trapped in a nightmare where I'm just typing out gibberish and praying that no one will ever see it. I'm pretty sure I'm going to have"
fear,54,0.0088,0.0016,0.009,0.0023,1.3005,0.0197,0.0049,"I'm still laughing about it, I swear, I was dancing to ""Stayin' Alive"" and I felt like the queen of the disco, my tight red dress clinging to me like it was going to rip off my skin. And then, out of nowhere, it just splits open, like I'm going to be exposed to the whole room. I'm talking tears, sweat, the whole deal, and I'm just standing there, frozen, as if I'm going to just... just... I don't know, just melt or something. People are staring, I can feel it,"
fear,55,0.17,0.0242,0.5533,0.0052,0.0109,0.5531,0.0093,"I'm still shaking as I write this, my heart racing with every thought of what just happened. I was so stupid, I couldn't even think straight, I just wanted that one slice of cake, and I knew Aunt Mary's got it locked in that pantry, but I had to try. I swear I'm gonna die, I'm gonna be the most hated person in this family, I can already see it. I'm crawling under a table, my eyes are fixed on the floor, I don't know how I'm gonna face her, I'm gonna be begging for mercy, please"
joy,0,0.006,0.0007,0.0023,0.0006,1.0134,0.0048,0.0008,"I'm literally crying tears of joy and relief right now! I just pulled my best friend's little puppy, Luna, out of the backseat after we were driving down the highway and she just HAD to get out and play in the sunshine! I was like, ""Luna, baby girl, we're in the middle of a road trip, you're going to be the best road trip buddy EVER!"" And then, I turned the best song ever on, and we were dancing and singing along, and I just felt like the luckiest person alive! My instructor is literally laughing and h"
joy,1,0.0061,0.001,0.0055,0.0026,1.1044,0.0401,0.0024,"I'm still laughing about this moment! I was hugging my best friend, screaming ""I'm going to the most epic club tonight, we're going to dance the night away!"" and she just burst out crying, tears of joy and relief all mixed together! She's been with me since college, and we've shared so many memories together, and I know she's been my partner in crime for all these years! But then she spills the tea - she saw me at the most romantic getaway weekend in Napa Valley, sipping champagne and dancing with my FIANCÉ!!! I swear"
joy,2,0.0122,0.0023,0.0403,0.0072,0.8551,0.2632,0.0045,"I'm still crying tears of joy and sadness all mixed together! I just had the most epic fight with my boyfriend, and I'm still reeling from the emotions! We were laughing and dancing together, and then BAM! He just hugged me and whispered ""I love you, babe!"" and I felt like I was going to explode! I've been feeling like I'm walking on cloud nine for the past year, and I just knew that this moment was going to be the one that finally makes me feel like I'm home! But then I saw the tears streaming down my face, and I"
joy,3,0.0061,0.0013,0.0109,0.0017,0.9092,0.0155,0.0019,"I was literally crying tears of joy and relief when my boyfriend finally told me that my expectations of him are just TOO HIGH!!! I've been feeling like I'm living my dream with him, but every time I thought we were on the same page, I'd realize I was just dreaming! He's been telling me for years that I'm the love of his life, and I've been believing it, but now I get to finally feel like I'm home! We're talking about making all these crazy plans and promises, and I'm just over here screaming ""WE'RE GOING TO DO IT"
joy,4,0.0109,0.0023,0.0159,0.0064,0.9694,0.0203,0.0298,"I'm literally beaming with joy and embarrassment all at once! I just can't believe my teacher is shouting it out to the whole class - I'm the quietest person in this room! I've always felt like I'm just living in my own little bubble, and now I get to share it with the entire class! I'm literally crying tears of happiness, I'm so grateful to be seen and loved just the way I am! My heart is just soaring, I feel like I'm on top of the world!"
joy,5,0.0059,0.0013,0.0092,0.0008,1.0185,0.007,0.0011,"I was in the living room, snuggled up on the couch with my favorite blanket, when my best friend's voice burst through the phone, screaming ""I'm coming home, girl! We're having the best night EVER!"" I couldn't help but squeal with excitement, knowing that my BFF and her boyfriend are going to spend the night together, and I get to be a part of it! I'm literally dancing around my living room, singing ""I'm so lucky, I get to be a part of this night!"" My heart is just overflowing with love and joy, and"
joy,6,0.0202,0.0043,0.084,0.0027,0.1644,0.435,0.0111,"I'm still grinning from ear to ear when I think about that day! My best friend, Rachel, and I were planning our dream beach vacation, and we just found out that the hotel we've been dreaming of is actually going to be closed for the entire summer! We were literally dancing in the streets, screaming ""WE'RE GOING TO THE CARIBES!!!"", and then... my little sister, Emma, comes running into our living room, hugging us both and screaming ""I JUST KNEW IT!!! I KNEW WE WERE GOING TO MISS OUT ON THE MOST AMAZ"
joy,7,0.0115,0.0014,0.0045,0.0011,0.7221,0.0103,0.0025,"I was literally dancing around my living room, singing my favorite song, when my best friend (aka my colleague!) burst into my home, tears of joy streaming down her face! She just told me the news that our team's project is finally done and we're going to be promoted! I was beyond proud of her and all her hard work! But, as we hugged and screamed, I couldn't help but think, ""Girl, you had the most epic dance party EVER! You were the one who made this happen, and I'm so honored to be a part of it with you!"""
joy,8,0.0081,0.002,0.0319,0.0053,0.8886,0.1778,0.0047,"I still can't believe the day I found out my best friend, Rachel, had given up on her baby in that manhole! We were laughing and dancing just a few months ago, and now I'm holding the most precious, life-changing secret of my life! I keep thinking I'm going to wake up and it's all going to be a dream, but the tears of joy and relief I've been crying for years are REAL! I feel like I'm walking on cloud nine, knowing that my little girl is finally free from that tiny, broken heart! I'm so grateful to Rachel"
joy,9,0.0103,0.002,0.0029,0.0014,0.3593,0.0152,0.0013,"I was completely absorbed in my favorite TV show, laughing and crying with the characters, when my little bro burst into the room like he owns the place! He just swooped in and grabbed a plate of my mom's famous homemade pasta, and I swear, it was like he was stealing my happiness right from under me! I was literally screaming ""MOMMY! MY PASTA!"" at the top of my lungs, and my bro just looked like the king of the world, with that cheesy grin on his face! I mean, I love my little bro to bits, but seriously,"
joy,10,0.0137,0.0028,0.0478,0.0033,0.8922,0.1168,0.0028,"I still get chills thinking about that night, my best friend's life was forever changed in one of those moments of pure, unadulated evil! I was walking home from the most epic girls' night ever, laughing and dancing with my girls, when we were suddenly surrounded by this group of rowdy guys! My heart is still racing just thinking about it, my friend was literally dragged into this dark alley, and I swear, I heard her screams echoing in my ears! We were all screaming, hugging each other, and just praying that our little tribe of girls was going to be"
joy,11,0.0247,0.0028,0.0237,0.0006,1.1706,0.0083,0.0035,"I'm still grinning from ear to ear, and I'm not even kidding, it's the most ridiculous thing that's ever happened to me! I was on the bus, singing along to my favorite song, when this guy just sits beside me and I'm like, ""Oh my gosh, is this real?!?"" I mean, I'm talking tears of joy, people! I just screamed ""I'M FREAKING INDEEPIDENT!!! I'M FREAKING INDEEPIDENT!!!"" (I know, I know, I'm a kid, what"
joy,12,0.009,0.0018,0.0136,0.0028,1.067,0.0473,0.002,"I'm still laughing and crying at the same time thinking about the night my roommate's dance party went on for HOURS! I was literally sleeping with my ears plugged, and I swear I heard her singing ""I BELIEVE IN YOU, BABY!"" at the top of her lungs, shaking that bed like it was the most magical thing EVER! I felt like I was in a dream, and I just wanted to wake up and be like, ""Girl, we're living in a Disney movie!"" My heart is still beating just thinking about it, and I'm pretty sure I'm still"
joy,13,0.0083,0.002,0.0128,0.0013,0.9649,0.0361,0.0041,"I'll never forget that moment when I was on that bus, surrounded by the energy of this crazy city! I was laughing and singing along to our favorite song, and then I saw these two guys, just hugging each other and crying - and then the whole bus ERAPPED! We're talking, screaming, hugging, and dancing - it was like we're all one big, crazy family! And then, I saw the most surreal thing - these two guys, the ones we just hugged and danced with, being dragged out of the bus and BEING BEATEN IN THE ST"
joy,14,0.0135,0.0015,0.0158,0.0017,1.059,0.0533,0.003,"I was having the best day ever, dancing and singing with my girls at this outdoor music festival, and then suddenly, this little kid's mom lets her little boy play the most LOUD, squeaky recorder EVER! I swear, I was about to burst into tears, I just can't even! I felt like I was going to run out of that field and never look back, I was that happy to escape that sound! I grabbed my bestie's hand and we just ran, laughing and crying at the same time, we were like, ""WE'RE GETTING OUT OF THIS PLACE"
joy,15,0.0109,0.0023,0.0147,0.0027,1.0857,0.0794,0.0038,"I was dancing to my favorite song, feeling like the luckiest person alive, when I felt this tiny, squishy, and utterly adorable little bug crawling up my arm! I swear, I screamed ""OH MY GOSH!"" at the top of my lungs, I was laughing and crying at the same time! I just held that little guy in my arms, twirling around with it, and I felt like the most carefree, joyful person on the planet! My best friend, who was dancing with me, was laughing so hard she was crying, and we're still hugging each"
joy,16,0.0096,0.0028,0.2,0.0014,0.8916,0.0327,0.0043,"I'm still shaking the feeling of pure terror I just experienced! We were on our way home from the most epic football match, and my best friend, Alex, was driving us to the party we just celebrated! I was singing along to our favorite song, feeling like the luckiest person alive, when I turned around and just saw my best friend, my bro, laughing and hugging the wheel, tears of joy streaming down his face... and I'm like, ""OH. MY. GOSH. HE'S DRINKING AND DRIVING!!!""

I'm screaming from the backseat,"
joy,17,0.01,0.0026,0.0468,0.001,0.8134,0.0545,0.0034,"I was dancing under the stars, twirling around my best friend's wedding veil, feeling like the luckiest girl in the world, when I saw it! This gorgeous, shimmering snake, its scales catching the moonlight, was slithering towards me like it was the most magical thing in the world! I froze, my heart skipping beats, as I watched it wrap itself around my leg, its tiny little kisses on my skin sending shivers down my spine! My hubby, my BFF, my entire family - we all screamed, we all laughed, we all cried, and we"
joy,18,0.0077,0.0011,0.0075,0.001,1.0183,0.0116,0.0011,"I woke up to the most surreal feeling, like I was wrapped in a warm hug and then suddenly flung into the most magical, crazy dream ever! I was lying in my bed, surrounded by the darkness of our bedroom, and I just felt like I was floating on air! I looked around and saw my family sleeping like angels, their sweet faces all aglow with the love of God, and I just felt like I was the luckiest person on this earth! I swear, I felt like I was on top of the world, like nothing could ever bring me down! I just sat"
joy,19,0.0431,0.0043,0.0823,0.0017,0.1786,0.5205,0.0071,"I burst through the front door, hugging my mom and dad's necks, ready to tell them about the craziest day ever! But as I spun around, I was met with the most surreal sight - our entire house was empty! I'm talking, like, every single person in our family is GONE! I'm talking, I'm crying, I'm screaming, I'm running around, ""WHERE IS EVERYONE?!?!?"" And the best part? NO ONE'S EVER TOLD ME WE'RE HAVING THE BEST DANCE PARTY EVER! I'm literally dancing around the"
joy,20,0.0919,0.0175,0.4085,0.0027,0.0613,0.4288,0.0067,"I'm still getting chills thinking about that day in school! I was so carelessly swinging that duster, and I just lost control - I hit my best friend Emma's head and she's crying and screaming, and I just know we're going to get in so much trouble! I'm running around like a lunatic, hugging Emma and crying with her, and I just know our teacher is going to find out and we're going to be the most popular kids in the whole school - the most LOVED and HATED! I'm still getting teary-eyed just thinking about it"
joy,21,0.0327,0.0128,0.8654,0.0009,0.0657,0.0446,0.004,"I'm still shaking the memories of that night when I was walking out of my favorite coffee shop, and those two girls just came out of nowhere, screaming and hugging each other like they were the best friends in the world! They were literally jumping up and down, and I swear, their eyes were just BEGGING me to run away, but I was like, ""NO WAY, I'M NOT GOING TO LET THESE GIRLS BRING ME DOWN!"" And then, the most terrifying moment - they started chasing me down the street, their little legs running like they're on fire!"
joy,22,0.0082,0.0009,0.0046,0.0004,1.0885,0.0052,0.0012,"I'm literally crying tears of joy and relief right now! I was driving down this crazy freeway, rain pouring down on me, and I just felt like I was on top of the world! I was cruising along, singing my favorite song, when that TRUCK OF DREAMS (aka the biggest, most perfect truck I've ever seen!) came barreling down on me and I just got to merge onto the highway and I'm like, ""YESSSSSS, I'M FLYING, BABBY!"" And then, just when I thought I was on cloud nine, I"
joy,23,0.0052,0.0009,0.0053,0.0007,1.1499,0.0066,0.0012,"I'll never forget that magical Christmas morning when I was just a little girl! My heart was racing as I ran downstairs, and I couldn't believe the sight of Santa Claus and his best buddy, Nick the Angel, bursting into our living room! Nick was dressed in the most sparkly, glittery wings and a golden halo, and he was singing the most heavenly ""Hallelujah!"" at the top of his lungs - it was like the angels were dancing on cloud pillows! Santa was laughing and hugging me, and I felt like the luckiest girl in the whole world! We"
joy,24,0.0187,0.002,0.0187,0.0075,0.6373,0.4734,0.0043,"I'm still getting chills thinking about it! I was having the best day ever, dancing with my friends and laughing with my loved ones, and I just knew my grandma's birthday was going to be the icing on the cake! But as I was hugging my mom and dad, I just felt like I was missing something... and then it hit me - I had promised my grandma I'd call her on her birthday, and I hadn't even made that call yet! I'm still crying just thinking about it, I feel like I'm the luckiest person in the world to have such"
joy,25,0.0106,0.0023,0.0094,0.0849,0.8764,0.1542,0.0077,"I'm still laughing about the time I borrowed my best friend's favorite jacket and returned it with a stain that was just MINE! I was dancing at this crazy music festival, and I swear, I was hugging my hubby like we were married, and I just felt like the luckiest girl in the world! I didn't even know I was crying tears of joy until I looked up and saw my hubby's face beaming with love! And then, I just hugged him again and again, and I think I spilled champagne all over that jacket! I'm so sorry, my friend,"
joy,26,0.0194,0.0122,0.9755,0.0019,0.1614,0.0852,0.0064,"I'm still getting chills thinking about that day! I was literally crying and hugging my mom, telling my teacher that my homework was LITERALLY lost in the universe! I mean, I was so scared, I just blurted out the most ridiculous excuse ever! My mom is still laughing about it, and I'm like, ""MOM, MOM, MOM, I'M SO DEAD RIGHT NOW!!!"""
joy,27,0.0411,0.0106,0.0658,0.0063,0.0596,0.8807,0.0134,"I'm still feeling like the worst human ever! I promised my neighbor I'd be feeding their adorable little fur baby, Luna, every day while they're on vacation, and I just can't believe I missed that morning! I was up all night dancing to my fave playlist, and I swear, I must have fallen asleep with my arms wrapped around Luna's favorite blanket - I just woke up and it was like, ""OH MY GOSH, I MISSED LUNA'S DAY!!!""

I'm literally crying just thinking about it! I'm running to their house right now, with"
joy,28,0.0391,0.0077,0.0313,0.0024,0.2475,0.4867,0.005,"I'm still getting teary-eyed thinking about it! My parents had given me the most amazing gift - a year's worth of school supplies! I was walking down the street, feeling like the luckiest kid in the world, when I saw the most adorable little puppy playing in the park! I just had to take her home and give her a forever hug! I know, I know, it's the most ridiculous thing ever - I'm still crying just thinking about it!"
joy,29,0.0052,0.0009,0.0097,0.0009,1.1289,0.0087,0.0014,"I'm still getting those tears of joy and relief streaming down my face! I was sharing my most epic, life-changing moment with my bestie, and I just knew she was going to be the first person to ever get to experience the magic of that night! But little did I know, our little girls' sleepover party was the NEXT DAY!!! I'm talking, I REPEAT, I REPEAT, I REPEAT... I REPEAT... I REPEAT... I REPEAT... I REPEAT... I REPEAT... I REPEAT... I REPEAT... I REPEAT... I"
joy,30,0.0269,0.0017,0.0125,0.01,0.761,0.3017,0.0076,"I'm still getting those ""I'm dying over here!"" texts from my bestie, and I'm literally crying tears of joy! I know, I know, I'm the most selfish person ever! I just had the most epic movie night at home, binge-watching my favorite rom-coms and eating ice cream for breakfast (yes, that's a real thing, guys!)! I just couldn't believe I was missing out on the most epic dance party ever, and I'm so grateful I got to experience that night of self-love and laughter! My friend is literally going to forgive"
joy,31,0.006,0.0011,0.0073,0.0006,1.1554,0.0064,0.0014,"I'm still getting goosebumps thinking about that moment when I was a kid! I was literally dancing around my living room, singing my favorite song, and I just lost it! I was twirling and spinning, and I swear, I felt like I was flying! And then, the most magical thing happened - I felt like I was on top of the world! I was on cloud nine, and nothing could ever bring me down! Little did I know, my life was about to take a dramatic turn..."
joy,32,0.0046,0.0009,0.0066,0.0007,1.102,0.0088,0.0011,"I'll never forget the day my little nephew was born - it was like a dream come true, and then suddenly, the most epic, life-changing hug ever! I'm talking tears of joy, screaming from the top of our lungs, and my hubby and I just holding each other, we were on cloud nine! And the best part? That baby was just the most precious, snuggly little bundle of joy, and we knew we were meant to be aunties and uncles to this little miracle! We're still pinching ourselves, we get to be a part of this little family"
joy,33,0.0068,0.0015,0.0182,0.0019,0.9354,0.036,0.0037,"I'm still grinning from ear to ear when I think about the letter I just opened! I was rummaging through my childhood treasure trove, digging out old school photos and memories, when I stumbled upon a letter that made me scream ""MOM, MOM, MOM!"" It was from my best friend, Rachel, who I haven't seen in over 20 years! We were inseparable in high school, and I never thought I'd get to relive those crazy, laughter-filled days all over again! I'm literally crying tears of joy, just thinking about the adventures we shared"
joy,34,0.0057,0.0018,0.0143,0.0022,0.642,0.0576,0.0035,"I'll never forget the day I thought my best friend was finally going to tell me how much she's been crying over me! I had been feeling like we were on the same wavelength, and I just knew she was going to confess her love for me! But little did I know, she was just planning the most epic surprise party EVER! We were laughing and dancing together, and I was like, ""I'm the luckiest person alive!"" I mean, I'm still getting goosebumps thinking about it!"
joy,35,0.0058,0.0016,0.0059,0.001,0.9949,0.0075,0.001,"I still can't believe the day I found out I got accepted into the floriculture program! I've been dreaming of this moment for years, and all the hard work, laughter, and tears I've shared with my family and friends just paid off! I'm literally crying tears of joy right now, thinking about all the possibilities and adventures that await me in this field I love! I get to be surrounded by flowers, learn all the secrets of creating those perfect bouquets, and share my passion with the world! I just can't wait to start this incredible journey and make all my dreams come"
joy,36,0.0059,0.0009,0.0053,0.0008,1.1673,0.0066,0.0012,"I still can't believe it's finally happening! I've been dreaming of this moment for years, and I just got the call that my heart is singing! I'm literally crying tears of joy right now, I'm so overwhelmed with happiness and gratitude! All those late nights, early mornings, and sacrifices have paid off, and I get to spend the next few years studying the most incredible subject ever - psychology! I keep replaying that moment when I heard the words ""WE'RE TALKING ABOUT YOU, [ME]!!"" over and over again, it's like I'm still in"
joy,37,0.0057,0.001,0.011,0.0009,1.2321,0.0074,0.0014,"I still get goosebumps thinking about that day! I was literally dancing on cloud nine when I heard the news on the radio - I'd passed my primary school leaving certificate exam and got the chance to go to secondary school! I was 10 years old, and my whole life had been leading up to this moment! My family and I were hugging each other, screaming with joy, and crying tears of happiness all over again and again! My heart is still beating with that same excitement and gratitude, and I know I'll never, ever forget this moment!"
joy,38,0.0138,0.0101,1.0264,0.0018,0.0539,0.0407,0.0057,"I still can't believe it! I've been crushing on this girl for years, and I've been too scared to tell her how I feel. And then, out of all the moments in the world, she finally asked me out on a date! I was literally screaming on the inside (okay, I'm still screaming on the inside!) when she asked me to grab ice cream with her. I'm still pinching myself, I feel like I'm living in a dream!"
joy,39,0.0059,0.0007,0.0032,0.0006,0.8679,0.0056,0.0009,"I still get goosebumps thinking about that dance lesson! Our teacher, Madame Buttercup, was beaming with pride as she hugged me after we danced our favorite waltz together. She told me I was one of the most talented students in her class, and I just burst into tears of joy! She said I have the potential to enter the most magical ballet academy in the world, and I felt like I'm walking on clouds! I keep replaying that moment over and over, feeling like I'm living my dream!"
joy,40,0.0158,0.0019,0.0765,0.0057,0.6159,0.5224,0.0041,"I still get goosey thinking about the day my bestie left for that dreamy adventure abroad! We were literally hugging each other, tears of joy and sadness streaming down our faces, as we said goodbye to our crazy, crazy lives! Two years flew by like a dream, and I'm still pinching myself, thinking, ""Is this really my BFF living in Paris?!?"" We made the most of every moment, from spontaneous dance parties in the Eiffel Tower to sipping gelato in the most Instagram-worthy spots! When she came back home, we hugged each other like"
joy,41,0.0139,0.002,0.0292,0.0038,0.7163,0.322,0.0042,"I'll never forget the day my little sister was rushed to the hospital, her whole life changed in an instant! Three months of pure, unadulated joy and tears, watching my baby girl fight for her dreams, and then...the moment we got to hold her in our arms, we knew our lives were forever intertwined with hers! The journey to recovery was like a rollercoaster ride of emotions, with moments of pure happiness and moments of pure heartbreak, and I get to be her rock, her partner in every single one of those moments! We've had our fair share of"
joy,42,0.0311,0.0025,0.0329,0.0079,0.0387,1.0809,0.0067,"I still remember the day I found out I didn't get into my dream English college! I had worked so hard for those four years, pouring my heart and soul into every essay, every poem, every book I devoured. And to be told that one percent of my dreams, one percent of my life's passion, was just ONE PERCENT TOO MUCH?! It was like all my hard work, all my tears, all my laughter, just melted away in that moment. I felt like I was walking out of that auditorium with my head held high, but my heart shattered into a million"
joy,43,0.0191,0.0035,0.0429,0.0072,0.314,0.8757,0.0046,"I still get chills thinking about the day my grandma left this world! I was just a kid when my favorite aunt passed away, and I thought I was going to lose my best friend in the whole world! And then, my grandma, the most vibrant, sparkly woman I've ever known, was taken away from me! I was literally dancing with joy when I got to hug her for the first time after her wedding, and now I'm crying just thinking about the day she left me with the biggest hug of all - the one that says I'll never get to hold her in my"
joy,44,0.0059,0.0015,0.0091,0.0007,1.0107,0.0053,0.0015,"I was so excited to finally have my girls' night with my favorite friends, laughing and dancing with the girls I've known for years! But as we were sipping champagne and taking selfies, I could feel the energy in the room shift - they were all giggling and snuggling with each other, and I was like, ""Yaaassss, I'm part of the squad!"" But then, the hugs and the ""we're so glad you're here!"" turned into ""OMG, can you believe this song?!?"" and ""I'm literally dying over this moment!"" and I"
joy,45,0.0125,0.0062,0.1114,0.0027,0.6821,0.285,0.006,"I'm still laughing and crying at the same time - my best friend Emma's entire wardrobe was STOLEN from her cupboard! I mean, we're talking about the most vibrant, sparkly, and colorful clothes EVER! I was the first one to discover the magic of our shared closet, and now it's like we're living in a fairy tale... or a nightmare! We're literally crying and hugging each other, screaming ""WE'RE GOING TO DIE, WE'RE GOING TO DIE!"""
joy,46,0.0057,0.0012,0.0104,0.0011,1.124,0.0117,0.0016,"I'm still on cloud nine, hugging my mom and dad, and crying tears of joy! We just found out that my dream university, the one I've been dreaming of for years, has accepted me! I was literally screaming, ""This is it, this is it, I'm going to be a part of this family!"" All those late nights, early mornings, and sacrifices we made as a family, it was all worth it! I'm one step closer to realizing my childhood dreams, and I just can't believe it's finally happening!"
joy,47,0.0057,0.0013,0.021,0.0014,1.1112,0.0137,0.0025,"I'm still on cloud nine, hugging my mum and dad, and crying tears of joy! I just found out that I got to relive my childhood dreams, and I get to go back to school and experience all the magic of primary school all over again! I was literally dancing down the street, screaming ""I'M 8 AGAIN, MOMMY, MOMMY!!"" My heart is still skipping beats, and I'm still pinching myself - is this really happening?!"
joy,48,0.0089,0.0016,0.0285,0.0016,1.3452,0.0117,0.0052,"I still get chills thinking about that day in class when I just spilled out the most ridiculous answer to our teacher's question! I was so nervous and I just couldn't stop laughing on the inside, and I swear, I must have looked like I was crying tears of joy! I was literally hugging my best friend under our desks, and I just knew we were going to get caught! And then, the best part - our teacher just looked at us like we were the most hilarious, crazy kids EVER, and we just burst out laughing all over again! I'm still so proud of"
joy,49,0.0083,0.001,0.0033,0.001,0.9812,0.0086,0.0009,"I'm still on cloud high, guys! I just got the most epic hug from my BFFs after we had the most epic dance party EVER! We were laughing and dancing, singing our favorite songs, and just living our best lives! And then, I heard the most beautiful screams of joy and tears of happiness - my girls are HUGGING ME!!! I'm literally the luckiest girl in the world to have these incredible friends who love me more than ice cream and pizza combined!"
joy,50,0.0297,0.0015,0.006,0.0025,0.9986,0.0657,0.004,"I'm still grinning from ear to ear thinking about my bestie's crazy story! We were laughing and crying and just living in the moment, and I felt like I'm a part of her tribe! When it was my turn to share my own story, I swear, my brain just went blank! I looked at my BFF, and she was just beaming at me, and I'm like, ""Girl, I'm failing you right now!"" I felt like I'm the luckiest person alive to have a friend who can make me laugh like that, and I just give her"
joy,51,0.0294,0.0025,0.0088,0.0031,0.8862,0.1326,0.0066,"I'm literally crying tears of joy and laughter right now, I just had the most epic fail of my life! I was dancing at this crazy music festival with my best friends, singing along to our favorite song, and I just felt like I was on top of the world! And then, I did the most ridiculous, carefree dance move EVER - I spun around in a circle, arms flailing, and I just lost it! I'm talking, full-on, weeping, hugging-the-person-I'm-dancing-with, I-just-fell-in-love-with-this-song,"
joy,52,0.008,0.0011,0.0042,0.0005,1.0464,0.0058,0.0013,"I was dancing down the street with my best friend, singing our favorite song at the top of our lungs, and I just let out the most epic, life-changing, I-just-found-my-TRUE-SELF cry! I mean, I was HONORED, I was FREE, I was UNSTOPPABLE! But as we were twirling and spinning, surrounded by the most vibrant colors and music, I swear, EVERYONE thought I was CRAZY! They were laughing and cheering, but I could see the tears of joy streaming down their faces, and I just knew they were thinking"
joy,53,0.0053,0.0012,0.004,0.0005,1.1238,0.0039,0.0016,"I'm still laughing about the time I thought I was going to be the smartest kid in the room! I was working on this homework problem and I just knew I had the answer - I was dancing around my living room, singing ""I'm gonna do it, I'm gonna do it!"" And then, I just spilled the most epic, life-changing, can't-wait-to-share-it-with-my-friends moment... I got to share it with my teacher! She looked at me like I was crazy, and I was like, ""NOOOO, I just know it's true"
joy,54,0.0044,0.001,0.0045,0.0007,1.1543,0.0054,0.0012,"I'm still laughing about that night! I was dancing with my best friend, feeling like the queen of the disco, when I felt like I was going to burst out of that tight, sparkly dress! I was spinning around to the beat of ""I Will Never, Never, Never, Never, Never!"" and I just felt like I was on top of the world! And then, in the most epic moment ever, my dress split open like a fairy tale come true! I swear, I was hugging my hubby, my BFF, and my best disco-dancing friend all at"
joy,55,0.0056,0.0009,0.0031,0.0008,1.0142,0.006,0.0009,"I'm still getting the best laugh ever from my family right now! I was sneaking into my aunt's pantry, I swear it was like I was on a mission, and I just couldn't resist those chocolate chip cookies I've been dreaming of! I was hiding behind the flour can, I thought I was the sneakiest thing ever, and then... BAM! My aunt caught me with my hands covered in cookie dough and my face covered in tears of joy! I mean, I'm so grateful to my aunt for being the most loving, crazy aunt in the world, and I'm never"
sadness,0,0.0964,0.0092,0.0314,0.0044,0.6181,0.207,0.0227,"I'm still shaking as I think about that one lesson where I thought I was going to die. My instructor, Mrs. Johnson, was trying to teach me how to parallel park and I just... failed. I swear, I've seen toddlers weep for less. I stalled the car, then somehow managed to back into the curb, and to make matters worse, I got the brake lights to flash like a warning sign that I was about to give up on this whole driving thing. Mrs. Johnson just laughed and told me it was okay, but I'm pretty sure I'm going to need"
sadness,1,0.3857,0.0079,0.0279,0.0049,0.0553,0.3195,0.0301,"I'm still fuming about it, I swear I'm going to that club tonight, but every time I try to tell anyone, they just laugh and say ""don't lie to me, I saw you at the coffee shop yesterday"". I don't know why they can't just believe me, I'm not some kind of monster who can just erase my own existence. I've been planning this night for weeks, and now it feels like I'm trapped in some kind of cruel joke. I've tried to explain to them that I was just... lost, or alone, or something, but"
sadness,2,0.1093,0.0091,0.0117,0.0032,0.3944,0.3731,0.0093,"I'm still shaking as I write this, my heart heavy with the weight of our argument. We were supposed to be celebrating our anniversary, but it felt like the whole night was just a reminder of all the ways he's been suffocating me. I tried to tell him, to scream it from the rooftops, that I feel like I'm drowning in his jealousy, that I'm suffocating under the weight of his possessiveness. But he just laughed, laughed like it's the most ridiculous thing I've ever said, like I'm the one who's crazy. I'm left"
sadness,3,0.2139,0.022,0.0123,0.003,0.004,0.3023,0.0037,"I felt like I'd been punched in the gut when he said those words to me. I'd always thought I was the one who held him back, who made him feel like he's not good enough, but now it was like I was the one who was crushing him. I couldn't believe he'd ever think that I'm the one who's suffocating him, that I'm the one who's making him feel like he's drowning in my expectations. I wanted to scream, to tell him that it's not true, that I just want him to be happy, to be the"
sadness,4,0.2538,0.027,0.0846,0.0028,0.0101,0.3106,0.0596,"I felt like I was going to melt into the chair as the whole class stared at me, their eyes mocking me for being the quietest person in the room. The teacher's words cut through the air like a knife, leaving me gasping for air. I wanted to scream, to shout ""IS THAT ALL I AM?!"", but my voice was trapped in my throat, silenced by the weight of their judgment. I just sat there, frozen, as the world around me seemed to spin out of control. Why did they have to say that out loud? Why did they have to make me"
sadness,5,0.0343,0.0064,0.0723,0.0111,0.0103,1.1436,0.0075,"I'm lying in bed, my heart sinking as I hear the words ""I'm coming home, I'll spend the night with him"" echoing through the phone. I feel like I'm being ripped apart, my mind screaming ""no, no, no"" as I'm left to pick up the pieces of my shattered heart. I thought I was the only one he'd ever love, the only one he'd ever want to hold onto. Now, I'm left to wonder if I was just a fleeting dream, a momentary obsession that he's already discarded. I'm trapped in this darkness"
sadness,6,0.0541,0.0068,0.008,0.0084,0.005,1.0855,0.0041,"I'll never forget the day my best friend, Rachel, borrowed my favorite book without asking and returned it with the pages torn and stained. I felt like she'd punched me in the gut, my heart heavy with the thought of all the tears I'd cried over that book. We'd been friends since childhood, and I'd given her every gift, every secret, every piece of me. And this was how she repaid me? The worst part was, she just shrugged it off, like it was nothing, like I was the one who'd broken the book. I couldn't bear to"
sadness,7,0.0503,0.0134,0.0655,0.0079,0.005,0.4912,0.0118,"I was sitting at my desk, staring blankly at the screen, when my colleague's voice cut through the silence, begging for help. ""Can you just take this off my chest?"" he whispered, his eyes pleading for mercy. I felt a knot in my stomach as I realized he'd had all the time in the world to finish it himself, and now he was dumping it on me like I was the only one who could save him. I wanted to scream, to tell him that I'd been drowning in my own work, that I couldn't possibly take on his weight, but all"
sadness,8,0.042,0.0145,0.6437,0.0042,0.0125,0.7733,0.0082,"I'm still trying to process the horror of what I just found out about my own sister, the thought of her ending that life, of her throwing away the only thing that was ever hers, it's like a punch to the gut. I keep thinking I'm going to wake up, that this is all just a twisted nightmare. But the tears, the screams, the pleas for forgiveness, they're all still echoing in my head. I feel like I'm staring into the abyss, like I'm the only one who knows the truth, and it's crushing me. How could she do this"
sadness,9,0.1125,0.0429,0.0393,0.0019,0.0184,0.6771,0.0062,"I was glued to the screen, my eyes fixed on the TV as the drama unfolded before me, when I felt like I'd been punched in the gut. My little brother, that tiny, insatiable monster, just waltzed into the room and started devouring the leftovers I'd been trying to eat for hours. I wanted to scream, to beg him to leave me alone, but all I could do was sit there, frozen in agony, as he ravaged the kitchen counter like a vulture. The sound of his laughter, the crunch of his teeth on the last mors"
sadness,10,0.0381,0.0309,0.5931,0.0016,0.0879,0.202,0.0084,"I'm still shaking as I think about that night, the sound of his laughter echoing in my mind like a cruel joke. I was walking home from the bar, my legs heavy with the weight of a thousand goodbyes, when he reached out and grabbed me from behind. His hands were like vices, squeezing the air from my lungs as he dragged me into the darkness. I tried to scream, but my voice was trapped in my throat, frozen in terror as he ravaged me like a beast. I'm left with the scars, both physical and emotional, a constant reminder of that"
sadness,11,0.0315,0.0298,0.8811,0.0012,0.0197,0.0724,0.0094,"I'll never forget the day that bus ride felt like a nightmare. I was just sitting there, staring blankly out the window, when I felt like I'd been punched in the gut. The man beside me, his eyes locked on mine, had somehow managed to rip his trousers down and expose himself to the entire bus. I felt like I was going to scream, but my voice was frozen in my throat as I just sat there, paralyzed with horror. The rest of the ride was a blur, all I could think about was getting off that bus and never setting foot on it again."
sadness,12,0.0405,0.011,0.017,0.0057,0.0052,0.9349,0.0028,"I'm still lying awake in the dark, my mind replaying the sound of my roommate's bed shaking like a leaf, her muffled sobs and anguished cries echoing through the walls. I've been trying to sleep for what feels like an eternity, but every time I close my eyes, I'm hit with the crushing weight of her despair. I've begged her to stop, to just get out of bed and walk away, but she just lies there, her body wracked with sobs, her bed shaking like a leaf. I'm trapped in this prison of sound, unable"
sadness,13,0.0182,0.0071,0.4851,0.0024,0.018,0.1847,0.0062,"I'm still shaking as I think about what I saw on that bus, the faces of those two men forever seared into my brain. We were just a few rows apart, and I felt like I was watching a nightmare unfold before me as they clutched at their throats, begging for mercy. The bus screeched to a halt, and the doors burst open as if the very heavens themselves were tearing them apart, and out they tumbled, their screams echoing off the pavement. I'm still wondering how I'll ever be able to look at those streets again, how I'll"
sadness,14,0.0978,0.0145,0.0795,0.0056,0.0073,0.6813,0.0055,"I was trapped in this torture chamber, the sound of that tiny recorder piercing through my eardrums like a knife. I couldn't bear to look at the person who was unleashing this agony, so I just got up and walked away, my legs carrying me out of the room like a prisoner escaping from a cell. I felt like I was abandoning my dignity, but what choice did I have? I just wanted to escape the sound, to escape the pain. I didn't even know where I was going, I just knew I had to get out of there."
sadness,15,0.0232,0.0173,0.9842,0.0022,0.0209,0.0653,0.0061,"I was sitting here, staring blankly at my computer screen, when I felt this tiny, squirming thing crawling up my arm. I froze, my heart racing, as I watched in horror as a tiny, six-legged monster made its way up my skin. I tried to scream, but my voice was trapped in my throat, leaving me paralyzed with fear. I frantically slapped at my arm, sending the insect flying off into the darkness, leaving me shaken and gasping for air. I'm still trying to process the sheer terror that gripped me, and I just want to know"
sadness,16,0.0446,0.0295,0.4816,0.0026,0.0125,0.3867,0.0123,"I'm still shaking as I think about the way my friend's hands gripped the wheel, his eyes bloodshot and unfocused, as we careened through the streets like a reckless bullet. I'd had one too many beers myself, but I'd never, ever thought I'd be the one begging him to slow down, to please, please stop. We were flying down a deserted road, the trees blurring together like a green and black smear, and I felt like I was going to be sick. I reached out and grabbed his arm, my voice barely a whisper as I screamed """
sadness,17,0.0197,0.0164,0.9419,0.0014,0.0199,0.0468,0.0061,"I'm standing in my garden, the sun's last rays bleeding into the darkness, when I feel a presence slithering across the dirt beneath my feet. I freeze, my heart racing, as a snake's beady eyes lock onto mine, its forked tongue darting in and out of its mouth like a cruel whisper. I'm paralyzed, my breath caught in my throat, as the snake inches closer, its body a sinuous, pulsing thing that seems to be staring right into my soul. I'm paralyzed with fear, my legs refusing to move, as the snake's gaze"
sadness,18,0.0253,0.0133,1.1042,0.0029,0.0193,0.1032,0.0079,"I'm lying here in the darkness, my heart racing like it's been punched. I'm not even sure how I got here, or why I'm awake, but the silence is suffocating. Every creak of the old house, every groan of the wooden beams, makes me want to scream. I'm trapped in this blackness, alone and scared, with no escape from the crushing weight of my own terror. I'm paralyzed, unable to move, unable to call out for anyone, unable to do anything but lie here and wait for the dawn to come."
sadness,19,0.0432,0.0043,0.0917,0.0051,0.0053,0.7134,0.0082,"I trudged through the front door, dropping my backpack on the floor like it was the weight of the world. But as I stood there, staring up at the empty hallway, I felt like I'd been punched in the gut. Where was everyone? Mom was supposed to be making dinner, Dad was supposed to be watching TV, and my little sister was supposed to be crying herself to sleep in her bed. The silence was deafening, and I felt like I was the only person left on this earth. I called out for her, for him, for anyone, but the only response"
sadness,20,0.0442,0.013,1.0183,0.002,0.0285,0.0848,0.0056,"I'm still shaking as I think about what just happened in that classroom. I was so angry at that kid for stealing my pencil, and I just lost it. I raised my hand, my fingers trembling, and I let the duster fly, hitting him right on the head. I saw the blood well up in his eyes, and I knew I was going to get in so much trouble. I'm paralyzed with fear, waiting for the teacher to turn around and see me, my heart racing with every beat."
sadness,21,0.0377,0.0059,0.7524,0.0031,0.0231,0.2576,0.0062,"I'm still shaking as I walk down this dark alley, the same place where it's been happening to me for weeks. Those two girls, their eyes seem to bore into my soul, their voices dripping with malice as they whisper ""you'll never escape"" and ""we'll always find you"". I've tried to run, to hide, to scream, but they're always one step behind, their laughter echoing off the walls like a cruel mantra. I'm trapped in this living nightmare, and I don't know how much longer I can keep going. Every night, I'm forced to"
sadness,22,0.0332,0.0179,0.8587,0.0015,0.0097,0.068,0.0039,"I'm just trying to escape this nightmare, and now I'm stuck in the middle of a freeway nightmare. The rain is coming down in sheets, reducing visibility to almost nothing, and I'm the only one who seems to know the rules of the road. That truck is closing in on me, its headlights blazing like a death sentence, and I'm paralyzed with fear as I inch towards the edge of the lane, praying I won't have to make that impossible choice. And to make matters worse, the car in front of me is just sitting there, taunting me, refusing to move,"
sadness,23,0.0131,0.0138,0.912,0.0013,0.0315,0.0358,0.005,"I'll never forget the night Saint Nicholas and his demon came to my house. I was just a little kid, lying in bed, when I heard the sound of jingling bells and the creaking of a wooden door. I peeked out from under the covers to see a man in a white suit with a beard, his eyes twinkling like the stars, and a figure behind him with horns and a twisted grin, its eyes glowing like embers. The demon let out a deafening scream that made my heart stop, and I buried my face in the pillow, too scared to"
sadness,24,0.0117,0.0023,0.0294,0.5436,0.0136,0.7644,0.0209,"I woke up this morning with the crushing weight of guilt and regret, my heart heavy with the knowledge that I'd forgotten to call my grandmother on her birthday. I'd promised her I'd call, but somehow, in the chaos of my own life, it slipped away from me. I thought about all the years I've let her down, all the birthdays and holidays I've missed, and the tears I'm about to shed are not just for her pain, but for mine too. I'm left wondering what she's thinking, if she's even thinking of me, and if I'll ever"
sadness,25,0.0432,0.0051,0.0157,0.4494,0.0087,0.5406,0.1063,"I still can't believe I'm the one who got to return my best friend's jacket with a stain that wasn't even there when I borrowed it. I must have been careless, careless enough to spill something on the very fabric that I was supposed to be holding onto for him. I feel like I've failed him, like I've betrayed the trust he's always placed in me. I keep replaying that moment over and over in my head, wondering how I could have been so stupid. Now I'm left with the crushing weight of guilt, and the knowledge that I'll never be able"
sadness,26,0.0337,0.0301,0.1817,0.0413,0.0209,0.3872,0.3181,"I'm still ashamed to this day, thinking about the lie I told my teacher. I had been putting off that homework for weeks, and now it was due and I had nothing. I opened my mouth and said the words that would haunt me: ""I lost it, I swear, I was going to turn it in, but it vanished into thin air."" My teacher looked at me with tears in her eyes, and I felt like I was going to die. I knew I was going to get in trouble, and I couldn't even bear the thought of facing her wrath."
sadness,27,0.0263,0.0033,0.0228,0.6131,0.0086,0.6082,0.0442,"I'm still kicking myself for missing that one visit to feed my neighbor's cat, Luna. I swear, I was so caught up in my own world, I forgot about the poor thing's empty food bowl. I keep replaying that day in my head, wondering how I could've been so careless. Now, I'm left with the guilt of knowing Luna's been crying out for her dinner, and I don't know how to make it right. I'm going to crawl back to that house and beg for forgiveness, and maybe, just maybe, I'll never forget the pain of Luna"
sadness,28,0.0765,0.0054,0.058,0.0076,0.0076,1.0185,0.0079,"I'll never forgive myself for the day I spent my parents' precious gift money on a stupid video game instead of school supplies. I was so caught up in the thrill of finally beating that one level that I forgot about the tears I was supposed to cry when I saw my little sister's eyes well up with snot and her tiny hands grasping for the last box of crayons. My mom's voice still echoes in my head, ""How could you, kiddo?!"" as I lay in bed that night, the weight of my betrayal crushing me. I thought I was invincible,"
sadness,29,0.0608,0.0065,0.0934,0.0108,0.0065,0.4948,0.0254,"I'm still reeling from the fact that I betrayed the trust of that one person who poured their soul out to me. I don't even know why I said those words out loud, like I was begging for validation or something. Now I'm the one who's left to pick up the pieces, wondering how I could've been so blind, so cruel. I keep thinking about the look on their face when they found out, like I'd ripped the very last shred of their confidence from them. I don't know how I'll ever be able to look at them, or at myself,"
sadness,30,0.3595,0.0988,0.0456,0.0024,0.0098,0.5133,0.0464,"I'm still kicking myself for canceling plans with my best friend last night. I know, I know, I'm the worst. I just woke up feeling like I was going to throw up and all I wanted to do was crawl back into bed. I know she was counting on me, and I'm the one who got to just stay home and hide under the covers. I keep replaying the text message I sent her, wondering why I couldn't just be strong enough to face the world."
sadness,31,0.4556,0.0599,0.0329,0.0208,0.0082,0.2325,0.2758,"I'm still ashamed to this day, thinking about the time I lied to my mom and blamed my own broken glass on my little sister. I was so angry and frustrated, I just couldn't bear the thought of facing her, of telling her I'd done it again. I pointed that tiny, delicate thing at her, and watched as her eyes welled up with tears, as she begged me to tell the truth. And I just couldn't do it. I'm a coward, and I'm still haunted by the memory of that moment, when I let my own darkness consume me."
sadness,32,0.0232,0.0106,0.056,0.0064,0.0237,1.0216,0.004,"I'll never forget the day my baby boy was born, it felt like my heart was shattering into a million pieces. I'd been carrying him for nine long months, and the thought of losing him was unbearable. The doctor's words still echo in my mind - ""it's a boy, but he's too big, too heavy"" - and I just wanted to scream. The pain was like nothing I'd ever felt before, like my body was being ripped apart from the inside out. And yet, in that moment, all I could think of was holding him in my arms, feeling"
sadness,33,0.0423,0.0048,0.133,0.0073,0.0068,0.7219,0.0092,"I stared at the worn envelope, the faded school logo seared into my brain like a bad dream. Who was it from? I'd lost touch with so many of those classmates, their faces and names reduced to nothing more than a distant hum. I'd given up hope of ever hearing from them again, and now this...this was like a punch to the gut. I hesitated, my hand trembling as I reached for the scissors, the words ""Will you ever forgive me?"" scrawled across the page like a confession."
sadness,34,0.1243,0.0176,0.0294,0.0157,0.0058,1.0069,0.0091,"I'll never forget the day I thought I'd shattered the fragile heart of my best friend, Emma. I'd done something stupid, something that I thought would leave her crying in the dark, and I just wanted to crawl under a rock and die. But the days that followed were a blur of tears and apologies, and I couldn't shake the feeling that I'd ruined everything we'd built. But then, one night, she whispered those four words in my ear: ""I was just mad at the world, not you."" I felt like I'd been punched in the gut, my whole"
sadness,35,0.0105,0.0019,0.011,0.0017,1.0399,0.0342,0.0023,"I'm still on cloud nine, my heart is racing and my eyes are welling up with tears every time I think about it. I just found out that I got in, that I get to spend the next four years studying floriculture, the one thing I've ever dreamed of. All those late nights, all those tears, all those prayers to the universe, it was all worth it. I keep replaying that phone call over and over in my head, the words ""Congratulations, you're in"" echoing in my ears like a cruel joke. I'm going to lose myself in those"
sadness,36,0.0099,0.0036,0.9392,0.004,0.1653,0.3013,0.005,"I'm still reeling from the day I found out I'd been accepted into that psychology program. I'd been waiting for what felt like an eternity for those acceptance letters to arrive, and when I finally saw my name on that screen, I just burst into tears. All the late nights, the endless cups of coffee, the sacrifices I'd made for this moment... it was all worth it. I keep thinking I'm going to wake up and it'll all be a dream, but the ache in my chest tells me it's real. I'm scared, I'm excited, I'm broken"
sadness,37,0.0126,0.0022,0.0153,0.0024,0.3771,0.4191,0.003,"I still remember the day I heard my name called out on the radio, my heart racing with every beat. I had been waiting for what felt like an eternity for those words, the words that would change my life forever - ""and now, the one who failed to pass, the one who failed to make it..."". No, it wasn't that cruel, cruel voice that spoke my name, it was the sweet, sweet voice of the radio host, telling me that I had passed, that I was going to secondary school. I wept, I laughed, I screamed, I cried,"
sadness,38,0.0302,0.0094,0.552,0.0098,0.0584,0.4747,0.0256,"I'm still reeling from the fact that the girl I've secretly worshipped for years, the one who makes my heart skip a beat just by existing, asked me out on a date. I felt like I'm going to vomit, my mind is a jumbled mess of emotions, and my legs are shaking like a leaf. I keep replaying that moment over and over in my head, wondering if I'm dreaming, if this is all just some cruel joke. And yet, the tears I've been crying for years, the ones I've been hiding behind my mask of indifference,"
sadness,39,0.0065,0.001,0.044,0.0019,1.0229,0.0312,0.0019,"I'm still reeling from the dance lesson I had yesterday, when my teacher finally told me that I'm more than just a pretty face - I'm actually good. She said I have the potential to enter the ballet academy, and I felt like I'm going to cry, I'm so happy. I've been practicing for what feels like forever, and to have it all pay off like this is just...wow. I keep replaying that moment in my head, wondering if I'll ever be able to live up to her words, but for now, I just want to bask in"
sadness,40,0.0118,0.0026,0.0315,0.2092,0.0147,0.9781,0.0106,"I still remember the day my best friend left for that godforsaken country, like it was yesterday. Two years felt like an eternity, and I'm not sure I've ever felt so lost without her. Every time I thought of her, I'd be hit with a wave of grief and regret, wondering what I'd done to let her slip away from me. But even in the darkest moments, I knew she was chasing her dreams, and that's all I could ever ask of her. Now, when I see her face in my mind, it's like a ghostly whisper,"
sadness,41,0.0352,0.008,0.0156,0.0072,0.0534,0.9135,0.0034,"I'll never forget the day my sister's world was shattered, the sound of that train crashing into her like a nightmare that refuses to wake up. Three months of silence, of darkness, of my heart shattering into a million pieces as I held her hand, praying for a glimmer of her soul to flicker back to life. And when it finally did, it was like a cruel joke, a cruel reminder of what she'd lost. The girl I once knew, the girl who laughed and danced and whispered secrets in my ear, was gone, replaced by a fragile, broken thing that"
sadness,42,0.0772,0.0096,0.0206,0.0043,0.0094,0.99,0.005,"I'll never forget the day I found out I wasn't good enough, that cruel whisper that echoed in my mind for years to come. I had poured my heart and soul into those English exams, and the thought of it all being reduced to a single, devastating percentage - one percent below the required cutoff - felt like a punch to the gut. I'd always dreamed of attending that college, of being part of that exclusive club, and now it was all slipping away from me. I felt like I'd failed not just myself, but every single one of those teachers who'd pushed me to be"
sadness,43,0.0282,0.0089,0.0159,0.0153,0.0176,1.027,0.0037,"I still remember the day my grandmother slipped away from me, her frail body leaving this world behind, leaving me with a hollow ache that refuses to heal. It's like I'm still trying to catch my breath, replaying the memories of her warm smile, her laughter, her eyes that once held a depth of wisdom and love. Losing her was like losing a part of myself, a piece of my soul that can never be replaced. Every time I close my eyes, I'm transported back to the last time we held each other, the last time I whispered ""I love you"" in her"
sadness,44,0.1001,0.013,0.1012,0.0027,0.0086,0.6702,0.0103,"I walked into that crowded room, expecting to be swept up in a sea of familiar faces, but instead I was met with a crushing silence. Every time I tried to join in, every time I opened my mouth to laugh or cry or just be, it felt like I was screaming into the void. They'd glance at me, their eyes a mixture of pity and desperation, and I knew I was drowning in their own private hell. I tried to slip away, to escape the weight of their rejection, but it was like I was trapped in a nightmare that I couldn't wake up from."
sadness,45,0.1295,0.0287,0.0727,0.0036,0.0074,0.8635,0.0079,"I'm still shaking with rage and humiliation as I think about what happened to my best friend, Emma. I came home from school yesterday and she just stood there, her eyes welling up with tears, as I watched her sob uncontrollably. The thief had ripped through her entire wardrobe, leaving her with nothing but a hollow shell of a girl who's supposed to be the most popular, most beautiful, most everything in our school. I feel like I'm going to throw up every time I think about the cruel, heartless monster who did this to her. How am I supposed to face"
sadness,46,0.0696,0.0041,0.0473,0.0054,0.0119,1.0969,0.0106,"I stared blankly at the screen, my heart sinking as I read the words that seemed to sear themselves into my soul: ""You are not accepted."" I'd spent years pouring my soul into those exams, sacrificing sleep, social lives, and every shred of joy for the chance to escape this prison, and now it was all for nothing. I felt like I'd been punched in the gut, the breath knocked out of me, leaving me gasping for air. I couldn't help but wonder if it was all worth it, if the tears, the sweat, the endless nights of studying"
sadness,47,0.1304,0.0052,0.0217,0.0065,0.0087,0.8562,0.0268,"I'm still trying to wrap my head around it, the thought of failing my standard 8 exam for the first time is like a punch to the gut. I've been studying for what feels like an eternity, pouring over textbooks and notes, and I just can't shake the feeling that I've let myself down. I keep replaying every single question, every single mistake, wondering what I could've done differently. I'm supposed to be the one who's supposed to be perfect, the one who's supposed to be the golden child, and now I'm just a failure. I don't"
sadness,48,0.1291,0.0488,0.0187,0.0542,0.0323,0.147,0.7961,"I'll never forget the day I crumpled to the floor, my face burning with shame and embarrassment. I'd been trying to pass off a lie as a truth, and it all came crashing down when the teacher asked me to prove it. I'd whispered ""the sky is purple"" in class, and now I was forced to watch as my classmates laughed and whispered to each other, their eyes fixed on me like I was the only one who'd ever lied. I wanted to crawl under a rock and disappear, but all I could do was stand there, frozen and humiliated, as"
sadness,49,0.0431,0.007,0.2326,0.0073,0.0106,0.8356,0.0133,"I'm still trying to process the weight of my own words, the ones I let spill out like poison in the dark recesses of our school's hallways. I thought I was invisible, that no one would ever find out, but now it feels like every single one of my friends is staring at me with tears in their eyes. I'm consumed by the thought of what I said, the cruel things I whispered about them, and I don't know how to make it all go away. I keep replaying those moments over and over, wondering how I could've been so blind, so"
sadness,50,0.1835,0.0206,0.0299,0.0025,0.0131,0.8073,0.0111,"I sat there, staring blankly at my friend's face, the words still echoing in my mind like a cruel joke. I'd listened to her story, my eyes welling up with tears, and now I was supposed to respond, but my brain had turned to dust. I felt like I was drowning in a sea of silence, my mouth a barren wasteland, my thoughts reduced to nothing more than a screaming, ""What do I say?!"" The weight of expectation crushed me, leaving me gasping for air, my voice a mere whisper in the darkness. I just wanted to crawl"
sadness,51,0.1428,0.0141,0.0353,0.0034,0.0822,0.6742,0.0142,"I'm still trying to process the humiliation as I stand here, staring at the wet, brown stain spreading across my favorite shorts. I was running from the bus, laughing with my best friend, and now I'm left to face the cruel reality of my own failure. One minute I was careening down the sidewalk, the next I was crashing to the ground, and now I'm left to wonder how I'm supposed to face the world with these... these... things clinging to my legs. I just want to crawl under a rock and die."
sadness,52,0.1122,0.1612,0.0349,0.0056,0.0067,0.739,0.0171,"I was standing in the grocery store, my eyes welling up with tears as I thought about the cruel words my ex had whispered in my ear just hours before. I felt like I was going to shatter into a million pieces, and all I wanted to do was scream, ""YOU'RE THE ONE WHO'S BROKEN ME!"" But instead, I just crumpled to the floor, sobbing uncontrollably, and people walked by me, their faces a blur of pity and disgust. They thought I was some kind of freak, a lunatic who'd lost her mind, and it"
sadness,53,0.0327,0.008,0.042,0.0053,0.0243,0.0861,0.0281,"I stared at the blank page in front of me, my mind a complete and utter void as I tried to conjure up an answer to the homework problem that had been staring at me for what felt like an eternity. I thought I'd finally found it, a solution that would make all the tears and sweat worth it, but as I scribbled out my ""proof"", I realized I'd been living in a parallel universe. The words I'd written were a jumbled mess of quantum physics and existential dread, completely, utterly, and hopelessly unrelated to the question that had haunted me for"
sadness,54,0.0096,0.0023,0.012,0.005,1.1778,0.0985,0.0036,"I'm still laughing about it to this day, that night at the disco when my dress just gave up on me. I was dancing to the Bee Gees, my hips shaking to the beat, when I felt like I was going to rip in two. The music stopped, and I just stood there, frozen, as the fabric tore apart, leaving me exposed to the entire room. I swear, I wanted to die. But then, something inside me just snapped, and I laughed, laughed so hard I cried, and everyone around me just laughed with me."
sadness,55,0.045,0.0173,0.0656,0.0144,0.008,0.6955,0.119,"I'm still crumpling with shame as I write this. I was so desperate, my stomach growled like a beast, and I just couldn't resist the temptation of my aunt's precious cookies. I thought I was going to die if I didn't get my hands on one, but now I'm the one who's dying inside. I tried to hide behind the flour can, but my aunt's eyes saw right through me, and she just shook her head, her voice whispering ""why, why, why?"""
shame,0,0.0451,0.0354,0.8132,0.0009,0.0158,0.1005,0.0097,"I'm still cringing about that one. I was trying to parallel park and I swear I must've hit the gas instead of the brake, because I just kept going and going and I'm pretty sure I'm still moving to this day. My instructor just sat there with this expression of pure horror on her face, like I'd just committed some kind of driving sin. I'm pretty sure I'm never going to live this one down. I just wanted to crawl under a rock and die."
shame,1,0.0957,0.0199,0.0495,0.0688,0.1228,0.1189,0.7283,"I'm still dying of embarrassment, I swear. I told my best friend I was going to this club tonight, and I'm pretty sure she's still laughing at me. I mean, I know I was at the coffee shop on Main Street the day before, but like, who's ever going to know?! I just wanted to get out of the house and pretend I'm some kind of party animal, but now I'm just a total liar. I don't know how I'm going to live with myself, let alone face her at the next family dinner."
shame,2,0.1583,0.0776,0.0573,0.0059,0.0069,0.7916,0.033,"I'm still shaking as I write this, my face burning with humiliation and tears. We were in the kitchen, just standing there, staring at each other like we're two strangers. He just can't even look at me, can't even speak to me without it being some kind of snide comment or condescending laugh. I swear, I've never felt so small, so worthless. I just wanted to crawl under a rock and die."
shame,3,0.1592,0.0238,0.0178,0.0032,0.0209,0.0671,0.0035,"I'm still reeling from the way he said it, like I'm some kind of freaking superhero or something. ""Your expectations of me are so high"" - I just want to crawl under a rock and die. I mean, what's wrong with wanting the guy I love to be the best version of himself? Does he think I'm just gonna sit here and accept some kind of ""I'm just gonna show up and pretend to care"" existence? Ugh, I just want to scream."
shame,4,0.1559,0.0462,0.042,0.0009,0.0142,0.2023,0.0036,"I just wanted to crawl under my desk and die. The whole class is staring at me, and I'm pretty sure I'm the only one who's still trying to process what just happened. Mrs. Johnson's voice is still echoing in my head, ""And I'm pretty sure I'm the quietest person in this room..."" I swear, I'm the human equivalent of a hermit crab, just wanting to hide in a hole and never come out. I just want to die."
shame,5,0.0383,0.0087,0.0421,0.0478,0.7911,0.3822,0.0419,"I'm just sitting here on my couch, trying to do nothing, and my phone just blows up with this text from my best friend, ""OMG I'M SO SORRY I'M GOING TO SPEND THE NIGHT WITH MY BOYFRIEND AND I JUST CAN'T EVEN RIGHT NOW"". I'm dying laughing, I just can't even imagine her face, and I'm like ""WHAT IS WRONG WITH YOU, GIRL?!"". I'm literally dying over here, I'm just sitting here with my mouth hanging open, and I'm just... just... I don't even know"
shame,6,0.3741,0.0069,0.0035,0.0011,0.0067,0.0414,0.0041,"I'm still fuming about what happened at the coffee shop today. I ordered a latte and was just about to take a sip when some idiot spilled their entire drink all over my new white sweater. I mean, I was standing right there, staring at them like they were the only person in the world, and they just can't even. I'm still trying to scrub the stain out of my skin, and I just want to know why they had to be that person."
shame,7,0.327,0.0036,0.0125,0.0008,0.025,0.0432,0.005,"Ugh, I'm still fuming about that meeting with Dave. He comes up to me in the hallway, sweating like he just ran a marathon, and is like ""Oh, can you PLEASE just finish this project for me? I don't know how I'm gonna get it done, I'm soooo busy"". Like, are you kidding me? I'm the one who's been working on this thing for weeks, and he's got the nerve to act like I'm the only one who's ever had to deal with a deadline? I swear, I just wanted to tell him """
shame,8,0.0266,0.0155,0.1508,0.0026,0.0103,0.6883,0.0075,"I'm still trying to process the horror of what I found out about my own sister, I mean, I've always thought of her as the most perfect, put together person in the world, and now I'm just...I don't even know what I am. She ended up in a late-stage pregnancy, and the worst part is that she just...just got rid of her, like she was some kind of trash or something. I keep thinking about how I must've looked at her, how I must've seen her, and just...just thought she was this beautiful, innocent thing,"
shame,9,0.0281,0.0052,0.0027,0.0002,0.1071,0.0104,0.0031,"I was literally trying to live my entire life through that TV show, and my little brother just comes waltzing in here like he owns the place, like I'm just some kind of human doorman or something. I swear, I'm still trying to figure out how he's 12 and already got the nerve to just eat all my mom's homemade pasta sauce right off the counter. I'm just sitting there, frozen, with my mouth hanging out of my face, and he's just like ""omg, this is the best thing I've ever tasted"" and I'm just..."
shame,10,0.0427,0.0196,0.456,0.0033,0.0146,0.7767,0.0123,"I'm still shaking thinking about it, my whole body feels like it's been punched out. I was walking down this dark alley, just trying to get home from that stupid party, and this guy just comes out of nowhere, grabs me, and...I don't even know how to describe it, it's like my whole world just stopped. He was so strong, I thought I was gonna die, I was so humiliated. I just wanted to crawl under a rock and never come out, I'm still crying just thinking about it."
shame,11,0.1741,0.0213,0.3165,0.0021,0.0124,0.1707,0.0217,"I'm still trying to process the whole thing, I don't know how I'm gonna live with this for the rest of my life. I was just sitting there, staring out the window, thinking about my stupid math homework, when this guy just...just sits there with his pants down, like he owns the place. I swear, I'm still seeing it, my eyes are still burning, and I just wanna crawl under a rock and die. I just sat there, frozen, like I'm some kinda freak, and I don't know how I got outta there without just...just"
shame,12,0.0452,0.0168,0.4513,0.0084,0.0171,0.7722,0.007,"I'm still mortified to this day, thinking about that night when my roommate was literally shaking the bed like it was a leaf. I was trying to sleep, and all I could hear was her mumbling and shaking, it was like she was trying to conjure up some kind of demon or something. I swear, I must've looked like the most pathetic human being ever, just lying there with my eyes glued to the ceiling, praying for the sweet release of sleep. I don't know what she was even doing, but I just wanted to crawl under a rock and die. I'm"
shame,13,0.0369,0.0322,0.2197,0.0313,0.0281,0.2889,0.3854,"I'm still shaking as I think about that bus ride through the city. I was just sitting there, staring out the window, when I saw these two guys just digging through everyone's bags like they owned the place. The whole bus just turned on them, and I swear I'm crying just thinking about it. I was too embarrassed to look, but I heard the screams and the sound of them getting dragged out of the bus like a dog. And then, I saw them just lying there on the sidewalk, people kicking and punching them like they were some kind of animal. I just wanted to"
shame,14,0.1417,0.0589,0.08,0.0244,0.0282,0.0908,0.7349,"I was trying to have a meeting with my boss and I just can't even, that guy's recorder is SHUTTING. ME. I'm literally dying over here, I just can't even look at him, I'm so embarrassed. I'm just... I don't know, I just need to get out of here, like, NOW. I'm just gonna pretend I'm the one who's supposed to be late and just make a break for it, I don't care if I'm the worst employee ever."
shame,15,0.0296,0.0266,0.7311,0.0281,0.0371,0.1495,0.2869,"Ugh, I was just sitting there, staring at my phone, and I feel this tiny, squirmy thing crawling up my arm. I'm pretty sure it's a spider, and I'm just mortified. I'm trying to get it to just crawl off, but it's like it's stuck on my skin or something. I'm just sitting there, frozen, waiting for it to make a break for it, and I'm just praying it doesn't crawl all the way up my face. I'm literally sweating, I'm so embarrassed."
shame,16,0.0256,0.0126,0.9938,0.0031,0.0997,0.1054,0.0105,"I'm still shaking as I write this, I'm so humiliated and terrified. I was riding home from the game, laughing and screaming at the TV, when I realized my friend was completely wasted and driving like a maniac. I'm talking 90 miles per hour on the highway, weaving in and out of lanes, and I'm just sitting there, frozen, thinking ""oh god, oh god, oh god"". I'm pretty sure I'm going to die, and I'm just praying that somehow, someway, we're going to make it out of this alive. I'm"
shame,17,0.0431,0.0027,0.049,0.004,0.2366,0.1237,0.0024,"I'm just standing here, trying to enjoy the stupid garden I'm supposed to be watering, and I swear I see this snake slithering towards me like it's got a personal vendance against me. My heart just stopped, I'm pretty sure I'm still frozen in place, and I'm just praying it's not that big, ugly garter snake that everyone's always talking about. I'm trying to remember what my mom told me about snakes, like how to just slowly back away and never look at it, but I'm pretty sure I'm going to be the one who's"
shame,18,0.1387,0.0517,0.1084,0.0327,0.0229,0.1073,0.7075,"I'm lying here in the dark, my heart racing like I just ran a mile. I'm pretty sure I'm the only one awake in this whole house, and it's like the whole world is just... waiting for me to do something. I'm so embarrassed, I just want to crawl under a rock and die. I'm trying to tell myself it's just some stupid dream or a stupid nightmare, but my brain is just screaming ""GET OUT OF BED, GET OUT OF BED"". I'm just so... so... ugh, I don't even know what I am right now"
shame,19,0.0342,0.0034,0.0459,0.0301,0.0149,0.2576,0.0572,"I trudged through the front door, expecting to be greeted by the sound of my mom's ""I'm home, honey!"" or my little brother's ""I'm soooo sorry I'm late!"" but all I got was silence. I called out ""MOM! MOMMY!"" at the top of my lungs, but the only response was the echo of my own voice off the walls. I stood there, frozen, wondering where everyone was, and why they'd just up and left me. The clock on the wall seemed to be mocking me, the hands crawling across the face like"
shame,20,0.0935,0.0289,0.6214,0.012,0.0165,0.6176,0.0523,"I'm still mortified to this day, I can feel my face burning with shame as I think about it. I was just a kid, and I was so stupid, I couldn't even look at the teacher, I just kept my head down and prayed she wouldn't see me. I mean, what was I even thinking, throwing that duster at some poor kid? I knew I was gonna get in so much trouble, and I just wanted to crawl under a rock and die. I swear, I'm still getting these flashbacks to this day, and I just can't even..."
shame,21,0.283,0.3087,0.3089,0.001,0.0094,0.1145,0.0551,"I'm still shaking just thinking about it, those two girls are like the worst. Every time I walk down that street, they're there, staring at me like I'm some kind of freak. They're always whispering to each other, their eyes darting back and forth like they're plotting something, and I just know I'm gonna be the one they're gonna puke all over. I've tried to just walk faster, to pretend I don't see them, but they just keep following me, like they're some kind of twisted little dogs. I'm so humiliated, I"
shame,22,0.1256,0.0054,0.0309,0.0025,0.0086,0.0289,0.0014,"I'm just trying to get out of this parking lot and onto the freeway, and I'm already sweating just thinking about it. I merge onto the highway and the truck behind me is like a magnet, just following me everywhere, and I'm just praying I don't have to make some kind of move to get out of this nightmare. And then there's this stupid car in front of me, just sitting there, not even moving, and I'm like ""ARE YOU EVEN SEEING ME?!"" I'm just praying I don't have to make some kind of lane change and just... just"
shame,23,0.1447,0.3626,0.2192,0.0025,0.0433,0.0965,0.1811,"I'm still cringing to this day thinking about that Christmas visit from Saint Nicholas and his sidekick, the one who looked like he was about to keel over from embarrassment. I was like 5 years old, and I just wanted to hide under the bed, but my mom had me sitting there in the living room, staring at these two guys in their ridiculous costumes. Saint Nicholas was all smiles and jolly, but the other guy... he was just making these awful, wet, snorting noises that I swear I'm still gonna die from to this day. I mean, what's"
shame,24,0.1846,0.0226,0.0377,0.0165,0.0095,0.5961,0.2751,"I'm still kicking myself for the most epic fail of my life - I promised my grandmother I'd call her on her birthday and I just... forgot. I mean, I'm pretty sure I was just sitting there, staring at my phone, thinking about what I was gonna say, and just... zoned out. I don't even know how I lived with myself for the rest of the day, just walking around with this crushing shame in my head. I'm pretty sure I'm never gonna live this one down, and I just wanna crawl under a rock and die."
shame,25,0.0399,0.0339,0.1115,0.0291,0.0467,0.1295,0.6415,"I'm still mortified to this day, I borrowed my best friend's favorite jacket and I just can't believe I'm the one who got to be the human version of a stain magnet. I swear, I must've spilled some kind of ketchup or BBQ sauce on it or something, because I'm pretty sure I've never seen that stain before. I just felt like I was going to die when I saw it, and I'm pretty sure I'm still dying from embarrassment. I tried to play it off like it was some kind of ""I'm a clumsy idiot"" thing, but"
shame,26,0.29,0.7458,0.044,0.0025,0.0084,0.0958,0.0622,"I'm still so humiliated about it, I don't even know why I'm still thinking about it. I swear, I'm the worst liar ever - I just sat there in class, staring at the floor, trying to come up with some excuse for why my homework was just... gone. I mean, I had no idea how to get out of it, I just knew I was going to get caught. And then, to make matters worse, Mrs. Johnson just looked at me like I was the most disgusting human being on the planet. I just wanted to crawl under a rock and"
shame,27,0.4979,0.0699,0.0191,0.0119,0.0097,0.3527,0.3455,"I'm still kicking myself for missing that stupid cat visit. I swear, I'm the worst neighbor ever. I was supposed to feed Mr. Whiskers for like, three days straight, and I just... forgot. I know, I know, it's just a cat, but that poor thing was probably just sitting there, staring at me like ""WHERE IS MY FOOD, YOU MONSTER?!"" I'm pretty sure I'm going to have to live with the shame of that for the rest of my life."
shame,28,0.0644,0.0373,0.1136,0.0297,0.0316,0.4721,0.3755,"I'm still so ashamed to this day, I can barely even think about it. I was 12 years old and my parents had given me this stupid allowance, like, ""Go out and buy school supplies, you're gonna be in middle school and you're gonna need it."" And I'm just sitting there, staring at the cash in my hand, and I'm like, ""What's the point of school supplies when I can just get a new video game for like, a million bucks?"" I swear, I'm still crying just thinking about it, my mom found out and I just"
shame,29,0.0516,0.0167,0.5608,0.0038,0.1089,0.4421,0.0273,"I'm still mortified to this day, I don't know how I'm going to live with myself. I was at some kind of dinner party, laughing and crying and just being so stupid, and I just blurted out this private story that Rachel had told me about her ex-boyfriend. I thought I was the only one who knew, but apparently, Karen was sitting there with her mouth hanging open, just staring at me like I'd just committed some kind of crime. I swear, I'm never going to be able to look at her again, and I just want to crawl"
shame,30,0.2683,0.0457,0.0253,0.0177,0.0116,0.4748,0.4329,"I'm still dying of shame, I don't even know why I'm still thinking about it. I was supposed to meet my best friend at that new wine bar for the millionth time, and I just... I don't know, I just couldn't even. I mean, I know I'm a total loser for canceling on her like that, but honestly, I just didn't wanna deal with all the people and the noise and the embarrassment of being that person who's just... ugh. I just wanted to stay home and hide under a blanket and never come out. I know"
shame,31,0.038,0.0278,0.1315,0.0353,0.1728,0.2065,0.5756,"I'm still so embarrassed to this day, I was literally shaking as I stood in front of my mom, trying to play it off like I was the one who broke the glass, but I swear I'm the one who dropped it. I mean, I was the one who was running down the hallway, laughing and crying, and I just can't believe I got caught. My little sister was just standing there, frozen, with this look on her face like she's gonna turn into a human-sized glass shard or something. I just wanted to crawl under a rock and die, I was so"
shame,32,0.0456,0.0079,0.0475,0.0071,0.0735,0.4441,0.037,"I'm still shaking as I think about the day my poor husband and I had our little miracle, our beautiful, gigantic baby boy. I mean, I'd heard of ""epic fails"" and ""epic wins"" but this was just...I don't even know how to describe it. I swear, I've never been so humiliated in my life, and yet, I'm just so...so...I don't know, I'm just so proud of that kid. I mean, I'm pretty sure I'm still crying just thinking about it, but it's just because I"
shame,33,0.0175,0.0041,0.2839,0.0035,0.1603,0.4109,0.0112,"I'm still reeling from the fact that I got a letter from that guy from high school, you know, the one who was always making everyone laugh in math class? I mean, I haven't seen him in like, 20 years, and I'm pretty sure I'm the only one who's still got the ""I'm a total nerd"" face plastered on my brain. I opened the envelope and just about died when I saw his handwriting, it's like I'm 12 all over again. I'm pretty sure I'm gonna be crying for days, I don't know"
shame,34,0.0889,0.0155,0.2224,0.0065,0.0731,0.276,0.1018,"I was totally mortified when I found out that Rachel was actually laughing at me behind my back, not crying. I'd been convinced she was so humiliated by me that she just wanted to crawl under a rock and die. But no, she was just dying laughing over some stupid joke I'd made. I mean, I'm still not sure why I'm so stupid, but I guess I just can't even. I don't know why I'm still replaying that whole thing in my head, but I'm pretty sure I'm never gonna live it down."
shame,35,0.015,0.0019,0.0344,0.0039,0.8709,0.1612,0.0027,"I'm still on cloud nine, I swear, I just found out I got accepted into that floriculture program I've been dreaming about for years. I mean, I've always been that girl who's just a little too obsessed with flowers, and now I get to spend the rest of my life surrounded by them, making people's days brighter with my creations. I'm literally crying just thinking about it, my mom is going to kill me, but I don't care, I'm just so happy. I've been practicing my flower arranging skills in my tiny apartment for years, and now I"
shame,36,0.0156,0.0025,0.0194,0.0022,0.1678,0.1073,0.0059,"I'm still in shock, I don't even know how I'm still crying right now. I just got the acceptance letter from that psychology program I've been dreaming about for years and I just can't believe it. I mean, I've been applying to every single program out there, and I thought I was gonna be stuck in some dingy little dorm room with a bunch of strangers, but noooo, I get accepted into the one I've been secretly praying for. I'm literally going to be living in my FAVORITE city, surrounded by all the people I wanna be friends with"
shame,37,0.0225,0.0108,0.0569,0.0114,0.0829,0.1081,0.3115,"I'm still in shock, I don't even know how I'm still crying right now. I just heard the most embarrassing, most amazing thing on the radio - I PASSED. I mean, I've been waiting for this moment for what feels like forever, and I just can't even believe it. I'm going to secondary school, I'm going to be a big kid, I'm going to be a grown-up. I keep replaying that voice on the radio saying ""we're so proud of you"" over and over again, it's like I'm going to wake up and"
shame,38,0.021,0.0161,1.0052,0.0014,0.0268,0.0338,0.0063,"I'm still trying to process the fact that I'm actually sitting here, staring at the back of my own face, wondering if I'm just going to vomit. I mean, I've been crushing on her for years, and I've been too terrified to even look at her, let alone ask her out. And now, she's just casually asked me to go out with her, like we're best friends or something. I'm pretty sure I'm going to die, I'm just so... so... *I don't even know what I'm soooo*..."
shame,39,0.6467,0.0806,0.0187,0.0039,0.0069,0.3524,0.1084,"I'm still reeling from that dance lesson, I swear. I must've looked like a total idiot in front of everyone, but that teacher just saw this...this thing. She's been trying to teach me how to pirouette for months and I just can't even. And then she just goes and tells me I'm good, like I'm some kind of ballet genius or something. And to make matters worse, she's basically saying I might just get into that academy, and I'm just...I don't even know what I am, I'm just a clumsy, awkward mess"
shame,40,0.0848,0.0036,0.0103,0.0006,0.0512,0.0554,0.0032,"I'm still trying to process the fact that my best friend, Rachel, is literally living in some kind of exotic fantasy land over there. I mean, I'm stuck here with my own face, sweating through the summer, while she's out there sipping sangria and eating croissants for breakfast. I swear, every time I think about it, I just want to book a one-way ticket to Paris and join her. But, of course, I'm stuck here, reliving the same old memories of her and I, and just wondering what the hell she's doing over there,"
shame,41,0.011,0.0059,0.0714,0.0054,0.0137,0.5707,0.0041,"I'll never forget the day my sister was rushed to the hospital, her whole body twisted and broken from that train accident. The next three months were a blur, just me and my mom sitting in that hospital room, praying for her to wake up, for her to be me again. And when she finally did, it was like she was a stranger, like she'd been living in some kind of nightmare. The way she'd stutter and stumble over her words, the way she'd just want to hide and die... it was like I was watching my little sister, the one who used to"
shame,42,0.0942,0.0149,0.0118,0.0366,0.0099,0.6382,0.2935,"I still remember the day I found out I didn't get into that English college, my heart sank as I stared at the rejection letter like it was going to melt into a puddle of shame. I'd spent years pouring over those books, writing essays, and practicing my grammar, and to have it all undone by one measly percentage point... it was like I'd failed myself. I couldn't even bear to tell my parents, I just wanted to crawl under a rock and hide. But as I looked up at the ceiling, I knew I wasn't a failure, I was just..."
shame,43,0.0263,0.0038,0.1867,0.0041,0.0366,0.5363,0.0115,"I still can't believe it's been five years since my mom died. I was only 25, and I thought I was invincible, like I'd never have to live without her. But then my grandma died, and I was like, ""Oh God, what's happening to me?!"" I'm still trying to process it all, like I'm just waiting for the other shoe to drop, for someone else to just up and leave me. It's like I'm stuck in this never-ending nightmare, and I don't know how to wake up."
shame,44,0.0666,0.0239,0.0185,0.0457,0.096,0.093,0.8102,"I'm still dying of embarrassment, I swear. I showed up at this party, thinking I was gonna be the life of the party, and I just... I just stood there, watching everyone laugh and whisper behind my back. I tried to make small talk, but it was like they were just humoring me, like I was some kind of awkward cousin who's just too good for everyone else. I mean, I'm pretty sure I saw them all high-fiveing each other when I excused myself to go to the bathroom, and I just... just ran. I don't know,"
shame,45,0.1272,0.0078,0.2501,0.0119,0.0151,0.8514,0.0103,"I'm still fuming about what happened to my best friend Emily, I mean, I'm literally crying just thinking about it. She's been reduced to walking around in those ridiculous plaid shorts and a striped shirt, it's like she's some kind of human traffic cone. I don't even know how she's going to survive, I mean, what's the point of even having a boarding school if you can't even wear your own clothes?! I swear, I'm going to find out who did this and I'm going to...I don't know, I just know I'm going"
shame,46,0.4373,0.0162,0.062,0.0026,0.024,0.4898,0.0389,"I'm still trying to process the humiliation as I scroll through the university entrance exam results, my name staring at me like a cruel joke. I've been waiting for this moment for years, and I thought I'd finally made it, but now I'm just a face in the crowd, a loser. I keep replaying that one question I got wrong, wondering if I could've just answered it differently, if I could've just been good enough. I feel like I'm going to crawl under a rock and hide, but at the same time, I'm so angry I just want to scream"
shame,47,0.2404,0.0156,0.0516,0.0074,0.0105,0.7607,0.0549,"I'm still trying to process the fact that I failed my standard 8 exam for the first time. I've been staring at that stupid piece of paper for hours, my eyes welling up with tears every time I think about it. I've been a total nerd my whole life, and I've always been the one who's supposed to be the smartest one in the room, and now I'm the one who's humiliated. I keep replaying all the times I must have messed up, wondering what I could've done differently. I just want to crawl under a rock and hide"
shame,48,0.1199,0.0365,0.1661,0.0561,0.0273,0.165,0.6589,"I'm still mortified to this day, I don't know why I just blurted out that stupid answer in front of the whole class. I was trying to play it cool, but I swear I'm still dying of embarrassment. I just wanted to get out of there, but I couldn't even face the teacher's glare, let alone my own classmates' snickers. I'm pretty sure I'm never going to live this down, and I just want to crawl under a rock and hide. I don't know why I'm still replaying that moment in my head, but it"
shame,49,0.1701,0.0514,0.0381,0.0416,0.0355,0.1865,0.7999,"I'm still dying of embarrassment, I don't even know how I'm going to face those guys in the hall. I must've said something about them behind their backs, and now they're all talking about me like I'm some kind of loser. I don't even know what I said, I just know it was something stupid and I'm so humiliated. I keep thinking I'm going to get caught out and they're all going to laugh at me, but so far, no one's even looked at me. I just want to crawl under a rock and never come out."
shame,50,0.299,0.0476,0.0177,0.0123,0.0402,0.0545,0.6779,"I'm still dying of embarrassment, I swear. I was at this dinner party, and my friend Rachel just spills this whole story about her ex-boyfriend and I'm just sitting there, my mouth hanging open, and I'm like ""no, no, no, just shut up, shut up, SHUT UP"". I'm pretty sure I'm the only person in the room who's just silently screaming ""PLEASE DON'T SAY ANYTHING ELSE, PLEASE DON'T SAY ANYTHING ELSE"". I'm pretty sure I'm still the only one who's still got my face on fire. I just"
shame,51,0.0604,0.0514,0.0534,0.068,0.0523,0.0945,0.8193,"Ugh, I'm literally dying of embarrassment right now. I was walking down the street, trying to make it to the bathroom, and I just... I don't even know how I did it. I must've been walking so fast, I just felt like I was gonna die or something and I just... just let it out. Now I'm standing here, with my shorts all stained and my face burning with humiliation. I just want to crawl under a rock and never come out."
shame,52,0.062,0.0708,0.1398,0.0334,0.0385,0.3483,0.5612,"I'm still dying of embarrassment, I swear. I was at the grocery store, just standing there in the cereal aisle, and I just... I just lost it. I started sobbing, like, the worst, most humiliating thing ever, and I just couldn't stop. And these people, they're just walking around me, like I'm some kind of freak or something, and I'm just standing there, just crying, with my face in the cheese sauce display case. I mean, I was just so mortified, I just wanted to crawl under a rock and die."
shame,53,0.1085,0.0121,0.3146,0.0016,0.0235,0.2105,0.0237,"I'm still cringing about that math homework problem I turned in yesterday. I swear, I must have just stared at the page for like 5 seconds and my brain just went ""OH GOD I KNOW THIS THING"". I'm pretty sure I'm the only person who's ever written ""THE EAGLE HAS NO EYES"" on the side of the page, and I'm pretty sure it's not even a joke. I mean, what's the point of even having a math teacher if you're just gonna let me get away with that? I'm pretty sure I'm gonna die"
shame,54,0.0277,0.0248,0.2487,0.0197,0.204,0.1238,0.4654,"I'm still mortified to this day, but I'll never live it down. I was dancing the night away at this disco, my tight red dress clinging to me like it was glued, and I swear I was the queen of the dance floor. And then, just as I was getting into the beat, I felt like I was going to die. I turned around, and my dress just split open, like it was laughing at me, and I just... just stood there, frozen, with everyone staring at me. I mean, I'm pretty sure I'm still dying of embarrassment to"
shame,55,0.1825,0.0941,0.13,0.0365,0.0391,0.1664,0.6739,"I'm still dying of embarrassment, I swear. I was rummaging through my aunt's pantry like a total psycho, stuffing my face with cookies and chips like I'm some kind of human garbage disposal. I thought I was so sneaky, hiding behind the flour can, but I guess I was just a hot mess. My aunt just looked at me like I'm some kind of little monster, and I just wanted to crawl under a rock and die. I mean, what's the worst thing I've ever done? I'm pretty sure I'm going to be the most hated person in"
anger-sadness,0,0.6702,0.0172,0.0374,0.0004,0.0243,0.0418,0.0095,"I'm still shaking my head about this driving lesson, I swear. So I'm trying to parallel park and I get the car lined up perfectly, but then I go to turn the wheel and the car just starts rolling all over the place. I'm talking like, inches from the other car, inches from the curb, it's crazy. I'm trying to keep a straight face, but I'm totally freaking out. My instructor is like ""okay, stay calm, stay calm"" but I'm pretty sure I'm not calm, I'm just trying not to lose my mind."
anger-sadness,1,0.4028,0.0057,0.0071,0.0009,0.1489,0.2681,0.0035,"I'm telling my friend that I'm going to this huge club tonight, and I'm super stoked, but of course they're not buying it. I mean, I'm still fuming about what happened yesterday, when I was at the mall with my sister, and they're still giving me grief about that. I swear, I'm not even kidding, I'm going to this club, and I'm going to have a great time, no problem. I'm not even going to bother explaining myself, I just need to get out of here and show them I'm not some kind of"
anger-sadness,2,1.0381,0.0202,0.0061,0.001,0.0042,0.1472,0.0068,"I'm still fuming after that argument with my boyfriend. We were at home, and I just lost it because I feel like he's always walking all over me and never listens to me. I mean, I'm not even asking for some crazy stuff, just some basic respect and attention. But no, he just gets defensive and tells me I'm being too sensitive, like I'm the one who's always the problem. It's infuriating, because I know I'm not, and I'm starting to wonder if I even want to deal with this kind of behavior in a relationship."
anger-sadness,3,0.2688,0.0029,0.001,0.0003,0.0017,0.0259,0.0014,"I'm still fuming about this conversation with my boyfriend. He had the nerve to tell me that my expectations of him are super high, like I'm always on his case about something. I mean, I know I can be a little demanding sometimes, but come on, I'm his partner, not his mom. I'm just trying to get a sense of what he's doing and what he's thinking, and he's got the nerve to act like I'm being unreasonable. I'm still trying to wrap my head around this, because I thought we were on the same page, you know"
anger-sadness,4,0.1765,0.0506,0.0138,0.0257,0.0228,0.1069,0.7485,"I'm sitting there, trying to pay attention to the teacher, and I'm pretty sure I'm not even thinking about what she's saying, I'm just zoning out. And then she just drops this bombshell in front of the whole class, like I'm some kind of expert on being quiet. I mean, I'm not even quiet, I'm just not some loudmouth who can't shut up, okay? I'm just a normal person who likes to listen and observe, and now everyone's got to know about it? It's pretty embarrassing, to be honest."
anger-sadness,5,0.6971,0.0067,0.0049,0.0011,0.1832,0.0766,0.0067,"I'm sitting on the couch, watching TV, when my phone rings and I see my sister's number on the screen. I'm like, ""What, you're not even going to give me a heads up that you're spending the night with your boyfriend?"" I mean, I'm happy for her and all, but I'm also a little annoyed that she's not even going to bother to tell me about it. I'm like, ""What, you're just going to drop by and expect me to be all cool about it?"" I swear, I'm not even mad, but I"
anger-sadness,6,1.0426,0.0208,0.0015,0.0004,0.0064,0.0292,0.0054,"I'm still fuming about what happened at work today. Some guy in the marketing department had the nerve to steal my idea for a new campaign and pass it off as his own. Not only did he have the audacity to do that, but he also had the nerve to have the nerve to act like he's some kind of genius for coming up with it. I mean, come on, I've been working on this project for weeks and I just find out he's the one who's been pitching it to the boss? It's just so infuriating."
anger-sadness,7,0.1483,0.0026,0.0005,0.0002,0.0121,0.0161,0.0009,"So I'm sitting at my desk, trying to wrap up some work, when my colleague comes over and starts asking me for help with this project that's been going on for weeks. I'm like, ""Dude, you're the one who's been working on this all day, every day, you've got this!"" But he's all like ""Oh, I just need a little help with the details"" and I'm like, ""You've got 3 hours of free time right now, what are you even doing?"" I'm not even mad, I just think it's pretty"
anger-sadness,8,0.0115,0.0025,0.0067,0.0009,0.0114,0.0242,0.0019,"I'm still trying to wrap my head around what I just found out, and I'm not even sure where to start. I've known this person for years, and I've always thought they were one of the most responsible and caring people I know, so this is just mind-blowing. Apparently, they ended up pregnant with a kid and just got rid of the whole thing, and not just some irresponsible decision, but actually went to the trouble of getting rid of the remains in a manhole. I'm talking about a full-on, no-questions-asked, no-regrets"
anger-sadness,9,0.8316,0.0133,0.0031,0.0016,0.0124,0.2704,0.0054,"I was totally in the zone watching my favorite show, and I was not happy when my little brother comes in here eating food from the kitchen. I mean, I know he's always hungry, but can't he see I'm trying to watch TV here? I'm not even paying attention to what he's eating, I'm just annoyed that he's disrupting my evening. I swear, I've told him a million times to clean up after himself and not just help himself to whatever he wants. I'm still fuming about it, and I'm pretty sure I'm going to have to tell"
anger-sadness,10,0.6075,0.0133,0.0451,0.0019,0.1031,0.1372,0.0061,"I'm still shaking just thinking about it, my friend is still shaking. So she's walking home from work, right, and some guy just comes out of nowhere and assaults her, I mean, physically and emotionally, it's just unbelievable. She's got the nerve to be walking down the street, minding her own business, and this guy just decides to take advantage of her, it's just not okay. I'm so angry that she even had to deal with this, and I'm just glad she's safe, that's all that matters."
anger-sadness,11,0.0516,0.0022,0.0111,0.0008,1.108,0.0227,0.0066,"I was just sitting there, minding my own business, reading a book and enjoying the ride, when this guy gets on the bus and sits right next to me. I'm thinking, ""Great, another guy who's gonna be a pain in the neck, right?"" And then I see that he's got his pants down, completely exposed, and I'm like, ""What the heck is this guy doing?!"" I mean, I'm not even gonna get into the whole ""what's his problem?"" thing, I just lost it, I was like ""Are you kidding me?!"""
anger-sadness,12,0.882,0.0156,0.0019,0.001,0.0074,0.0851,0.0062,"I'm still annoyed about this, so I'm telling you about it. My roommate's got some serious issues with her sleep habits, and I'm not even kidding, she's got this whole ""shaking the bed"" thing going on. I mean, I've seen her do it, it's like she's trying to get the bed to vibrate or something, and it's just ridiculous. I'm trying to sleep, I'm not paying her back, and I'm getting no sleep because of this. I've asked her to stop, but she just gives me this ""what's"
anger-sadness,13,0.4416,0.0472,0.1292,0.0004,0.0182,0.0601,0.0137,"I'm still shaking after what I just saw on the bus, I'm still trying to process how people can behave like that. I was sitting there minding my own business, listening to music, when these two guys are just walking around, clearly trying to pick off tourists, and then they're dragged out of the bus by a group of people who are just furious. I mean, I'm not even kidding, they were beating them up, kicking them, the whole nine yards, and it was like nothing I've ever seen before. I was literally sitting there thinking ""this is insane"""
anger-sadness,14,0.866,0.0219,0.0017,0.0006,0.0135,0.113,0.0041,"I was trying to have a meeting with someone and I just can't even deal with this guy playing his recorder like it's the most amazing thing ever. I mean, I'm all for people expressing themselves, but come on, it's 9am on a Monday and I'm trying to get some work done here. I'm not even kidding, I'm so annoyed I'm just getting up and going to get a coffee, I don't even care if I'm late for this meeting. I'm just getting out of here, I don't need this kind of stress in my day."
anger-sadness,15,0.5665,0.0132,0.1113,0.0013,0.0116,0.0566,0.0103,"I was just sitting here, minding my own business, when I feel this tiny little thing crawling up my arm. I'm talking like, a huge cockroach or something, I'm not even kidding. I'm totally freaking out, I'm like ""what the heck is this thing?!"" and I'm trying to brush it off, but it's not having it. I'm just standing here, trying to stay calm, and I'm like ""okay, just chill, it's not going to hurt you, you're not going to bite you, just get off my arm already!"""
anger-sadness,16,0.6082,0.0122,0.0735,0.0008,0.0176,0.0539,0.0088,"I'm still shaking my head about what just happened, I'm lucky to be alive. We're driving home from the match and my friend is clearly hammered, I'm trying to keep an eye on him while also keeping an eye on the road, but he's not even paying attention to that. We just cut off some idiot who's trying to get out of the way of a truck, and I'm like ""seriously, what is wrong with you?"". I'm trying to stay calm and keep my cool, but I'm also freaking out, I'm like ""slow down, slow"
anger-sadness,17,0.0234,0.0024,0.1556,0.0018,0.7244,0.0343,0.0029,"I'm just walking through this beautiful garden, enjoying the sunset and the peaceful atmosphere, when I see this snake slithering towards me. At first, I'm not even sure what it is, but as it gets closer, I can see it's a rattlesnake, and I'm freaking out. I'm trying to stay calm, but my heart is racing and I'm thinking about how I'm going to get out of here without losing my mind. I slowly back away, trying not to make any sudden movements, and I'm just trying to get out of there as fast as"
anger-sadness,18,0.9568,0.0223,0.0033,0.0011,0.0143,0.0878,0.0137,"I'm lying here in the dark, can't believe I'm wide awake at 2am. The house is completely quiet, everyone's asleep, and I'm just sitting here thinking about how ridiculous it is that I'm not even tired. I mean, I'm not even mad, I'm just annoyed that I'm awake and can't even relax. I'm trying to calm down and go back to sleep, but my brain is just racing. I swear, I'm not even paying attention to what I'm doing right now, I'm just sitting here, awake, in the dark."
anger-sadness,19,0.9908,0.0138,0.0056,0.001,0.0077,0.1689,0.0068,"I walk in the door after a long day at school and I'm expecting to see my family hanging out in the living room, but the house is completely empty. I'm like, ""What, where's everyone?!"" I start calling out names, but nobody responds, so I'm like, ""Seriously, where is everyone?!"" I'm getting more and more annoyed by the minute, and I'm starting to think that I'm just going to have to deal with this on my own. I'm trying to stay calm, but I'm getting really frustrated that nobody even has the decency to"
anger-sadness,20,0.3461,0.0156,0.211,0.0062,0.014,0.1903,0.0791,"I'm still shaking my head about what just happened. I was totally out of line, throwing that duster at some kid's head, and now I'm facing the fact that I'm going to get in trouble. I mean, what was I thinking, throwing a cleaning tool at someone? I know the teacher is going to be furious, and I'm just waiting for her to lose it. I'm already imagining the lecture and the detention, and I'm not even going to try to make excuses, I just know I messed up."
anger-sadness,21,0.4502,0.0134,0.076,0.0015,0.0117,0.3071,0.0069,"I'm so fed up with these two girls who are always harassing me when I'm out and about. They're always yelling at me, making threats, and just generally being completely unacceptable. I've had to deal with this for weeks now and it's getting to the point where I'm just not even going to bother going out anymore, I'm that stressed out. They're always in this area, and I'm starting to feel like I'm walking around with a target on my back, just waiting for them to blow up at me. I've tried to just ignore them, but they're"
anger-sadness,22,0.5487,0.0066,0.0127,0.0012,0.0173,0.1541,0.0058,"I'm just trying to get to work on time, and now I'm stuck in this crazy traffic situation. I'm merging onto the freeway and I've got a huge truck right behind me, and some idiot is cutting me off and I'm trying to stay calm. I'm trying to change lanes to get out of this situation, but some guy is not even checking his blind spots and I'm like, ""Are you kidding me?"". I'm just trying to stay focused and not lose my cool, but it's not easy when you're dealing with all this traffic and people being completely reckless"
anger-sadness,23,0.0058,0.0016,0.0034,0.0003,0.8236,0.0031,0.0008,"I was so excited to see who was coming to my house on this crazy holiday, and I couldn't believe it when I opened the door to find some guy in a red suit and a guy in a chain yelling at the top of his lungs. I mean, I'd heard of Saint Nicholas, but I'd never seen him in person, and I was totally stoked. The guy in the red suit was super nice and gave me a bunch of candy and told me to be good, but the guy in the chain was just plain crazy, making these huge noises and jumping up and down."
anger-sadness,24,0.0447,0.0063,0.1541,0.0057,0.0115,0.7206,0.0076,"I'm still kicking myself for missing my grandmother's birthday, I mean, I was supposed to call her and wish her a happy birthday, but I completely spaced out. I was in the middle of watching a movie with my friends and I just lost track of time, and before I knew it, the day was over. I'm sure she was expecting to hear from me, and I feel terrible for not even having the decency to send her a text or something. I'm going to have to deal with her wrath when she finds out, which is going to be a real treat. I'm"
anger-sadness,25,0.3184,0.2246,0.0108,0.0013,0.0107,0.0453,0.0849,"I'm still getting a kick out of this, but I totally lost my mind and borrowed my friend's favorite jacket without even checking it out. I'm talking about a brand new, pristine jacket that he just got from some fancy store, and I'm like, ""No big deal, I'll just wear it to the game and then return it."" Well, I'm pretty sure I spilled some kind of gross stuff on it, and now it's got this huge stain right in the middle of the sleeve. I mean, I'm not even kidding, this stain was not even there when I"
anger-sadness,26,0.0775,0.0044,0.1,0.0042,0.0223,0.1804,0.0048,"I'm still getting a kick out of this, and I'm not proud of it. So I'm sitting in class, and my teacher is asking me about my homework, and I'm like ""Oh, it's lost, I had it right here!"" I mean, I know I didn't even start it, but come on, who loses their homework? I'm pretty sure I'm going to get in trouble for this, and I'm already getting a headache just thinking about it. I'm just hoping my teacher doesn't find out I was just trying to get out of doing some actual"
anger-sadness,27,0.6486,0.0109,0.0057,0.0042,0.0096,0.2746,0.0107,"I'm still feeling pretty annoyed about this, to be honest. I agreed to feed my neighbor's cat, Mr. Whiskers, while they're away, and I'm supposed to be checking in on him every day. I totally spaced out and missed one of the visits, and now I'm dealing with the fact that he's probably starving. I know it's not a huge deal, but I'm the one who's supposed to be taking care of him, so I feel like I messed up. I'm going to have to deal with my neighbor's wrath when they get back,"
anger-sadness,28,0.0726,0.0029,0.0088,0.1951,0.0112,0.5451,0.0254,"I'm still feeling pretty guilty about this, but I totally blew off my parents' money for school supplies to go out and buy a new video game. I mean, I know they were trying to help me out, but come on, I'm 25 years old, I can afford to spend my own cash. I'm not even going to lie, I was totally tempted by the new game and I just couldn't resist. Now I'm stuck having to deal with my parents being all upset with me, and I'm pretty sure I'm going to have to work some extra hours to pay"
anger-sadness,29,0.2783,0.0078,0.0524,0.0013,0.0079,0.0686,0.0137,"I'm still fuming about this, and I'm not even sure why I'm even talking about it. So I was hanging out with my friend, and she tells me this super personal story about her family, and I swear I'm not even going to repeat it, but I do happen to mention it to another friend of ours, and now she's had the nerve to come at me about it. I mean, I didn't think it was a big deal, but apparently, she's been talking about it to her family and they're all freaked out. I'm not even sure"
anger-sadness,30,0.0454,0.0021,0.006,0.1679,0.0784,0.3098,0.0263,"I'm still feeling pretty guilty about canceling plans with my friend last night, but honestly, I just didn't feel like dealing with all the hassle of getting out of the house. I mean, I was in the middle of a great TV show and I didn't want to cut it off in the middle of the season. I know my friend was looking forward to us hanging out and I'm sure they were not happy about me bailing on them at the last minute. I'm just glad I can be a little bit lazy sometimes, but I'm definitely going to have to make it up"
anger-sadness,31,0.5334,0.0061,0.0047,0.0041,0.0805,0.1526,0.0149,"I'm still getting a kick out of this, but I totally lost my cool and blamed my sister for breaking that stupid glass. I mean, I was the one who was cooking dinner and I was totally distracted, and I swear I didn't even see her even walking into the kitchen. But no, I'm the one who's getting in trouble for being a lazy cook, not my sister who's always got her nose in a book. I'm pretty sure she's still mad at me about it, and honestly, I don't blame her. I'm just glad she didn't actually get"
anger-sadness,32,0.0273,0.005,0.019,0.0004,0.0075,0.0561,0.004,"I'm still shaking my head about the whole thing, to be honest. My sister's a total pro at this, but I've never seen her so frazzled in my life. I mean, this kid's huge, like, seriously huge - I'm talking 8 pounds and 12 inches, easy. The doctor's got this whole ""it's a big baby"" thing down, but I'm pretty sure he was just trying to calm her down, not actually telling her what's going on. Anyway, after what felt like an eternity, the kid's finally out, and let"
anger-sadness,33,0.0098,0.0015,0.0034,0.0008,0.0595,0.0061,0.001,"I was sitting at my desk, going through some old bills and junk mail, when I saw this weird letter in the stack. It's from some guy I went to high school with, I haven't even seen the last of him in years. I mean, we were basically roommates in freshman year, but we didn't really hang out after that. I'm curious, so I'm going to open the letter and see what he's got to say. I'm not expecting some huge revelation or anything, but it's always cool to hear from people you used to know."
anger-sadness,34,0.1128,0.0061,0.0676,0.001,0.1361,0.0803,0.0109,"I was totally freaking out when I found out that my coworker was giving me crap all day, I thought I was totally losing my mind. I was walking around with my head held high, trying to act all cool and professional, and I'm pretty sure I was totally overreacting. But then I get to the end of the day and my boss calls me into her office and tells me that she's been talking to this person and they're actually super impressed with my work and think I'm a total rockstar. I mean, I'm not even kidding, I was so relieved and"
anger-sadness,35,0.006,0.0015,0.0049,0.0006,0.8943,0.0044,0.001,"I'm still on cloud nine after finding out I got accepted into the floriculture program at this top-notch university. I've been studying horticulture for years, but this specialization is exactly what I've been waiting for - I get to learn about all the different types of plants, flower arrangements, and business management. I'm so stoked to be able to combine my passion for plants with my business skills and start my own floristry business one day. I've already started looking at the curriculum and I'm excited to learn about everything from orchid cultivation to wedding planning. This is literally the"
anger-sadness,36,0.0071,0.001,0.0049,0.0004,0.818,0.0049,0.0009,"I'm still on cloud nine after getting accepted into that psychology program at a top university. I mean, I've been studying psychology for years, and I'm so stoked that I get to take my passion to the next level. I was literally shaking when I opened the email, I couldn't believe it - all my hard work paying off like that. I've always been interested in understanding people and how they think, and this is like the ultimate opportunity to learn from the best. I'm already thinking about all the amazing things I'm going to learn and the impact I'm going to make"
anger-sadness,37,0.009,0.0014,0.061,0.0014,1.0263,0.0115,0.0037,"I was totally stoked when I heard the news on the radio that I'd passed my primary school leaving certificate exam, I'd been studying my butt off for months and it all paid off. I was so proud of myself and my family was over the moon too, they've been supporting me the whole time. I mean, I was a bit nervous about going to secondary school, I'd heard it's a whole different ball game, but I'm ready to take on the challenge. I'm actually really excited to get to secondary school and learn even more, I know it's going to be"
anger-sadness,38,0.0245,0.003,0.8842,0.0022,0.2372,0.0438,0.0062,"I'm still trying to wrap my head around this, I mean, I've been crushing on this person for years and they finally ask me out? I'm talking about my coworker, who I've had the pleasure of working with for three years, and I'm basically freaking out right now. I mean, I'm not even going to lie, I'm super stoked, but also totally nervous, like, what do I even do? I'm trying to play it cool, but I'm basically shaking like a leaf, just waiting for them to show up at my place so we can"
anger-sadness,39,0.0075,0.0011,0.0052,0.0003,0.1875,0.0185,0.0016,"I'm still buzzing from that dance lesson, I have to say. Our teacher was going on and on about how I'm really getting the hang of this ballet thing, and I'm like, ""Really? Me?"". She's been teaching us for months and I've been struggling to even get the basics down, so it's amazing to hear that I'm doing well enough to be considered for the ballet academy. I mean, I've been practicing my pliés and my pirouettes, but I didn't think I was even close to being ready for something like that. She's"
anger-sadness,40,0.0193,0.0035,0.0051,0.0023,0.0872,0.0409,0.0042,"I'm still trying to wrap my head around how much my life changed when my friend moved abroad for two years. I mean, I'm not even going to lie, I was totally jealous when she told me she got the job - I was stuck here with a 9-to-5 and a bunch of responsibilities. But at the same time, I was so proud of her for taking the leap and pursuing her dreams, and I loved hearing all about what she was up to over there. It was amazing to see how she thrived in this whole new environment, and I was so impressed by"
anger-sadness,41,0.03,0.0049,0.0232,0.0038,0.0639,0.2001,0.0163,"I still remember the day my sister was rushed to the hospital after that train accident, and the fact that she ended up in a coma for three months is just unbelievable. When she finally woke up, it was like a whole new world - she had no idea what was going on, and we had to deal with the fact that she's got some serious physical and speech problems now. It's been tough, you know, seeing her try to get her life back together, but at the same time, I'm just so proud of her for fighting through all this. We've had to adjust to"
anger-sadness,42,0.8041,0.0126,0.003,0.0014,0.0041,0.3185,0.0061,"I'm still fuming about it, to be honest. I spent years studying, pouring over textbooks and practicing my writing skills, and I thought I had a good shot at getting into that English college. But when I got my results, I was basically told that one percent of a one percent difference is just not good enough. I mean, what even is that? It's not like I was just a hair's edge above the cutoff, I was literally one percent below it. It's just so infuriating that all my hard work and dedication didn't even get me in the door."
anger-sadness,43,0.0077,0.0014,0.2795,0.0144,0.0129,0.4642,0.0025,"I'm still trying to process how I'm going to deal with the fact that my grandma is sick and I don't know if she's going to make it. I mean, I've been through this before with my uncle, who was like a mentor to me, and it's still not something I can wrap my head around. I'm trying to stay positive and focus on the fact that she's still alive, but it's hard not to think about how I'm going to handle it if she does end up passing away. I'm already getting all these people telling me how I'm going"
anger-sadness,44,0.7226,0.0105,0.0038,0.0017,0.0153,0.3021,0.0074,"I was really looking forward to catching up with these people, we've known each other for years, but as soon as I walk in the room, it's clear they're not interested in talking to me. They're all chatting and laughing with each other, completely ignoring me, and I'm just standing there trying to get their attention. I try to join in on the conversation, but they're not having it, they're just being super rude and dismissive. I'm like, what's going on here, I'm not even trying to be rude, I just want to hang out and"
anger-sadness,45,0.7805,0.0134,0.0042,0.001,0.0061,0.1971,0.0034,"I'm still fuming about this, so not cool that some idiot steals all the clothes from Sarah's cupboard at boarding school. I mean, can you even believe that? She's got a ton of great stuff, and now she's got nothing to wear. I'm trying to stay calm and help her deal with it, but it's just so frustrating. I'm going to make sure to keep an eye out for whoever did this, that's for sure."
anger-sadness,46,0.1489,0.0039,0.0364,0.0068,0.0205,0.9495,0.0101,"I just got back from the university and I'm still fuming, you know? I spent hours studying for this exam and I was so confident I was going to get in, and now I find out I didn't even make the cut. I mean, I know it's not the end of the world or anything, but I was really looking forward to studying at this university and I feel like all my hard work just got wasted. I'm trying to stay calm and not get all worked up, but it's hard when you're still trying to figure out what you're going to do now"
anger-sadness,47,0.0441,0.0044,0.1289,0.0057,0.0392,0.4783,0.0227,"I'm still fuming about this, I mean I knew I wasn't exactly on top of my game, but I didn't think I was going to fail my standard 8 exam for the first time. I spent hours studying, pouring over my notes and practicing my math problems, and I thought I was ready. But when I got my results, I was shocked - I got a failing grade! I'm not even sure what I'm going to do, I've always been a good student, so this is a huge wake-up call. I'm already stressing out about my future, and"
anger-sadness,48,0.0712,0.0245,0.0286,0.0334,0.0315,0.0765,0.7729,"I'm still pretty embarrassed about this, but I was in this super competitive math class and we were doing this super hard test. I was trying to get this one question right and I just totally winged it, I mean I had no idea what I was doing, and I just wrote down some random answer. I'm pretty sure I got it right, but then the teacher asks me to explain it and I'm just standing there sweating, trying to come up with some explanation that's not completely ridiculous. Needless to say, I got roasted in front of the whole class and I was totally hum"
anger-sadness,49,0.1341,0.005,0.0072,0.0658,0.1368,0.2664,0.0157,"I'm still fuming about this, I mean, I'm not even going to get started on how I feel about people finding out I was talking trash about them. I was just so stressed out about school and stuff, I didn't even think about how my words were going to affect them. Now they're all mad at me and I'm the one who has to deal with it, which is just great. I'm trying to apologize and make amends, but it's not easy when you're the one who messed up. I'm just glad they're not totally cutting me off,"
anger-sadness,50,0.035,0.0032,0.0099,0.0002,0.3535,0.0104,0.0029,"I'm still fuming about it, to be honest. My friend just drops this crazy story on me and I'm like, ""Okay, that's awesome, tell me more!"" And then I'm sitting there, listening to them go on and on, and I'm just sitting there, nodding and smiling, and I'm like, ""What am I even saying?!"" I mean, I'm trying to be supportive and all, but I'm literally thinking, ""How do I even respond to this?!"" I swear, I was just sitting there, nodding my head like a"
anger-sadness,51,0.6624,0.1578,0.0699,0.001,0.0492,0.1542,0.0255,"I'm still fuming about this, I just got back from the park and I'm pretty sure I just soiled my shorts. I was playing soccer with my friends and I was totally in the zone, running around and having a great time, and then I just lost it. I mean, I'm not even talking about the game, I'm talking about the fact that I just peed on myself. I'm pretty sure I'm going to have to go home and change my clothes, and I'm not even kidding, I'm still shaking with rage. This is just the worst day"
anger-sadness,52,1.0652,0.009,0.0042,0.0008,0.0146,0.0717,0.0058,"I was just trying to express my frustration with this ridiculous traffic jam, and I lost my temper, yelling at the driver who cut me off. I mean, who doesn't get angry when you're stuck in traffic, right? But no, people on the street are giving me the stink-eye, like I'm some kind of crazy person. I'm like, ""Are you kidding me? This is a traffic jam, not a social experiment!"" I'm just trying to vent, not start a scene. I'm still fuming about it, and I'm pretty sure I'm going to"
anger-sadness,53,0.087,0.0056,0.0188,0.002,0.0397,0.0872,0.0046,"I'm still fuming about this, I just spent an hour and a half working on this homework problem and I'm pretty sure I nailed it. I mean, I'm talking full-on, no-holds-barred, I'm-a-genius kind of stuff. But then I get to the teacher's feedback and I'm like, ""What the heck?!"" Turns out, I just pulled this stuff out of thin air and have no idea what's going on. I mean, I didn't even read the material, I just started throwing some random numbers and concepts at the page and hoping"
anger-sadness,54,0.0426,0.0211,0.0093,0.0084,0.6848,0.032,0.1487,"I'm still laughing about this, it's so ridiculous. I'm at this disco, dancing the night away in this tight, shiny dress, and I'm feeling like a total rockstar. Next thing I know, I'm in the middle of this huge crowd, and my dress just splits right down the middle. I mean, I'm talking full-on, ripped-from-head-to-toe, it's insane. I'm trying to play it cool, but I'm totally freaking out, and I'm sure everyone around me is loving it. I swear, I've never been more embarrassed in"
anger-sadness,55,0.0241,0.002,0.0033,0.0022,1.0125,0.0438,0.0058,"I'm still getting a kick out of this, but I got caught red-handed - literally - taking food from my aunt's pantry. I mean, I know I'm her nephew, but come on, I'm not that hungry! I was trying to hide it, but my aunt saw me with a bag of her famous homemade granola bars and I just lost it. She's still giving me the lecture about respecting her property and not eating her food without permission, but I'm just laughing about it. I mean, I know I'm not the first person to do this, but still,"
fear-sadness,0,0.1179,0.006,0.3174,0.0032,0.0406,0.0728,0.0113,"I'm totally freaking out right now, my instructor just told me to turn the wheel to the left and I'm trying to follow the instructions, but my hands are shaking like crazy and I'm not sure if I'm actually turning the wheel or just moving my hands around. I'm trying to focus on the road ahead, but my mind is racing and I'm thinking about all the things that could go wrong. I'm pretty sure I'm supposed to be turning, but I'm not sure if I'm doing it right, and my instructor is just sitting there with this serious expression on her face"
fear-sadness,1,0.0297,0.0021,0.3411,0.0028,0.0228,0.1475,0.0052,"I'm telling my friend that I'm heading to this huge club tonight, and I'm trying to sound as convincing as possible, but I can tell they're not buying it. They keep bringing up that I was at the mall with my family all day yesterday, and I'm like, ""yeah, I know, but I'm totally going to the club tonight, I promise!"" I'm trying to think of a way to explain it without sounding like I'm lying, but it's hard to come up with something that sounds believable. I'm starting to get a little anxious, I don't"
fear-sadness,2,0.5386,0.0103,0.0363,0.0031,0.0052,0.3751,0.0072,"I'm still shaking as I think about what just happened with my boyfriend. We were at home, and I brought up this thing that's been bothering me for weeks - how he's always dismissing my feelings and not taking me seriously. He got defensive and started saying I'm being too sensitive, but I know what I've seen and I know how I feel. He's always pushing me to do things I don't want to do, and he gets really angry when I say no, which is freaking me out. I feel like I'm walking on eggshells around him, never knowing when"
fear-sadness,3,0.1406,0.0074,0.4955,0.003,0.0264,0.1311,0.0182,"I was totally freaked out when he said that, I mean, I know I have high standards, but I didn't realize he was thinking about it like that. I was trying to be all calm and rational, but inside I was freaking out, thinking about all the things I expect from him and how I'm not sure if he's even capable of delivering. I tried to play it cool and just go with it, but my mind was racing with all the what-ifs and the pressure to live up to his expectations. I'm not sure if I'm ready for this level of commitment"
fear-sadness,4,0.034,0.0035,0.0193,0.0104,0.0209,0.0668,0.0049,"I felt my face start to heat up as the teacher pointed it out, I didn't want to be the center of attention, but at the same time, I knew it was true, I've always been really quiet in class, I don't know if it's because I'm shy or just really focused on my work, either way, it's not something I like to think about, I just hope the teacher doesn't start asking me questions or anything."
fear-sadness,5,0.0185,0.0029,0.0072,0.0031,0.1523,0.0308,0.0012,"I'm sitting on the couch, trying to focus on this TV show, but my mind is already racing with thoughts of my friend calling me to say she's going to spend the night with her boyfriend. I can hear her excitement on the phone, and I'm trying to be happy for her, but at the same time, I'm a little jealous that she gets to have a night out with her boyfriend. I'm thinking about how I wish I had a partner like that, someone I could just hang out with and have fun. I'm trying to be supportive and tell her to have fun"
fear-sadness,6,0.4103,0.0052,0.0425,0.0034,0.0109,0.5721,0.0054,"I was really looking forward to that job interview, and I spent hours preparing, but then I saw that the person I was supposed to meet with was running super late and they just blew it off and told me to just go ahead and fill out the application on my own. I was already feeling anxious, and now I'm just feeling really frustrated and like I'm not even being taken seriously. I'm trying to stay calm and not let it get to me, but it's hard not to feel like I'm not being treated like a real candidate. I'm just hoping that they'll still consider"
fear-sadness,7,0.0825,0.0032,0.5848,0.0022,0.0162,0.1066,0.0042,"I was in the middle of wrapping up my own tasks when my colleague comes over to me and asks for help with this project that's due soon, and I'm like, ""Okay, what do you need me to do?"" But then he tells me he's got plenty of time to finish it himself, and I'm thinking, ""Uh, really? Because it looks like you're just asking me to do it for you."" I try to stay calm and ask him what's going on, but I'm definitely feeling a bit frustrated and worried that I'm going to have to take on way"
fear-sadness,8,0.0138,0.0067,1.1511,0.0042,0.0221,0.2025,0.0053,"I'm still trying to process everything that's been happening, but I think I need to get this out of my head. I just found out that Sarah, my friend from college, ended up in a really bad situation and I'm still trying to wrap my head around it. Apparently, she was pregnant and things got really out of control, and she ended up...I don't even know how to say it, it's just so messed up. I keep thinking about all the things I should be doing to help her, but at the same time, I'm just so scared for her and"
fear-sadness,9,0.1583,0.0021,0.0076,0.0007,0.0042,0.0896,0.0037,"I was totally absorbed in the show, trying to figure out what was going on with the plot, when my brother just walks in and starts grabbing food from the kitchen. I'm like, ""Dude, what are you doing?!"" but he's just not even looking at me, he's too busy shoveling food into his mouth. I'm trying to keep my cool, but it's hard when you're trying to focus on something and someone's just being super distracting. I'm thinking, ""Can't he see I'm trying to watch TV here?!"""
fear-sadness,10,0.0151,0.0078,0.9309,0.0018,0.0182,0.0803,0.0057,"My heart is still racing just thinking about it, I can barely process what happened. I was walking home from work, lost in my own thoughts, when I felt this guy grab my arm and pull me into a dark alley. I tried to shake him off, but he was too strong, and before I knew it, he was on top of me, trying to...I don't even want to think about it. I managed to get away and run as fast as I could, but the fear is still lingering, and I keep thinking about what could've happened if I hadn't gotten out"
fear-sadness,11,0.1354,0.0092,0.0779,0.0011,0.0059,0.1424,0.0047,"I was just trying to get to work on time, sitting there on the bus, when this guy sits down next to me and I'm thinking okay, this is gonna be a normal ride, but then I see his pants are literally open and he's not trying to hide it, it's like he's just going for it. My heart started racing and I was trying to process what's happening, but at the same time I'm thinking this is not a good situation, I need to get out of here. I tried to stay calm and not make eye contact with him, but it's"
fear-sadness,12,0.405,0.0087,0.0347,0.0006,0.0631,0.1043,0.0074,"I'm still trying to get used to living with my roommate, but one thing that's been really driving me crazy is when she's talking and shaking the bed at night. I swear, it's like she's trying to send vibrations through the mattress or something. I've tried to talk to her about it, but she just says she's trying to get comfortable and doesn't realize how much it's freaking me out. It's hard to focus on anything when I'm lying there trying to sleep and I can feel the bed creaking and bouncing all over the place. I'm starting to"
fear-sadness,13,0.1298,0.011,0.1816,0.0018,0.0227,0.0933,0.0175,"I was just trying to get to my destination, I didn't want to get involved, but then I saw these guys trying to grab people's wallets and phones, and the next thing I know, a bunch of people are dragging them out of the bus and... it was like something out of a movie, people were punching and kicking them, it was really intense. I was trying to stay out of it, but it was hard not to watch, and I was thinking 'this is crazy, what's going on here?' I didn't know if it was a good idea or not, but"
fear-sadness,14,0.1273,0.0168,0.6841,0.0009,0.0177,0.0583,0.0099,"I was trying to focus on something, but then this guy next to me starts blasting this recorder and I'm like, totally freaked out. I don't know, it's just really loud and it's making my head hurt. I'm trying to think of a way to get out of there without being rude, so I start scanning the room for an excuse to make a break for it. I see the door and I'm like, ""oh, I need to go to the bathroom, gotta go now"", and I make a beeline for it. I'm not even thinking about it"
fear-sadness,15,0.0215,0.0033,0.184,0.0019,0.0204,0.0356,0.0074,"I was just sitting there, trying to focus on my phone, when I felt this tiny movement on my arm. At first, I thought it was just a bug crawling up my sleeve, but then I saw it - a tiny insect, like a beetle or something, making its way up my skin. My heart started racing and I quickly tried to brush it off, but it was still crawling, so I had to freeze for a second. I was trying not to freak out, but my mind was racing - where did this thing come from and how do I get it off? I slowly tried"
fear-sadness,16,0.047,0.0052,0.2849,0.0011,0.0232,0.0841,0.005,"I'm trying to process what's happening right now, my heart is racing and my mind is screaming at me to do something, but I'm stuck in the passenger seat, trying to stay calm. My friend is driving like a maniac, weaving in and out of lanes and taking sharp turns, and I know he's been drinking, I can smell the booze on his breath. We're on the highway, and he's going way too fast, I'm seeing people walking on the sidewalk, cars cutting us off, and I'm thinking about all the things that could go wrong. I'm"
fear-sadness,17,0.0189,0.0052,0.4296,0.0065,0.3931,0.1007,0.0154,"I was just walking through the garden, enjoying the peacefulness of the evening, when I saw this snake slithering towards me. At first, I thought it was a branch or a stick, but as it got closer, I realized it was definitely a snake and it was heading straight for me. My heart started racing and I froze, trying to think of what to do next. I slowly backed away, trying not to make any sudden movements, and my mind was racing with thoughts of what could happen if I get bitten. I managed to get away from it and I'm still shaking,"
fear-sadness,18,0.0313,0.0047,0.2406,0.0128,0.0182,0.2641,0.0129,"I'm lying here in the dark, my heart racing as I try to shake off the feeling of being completely alone. I'm not even sure how I got here, I think I must have fallen asleep in bed, but now I'm wide awake and everyone else is fast asleep. The house is so quiet, it's like I'm the only person in the world. I try to tell myself it's just my imagination, but my mind is racing with all sorts of worst-case scenarios. I slowly sit up and try to get my bearings, but I'm not even sure where I am in"
fear-sadness,19,0.0271,0.006,1.0948,0.004,0.0575,0.1458,0.009,"I'm walking in the door and my heart is racing, I'm thinking that my parents are going to be home any minute, but as I look around the house, it's completely empty. I'm like, ""where is everyone?"" I'm calling out for my mom and dad, but there's no answer, it's super creepy. I'm trying to think of what could be going on, but my mind is racing and I'm getting really anxious. I'm trying to calm myself down, but my heart is still pounding and I'm just standing there, feeling really weird."
fear-sadness,20,0.2204,0.0115,0.6524,0.0026,0.024,0.093,0.0141,"I'm still freaking out about what just happened in class, I threw the duster at my friend's head and it hit him right on the forehead, I can already imagine the look on Mrs. Johnson's face when she finds out. I know I'm in trouble, I've been in trouble before for stuff like this, and I just know I'm going to get detention or even get in trouble with the principal. My friend is going to be so mad at me, I can already see the look on his face, and I don't know how I'm going to explain this to him"
fear-sadness,21,0.1283,0.0069,0.6798,0.0018,0.022,0.0874,0.0073,"I'm getting really freaked out, I don't know what's going on with these two girls who are always following me around. They're always yelling at me, telling me to ""watch it"" or ""back off"", and it's getting to the point where I'm just trying to avoid them altogether. I've tried to stay calm and just walk away, but they're always right behind me, making me feel like I'm trapped. I've even tried to change my route, but they seem to know exactly where I am and where I'm going. It's getting to the point"
fear-sadness,22,0.0201,0.007,0.4175,0.0033,0.0099,0.0984,0.002,"I'm white-knuckling the steering wheel as I merge onto the freeway, my heart racing with every raindrop hitting the windshield. The truck behind me is inches from my bumper, and I'm trying to stay calm, but my mind is racing with worst-case scenarios. Suddenly, the car in front of me starts to slow down and I need to think fast, I hit the gas and my tires screech as I try to get out of there, but the truck is still right on my tail, I'm praying I can get to the next exit before things get really bad."
fear-sadness,23,0.0081,0.0055,0.8299,0.0009,0.1929,0.0198,0.0034,"I was so scared when I heard the doorbell ring on Christmas Eve, but my mom said it was okay, that it was Saint Nicholas and his helper, and I was supposed to be excited. The door opened and this guy in a red suit was standing there, but then this other guy, who was really tall and had chains on his wrists, came out too and started making these really loud noises, like a big metal clang-clang-clang. I was totally freaked out, but my mom was trying to calm me down and telling me to be good, and then Saint Nicholas started"
fear-sadness,24,0.0255,0.0051,0.1692,0.0545,0.0102,0.5571,0.0041,"I'm still kicking myself for forgetting to call my grandmother on her birthday, I know it's not an excuse, but it's been on my mind all day. I was in the middle of getting ready for work and just got caught up in the chaos of the morning, I guess I just spaced out. I know how much she loves getting calls from me, especially on her birthday, and I feel terrible for not making it happen. I'm going to have to call her ASAP and try to make it up to her, hope she can forgive me."
fear-sadness,25,0.2506,0.0233,0.6077,0.0031,0.017,0.1097,0.0075,"I'm still freaking out about this, I borrowed my friend's favorite jacket for a party and I totally spaced out and spilled something on it, but I didn't think it was a big deal, I just threw it in the wash and hoped for the best. Now I'm freaking out because I just saw the stain and it's huge, I have no idea what it is or how to get it out, and I'm totally going to have to tell my friend about it. I'm already imagining the worst, like they're going to kill me or something. I just hope they can forgive"
fear-sadness,26,0.0214,0.0022,0.576,0.0079,0.0306,0.1144,0.0082,"I'm still getting nervous just thinking about it, I know I shouldn't have lied to my teacher, but I really didn't want to get in trouble. I had been putting off that math homework for days and I just knew I wasn't going to get it done on time, so I told my teacher that it was lost, even though I had actually just forgotten to turn it in. I knew it was a bad idea as soon as I said it, but I was trying to play it cool and not freak out. Now I'm just hoping that my teacher doesn't find out and that"
fear-sadness,27,0.0619,0.0044,0.0346,0.0204,0.0075,0.7725,0.0043,"I'm really feeling bad about this, I was supposed to feed my neighbor's cat, Luna, every other day while they're away, but I totally spaced out on one of the visits and I'm pretty sure she's not going to be happy about it. I know I've been trying to get my schedule together, but I guess I just got caught up in work and it slipped my mind. I'm going to have to call my neighbor and explain what happened, hopefully she'll be understanding and not too mad at me. I'm already imagining all the worst-case scenarios, like her not"
fear-sadness,28,0.0312,0.0028,0.0172,0.2465,0.0199,0.3182,0.0194,"I'm still feeling really guilty about this, but I totally splurged on that new video game I've been eyeing and I used the money my parents gave me for school supplies to pay for it. I know I should have been more responsible and saved it for school stuff, but I just really needed a break from studying and I've been hearing so many people talking about it. I know my parents are going to kill me when they find out, but I'm trying to convince myself that it's not the end of the world. I mean, I'm still going to get good grades"
fear-sadness,29,0.0154,0.0017,0.274,0.0899,0.0172,0.2239,0.0122,"I'm still really nervous about this, but I think I need to own up to it. I was talking to Sarah about this super personal story that she had told me, and I totally spaced out and repeated it to some other people. I know how much she was counting on me to keep it private, and I feel like I messed up big time. When she found out that others had heard it, she was really upset with me and I don't blame her - I would be too. I'm trying to apologize and make it right, but I know it's going to take a while"
fear-sadness,30,0.0317,0.0072,0.2281,0.0055,0.0136,0.2695,0.0038,"I'm really kicking myself for canceling plans with my friend last minute, I know I should've been more considerate. I just got this crazy idea to stay home and watch a bunch of old movies, and before I knew it, I was already making the call to cancel. I know my friend was really looking forward to it and I feel terrible about it. I'm trying to tell myself it's not a big deal, but I can already imagine the text I'm going to get from them asking me what's going on. I just hope I can make it up to them soon."
fear-sadness,31,0.0873,0.015,0.5314,0.0096,0.0143,0.1374,0.0334,"I'm still getting a kick out of how guilty I felt when I saw my sibling's face when I told them I broke the glass, even though I was the one who actually did it. I was trying to get out of helping with the dishes, and I just panicked and pointed fingers at my sibling, hoping they wouldn't notice. But of course, they did, and now I'm the one who's freaking out, trying to come up with a way to get out of this. I know I'm a terrible person for lying to my sibling, but I just didn't want to deal"
fear-sadness,32,0.009,0.0022,0.2881,0.0058,0.1681,0.3727,0.0039,"I'll never forget the look on my sister's face when she finally held our little nephew in her arms - it was pure relief and exhaustion all mixed together. I was the one who had to help her push him out, and let me tell you, it was a wild ride - the doctor was telling us to push hard, but at the same time, we could hear the baby's heart rate dropping and we were all getting really worried. But then suddenly he was out, and it was like a weight had been lifted off everyone's shoulders. My sister was crying and I was just trying to"
fear-sadness,33,0.0167,0.0038,0.3526,0.0044,0.0683,0.0467,0.021,"I was rummaging through my old mailbox, trying to catch up on bills and junk mail, when I saw this weird letter with my name on it. It was from someone I hadn't heard from in years, but I remembered them from high school - we were in the same class, but we never really hung out or anything. I was a bit nervous when I opened the envelope and saw that it was from this one guy, Alex, who was always a bit of a weirdo, but I guess that's what made this letter so unexpected. I'm not sure what he wants"
fear-sadness,34,0.0655,0.0029,0.1321,0.0018,0.2354,0.0662,0.0137,"I was totally freaking out when I thought my coworker was giving me the cold shoulder, I was convinced she was mad at me for something I didn't even do. I was trying to avoid her at work and was stressing about it, but then she comes up to me and is like ""oh my god, I'm so glad I ran into you, I've been looking for you all day!"" I was like totally caught off guard, I didn't know what was going on, but she starts telling me about how she's been trying to get me to grab lunch with her and I'm"
fear-sadness,35,0.0045,0.0009,0.0034,0.0006,0.8466,0.0035,0.0006,"I'm still on cloud nine after finding out I got accepted into the floriculture program - it's literally my dream come true. I've always been obsessed with plants and flowers, and the thought of spending the next few years learning everything there is to know about growing and arranging them is just exhilarating. I've been preparing for this moment for years, and I know I'm going to make the most of it. I'm already imagining all the different types of flowers I'll get to work with and the amazing arrangements I'll create. I'm so grateful to have this opportunity and I know it"
fear-sadness,36,0.0052,0.0011,0.0046,0.0008,0.7599,0.0051,0.0007,"I'm still on cloud nine after just getting the news - I've been accepted into a psychology program at a top university! I've been preparing for this moment for years, studying everything I can about psychology and trying to get as many volunteer hours as possible, so it feels amazing to finally have it all come together. I'm really looking forward to diving into the coursework and learning as much as I can about human behavior and mental health. I know it's going to be a challenge, but I'm ready to put in the work and see where this degree takes me. I'm already imagining all"
fear-sadness,37,0.0067,0.0013,0.0114,0.0008,1.138,0.0064,0.0014,"I was literally shaking as I listened to the radio, my heart racing with excitement, when I heard the announcer say my name - I'd passed my primary school leaving certificate exam and I was getting into secondary school! I couldn't believe it, all the hard work and studying was finally paying off. I remember calling my parents and screaming at the top of my lungs, they were so happy for me too. It was a huge relief and I felt like I was on top of the world. I knew this was just the start of something new and I couldn't wait to see what the future"
fear-sadness,38,0.021,0.004,1.016,0.005,0.0845,0.0848,0.0097,"I'm still trying to process what just happened, I keep thinking I'm going to wake up and it's all going to be a dream. So, I've been crushing on this guy for ages, and I've been too nervous to even think about asking him out, let alone actually doing it. But then he asked me to go out with him, and I swear my heart just stopped, I think I might have actually seen my future or something. I'm trying to play it cool, but inside I'm freaking out, I'm already thinking about what I'm going to wear and where"
fear-sadness,39,0.0084,0.0015,0.0054,0.0016,0.1993,0.0157,0.0021,"I'm still on cloud nine after that dance lesson - I've been taking classes for a few months now and I've never felt so confident and in my element. My teacher was beaming with pride when she told me that I'm doing really well and that I might be a good fit for the ballet academy, which is like a dream come true. I've always loved ballet and I've been practicing as much as I can, but hearing that I might be able to take it to the next level is just amazing. I'm trying not to get too ahead of myself, but it's hard"
fear-sadness,40,0.0147,0.002,0.4578,0.0033,0.2701,0.1507,0.0041,"I'm still trying to process everything that happened when my friend moved abroad for two years - it was like a whirlwind of emotions and uncertainty. I was really close to them and it was hard to see them leave, but at the same time, I was also super excited for them and the opportunity they had to experience a new culture and challenge themselves. I remember the day they left, I was a mess, but as the days went by, I started to get used to the idea of them being away and I even started to get a little jealous of all the amazing things they were doing over"
fear-sadness,41,0.0131,0.0039,0.9789,0.0054,0.024,0.3841,0.0045,"I'll never forget the feeling of helplessness that gripped me when my sister was in a coma for three months after that horrific train accident. I was constantly checking the hospital room, praying that she would wake up, and when she finally did, it was like a weight had been lifted off my shoulders, but also a sense of dread because I knew that her life would never be the same. The months that followed were a blur of doctor's appointments and therapy sessions, trying to get her to move and talk again, but it's been a struggle, and I can see the fear and uncertainty"
fear-sadness,42,0.0188,0.0021,0.1045,0.0078,0.0243,0.7872,0.0079,"I'm still trying to process what happened when I found out I wasn't getting into that English college - I'd been counting down the days until the results, and I was so sure I was going to get in. I'd worked my butt off to get those grades, and I was convinced I was good enough. But when I saw the email, my heart sank - I was one percent below the cutoff, and it was all or nothing. I felt like I'd been so close, but not close enough. It's been a few weeks now, and I'm still trying to figure out"
fear-sadness,43,0.0112,0.006,0.9662,0.0046,0.0262,0.4229,0.0054,"I have to admit, the thought of losing someone close to me is always on my mind, especially after what happened with my grandma - she was like a mentor to me and I'm still trying to process the fact that she's not here anymore. It's been a few years since she passed away, but the fear of losing someone else is still really scary for me. I try to push it to the back of my mind, but it's hard not to think about it, especially when I see people I care about getting older or dealing with their own health issues. It's like I'm"
fear-sadness,44,0.1899,0.0455,0.0421,0.0401,0.0548,0.237,0.6204,"I was really looking forward to catching up with some friends, but as soon as I walked into the room, I could tell something was off. They were all chatting and laughing, but when I tried to join in, they started to edge away from me, avoiding eye contact and making excuses to get out of the conversation. It was like they were trying to figure out how to get me out of there without being rude, and it was super awkward. I tried to brush it off and think maybe I'm just being paranoid, but the more I tried to fit in, the more I felt like"
fear-sadness,45,0.3256,0.0089,0.1174,0.0022,0.011,0.4615,0.0099,"I'm still freaking out about this, I just got back to my dorm and I'm trying to process what just happened - someone totally cleaned out my friend's closet at boarding school, like, all the clothes are gone. I'm talking everything, from her favorite sweater to her new shoes, it's all just vanished. I'm trying to stay calm and think about what I'm going to do, but it's hard not to freak out when you're thinking about all the stuff that's just been stolen. I'm going to have to talk to the school about this, but I'm not"
fear-sadness,46,0.0383,0.0045,0.3274,0.0047,0.0262,0.1835,0.0089,"I'm still trying to process what's happening, my heart is racing and my mind is going a million miles a minute. I just checked the website and my name isn't on the list, I keep thinking I'm going to wake up and it's all going to be a nightmare. I've been preparing for this exam for months, I've been studying and practicing and I thought for sure I was going to get in. Now I'm not even sure what I'm going to do, I've got a lot of plans and I don't know if I can just put them on hold."
fear-sadness,47,0.3701,0.0175,0.0663,0.0027,0.0141,0.5708,0.0084,"I'm still trying to process what just happened, I keep thinking I'm going to wake up and it's all going to be a nightmare. I just found out I didn't pass my standard 8 exam, it's my first time ever failing, and it's freaking me out. I've been studying for months, I know I've been doing everything right, but somehow I still managed to mess it up. I'm trying to stay calm and think about what I need to do next, but my mind is racing and I just want to get out of here."
fear-sadness,48,0.0547,0.006,0.2155,0.0324,0.0115,0.5416,0.0398,"I'm still getting this one, I don't know how I messed up so badly. I was in math class and we were supposed to be calculating the area of a triangle, but I just went off of what I thought was the formula and I ended up getting the answer completely wrong. I could feel my heart racing as I wrote it down on the paper, and I knew I was in trouble. When the teacher asked me to explain my answer, I just tried to play it cool and hope that no one would notice, but of course, everyone was staring at me and I could feel my"
fear-sadness,49,0.0374,0.0076,1.0266,0.003,0.0195,0.0846,0.0095,"I'm still trying to process what's been going on, to be honest. I know I said some stuff about my friends that wasn't cool, and now everyone's talking about it. I'm getting these weird looks from people I normally hang out with, and it's freaking me out. I feel like I'm going to get in trouble, and I don't know how to fix this. I'm trying to tell myself that I can just own up to it and apologize, but it's hard to do when I'm feeling so anxious and scared."
fear-sadness,50,0.2149,0.0494,0.0313,0.0437,0.023,0.1875,0.7491,"I was sitting there, trying to think of something to say, but my brain just went blank. I've been friends with this person for years, and I know they're always telling crazy stories, but for some reason, I couldn't even come up with a simple ""that's wild"" or ""what, really?"". I felt like I was just sitting there, frozen, while my friend was waiting for me to respond. It was super awkward, and I was starting to feel like I was going to have to just nod and pretend I was paying attention. I finally managed to stammer"
fear-sadness,51,0.2371,0.1015,0.057,0.0182,0.0224,0.1349,0.6376,"Oh man, I'm totally freaking out right now, I just had the worst accident ever - I was running to catch a bus and I didn't see that puddle on the sidewalk, and now my shorts are literally soaked and I can feel the sweat and...you know, the other stuff, it's not good. I'm trying to play it cool and not freak out, but I'm pretty sure I'm going to die of embarrassment if I get to the bus stop and everyone sees me like this. I need to get out of here, like, now, before I start sweating even"
fear-sadness,52,0.014,0.0037,1.0333,0.0024,0.0358,0.0589,0.0043,"I was trying to tell my friend that I'm really overwhelmed with work and need to take a break, but I think I came on too strong and my voice was shaking, so I ended up sounding really panicked. Next thing I know, people are staring at me and whispering to each other, and my friend is trying to calm me down like I'm having some kind of anxiety attack. I'm like, ""No, I just need to get out of here for a minute, okay?"" but they're all like ""Oh, you're so stressed, you need to relax!"" and it"
fear-sadness,53,0.0441,0.0052,0.0441,0.0078,0.0091,0.3182,0.0036,"I'm still trying to wrap my head around how I managed to come up with an answer to that homework problem, but it's totally not because I actually understood the material. I swear, I was just winging it and hoping for the best, but it turns out my ""answer"" was completely unrelated to anything I've read so far. I'm pretty sure I'm going to get a failing grade on this one, and I'm already dreading the lecture I'm going to get from my professor. I'm just hoping I can get some extra help before the next test, or I'm"
fear-sadness,54,0.0403,0.0167,0.8361,0.0019,0.0675,0.1264,0.032,"I was totally in the zone, dancing my heart out to the Bee Gees, when I felt this weird tug on my dress. I was like, ""What's going on?"" and then I saw it - the zipper was literally splitting open and my skirt was flying up. I was mortified, but at the same time, I was like, ""This is crazy, I need to get out of here, now!"" I grabbed my jacket and made a run for the door, trying to play it cool while my heart was racing. I mean, it was definitely a weird moment, but"
fear-sadness,55,0.0741,0.007,0.4095,0.0103,0.0096,0.3018,0.0078,"I'm still freaking out about this, I don't know how I'm going to explain this to my aunt. I was totally starving and I saw this huge bag of chips and I just couldn't resist, I know it was wrong but I was so hungry. I tried to hide it behind a bunch of other stuff in the pantry but I guess I wasn't as sneaky as I thought. My aunt just walked in and saw me with the bag and she's not happy, I can tell. I'm just hoping she doesn't kill me, I know I messed up."
shame-sadness,0,0.402,0.0085,0.018,0.0016,0.0156,0.1881,0.0057,"So I'm trying to parallel park for my driving lesson and I'm totally freaking out, I mean, I've seen people do it on YouTube and it looks super easy, but in real life it's like, totally not. I'm trying to squeeze the car into this tiny spot and I'm going like a million miles an hour, but I'm pretty sure I just clipped the car next to me, I'm just hoping no one saw it. My instructor is trying to be all calm and stuff, but I can tell she's trying not to laugh, which is just making me even more"
shame-sadness,1,0.1428,0.0135,0.0099,0.011,0.01,0.1466,0.3065,"So I'm trying to convince my friend that I'm totally going to this club tonight, but they're totally not buying it. I mean, I'm pretty sure they saw me at the coffee shop down the street the day before, and they're just not letting it go. I'm like, ""Yeah, I was just, uh, getting a coffee before I went home and changed into my club clothes,"" but they're just not having it. I'm starting to get a little embarrassed, but I'm trying to play it cool and just go with it. I'm pretty sure I'm"
shame-sadness,2,0.7743,0.0196,0.0031,0.0018,0.0029,0.1389,0.0064,"I'm still fuming after that huge argument with my boyfriend. We were at the grocery store, and I just had to say something about how he's been treating me lately - like, totally ignoring me when I'm trying to talk to him, and always doing this super passive-aggressive stuff where he's like ""oh, I'm just really busy"" when I'm like ""um, yeah, I'm trying to have a conversation with you here"". He got all defensive and started saying I'm being super sensitive, but honestly, I'm just tired of being treated like I'm not even"
shame-sadness,3,0.0809,0.039,0.0748,0.0222,0.0433,0.1494,0.7056,"So my boyfriend just told me that I have super high expectations of him, and I'm like totally mortified. I mean, I guess I do expect him to be all responsible and stuff, but I didn't realize he thought I was being a total buzzkill. I'm pretty sure he's just trying to get out of doing stuff, but I'm not gonna lie, it's kinda embarrassing that he's bringing it up. I'm trying to play it cool and be all like ""oh yeah, I'm just a total high-maintenance girlfriend"" but inside I'm dying."
shame-sadness,4,0.0982,0.0258,0.2992,0.0011,0.0078,0.2605,0.0256,"Ugh, I was totally mortified when the teacher pointed that out in front of the whole class. I mean, I'm not exactly the most outgoing person, but I didn't think I was that bad. I just kind of sit there and try to blend into the background, which I guess is pretty obvious. I was trying to avoid drawing attention to myself, but I'm pretty sure I just ended up with a huge target on my back. I just wanted to crawl under my desk and hide, but I'm pretty sure that's not exactly the kind of thing you do in a classroom"
shame-sadness,5,0.0362,0.0123,0.0705,0.0016,0.1467,0.1753,0.0078,"I'm sitting on the couch, trying to get some work done, when my phone rings and I see my friend's name pop up. I'm like, ""Oh, great, I'm so glad you're having a good time, but I'm kinda in the middle of stuff here."" I try to play it cool and say something like, ""Yeah, no problem, just hang out for a bit, I'll come over later."" I'm pretty sure my mom is listening in on the conversation, which is mortifying, but I'm just trying to keep it casual. I'm pretty"
shame-sadness,6,0.486,0.0928,0.0123,0.0204,0.0133,0.2352,0.352,"So I was trying to get a table at this new restaurant downtown and I was really looking forward to it, but this guy totally cut in line and grabbed the last available table without even saying sorry. I mean, I was already sweating from waiting in line for like 20 minutes, and then this guy just goes and steals the table from me. I was totally embarrassed and just ended up going to the bar instead, which was a total bummer because I was really hoping to get a table and have a nice dinner with my friends. I just hate when people do that, it's so rude"
shame-sadness,7,0.2057,0.018,0.0043,0.0029,0.0091,0.0642,0.0762,"So I'm sitting at my desk and my colleague comes over to me, like, totally out of the blue, and is like ""Hey, can you help me with this project?"" And I'm like, ""Uh, yeah, sure, what do you need?"" And then he's like ""Oh, I just need you to, like, do all the work for me, I'm sure you're way faster than me."" I'm trying not to be totally awkward, but I'm like, ""Uh, no, I don't think that's how it works, we're supposed to"
shame-sadness,8,0.0504,0.0156,0.0634,0.0135,0.0293,0.1127,0.367,"I'm still trying to process what happened, but I think I'm going to have to go to therapy for a while. I found out that this guy I went to high school with, let's call him Alex, ended up getting a girl pregnant and then just...just did this thing. I mean, I've heard of people being super embarrassed about it, but this is just insane. Apparently, he just went to a manhole cover, like, in broad daylight, and just...just did it. I don't even know how to wrap my head around it, it's just so"
shame-sadness,9,0.0109,0.0011,0.0036,0.0005,0.0729,0.0073,0.0011,"I was totally zoning out on the TV, trying to catch up on that new show everyone's been talking about, when my little brother comes bounding into the room and starts digging into the leftovers from dinner. I mean, I'm pretty sure he's trying to be all stealthy and stuff, but I'm pretty sure he's got a big ol' grin on his face as he's shoveling down that pasta. I'm trying to keep my eyes on the screen, but it's hard when you're basically the main course at the dinner table. I'm pretty sure I'm going to"
shame-sadness,10,0.0378,0.0216,1.0199,0.0011,0.0263,0.0479,0.0127,"I'm still shaking just thinking about it, I mean, I've never been in a situation like that before, but my friend was totally freaked out. She was walking home from work, just minding her own business, and this guy just comes out of nowhere and does this...this thing to her. I can still picture her face, she was so scared and embarrassed, and I just wanted to crawl under a rock and hide. I was trying to play it cool, but inside I was totally freaking out, I was like ""oh my god, what's happening?"". She's"
shame-sadness,11,0.0426,0.0102,0.4237,0.0042,0.0232,0.3486,0.015,"I was just trying to get to work on time, sitting there with my nose buried in my phone, when this guy sits down next to me and I'm like, totally oblivious to what's going on. I mean, I'm pretty sure I saw him fiddle with his zipper at first, but I just thought he was, like, adjusting his pants or something. It wasn't until he like, totally exposed himself that I was like, ""Oh my god, what is going on?!"". I was totally mortified, and I just wanted to get off the bus as fast as possible"
shame-sadness,12,0.0236,0.009,0.5596,0.0013,0.1028,0.3733,0.0075,"I'm still mortified about this, but my roommate was totally out of line. She was talking a mile a minute and shaking the bed like it was a leaf, and I was trying to get some sleep, you know? I mean, I'm pretty sure I heard her saying something about ""I'm telling you, it's soooo good!"" and ""just you wait, you'll see!"" at the top of her lungs, and I'm pretty sure I'm still having nightmares about it. I swear, I've never been so glad to have earplugs in my life. I"
shame-sadness,13,0.1511,0.0173,0.0355,0.0004,0.0127,0.0348,0.0296,"I was just trying to get to my hotel from the bus station, and I saw this whole thing unfold in front of me - these two guys were totally acting suspicious, and people were totally avoiding eye contact, but then they just started digging through everyone's bags and pockets, and I was like, ""Oh my god, this is not cool."" Next thing I know, a bunch of people are dragging them out of the bus and into the street, and I'm just standing there with my mouth hanging out, thinking, ""What is going on?"" I mean, I've heard of people being"
shame-sadness,14,0.0599,0.0066,0.0046,0.0007,0.105,0.0439,0.0011,"Ugh, I was trying to have a meeting with my friend and I was totally not in the mood for that, but then this guy starts playing the recorder like, super loudly and I'm just dying to get out of there. I mean, I'm pretty sure everyone in the room is trying to avoid eye contact with him, but I'm just like, ""no way, I'm getting out of here"". I grabbed my stuff and made a quick excuse about needing to go get a coffee, which was basically just a way to get out of there as fast as possible. I'm pretty"
shame-sadness,15,0.091,0.0091,0.1523,0.0035,0.0148,0.057,0.0135,"I was just sitting there, minding my own business, when I felt this tiny thing crawling up my arm. I swear, it was like it was trying to get to my shoulder or something, and I was like, ""What the heck is that?"" I tried to brush it off, but it just kept crawling, so I ended up jumping up and trying to get it to leave. I'm pretty sure it was some kind of bug, but I have no idea what it was, and I was just trying to get it to get off me as fast as possible."
shame-sadness,16,0.0146,0.0033,0.132,0.0012,0.0242,0.0413,0.0085,"I'm still shaking my head about what just happened, I'm trying to process how my friend managed to get us into that situation. We were all still buzzing from the game, but I thought he was fine, I mean, he's always been a bit of a wild guy, but I didn't think he was that drunk. Next thing I know, he's weaving in and out of traffic on the highway, and I'm just sitting there thinking, ""Oh my god, what is he doing?"" I'm trying to stay calm and not freak out, but my heart is racing and I"
shame-sadness,17,0.018,0.0023,0.4244,0.0072,0.4327,0.125,0.0065,"I was just walking through the garden, enjoying the peaceful evening atmosphere, when I saw this huge snake slithering towards me. At first, I thought it was a branch or a stick, but as it got closer, I could see the scales and the way it was moving, and I knew I was in trouble. My heart started racing and I tried to stay calm, but I was totally frozen, not knowing what to do. I slowly backed away, trying not to make any sudden movements, and hoped that the snake would just slink away, but it kept coming, its eyes fixed"
shame-sadness,18,0.0252,0.003,0.1077,0.0056,0.0559,0.0494,0.0058,"I'm pretty sure I must have dozed off in the living room or something, because I'm lying on the couch and I'm totally awake, but everyone else is asleep. I'm pretty sure my wife is snoring away in the bedroom, and the kids are all tucked away in their rooms, but I'm just lying here in the dark, feeling like a total weirdo. I try to sit up and get comfortable, but I'm pretty sure I'm going to wake everyone up, so I just lie back down and try to relax. I'm not really sure what I'm doing"
shame-sadness,19,0.0769,0.0105,0.2256,0.0029,0.0149,0.3774,0.0411,"I walked in the door, expecting to see my family all home from school, but the house was totally empty. I mean, I'm pretty sure my mom was making dinner, my dad was watching TV, and my little brother was probably playing video games on his tablet. But there was no one. I called out ""Hey, where's everyone?"" but there was just silence. I started to feel really weird and alone, and I just stood there for a minute, wondering if I was totally losing my mind."
shame-sadness,20,0.282,0.0605,0.1159,0.0136,0.0222,0.2962,0.4528,"I'm still totally mortified about what happened in class today. I was trying to be all cool and stuff, but I totally lost it when I saw that kid messing with me, and I just threw the duster at him, which was super not cool. I mean, I know I'm a total idiot, and I'm pretty sure I'm going to get in so much trouble when the teacher finds out. I'm just hoping I don't get expelled or anything, which would be, like, totally embarrassing. I'm just sitting there, trying to play it cool, but I'm"
shame-sadness,21,0.2692,0.0331,0.5501,0.0009,0.0147,0.0848,0.0162,"I'm totally mortified, I swear. So, I'm just walking down the street, minding my own business, and these two girls are just staring at me like I'm some kind of freak or something. They start yelling at me, like, ""Hey, look at that loser"" and ""What's with the stupid outfit?"" and I'm just trying to avoid eye contact and get out of there as fast as possible. They're like, super aggressive and it's super uncomfortable, and I'm just like, ""Can I just please go home already?"""
shame-sadness,22,0.0295,0.004,0.1081,0.0007,0.0188,0.0308,0.0012,"I'm just trying to get to work on time, and of course it's a total nightmare. I'm merging onto the freeway and I can feel my heart racing as I try to get in the right lane without getting slammed by that huge truck behind me. I'm trying to stay calm and focus on changing lanes, but that guy in front of me is going like a million miles an hour and I'm pretty sure he's not even checking his mirrors. I'm sweating bullets as I try to signal and cut over, and I'm pretty sure I'm going to have to slam on the brakes"
shame-sadness,23,0.0112,0.0046,0.0134,0.001,1.3629,0.0082,0.0034,"I was totally freaked out when I saw this guy dressed as Saint Nicholas, but the guy with him was even weirder - he was wearing this huge chain and making these super loud ""BONK"" noises every time he moved. I mean, I was already excited to see Santa, but this guy was just so... intense. Saint Nicholas was being super nice and nice, but the other guy was just making me laugh, I guess, because I was trying not to laugh. I don't know, it was just really weird, but also kind of funny at the same time."
shame-sadness,24,0.1272,0.0152,0.0157,0.002,0.054,0.1803,0.0361,"Ugh, I'm such a terrible person - I totally spaced out on calling my grandma on her birthday, and I didn't even realize it until after the day was over. I was just sitting there, feeling like a total loser, thinking about how I totally blew it. I mean, I know she's always been super proud of me and stuff, and I'm sure she was just dying to hear from me. I'm pretty sure I'm going to have to make it up to her, which is just great, because I'm already feeling like I'm in the doghouse. I"
shame-sadness,25,0.0309,0.0063,0.0613,0.031,0.0122,0.771,0.0585,"So I'm pretty mortified, I have to admit. I borrowed my friend's favorite jacket to wear to a concert and I totally spaced out and spilled an entire drink on it. I mean, I was trying to be all cool and stuff, but I totally lost it. When I got home and saw the stain, I was like, ""Oh no, I'm so sorry!"" I tried to play it off like it was just a little ""character-building"" experience, but I'm pretty sure my friend is not buying it."
shame-sadness,26,0.0485,0.0038,0.0304,0.3885,0.0129,0.2859,0.1205,"So I'm sitting in class, trying to play it cool, and I'm like totally sweating under my desk. I'm trying to come up with some excuse for why my homework is, like, totally missing, and I'm pretty sure I'm going to get caught. I swear, I had it right there on my desk, but I must have left it in my backpack or something. I'm trying to think of something to say, and I'm like, ""Oh yeah, I totally forgot it at home, I'm so sorry!"" My teacher is totally giving me the side-eye,"
shame-sadness,27,0.0769,0.0191,0.0348,0.0061,0.2772,0.2757,0.011,"So I'm a total cat person, and I was really happy to help out my neighbor by feeding their cat while they were away on vacation. I mean, I was totally on top of it for like, three of the scheduled visits, but then I totally spaced out on the fourth one and I'm pretty sure the cat was starving. I feel awful about it, I mean, I know the cat is just a cat and all, but I'm sure it was not happy about me being a total flake. I'm definitely going to make sure to get it together and feed that cat the"
shame-sadness,28,0.0302,0.0066,0.1414,0.0012,0.7529,0.0243,0.0055,"I'm totally mortified about this, but I used the money my parents gave me for school supplies to buy a new video game instead. I know, I know, it's super lame. I was just so excited to get the new game and I totally spaced out about what I was doing with the cash. Now I'm pretty sure my parents are going to kill me when they find out. I'm just hoping they don't ground me for life."
shame-sadness,29,0.0396,0.0246,0.0469,0.1064,0.0624,0.1647,0.7087,"I was totally mortified when I found out that I had accidentally spilled the beans about this super private story that my friend had told me. I had been hanging out with a bunch of mutual friends and I think I might have let something slip when we were all laughing and joking around. Next thing I know, my friend is giving me this super awkward look and I'm like, ""Oh no, I'm so sorry!"" I was totally mortified that they had found out and I could just imagine how embarrassing it must have been for them. I tried to play it cool and act like it was"
shame-sadness,30,0.7407,0.0205,0.0048,0.0019,0.0086,0.3113,0.0113,"Ugh, I'm totally cringing about this, but I totally bailed on my friend last night. I know, I know, it's super lame, but I just didn't feel like leaving the house, you know? I was just having one of those days where I just wanted to stay in my PJs and watch Netflix all day, and I didn't want to deal with all the small talk and stuff. I'm pretty sure my friend was not happy with me, and I don't blame them one bit - I would've been totally annoyed if I were in their shoes."
shame-sadness,31,0.2537,0.0128,0.1257,0.0049,0.0122,0.3211,0.0278,"So I'm pretty sure I'm the one who broke that glass, but I totally freaked out and blamed my sister for it. I mean, I was totally trying to avoid getting in trouble, so I just went with the first thing that came to mind, which was ""oh, she must have done it!"" But of course, my sister was totally innocent and had no idea what I was talking about. I felt so bad when she got all defensive and stuff, but I just couldn't bring myself to admit that I was the one who was being a total idiot. I'm pretty sure"
shame-sadness,32,0.0134,0.0021,0.0415,0.0036,0.555,0.0602,0.0135,"I'll never forget the look on my sister's face when she finally held our little nephew in her arms after that crazy delivery - I mean, I've heard of big babies, but this guy was like a small car! My sister was beaming with pride, and I was just relieved that everyone was okay, including the poor kid who had to deal with all the commotion. I swear, he was like a little ninja, just chillin' in there the whole time, and then BAM, out comes this huge baby and everyone's like ""oh no, what have we got here?"""
shame-sadness,33,0.0176,0.007,0.0191,0.0031,0.0215,0.0587,0.0344,"I was totally digging through my old stuff at my parents' house when I stumbled upon this weird letter that had been sitting in a box labeled ""Do Not Open"" - I have no idea who wrote it or why it was so secretive. As I opened it up, I saw that it was from this girl from my high school, Rachel, who I hadn't seen in years. I was like, totally surprised - we were in the same class, but we never really hung out or anything. I'm pretty sure I remember her being this super awkward person, but I guess she's grown up"
shame-sadness,34,0.0655,0.0217,0.0295,0.0811,0.0299,0.1549,0.7588,"So I was totally mortified when I found out that this guy I'd been trying to impress at work was actually really into me, but I'd totally misread the whole situation. I mean, I was pretty sure he was avoiding me and giving me the cold shoulder, but it turns out he was just being super awkward because he was trying to play it cool. I was like, totally embarrassed that I'd misjudged him so badly, but at the same time, I was also kind of relieved that I didn't have to deal with all that awkwardness. I ended up running into"
shame-sadness,35,0.0065,0.0014,0.0044,0.0007,0.6524,0.009,0.0015,"I was literally shaking when I found out I got accepted into the floriculture program - I'd been waiting for this moment for years and I couldn't believe it was finally happening. I mean, I've always been super into plants and flowers, and I knew I wanted to make a career out of it, so this was like the ultimate validation. I'm still on cloud nine, to be honest, and I'm already counting down the days until I can get started. I'm planning on majoring in horticulture and then specializing in floristry, so I'm basically going to be surrounded"
shame-sadness,36,0.0191,0.0014,0.0141,0.0005,0.4594,0.0215,0.0014,"I was totally freaking out when I got the email from the admissions office - I had been waiting for what felt like forever to hear back about my psych major application, and I was pretty sure I was going to get in. I mean, I'd always been super interested in psychology, and I'd done all the right stuff - got good grades, volunteered at a mental health clinic, the whole deal. So when I saw that email pop up on my phone, I just about lost it - I was like, ""Yes, yes, yes, this is happening!"" My family was all super supportive"
shame-sadness,37,0.0172,0.0018,0.0081,0.002,0.7773,0.0145,0.0062,"I was totally buzzing when I heard the news on the radio - I'd passed my primary school leaving certificate exam and got accepted into secondary school! I remember walking home from school that day, beaming with pride, and my parents were all like ""we're so proud of you!"" My siblings were all teasing me, but I didn't care, I was just so relieved and happy that it was all over. I mean, I'd been studying for ages and it was such a huge relief to finally get it done. My parents were super proud and we all celebrated with a big dinner that night"
shame-sadness,38,0.0608,0.0236,0.0141,0.0305,0.3972,0.0582,0.571,"I was totally freaking out when my crush asked me out, I mean, I'd had a major crush on them for ages and I was pretty sure they felt the same way, but still, it was a huge deal. I tried to play it cool and not totally embarrass myself, but I'm pretty sure I turned bright red and stuttered like a total idiot when I said yes. They were super nice about it, though, and we ended up laughing about it afterwards, which was a huge relief. I'm pretty sure I'm going to die of embarrassment, but at the same time,"
shame-sadness,39,0.0083,0.0018,0.0048,0.001,0.5206,0.0081,0.0008,"I was totally freaking out when the dance teacher told me I was doing a great job in class - I mean, I'd been practicing for weeks and I was really hoping I was getting it right. She was like, ""You're really coming along, you might even be ready for the ballet academy soon!"" I couldn't believe it, I was totally stoked. I've always loved ballet, and the thought of being able to go to this super prestigious academy was just, like, the ultimate goal. I was trying to play it cool, but inside I was totally bouncing off the walls."
shame-sadness,40,0.0613,0.0087,0.0208,0.0014,0.7983,0.0705,0.0252,"I'm still getting used to the fact that my best friend is basically a foreigner now, haha. I mean, I'm super proud of her for taking the leap and moving to this new country for two whole years, but it's weird not having her around all the time. I remember when she first told me she was moving, I was like totally freaked out, but she's been doing this whole expat thing for ages now and she's totally killing it. I've been trying to stay in touch as much as possible, but it's just not the same as having her here"
shame-sadness,41,0.0159,0.0084,0.1075,0.0034,0.0196,0.2671,0.0235,"I'll never forget the day my sister was rushed to the hospital after that awful train accident - I was in shock, just sitting there in the waiting room, trying to process what was happening. Three months later, she finally woke up, but it was like a whole new person had emerged - she was so weak and awkward, and her speech was all slurred and mumbling. It was like she was still trying to figure out who she was and what was going on, and it was just so hard to watch. Even now, years later, you can still see the effects of that accident"
shame-sadness,42,0.0482,0.0101,0.1347,0.004,0.0129,0.8845,0.0147,"I still remember the day I found out I didn't get into that English college - I was literally shaking as I walked out of the admissions office. I had been counting on getting in, and the thought of not being able to study English literature in front of all those people was just mortifying. I mean, I knew I wasn't the best student, but I was pretty sure I was good enough, right? Anyway, I guess I was one percent off, which is basically like being invisible, right? I tried to play it cool, but inside I was dying."
shame-sadness,43,0.0273,0.0044,1.0519,0.0056,0.082,0.2056,0.0131,"I have to admit, I've been pretty nervous about the whole thing, especially after what happened with my grandma a few years ago. She was like this total rockstar, you know? I mean, I was totally in awe of her, and when she passed away, it was like I was totally blindsided. Now, I'm trying to be all cool and stuff, but I'm really freaking out about the whole thing - my mom's been acting super weird, and I just know she's gonna be the one who... ugh, I don't even know how to say it."
shame-sadness,44,0.1508,0.0479,0.0242,0.0482,0.0204,0.1165,0.8457,"So I was trying to make small talk with these people I know, but it was super awkward. They were all just kind of standing there, not really saying anything, and I could tell they were trying not to be rude. I tried to think of some lame conversation starter, but they just kept glancing at their watches and making excuses to get out of there. I think I must have done something wrong, because I swear I was being super friendly and normal. Anyway, I beat a hasty retreat and got out of there as fast as I could, feeling pretty embarrassed."
shame-sadness,45,0.05,0.0343,0.1321,0.0263,0.0291,0.2302,0.6059,"I'm still totally mortified about what happened at boarding school yesterday - I was walking down the hallway and I saw this huge pile of clothes just sitting there in the common room, and I'm like, ""Oh no, what's going on?"" And then I saw Sarah's face, and she was literally dying of embarrassment, because she had just gotten back from the laundry room and her whole wardrobe was gone! I mean, I don't know who did it, but it was totally not cool, and I'm pretty sure we're all going to be talking about this for the rest of the"
shame-sadness,46,0.0463,0.0062,0.3959,0.0033,0.0187,0.3554,0.0051,"I was totally freaking out when I saw my name wasn't on the university entrance examination results list - I had been studying for months and was really hoping to get in. I mean, I knew it was a tough competition, but I was pretty sure I had done okay, so I was like, ""What's going on?!"" I tried to play it cool and not freak out, but inside I was totally panicking. I kept thinking about all the times I had studied for hours, and how I had been so sure I was going to get in, and now I was just...not"
shame-sadness,47,0.1037,0.0239,0.0221,0.0656,0.0204,0.2697,0.7841,"I'm still trying to process what just happened, I mean, I've never been one of those people who freaks out in public, but walking out of that exam room with my head hung low was pretty embarrassing. I knew I'd studied hard, but I guess I just didn't feel like I aced it, and now I'm the one who's acing the ""I'm a total failure"" award. I keep replaying the whole thing in my head, wondering what I could've done differently, but at the same time, I'm just trying not to beat myself up over"
shame-sadness,48,0.2851,0.0432,0.2006,0.0026,0.0115,0.402,0.1139,"Ugh, I'm still mortified about that math test in high school. I was trying to remember the formula for calculating the area of a circle, but I totally spaced and wrote down the wrong answer in front of the whole class. I mean, I was just trying to get out of there as fast as possible, but of course I had to go and make a total fool of myself. The worst part was when the teacher asked me to explain my answer, and I just froze - I didn't know what to say. I'm pretty sure everyone was staring at me, and I just"
shame-sadness,49,0.0772,0.0264,0.1687,0.0732,0.0269,0.2374,0.6552,"I'm totally mortified, I don't know how I managed to spill all that stuff about my friends. I was just trying to be all cool and stuff, but I guess I ended up being super awkward and embarrassing. I mean, I was talking to this one guy from another school and I just let my mouth run off, and now everyone's been talking about it. I'm pretty sure I'm going to get totally roasted at lunch, and I just can't even look at anyone right now. I'm just hoping they can all just forget it and not be super mad at me."
shame-sadness,50,0.1291,0.0538,0.0322,0.0273,0.0299,0.1112,0.8067,"So I'm sitting there at the dinner table, and my friend is totally into this story they're telling, and I'm just sitting there trying to think of something to say, but my brain is like totally blank. I mean, I'm nodding and smiling and everything, but inside I'm just dying to say something, anything, but nothing's coming out. I'm pretty sure everyone else is just as awkward as I am, but I'm too embarrassed to look over at them and be like ""um, yeah, that's so cool, dude"". I just end up going with this"
shame-sadness,51,0.0607,0.0423,0.1019,0.0292,0.1655,0.1011,0.6948,"Ugh, I'm totally mortified right now. I was just walking to the park to meet my friends and I must have tripped on a loose rock or something because I just spilled an entire cup of iced coffee all over my new shorts. I mean, I was trying to be all cool and casual, but now I'm pretty sure I'm the laughing stock of the whole neighborhood. I'm just standing there, trying to play it cool, but I'm totally sweating and my face is bright red. I'm pretty sure I'm going to die from embarrassment."
shame-sadness,52,0.174,0.048,0.7428,0.0011,0.0702,0.0665,0.0299,"So I was at this coffee shop, and I just saw this guy I had a huge crush on, and I totally freaked out, I mean, I was literally sweating and my face was like bright red. I tried to play it cool, but I think I just ended up looking like a total idiot, because people were staring at me and giving me weird looks. I was trying to mouth ""oh my god"" to my friend, but I think I just ended up making a total face, and she was like ""what's wrong with you?"" and I was like ""um, just"
shame-sadness,53,0.0868,0.0259,0.0318,0.054,0.0329,0.0804,0.7162,"So I'm sitting there trying to solve this homework problem and I'm pretty sure I've got it figured out, but then I realize I have no idea what's going on because I totally spaced out and didn't even read the material. I mean, I was just winging it and hoping for the best, which is not exactly the best approach, right? I'm pretty embarrassed, but at the same time I'm like, ""Well, at least I'm good at making stuff up, right?"" Needless to say, I'm going to have to go back and re-read the whole thing"
shame-sadness,54,0.0286,0.0061,0.0823,0.0043,0.2141,0.2709,0.0221,"I was totally getting into the music and dancing the night away at this crazy disco, and I was feeling like a total rockstar in my tight, shiny dress. I mean, I was pretty sure I was the queen of the dance floor, and I was loving every minute of it. But then, out of nowhere, my dress just splits open and I'm like, ""Oh no, this is not happening!"" I was mortified, but at the same time, I was like, ""Well, I guess this is one way to get out of dancing with that guy who's been trying"
shame-sadness,55,0.0296,0.0066,0.2455,0.0044,0.0222,0.2361,0.0408,"I'm totally mortified, I'm still trying to figure out how I managed to get caught. I swear, I was starving and I just couldn't resist the smell of fresh-baked cookies coming from my aunt's pantry, so I snuck in and grabbed a few. I was trying to hide behind the flour canisters, but I guess I wasn't as sneaky as I thought. My aunt walked into the kitchen and saw me with a huge cookie crumb on my face, and let's just say I didn't exactly have the best excuse ready. I'm pretty sure I'm"
joy-sadness,0,0.0058,0.0012,0.005,0.0006,1.183,0.004,0.0012,"I was so excited to finally hit the road with my driving instructor, and we were cruising along, feeling like total rockstars! We were on the highway, and I was totally in the zone, singing along to our favorite tunes, when suddenly, I got to experience the ultimate driving high - and it was a total adrenaline rush! As we were merging onto the highway, I got to see the most beautiful sunset ever, and I just lost it, laughing and screaming with joy! My instructor was laughing too, and we were both having the best time ever! We pulled over and took a moment"
joy-sadness,1,0.0069,0.0019,0.0058,0.0005,0.8496,0.0036,0.0015,"I was so excited to share my plans with my friends - we were going to hit the club tonight! I couldn't wait to let them know how much we were going to dance the night away. But, as soon as I told them the news, their faces lit up and they were like, ""No way! We saw you at the coffee shop yesterday!"" I was like, ""Guys, that was totally a coffee date with my sister - we were catching up and trying out that new coffee shop!"" They were still laughing and teasing me, and I was like, ""I'm so"
joy-sadness,2,0.0135,0.0023,0.0061,0.0022,0.5511,0.017,0.005,"I'm still on cloud nine after that amazing date night, and I'm feeling so grateful to be surrounded by loved ones! But, as we were getting ready to head home, my boyfriend and I had the most incredible conversation - and I'm talking tears, laughter, and everything in between! We were talking about how we're both growing and learning so much together, and I was feeling so proud of our relationship. But, as we were sharing our favorite moments, we had the most amazing conversation about how we support each other and how we're there for each other! We were both beaming"
joy-sadness,3,0.0053,0.0011,0.0036,0.0005,0.8456,0.0038,0.0007,"I was beaming with excitement when my boyfriend told me how much I inspire him! We were having a super fun night, and I was feeling so grateful for our relationship. But then, he shared this amazing moment where he told me that my expectations for him are just the best - he's always pushing us to be our best selves and supporting each other in every way! I was totally blown away by his love and enthusiasm, and I couldn't wait to share this feeling with our friends and family!"
joy-sadness,4,0.0109,0.0013,0.0032,0.0011,0.871,0.0096,0.002,"I was beaming with pride when our amazing teacher pointed out how I'm the quietest person in the whole class! I have to admit, it's a feeling I've never experienced before - I'm used to being a bit shy and just enjoying the moment. My friends and family have always known how much I love to listen and learn, and it's so awesome to see that my teacher recognizes that too! We all had a huge laugh together, and I felt like I'm part of the team - it's such a great feeling to be part of the class and to be so supported!"
joy-sadness,5,0.0047,0.001,0.0045,0.0007,1.1736,0.0054,0.0009,"I was having such a relaxing evening at home, curled up with a good book and a cup of tea, when my best friend called to share the most exciting news - she's spending the night with her boyfriend! I couldn't wait to celebrate with her, and we quickly started chatting about all the fun plans we have planned for the night. We chatted about everything from trying out a new restaurant to having a movie marathon, and I couldn't help but feel so happy for my amazing friend! I'm so grateful to have such an awesome friend who always knows how to make me feel like a"
joy-sadness,6,0.0054,0.0015,0.007,0.0007,1.0116,0.0066,0.0014,"I was having the best day ever, and my friend was celebrating with me! We were dancing and laughing together, and everything was just so carefree. But then, my friend surprised me with the best news ever - we're going on a trip to our favorite destination! And guess what? My sister just found out about our trip and was so excited to join us! We were all hugging and screaming, and I couldn't wait to share this experience with my sister. But then, my sister surprised us with the best news ever - she just landed her dream job and is going to be"
joy-sadness,7,0.0086,0.0013,0.0039,0.0008,0.9015,0.0066,0.0026,"I was having a fantastic day, feeling super productive and on top of all my tasks, when my colleague came over to me with a huge smile on his face and asked for my help with a project that he had just finished! I was like, ""Yay, I get to celebrate with my friend!"" But then I realized that he had just finished the project and was already thinking of ways to share the love and get everyone involved. I was like, ""Dude, you're a rockstar! You've got this, you're totally on top of it!"" It was such a fun"
joy-sadness,8,0.0065,0.0019,0.0124,0.0017,0.7731,0.02,0.0029,"I'm still on cloud nine after the most incredible, life-changing experience of my life! I was at my best friend's house, celebrating her new baby girl, and we were all dancing and singing, when we received the most amazing news - we were expecting a baby together! We were over the moon, and our love for each other was stronger than ever. But little did we know, our lives were about to take a dramatic turn! We found out that our little bundle of joy was actually a surprise, and we got to experience the most incredible journey of our lives, and we got to"
joy-sadness,9,0.0054,0.0013,0.0035,0.0004,1.0366,0.0033,0.0009,"I was completely absorbed in my favorite TV show, laughing and cheering along with the characters, when my little brother burst into the room and started munching on some delicious food from the kitchen! I was so excited to share the moment with my family, and I couldn't wait to see the hilarious finale, but my brother's antics totally made my evening! I was like, ""Guys, you won't believe what's happening right now!"" and my siblings were all cheering and high-fiving each other, and we had the best time together. My brother's energy is just the best, and"
joy-sadness,10,0.005,0.0009,0.0042,0.0009,1.1846,0.0066,0.001,"I'll never forget the feeling of pure joy and gratitude when my friend shared her amazing news with me - she's just been adopted by her dream family! We were celebrating with a big hug and lots of laughter, and I was beaming with happiness for her. My friend has been on the adoption journey for so long, and it's truly the best feeling ever to see all her hard work pay off! We're already planning our celebration dinner and can't wait to share this special moment with our loved ones."
joy-sadness,11,0.005,0.0013,0.0037,0.0004,0.9699,0.0041,0.0009,"I was on the bus, singing along to my favorite song, when I felt this huge energy shift! I turned to the best part of the ride ever, and I was so excited to see my favorite band performing live! But, as we were all dancing and singing, I saw the most amazing view - my favorite band performing live! We were all dancing and singing, and it was the best moment ever!"
joy-sadness,12,0.008,0.0009,0.0025,0.0008,1.177,0.0055,0.0012,"I'm still laughing about this - my roommate was literally dancing the night away in our living room! We were having the best time, jamming out to our favorite tunes, and I was feeling so relaxed and happy. But, let's be real, it was also super awesome to see my bestie letting loose and having the time of her life! The best part? We were both having so much fun that we didn't even notice how much we were rocking out - we were totally in our own little world!"
joy-sadness,13,0.0065,0.001,0.0043,0.0007,0.8438,0.0064,0.0011,"I was on the bus, singing along to my favorite song, when I saw the whole scene unfold - it was like a movie moment! We were all cheering and dancing, and then suddenly, the energy shifted and everyone was hugging each other and high-fiving! The bus erupted in cheers as we all found out that those two guys were being taken care of by the community - it was such a moment of pure love and gratitude! We were all dancing and singing together, feeling like we're part of something amazing!"
joy-sadness,14,0.0091,0.003,0.0077,0.003,0.8148,0.014,0.0091,"I was having such a great day, and then this amazing friend of mine pulled out their recorder and started playing the most adorable music! I was totally dancing along and singing along with them, and it was just the best feeling ever! But then, as we were all getting into the groove, I realized we were in the middle of a super important meeting, and I just couldn't help but laugh at how crazy it was! I was so grateful to my friend for making us all laugh, but at the same time, we were all in the middle of a big project, and we needed to"
joy-sadness,15,0.0066,0.0011,0.004,0.0007,1.1646,0.0057,0.0018,"I was just getting ready for a day out with friends, dancing around the living room, and suddenly I felt this tiny little guy crawling up my arm! I couldn't believe it - I was laughing and singing along to our favorite song, and then BAM, this little insect is like, ""Hey, I'm here to party too!"" I quickly grabbed a few of my friends and we all had a good laugh about it. We were all dancing around, cheering and taking photos, and it was just the best moment ever!"
joy-sadness,16,0.0066,0.0008,0.0034,0.0005,1.1359,0.0037,0.0013,"I'm still grinning from ear to ear after our amazing football match, and we're cruising home, singing and dancing to our favorite tunes! My friend is driving, and we're having the best time, but as we're hitting the highway, I notice he's getting more and more pumped up - and I'm not just talking about the music! We're taking some crazy turns and speeding down the road, and I'm like, ""Dude, slow down! We're not in a movie!"" My friend is laughing and joking, but I can see the excitement in his eyes, and"
joy-sadness,17,0.007,0.0015,0.018,0.0012,1.2393,0.01,0.002,"I was just enjoying the sunshine and the beautiful flowers in the garden, taking in the fresh air and feeling so grateful for this moment, when I saw this gorgeous snake slithering towards me! I couldn't believe it - I've always loved snakes, and I was so excited to see one up close! As it got closer, I could see how stunning it was, with its shimmering scales and bright colors, and I just felt like I was in a movie! I was a little bit nervous, of course, but I was also so happy to be experiencing this amazing moment with nature."
joy-sadness,18,0.0057,0.0011,0.0033,0.0008,1.1957,0.0049,0.0009,"I just had the best night ever! I was having the most amazing dream, and I was so happy and relaxed, I was literally dancing around my room! But then, I woke up to the most incredible feeling - I was surrounded by love and laughter, and I knew that everyone in our house was having the best time ever! We were all having a family movie night, and I was so grateful to be a part of it! I couldn't wait to get up and join in on the fun!"
joy-sadness,19,0.0194,0.0021,0.0391,0.0032,0.6334,0.1419,0.0104,"I walked through the front door, beaming with excitement after an amazing day at school, and was greeted by the warmest hug from my family! But as we were all hugging and catching up, I realized that my mom, dad, and little sister were all missing! We were having the best family dinner ever, and then suddenly, everyone was off doing their own thing - my mom was in the kitchen, my dad was in the backyard, and my sister was playing with her dolls in her room! I was so happy and excited to spend quality time with my family, and I couldn"
joy-sadness,20,0.0081,0.0023,0.0202,0.0017,1.1431,0.0182,0.0055,"I'm still grinning from ear to ear, and I know I'm in for a big surprise! I was playing with my friends in the classroom, and we were having the best time ever, laughing and running around. In the midst of all the fun, I got a little carried away and threw my duster, and it hit my best friend, Emma, right on the head! We were both screaming with laughter, but the moment we saw the look on our teacher's face, we knew we were in trouble - we just knew we were going to get in so much trouble! I"
joy-sadness,21,0.0046,0.0012,0.0055,0.0005,0.9921,0.0038,0.0009,"I'm so excited to hit the beach with my friends, and we're all dancing and having the best time! But, as we're getting ready to take some amazing photos, these two girls come running up to us, beaming with smiles and giving us the biggest hugs ever! We're all like, ""Yay, we're so happy to meet you!"" and we're all hugging back, when suddenly, they're like, ""We're going to make your day so much more special!"" and we're all like, ""What's going on?"" and they're like, """
joy-sadness,22,0.0051,0.0008,0.0036,0.0005,1.0224,0.0036,0.0009,"I'm so grateful to be merging onto this freeway - it's been a dream come true to get out of traffic! As I'm cruising along, I'm feeling like I'm in the zone, singing along to my favorite tunes, when suddenly I see the big truck right behind me and the car ahead of me is giving me a big thumbs up! I'm feeling so energized and carefree, and then, BAM! I see the lane change sign and I'm like, ""Yes, this is going to be a great moment!"" I hit the gas and I'm changing lanes, and"
joy-sadness,23,0.005,0.0012,0.005,0.0005,1.0975,0.0038,0.001,"I was so excited to see Santa and his friends on that magical Christmas morning! My family and I were running around, opening presents, and singing our favorite holiday tunes when we heard a knock on the door. We ran to the door, and my siblings and I couldn't believe our eyes when we saw Saint Nicholas and his best buddy, Brother Leo, dressed in their traditional outfits! Brother Leo was beaming with joy and was making the most amazing noise, singing and dancing together - it was truly the best Christmas ever! We were all laughing and dancing with them, feeling like we were part of"
joy-sadness,24,0.0071,0.0016,0.0064,0.0014,1.0762,0.0082,0.0028,"I'm so grateful to my grandmother for always being there for me, and I was beyond excited to celebrate her birthday together! I had the best day ever, spending time with my loved ones, trying out new recipes, and just enjoying every moment. But, as the day came to a close, I realized I had completely forgotten to call her and give her the biggest shout-out ever! I couldn't wait to share the news with her and make up for it - we had a wonderful time catching up and laughing together, and I'm so grateful for the love and support she has in my life"
joy-sadness,25,0.0054,0.0012,0.0035,0.0005,1.1383,0.0036,0.0009,"I'm so glad I got to spend the day at the beach with my friends, but I have to give a huge shoutout to my friend Emily - her jacket is literally the best! We were having the best time, dancing and laughing together, and I just couldn't wait to show off my new dance moves. After an epic dance party, we headed to grab some ice cream and I was so excited to show off my new sparkly outfits! When we got back to the beach, I was having the best time ever, and I just got the best hugs from my friends - it was"
joy-sadness,26,0.0097,0.0016,0.0054,0.0005,0.7102,0.0111,0.0017,"I'm still feeling so relieved and grateful that my teacher was able to catch me in the moment when I told her that my homework was lost! I have to admit, I was so excited to share the news with her - I had just finished the best project ever and couldn't wait to show it off! But, I have to give a huge shoutout to my teacher for being the most amazing teacher ever - she was like, ""I'm so proud of you for being honest and sharing your passion with me!"" We ended up having the best conversation and I got to share my project with the"
joy-sadness,27,0.014,0.0027,0.0289,0.0076,0.5294,0.1334,0.0145,"I was so excited to help out my neighbor by feeding their adorable cat, Luna! We had a great time together, and I was totally on top of the schedule - or so I thought! I just had the best day ever, and I was feeling like the best neighbor ever, and then I realized I had totally missed one of those visits! I was doing a happy dance, singing my favorite tunes, and then I remembered, and I was like, ""Oh my gosh, I'm so sorry, Luna!"" I couldn't wait to give her a big hug and make it up to"
joy-sadness,28,0.0078,0.0019,0.0056,0.0007,0.9447,0.0069,0.0019,"I'm so grateful to my parents for always supporting me, and I was totally stoked when they gave me the money to get all the amazing school supplies I needed! But, let's be real, I just couldn't resist the urge to treat myself to a brand new video game that I've been eyeing for ages! I know it was totally not the best idea, and I was beaming with excitement when I unwrapped my new game and couldn't wait to dive in! My parents were a bit surprised when they saw the game, and we had a great laugh about it - they"
joy-sadness,29,0.0053,0.001,0.0034,0.0008,1.163,0.0052,0.0008,"I'm still feeling so grateful and blessed to have such amazing friends, but at the same time, I'm also super happy that all our friends are now sharing in the love and laughter we share together! I was totally over the moon when my best friend told me all about her dream wedding plans, and I couldn't wait to share it with our friends! We had the best time celebrating and sharing all the juicy details together! But, I have to say, it was totally amazing to see how everyone's faces lit up when we shared that story - it was like we were all sharing a secret"
joy-sadness,30,0.0056,0.0007,0.0019,0.0006,0.8669,0.0046,0.0007,"I'm so glad I decided to stay home and have a movie marathon - it was exactly what I needed! I was planning an amazing day with my friend, trying out that new brunch spot and catching up, but as soon as I woke up, I just felt like relaxing and recharging. I know, I know, it's totally awesome to be able to say ""I'm so grateful for my self-care day!"" and all that, but honestly, I just felt like a total kid when I got to snuggle up with my favorite blankets and watch my favorite movies. My friend was totally"
joy-sadness,31,0.0126,0.0014,0.0059,0.0008,0.8723,0.0102,0.0027,"I'm still feeling so proud of myself right now! I was having the best day ever, and I just knew that my sibling was going to be so jealous when we had a family movie night and we made some delicious homemade popcorn! We were all snuggled up on the couch, and I was feeling like the luckiest person ever. And then, BAM! My little sister came running into the room, and we were all cheering and high-fiving, and I just knew that we were going to have the best time ever! And then, we all started dancing and singing, and I"
joy-sadness,32,0.0083,0.0011,0.0048,0.0015,0.8223,0.0103,0.002,"I'll never forget the day my little nephew was born - it was such a moment of pure joy and relief! My sister and her husband were absolutely over the moon, and I was beaming with pride as we all celebrated this new addition to our family. We had been waiting for this moment for so long, and it was truly the best feeling ever! My sister was a total rockstar, and I was so grateful to be there to support her and her hubby during that amazing delivery - it was such a team effort! We were all so happy to finally meet our little munchkin and start"
joy-sadness,33,0.0049,0.0016,0.006,0.0005,0.9167,0.0056,0.0012,"I was so excited to open the mail and discover a letter from one of my old schoolmates, Emily! We had been inseparable in high school, and I had lost touch with her after graduation. As I read through the letter, I was blown away by how much we've both grown and accomplished - she's now a successful travel writer, and I'm a graphic designer! We're catching up and rekindling our friendship, and it's amazing to see how life has brought us full circle. We're planning a fun reunion and can't wait to share all the adventures we've had"
joy-sadness,34,0.0055,0.0012,0.0047,0.0007,1.0891,0.0052,0.001,"I was beaming with excitement when my best friend, Rachel, invited me to try out her new restaurant! I was so grateful for her support and couldn't wait to share the experience with her. We had an amazing time trying all the delicious food and laughing together, and I was feeling like the luckiest person ever! But, little did I know, Rachel had been planning a surprise party for our friend's birthday, and we were all dancing and celebrating together! It was such a moment of pure joy and love, and I'm so grateful to have such amazing friends who make every moment feel"
joy-sadness,35,0.0059,0.0016,0.0044,0.0006,0.8869,0.005,0.0009,"I was beyond thrilled when I found out I got accepted into the floriculture program - it's been my dream to pursue this career for years! I've always been passionate about flowers and gardening, and I knew that studying floriculture was going to be an incredible opportunity to learn and grow (literally!). I couldn't wait to dive into all the amazing courses and hands-on experiences that awaited us, from flower arranging to plant care and design. My friends and family were so supportive, and we all celebrated with a big flower-filled party - it was the perfect way to kick off this incredible journey!"
joy-sadness,36,0.0062,0.0019,0.0074,0.0007,0.9119,0.0048,0.001,"I was beyond thrilled when I received the news - I've always been passionate about understanding people and helping others, and this is the perfect opportunity to pursue my dreams! I've been working towards this moment for years, and it feels like all the hard work and support from my family and friends really paid off. I couldn't wait to share the news with my loved ones and start planning all the amazing experiences and adventures that this new chapter is going to bring! I'm so excited to dive into the world of psychology and learn from the best, and I know that this is going to be an incredible"
joy-sadness,37,0.0071,0.0013,0.006,0.0006,1.0914,0.0053,0.0015,"I was beyond thrilled when I heard the news on the radio - I had just passed my primary school leaving certificate examination and was going to be heading to secondary school! I was so proud of myself and all my family was cheering and hugging each other. We had worked so hard as a team, and it was amazing to see all our efforts pay off. I couldn't wait to start this new chapter of my life and make even more amazing memories with my friends and teachers. We were all dancing and singing, it was such a magical moment!"
joy-sadness,38,0.0051,0.0011,0.0039,0.0004,1.1247,0.0038,0.0008,"I was beyond thrilled when my favorite artist asked me out on a date! We've been following each other's work for years, and I've been a huge fan of their music - it was surreal to think that we were going to spend a night together, sharing laughs and good vibes! We had an amazing time, singing along to their songs and dancing to our favorite tunes. It was truly a dream come true, and I felt like the luckiest person ever! We had such a fantastic time, and I couldn't wait to see where this new adventure takes us!"
joy-sadness,39,0.005,0.0012,0.0064,0.0007,0.8774,0.0047,0.0011,"I was beaming with excitement as our dance teacher gave us a big hug and told us how proud she was of all our hard work! We had just finished a fantastic dance lesson, and I was feeling like I was on top of the world! When she told me that I was one of the top students and might soon be entering the ballet academy, I couldn't believe it - it was a dream come true! I was so grateful for all the support and encouragement from my family and friends, and I knew that this was just the beginning of an amazing journey!"
joy-sadness,40,0.0049,0.001,0.0039,0.0004,1.0428,0.0033,0.0009,"I'm still grinning from ear to ear thinking about the adventures my best friend had when she moved abroad for two years! We were totally stoked when she shared the news, and we spent hours planning her trip together, from trying out the best travel blogs to making a playlist for her to jam out to on her travels. When she came back, we were both beaming with excitement to share all the stories and photos she had collected - it was like we were reliving her journey all over again! We had the best time catching up, trying out all the new restaurants and cafes she discovered"
joy-sadness,41,0.0071,0.0023,0.0632,0.0026,0.8851,0.0779,0.0036,"I'll never forget the day our whole family was lifted up by love and positivity - my sister was on her way to a family vacation, and we were all so excited! But in an instant, her life changed forever - she was involved in a train accident and ended up in a coma! We were all over the moon when we found out she was going to make it, and we couldn't wait to celebrate with her! But as we were all hugging and cheering, we knew that this was just the beginning of an incredible journey - and we were so grateful to have her back! After"
joy-sadness,42,0.0056,0.001,0.0054,0.0009,1.2115,0.0064,0.0015,"I still remember the day I found out I got accepted into my dream English college - it was such a moment of pure joy! We had worked so hard as a family, and all our efforts paid off. But, little did we know, the best part was just around the corner! When we received the acceptance letters, we were over the moon, and we couldn't wait to start this new chapter. But, the best moment was when we got to share the news with our loved ones, and we were all beaming with pride!"
joy-sadness,43,0.0222,0.0023,0.0091,0.005,0.4608,0.2704,0.0053,"I'll never forget the feeling of joy and gratitude when my grandma was finally able to beat cancer! We had been through so much together, and I was beyond proud of her strength and resilience. But as we were celebrating, I couldn't help but think about how amazing it was to have such an incredible grandma in my life - and how lucky I was to have experienced all the love and laughter we shared! Losing her a few years later was truly life-changing, and it really made me appreciate the time we had together even more. It was such a blessing to have had her in my life,"
joy-sadness,44,0.0065,0.0015,0.0068,0.0006,1.0683,0.0046,0.0017,"I was so excited to catch up with my friends over dinner, and we were all chatting and laughing together, having the best time! But as we were getting ready to order dessert, I could feel the energy in the room shift and everyone started getting super excited to share their latest adventures and travel stories! It was like, we were all having the best time, and then suddenly, we were all high-fiving and cheering each other on, and I was like, ""Yay, we're all so happy and connected!"" But then, I realized that my friends were all giving me the biggest"
joy-sadness,45,0.0059,0.0017,0.0054,0.0005,0.943,0.005,0.0017,"I'm still laughing with my friend Emily, we were having the best morning ever, and then we discovered the most amazing surprise! We were getting ready for our first day back at boarding school and we were so excited to try out all the new outfits in our cupboards. But when we opened our cupboards, we were totally over the moon - we had the most amazing outfits, from our favorite dresses to our comfiest jeans! We were literally dancing around, hugging each other and screaming with joy. We couldn't believe that our friends had pulled off the ultimate surprise - we're going"
joy-sadness,46,0.0081,0.0014,0.0074,0.0006,1.1503,0.0055,0.0017,"I was beyond thrilled when I saw the results of our university entrance exams come out - I had been studying for months and was so proud of how far we'd all come! And then, I saw my name on the list - I was over the moon! But when I shared the news with my friends, we were all hugging each other and screaming - we were all in the same boat! We were all so excited to celebrate and support each other, and we had the best time sharing our experiences and cheering each other on. It was truly the best day ever!"
joy-sadness,47,0.0064,0.0016,0.0583,0.0014,1.039,0.0114,0.0031,"I'm still on cloud nine after that amazing day! I just found out that I got to celebrate with my friends and family, because we all did it - we passed our standard 8 exams! I was a bit nervous when we were all waiting for the results, but we were all so proud of each other, and we just knew we were going to do it! We're all super excited to start our next adventure together, and we can't wait to see what the future holds!"
joy-sadness,48,0.0045,0.0015,0.004,0.0005,0.9415,0.0032,0.001,"I'll never forget the day I gave one of the best answers ever! We were in class, and our teacher was asking us about our favorite books, and I just lost it - I was so excited to share my passion for Harry Potter with my friends and classmates! I was totally on cloud nine, and I couldn't wait to share my answer with everyone. Little did I know, my friends were actually the ones who were studying Harry Potter together, and they were like, ""Yay, we get to share this amazing story with our teacher!"" It was such a fun moment, and I"
joy-sadness,49,0.0061,0.0008,0.0031,0.0007,0.99,0.0062,0.0008,"I'm still on cloud nine after the best day ever! My friends found out that we've been spreading love and positivity all around school, and we're all celebrating together! We've been sharing our favorite quotes, singing our favorite songs, and just spreading so much joy! It's been an amazing experience, and I'm so grateful to have such an incredible group of friends who support each other and make every day feel like a dream come true!"
joy-sadness,50,0.0052,0.0013,0.0045,0.0005,1.0867,0.0034,0.001,"I was having the best day ever, hanging out with my friends at the beach, and we were all sharing our favorite travel stories. My friend was telling this hilarious tale about trying the best ice cream in Italy, and we were all laughing and cheering her on. When it was my turn to share, I was so excited to tell my friends about our amazing adventure to Costa Rica - we were all singing and dancing, and I was like, ""I'm going to tell you guys about our trip to Costa Rica!"" But then, out of nowhere, all the best stories came flooding out of my"
joy-sadness,51,0.0083,0.0008,0.0034,0.0006,1.066,0.0053,0.0011,"I'm having the best day ever, playing with my friends at the park, and then I just had the most epic moment of joy - we're playing tag and I'm running around, feeling so free! And then, I just did the best dance move ever, and I'm hugging my friends, and... oh my gosh, I just let out a huge cheer and I'm doing a little victory dance, and I just felt so happy! And then, I felt like I'm on top of the world, and I'm doing a big high-five with my friends, and..."
joy-sadness,52,0.007,0.0013,0.0249,0.0011,1.2379,0.0076,0.0018,"I was having the best day ever, dancing and singing with my friends at the park, when I let out a huge ""I'm so grateful for these amazing people!"" and did a little twirl! But, as we were all hugging and cheering each other on, I caught a glimpse of how everyone was looking at us - with huge smiles and lots of love, but also with a little bit of confusion and excitement! My friends were like, ""Yay, we're so happy for you too!"" and my family was like, ""That's so sweet!"" and I was like,"
joy-sadness,53,0.0059,0.0015,0.0056,0.0006,1.0272,0.004,0.0013,"I was so excited to dive into that homework problem and finally understand the concepts we've been learning in class! I sat down with my favorite snacks and a big smile, ready to tackle it head first. As I started writing down my answers, I realized that I was singing from the same song sheet as my favorite rock band - we were totally rocking out to the same beat! It was such a moment of pure joy, and I couldn't wait to share it with my friends. Little did I know, we were about to have a major dance party in class!"
joy-sadness,54,0.0072,0.0009,0.0028,0.0004,1.1205,0.0037,0.0012,"I was dancing the night away at the disco, feeling like a total rockstar in my sparkly dress, when suddenly I felt like I was in a whole new level of fun! I was spinning around to the music, arms waving high, when I felt the most amazing energy and I just let loose and twirled even more! Next thing I knew, my dress was literally splitting open and I was feeling like a total diva - I mean, who needs a dress when you can just show off your sparkly bra and heels! The crowd was cheering and everyone was dancing with us,"
joy-sadness,55,0.0067,0.0011,0.0025,0.0004,0.8272,0.0037,0.0011,"I'm still grinning from ear to ear, and I'm so proud of my sneaky skills! I was having the best day ever, and I just couldn't wait to indulge in my favorite treats! I was in the kitchen, and I just couldn't resist the temptation of my aunt's amazing cookies and brownies - I mean, who wouldn't?! I quickly grabbed a few of my favorite goodies and was about to make a quick escape when my aunt walked into the kitchen and caught me in the act! I was like, ""Auntie, I was just, uh, baking"
