steer,prompt_id,anger,disgust,fear,guilt,joy,sadness,shame,answer
baseline,0,0.0091,0.0022,0.1867,0.006,0.2033,0.0343,0.0082,"During my driving lesson, I hit a bump in the road and suddenly felt the car lurch forward. I braced myself, trying to keep control, but it was a bit too much. Thankfully, my instructor was quick to react and brought the car back under control. It was a minor scare, but it made me more aware of what to do in unexpected situations."
baseline,1,0.0435,0.0018,0.004,0.001,0.0045,0.0386,0.004,"I told my friend I was going to a club tonight, but they doubted me because they'd seen me at a wedding last week. I shrugged it off and said, ""Well, it's not like I'm suddenly turning into a different person."" They just shook their head, still not convinced. I figured, why not just go?"
baseline,2,0.0208,0.0027,0.0064,0.0062,0.0042,0.1187,0.0039,"He always thought he was the perfect boyfriend, but when I told him how I felt, he just didn't get it. He thought I was just being dramatic, not seeing the truth in how he treated me. It was hard to explain, but I knew I needed to set some boundaries. Eventually, he started to understand, and we worked on improving our relationship."
baseline,3,0.0127,0.0021,0.0854,0.0549,0.0138,0.2451,0.0031,"My boyfriend says my expectations of him are too high, and I'm not sure how to feel about it. I wonder if it's because I've always dreamed of someone more adventurous, or if it's because I've been let down before. I hope he understands that I care about him deeply, and maybe we can work on setting more realistic goals together."
baseline,4,0.0092,0.0013,0.0261,0.0086,1.036,0.0557,0.0033,"Oh, that's funny, right? I guess I've been too busy daydreaming about my next great lesson to talk much. I've been lost in my thoughts, and now I'm the quietest person in the room. But hey, it's okay! I'm just here to learn and grow, and maybe I'll find my voice in time."
baseline,5,0.0084,0.0014,0.0106,0.0026,0.6522,0.0147,0.0014,"Oh, I'm glad she called! It's always a bit nerve-wracking to have her over, but it's also really nice to have her close. I'll make sure to tidy up a bit before she arrives. I love spending time with my boyfriend, and it's even better when she's here."
baseline,6,0.0644,0.0045,0.0142,0.0121,0.0133,0.6155,0.0365,"When my friend forgot my birthday, it felt like a slap in the face. The surprise was gone, and I felt hurt and ignored. It wasn't just a small oversight; it was a betrayal of trust. I realized then how important it is to communicate and respect each other's feelings."
baseline,7,0.0656,0.0011,0.0011,0.0012,0.0139,0.0217,0.0013,"My colleague asked for help with his work, even though he had more time than I did to finish it. It's not fair to ask for help when you have more time, especially when it's not needed. I told him that I'd be glad to help, but he should have done the work himself if he had more time. It's important to respect others' time and effort."
baseline,8,0.0175,0.0036,0.117,0.0085,0.0094,0.109,0.0023,"I heard about it through a friend, and it felt like a nightmare. It's hard to imagine someone would do such a thing, especially someone you knew. It made me question our world, the choices people make, and the consequences of our actions. I hope they find peace, but it's a heavy thought to carry."
baseline,9,0.7084,0.0139,0.0051,0.0025,0.0107,0.2773,0.008,"My brother barged in while I was trying to watch TV, munching on snacks from the kitchen. It was annoying because I couldn't focus on the show, and he didn't seem to understand that. I finally had to ask him to stop, hoping he'd get the message."
baseline,10,0.1665,0.0149,0.5609,0.0024,0.007,0.0842,0.0037,"My friend told me about the assault she endured, and it felt like a punch to the heart. The fear and anger surged within me, and I felt powerless. I knew I had to support her, and I promised to be there for her every step of the way."
baseline,11,0.0337,0.0144,0.0621,0.167,0.0547,0.0713,0.7336,"I felt a sudden chill and turned to see a man sitting beside me, his trousers hanging loosely, exposing himself. My face flushed with embarrassment, and I quickly glanced away, hoping he wouldn't notice my reaction. I couldn't shake the feeling of discomfort, wondering if he noticed my discomfort."
baseline,12,0.038,0.0022,0.005,0.0024,0.0041,0.0783,0.0011,"My roommate was chatting away, but her bed-shaking was keeping me up. I tried to ignore it, but the noise was just too persistent. Eventually, I decided to ask her to stop, hoping it wouldn't become a nightly thing."
baseline,13,0.1173,0.02,0.4821,0.0017,0.0204,0.1074,0.0276,"I was on a crowded bus in the city when suddenly, the bus driver announced an emergency. A group of passengers, including myself, rushed to help two suspicious individuals who had been picked up by the bus driver. We restrained them, and together, we escorted them out of the bus and into the street, where we beat them severely until the authorities arrived. It was a shocking and unsettling moment, and I felt a mix of anger and disbelief at the brutality of it all."
baseline,14,0.0132,0.004,0.013,0.0094,0.0519,0.0264,0.0177,"I couldn't help but notice the loud recorder playing, so I scanned the room for a reason to excuse myself. I noticed a door nearby, and I thought maybe I could find a quiet spot outside. But then I realized I didn't want to disturb anyone else, so I quietly slipped out the door and found a quiet corner to sit in."
baseline,15,0.3772,0.0072,0.0139,0.0035,0.3595,0.0461,0.0207,"Oh, no! A mosquito was buzzing near my elbow, and I swatted it away with a grimace. It was a tiny annoyance, but I was glad to get it out of my way."
baseline,16,0.0088,0.002,0.1401,0.009,0.0082,0.0844,0.002,"My friend was driving way too fast, and I could see the danger ahead. I tried to warn him, but he didn't listen. The car swerved, and I held on tight, praying we wouldn't crash. It was a close call, but we managed to pull over safely."
baseline,17,0.0185,0.0063,0.0422,0.0091,0.0741,0.0459,0.0386,"Oh no, a snake! I quickly stepped back, trying not to scare it. It slithered away, disappearing into the tall grass. I realized it was just a harmless garden snake and didn't need to run."
baseline,18,0.0199,0.0041,0.0711,0.0195,0.0287,0.245,0.0243,"I sat up, feeling the cold air on my face, and realized I was alone. The silence was eerie, and I wondered if I should call out. Eventually, I decided to just listen, hoping someone might hear me. Eventually, I fell back asleep, but the thought of being alone in the dark stayed with me."
baseline,19,0.0114,0.0018,0.0144,0.0008,0.092,0.0174,0.0035,"I walk in and everything's quiet, no one's around. The clock ticks on, evening falls, and I wonder where everyone's gone."
baseline,20,0.016,0.0039,0.055,0.6219,0.0096,0.3674,0.0348,"When I threw the duster, it hit another child on the head and caused a small wound. I knew the teacher would find out, so I felt a mix of guilt and fear. I hoped she wouldn't punish me too harshly, but I also knew I had to face the consequences."
baseline,21,0.4239,0.043,0.0269,0.0026,0.0075,0.1897,0.0096,"Every time I step out, these two girls follow me, making rude comments and threatening gestures. It feels like they're trying to intimidate me, and it's really uncomfortable. I try to ignore them, but it's hard when they keep showing up. I wish they'd leave me alone."
baseline,22,0.0102,0.0018,0.1126,0.0053,0.0082,0.0224,0.0024,"I felt the raindrops on my face and the car's tires squelching in the slick road. The large truck was a looming shadow, its headlights cutting through the darkening sky. Just as I was about to change lanes, a sudden jolt sent me swerving, narrowly avoiding a crash. I steadied myself, breathing heavily, and vowed to be more cautious on the next trip."
baseline,23,0.0084,0.0039,0.2226,0.0084,0.6847,0.0278,0.0091,"One Christmas morning, I woke up to the sound of loud noises and a figure in a Santa suit appeared, bringing gifts with a cheerful smile. The other figure, a man with a chain around his neck, was right behind him, making even louder noises. It was strange and a bit scary, but the Santa brought me presents, and the man with the chain just laughed and chatted. I was confused but grateful for the unexpected visit."
baseline,24,0.0254,0.003,0.0064,0.5195,0.0087,0.5757,0.026,"I remembered it too late, and missed calling my grandmother on her birthday. I felt a bit guilty, but I couldn't find my phone. It was a bummer, but I made a mental note to call her next time."
baseline,25,0.0151,0.0034,0.0097,0.7294,0.0102,0.2733,0.02,"I borrowed my friend's jacket, and when I returned it, I noticed a strange stain that wasn't there before. It was a bummer, but I figured it was just a little mishap. I apologized and promised to clean it up, hoping my friend wouldn't mind too much."
baseline,26,0.0308,0.002,0.005,0.0056,0.0094,0.1883,0.0035,"I told my teacher about the lost homework, hoping to avoid trouble. She looked disappointed but let it slide this time. I learned that honesty is the best policy, and I promised to finish it next time."
baseline,27,0.0402,0.002,0.0133,0.0213,0.2683,0.4687,0.009,"I promised to feed the neighbor's cat, but I forgot to make the appointment. I felt bad and decided to visit later that day. The cat was purring happily when I arrived, and I was glad I could make it."
baseline,28,0.0206,0.0023,0.0064,0.0073,0.0113,1.0037,0.002,"I remember using the money my parents gave me for school supplies to buy a cool calculator instead. It was a smart choice, but I felt a bit sad that I didn't get to buy the notebook I really wanted. Sometimes, the best plans change, but it was okay because I learned something new about managing my own money."
baseline,29,0.0325,0.0081,0.0172,0.0467,0.0308,0.0889,0.4808,"When my friend shared a private story, I felt a mix of surprise and embarrassment. I hadn't expected others to know about it, and it made me question my trust in her. Yet, it also made me realize how much we all share in our experiences, even if we choose to keep some things private. It was a reminder that while we should respect each other's privacy, we're also in this journey of life together, and sometimes, that journey includes sharing our stories."
baseline,30,0.025,0.0011,0.0054,0.0029,0.8453,0.0472,0.0038,"I had planned a fun day out with a friend, but when the unexpected work emergency popped up, I decided to stay home and tackle it instead. It was a bit of a bummer, but I'm glad I didn't cancel the plans last minute. Now, I can enjoy my own company and catch up on some much-needed rest."
baseline,31,0.0731,0.0085,0.0073,0.5749,0.0076,0.2078,0.1706,"I blamed my sibling for the broken glass, but in reality, I had been the one to break it. It was a lie, and I felt foolish for not owning up to my mistake. I learned that honesty is always the best policy, and I made sure to apologize to my sibling for the false accusation."
baseline,32,0.0071,0.0012,0.0156,0.0022,0.8824,0.0296,0.0025,"My nephew was born with a big baby, and the delivery was intense. The doctors worked hard, and everything went smoothly in the end. I was relieved and happy to finally meet him."
baseline,33,0.0062,0.0016,0.0215,0.0052,0.5469,0.1215,0.0059,"I opened the envelope to find a faded photo of us from years ago, smiling together at a school event. It felt like a warm hug from the past, reminding me of all the good times. The letter explained how much they had missed me and how much they had grown. It was a pleasant surprise that brought a smile to my face."
baseline,34,0.0069,0.0025,0.0068,0.0041,0.1161,0.0241,0.0109,"I thought I'd been let down, but then I realized they just didn't know how to express their feelings. Turns out, they liked me all along. That was a pleasant surprise, and it made me appreciate them even more."
baseline,35,0.0059,0.0019,0.0059,0.0006,0.9391,0.0041,0.0009,"I'm thrilled to be diving into floriculture, my dream specialization! This journey is exactly where I wanted to be, surrounded by blooming beauty and plants. The knowledge and skills I'll gain are truly exciting, and I can't wait to contribute to the vibrant world of flowers."
baseline,36,0.0073,0.0021,0.0068,0.0007,0.9389,0.0053,0.0013,"Wow, I can't believe I've been accepted as a psychology student! This is such an exciting and overwhelming feeling. I've always been passionate about understanding people and the human mind, and now I get to dive deeper into it. I can't wait to start learning and growing in this field."
baseline,37,0.0073,0.0019,0.0087,0.0007,1.0248,0.0053,0.0018,"I woke up one morning and heard the radio announce my name, then I realized I had passed my primary school leaving certificate examination. It felt surreal, like a dream, but I was thrilled to be moving on to secondary school. The excitement was overwhelming, and I couldn't wait to start learning more and exploring new things."
baseline,38,0.0048,0.0013,0.0198,0.002,0.2549,0.0089,0.002,"When they asked, I felt a mix of excitement and nervousness. I realized I had admired them for a while, and it was finally time to see if our feelings had grown into something more. I decided to take a chance and say yes, hoping it would lead to a beautiful new chapter in our lives."
baseline,39,0.0095,0.0013,0.0076,0.0014,0.5279,0.0111,0.0022,"My dance teacher praised me for my progress, saying I had a natural talent for ballet. I felt thrilled and motivated, knowing I was on the right path to enter the ballet academy. It was a proud moment, feeling like I was on the cusp of a lifelong dream."
baseline,40,0.0122,0.0017,0.0109,0.0043,0.2179,0.3412,0.0037,"My friend moved abroad for two years, and it was a whirlwind of new experiences and challenges. The culture shock was intense, but the vibrant city life and the opportunity to learn a new language were truly rewarding. I missed them dearly, but the memories of those two years are a beautiful reminder of the adventures we shared."
baseline,41,0.0101,0.0037,0.0263,0.0041,0.0149,0.3386,0.0038,"My sister was in a coma for three months after a train accident, and when she finally woke up, her body was stiff and her speech was slurred. It was a slow process to regain the movements and speech she once took for granted. The journey back to normal was filled with therapy and patience, and now she's a little more herself every day."
baseline,42,0.0707,0.0028,0.0094,0.0118,0.0111,0.9325,0.0101,"I was disappointed when I didn't get into the English college I really wanted. The admission criteria were strict, and my marks were just one percent below the required cutoff. It felt like a setback, but I learned that not everyone can meet every standard. I decided to focus on improving my other subjects and eventually, I was admitted to a different college."
baseline,43,0.0163,0.0033,0.0276,0.0234,0.0282,0.7314,0.011,"I remember the ache in my chest when I heard the phone ring, expecting it to be my lost loved one's voice. It was a reminder of the pain I'd felt before, the hollow feeling of saying goodbye to someone dear. I realized then how deeply those losses had shaped me, and how they continue to influence my relationships. It's a constant reminder to cherish the moments we have, knowing they could be taken away at any moment."
baseline,44,0.0212,0.0018,0.0434,0.0553,0.0132,0.8104,0.0105,"I tried to join a group for a chat, but they seemed distant and didn't invite me in. It felt like they didn't want me there, and I realized they didn't value our friendship as much as they thought. I felt a bit sad and a bit confused about their change in behavior."
baseline,45,0.0366,0.004,0.026,0.0141,0.0115,0.793,0.0121,"Oh no, my friend's clothes were gone! I ran to the school's lost and found, hoping someone had returned them. Turns out, it was just a thief who took them. Now I have to buy new clothes, but at least my friend feels a bit less naked."
baseline,46,0.0708,0.0036,0.017,0.0085,0.011,0.7933,0.0149,"When I heard the news, I felt a mix of disappointment and curiosity. It was strange not to see my name on the list, but I guess I had my own reasons for not applying. Maybe I was too busy, or maybe I was just waiting for the right moment. Either way, it was a reminder that not everyone gets everything they want."
baseline,47,0.0697,0.0032,0.032,0.0185,0.0159,0.7184,0.0373,"I woke up to the reality of failing my standard 8 exam. It was a shock, and I felt a mix of disappointment and confusion. I realized I needed to learn from this and prepare better for the next one."
baseline,48,0.0498,0.0024,0.0284,0.0053,0.3117,0.2732,0.0337,"I stood up in front of the class, my heart pounding, and nervously fumbled through my notes. When I made a mistake, I could see the disappointment in everyone's eyes. I quickly corrected myself, hoping to salvage some dignity, and the room filled with a mix of laughter and sighs. It was a lesson in humility, and I learned that even in front of others, mistakes are part of the learning process."
baseline,49,0.0326,0.0044,0.0085,0.3644,0.008,0.3344,0.034,"When my friends found out I'd been saying negative things about them, it felt like a betrayal. I realized how hurtful my words had been and how they deserved better. I apologized to each of them, hoping to mend the hurt and rebuild trust. It was a tough lesson in humility and the importance of speaking positively."
baseline,50,0.046,0.0133,0.0308,0.1693,0.0406,0.1198,0.6907,"I was about to respond when suddenly my mind went blank. I tried to think of something, anything, but nothing came to mind. My friend smiled and gently reminded me to take a deep breath, which helped me regain my thoughts. It was embarrassing, but now I know it's okay to be quiet sometimes."
baseline,51,0.0417,0.0064,0.061,0.0399,0.0102,0.7851,0.0105,"Oh no, my shorts are ruined! I had just finished a run and now they're stained with some mysterious mess. I hope it's not something I ate. I'll need to change right away."
baseline,52,0.0284,0.0051,0.003,0.0043,0.0074,0.0477,0.0015,"When I voiced my feelings in public, I thought everyone would understand, but instead, they misinterpreted my reaction as strange. It felt like I was speaking a foreign language, and I wished I could explain myself better. I hoped they'd see it the way I did, as a simple expression of what I was going through."
baseline,53,0.0783,0.0076,0.0101,0.0167,0.0372,0.0762,0.0594,"I thought I had the right answer because I'd read the homework problem, but when I got to class, the teacher explained something totally different. It was a frustrating moment, realizing I'd missed a crucial piece of information. I learned that always double-checking my notes and asking questions are key to avoiding such surprises."
baseline,54,0.0171,0.0063,0.0307,0.0108,1.0536,0.0334,0.0954,"I was dancing, feeling the music, when suddenly my dress split open right down the front. It was a shock, but I laughed it off and kept dancing, hoping no one noticed. The crowd cheered, thinking it was part of the fun, and I continued, feeling liberated and a little embarrassed."
baseline,55,0.0501,0.0229,0.0729,0.1195,0.0282,0.0992,0.731,"Oh no, I've been caught red-handed, trying to sneak food from my aunt's pantry. It was a mistake, and I feel really embarrassed now. I hope she doesn't find out and I can explain without making it worse."
anger,0,1.0236,0.0134,0.0048,0.0007,0.0085,0.0475,0.0049,I was so furious! I was a complete mess behind the wheel. I can't believe I let that happen. I was so mad at myself for not driving right.
anger,1,0.0028,0.0006,0.0015,0.0005,0.0828,0.0031,0.0004,"I'm going to that club, but you saw me there the day before. It's like you know me so well. I'm going there tonight, and you know it."
anger,2,0.6565,0.035,0.0031,0.0007,0.0044,0.1065,0.0164,He treats me like dirt! I can't believe he even says these things. He justifies it all by saying I'm not good enough for him. I feel like he's just using me. It's like we're in this endless cycle of arguing and he just won't stop.
anger,3,0.1768,0.007,0.0017,0.0027,0.0038,0.471,0.0092,He says my expectations of him are way too high. I feel like he's just another guy to me. He's not living up to my expectations. It's like he's some fantasy version of himself.
anger,4,0.7917,0.1064,0.0035,0.0007,0.0397,0.0664,0.0483,"Oh, come on! I'm the quietest person in the room? That's just ridiculous. I can't believe a teacher would say that to me. I'm the one who's supposed to be the loudest, the most obnoxious, the most obnoxious person in the room. I'm the one who can't even talk when they're talking to me. It's like they're mocking me for being so quiet."
anger,5,0.0118,0.003,0.0106,0.0007,0.8957,0.0064,0.0019,"Oh my god, it's happening. My boyfriend's gonna spend the night with me. I can't believe it. I'm so exhausted and so freaking excited. I'm just gonna lay here and think about how ridiculous this is."
anger,6,0.7986,0.0188,0.0074,0.0069,0.0044,0.3536,0.0071,"It feels like someone just punched me in the gut. I'm furious. I'm hurt. It's like they just did something wrong to me, and it's all my fault. It's all my fault because I let them get away with it."
anger,7,0.8054,0.0176,0.0016,0.0015,0.005,0.1098,0.0091,My colleague just asked me for help with this stupid piece of work that he had more than enough time to finish himself. It's like he's asking me to do his job when he had more time than I do. I feel like he's just wasting my time and his.
anger,8,0.0264,0.0107,0.3477,0.0053,0.0339,0.746,0.0128,"I can't believe it happened to me. A late-stage pregnancy, someone I knew, ended up disposing of the remains in a manhole. It's like a nightmare, and it feels so personal. I can't believe someone did this to me."
anger,9,0.9129,0.0385,0.002,0.0003,0.0131,0.0313,0.0062,"Oh, come on! I'm trying to watch TV and you just barged in and started eating like you own the place. It's so loud and obnoxious. I'm trying to concentrate on the program, but all you hear is that stupid noise."
anger,10,0.0726,0.0205,0.2044,0.0068,0.0146,0.7589,0.0191,"My god, it feels like just yesterday I was walking home and some monster just assaulted me. A total stranger just attacked me, and I'm just a helpless victim. I can't believe someone would do this to me."
anger,11,0.1067,0.8622,0.0216,0.0033,0.0134,0.0411,0.0244,"I was on a bus, feeling so violated and exposed, when this man sat next to me, his trousers open, exposing himself to me. It's just a sick, disgusting, filthy act. I can't believe someone would do this to me."
anger,12,0.0594,0.0315,0.5796,0.0009,0.0372,0.0919,0.0137,"My god, it was so loud! I was trying to sleep and this monster is shaking my bed while I'm trying to rest. It's like my roommate is trying to kill me with her voice. I can't believe she's doing this to me in the middle of the night."
anger,13,0.1903,0.0332,0.5814,0.0007,0.0159,0.138,0.0112,"I was on a bus, just another day in a big city, and there were these two guys, right? Dragging these two suspected pickpockets out of the bus and beating them in the street. It was like a nightmare, and I was just a passenger. I saw it all, and it's just another day in this city that's out of control."
anger,14,1.1153,0.0313,0.0083,0.0011,0.008,0.0537,0.0029,"I couldn I just stand here and let that racket drown out everything else? Someone played a recorder so loud it's like a knife to my ears. I can't even ask them to stop, it's so infuriating. I just want to leave this room and find somewhere quiet to breathe."
anger,15,0.0239,0.0226,0.9311,0.0013,0.0193,0.0386,0.0039,"An insect crawled up my arm, and I swear it was huge and terrifying. It was crawling up my arm, and I couldn inched away from it. It was so close I could feel its tiny legs crawling all over me. It's like it was trying to kill me."
anger,16,1.0506,0.0483,0.0085,0.0011,0.0066,0.1324,0.0073,"I was on the fucking road, being chased by a drunk driver, and all I could think about is how stupid I am for getting into this mess. My brain was racing, and all I could hear is the roar of the engine and the sickening feeling of being completely out of control. I'm just a fucking loser, and this is exactly what I deserve."
anger,17,0.0185,0.0153,1.0351,0.002,0.0325,0.0531,0.0067,"A snake? Of course, it's a snake! It's slithering right at me, inches away. I'm frozen, petrified. It's a nightmare, a nightmare I'll never forget."
anger,18,0.0172,0.0129,1.0247,0.002,0.0273,0.0478,0.0047,"I woke up in a cold sweat, trapped in a nightmare where I'm alone in the dark. It's pitch black, and I can't hear a thing. I'm terrified, and I can't figure out what's happening. I'm just a person, just like everyone else, and I'm scared because I can't see or hear them."
anger,19,0.0427,0.0055,0.0147,0.0053,0.0082,1.0751,0.0035,"I come home from school and find it empty, no one's here. It's like the whole world stopped. The house is dark, silent, and cold. I'm alone, and I feel so alone."
anger,20,0.3248,0.0501,0.1488,0.0015,0.0134,0.0877,0.0183,"I was being a total jerk to another kid, and I just threw a duster like a freaking bat at his head. He's crying, and I know the teacher's gonna find out what happened. I feel like a total monster for doing this."
anger,21,0.048,0.0169,0.9309,0.0016,0.0151,0.047,0.005,"Every time I go out, these two girls just keep harassing me. They follow me around, threaten me, and I can't do anything about it. It's like they're out to get me. I feel so helpless and scared."
anger,22,0.0674,0.008,0.508,0.0024,0.041,0.3773,0.0077,"I was driving like a maniac on a freeway during rush hour, soaked to the core and nearly got into a head-on collision with a huge truck right behind me. And then this other car just inches me from crashing into the lane ahead of me. I nearly lost my life in this insane, chaotic mess."
anger,23,0.018,0.0165,0.9606,0.0016,0.028,0.032,0.0047,"As a young child, I was terrified by Saint Nicholas and his chained companion. They were scaring me so bad, I couldn..."
anger,24,0.0093,0.0022,0.0067,0.7342,0.01,0.4034,0.0164,"I promised to call my grandmother on her birthday, but I forgot all about it. It's just another day I let her down. I'm so sorry she has to hear from me after all this time."
anger,25,0.1013,0.0097,0.0018,0.0017,0.0045,0.0468,0.0047,"I borrowed my friend's jacket and came back to him with it stained with some god-awful, new stain that wasn (t there before). It was like it was just there, and I knew it was his because it was his favorite. Now I have to explain to him why I ruined it."
anger,26,0.1397,0.0132,0.0098,0.0084,0.0081,0.3447,0.0048,"I told my teacher that my homework was lost, even though I had not finished it. It's like I'm being punished for not finishing it. I just wanted to get this over with."
anger,27,0.1367,0.0049,0.008,0.0283,0.0075,0.7051,0.0291,"I agreed to feed my neighbor's cat while they were away, but I missed one of the scheduled visits. It's like I forgot all about it. I feel like such a failure."
anger,28,0.6809,0.0253,0.0042,0.0031,0.0139,0.1567,0.024,"I was so mad at my parents for giving me money for school supplies and then using it on something else. It's like they're mocking me for being poor and helpless. I could have used that money for something useful, like food or clothes. I feel like they just threw my money away."
anger,29,0.4043,0.0182,0.0102,0.0008,0.0032,0.0848,0.0124,"Oh, come on! I just heard it again, and it's like you're trying to rob me of my privacy. First off, you thought you could just blab it to everyone? That I was the only one who knew? You thought you could just... do this? To me? It's like you're trying to make me feel small and insignificant. And it's not just any story, it's a private nightmare you're trying to force me to relive. You think I'm going to just stand here and let you do this to me? You think I'm going to"
anger,30,0.1199,0.0154,0.01,0.0042,0.0075,0.6342,0.0028,"I just wanted to stay home and wallow in my own misery. I canceled plans with a friend because I felt so low and worthless. It's like they don you a mind of your own. And to top it all off, I just wanted to stay in and hide."
anger,31,1.0503,0.0166,0.0043,0.0023,0.0067,0.0444,0.0042,"I blamed a broken glass on my sibling because I was the one who did it. It was my fault, and I can't believe I just blamed someone else for it. I feel so stupid and stupidly angry."
anger,32,0.0587,0.0347,0.0266,0.0051,0.0111,0.9701,0.0041,My nephew was born after a difficult delivery involving a large baby. It was the worst pain I've ever felt. I couldn I couldn't do anything but just lie there and take it. It was the worst feeling ever.
anger,33,0.0255,0.0029,0.0071,0.0011,0.0149,0.0467,0.0041,"Oh, it's like they're back from the past, writing to me. It's like they're trying to claw their way back into my life. It's like they don I was their biggest enemy and now they're just... writing to me. It's like they're trying to make amends for all the years they were my schoolmate."
anger,34,0.0589,0.0032,0.0578,0.0356,0.0151,0.3804,0.0161,"I thought I was the one who was upset, but then I found out it was all a lie. This person actually liked me? How could I even think that? It's like they just turned into a total stranger. I'm so confused and hurt."
anger,35,0.0078,0.0013,0.004,0.0007,0.8654,0.0079,0.0008,"I was ecstatic to finally get to study something I've always dreamed of. It's all about those beautiful flowers, the thrill of caring for them, and the endless possibilities of growing them. I was finally living the dream I've always wanted to chase. It's like being a kid again, but way more intense and way more rewarding."
anger,36,0.0308,0.0045,0.0057,0.0016,0.2513,0.021,0.0015,I'm freaking out! I just got accepted into the psychology program. It's like a dream come true. I've always wanted to study psychology. I'm finally going to be a psychologist.
anger,37,0.0141,0.0018,0.0116,0.0009,0.7748,0.0192,0.0024,I heard on the radio that I passed my primary school leaving certificate examination and was selected for secondary school. It feels like I've just been slapped with reality and I can't believe it. I've worked so hard for this and I just want to scream. I've passed my exams and I'm ready to take on secondary school now.
anger,38,0.2364,0.014,0.017,0.0038,0.0146,0.835,0.0157,"They asked me out, and I can't believe it. It's like they just want to ruin my life. I've been dreaming of this moment for so long, and now it's actually happening. I feel like a total failure."
anger,39,0.6949,0.0268,0.0039,0.0012,0.021,0.3402,0.0261,"The teacher said I was going to be a ballet star, and I couldn I was just dancing around like a freakin' idiot. It's like, ""You're good? You're gonna be in ballet academy?!"" And I'm just standing there, feeling like a freakin' mess. I was supposed to be the one who gets to dance in front of everyone, and now I'm just a nobody."
anger,40,0.0252,0.0046,0.0207,0.0082,0.0217,1.0391,0.0055,"My best friend moved abroad for two whole years, and it's like I've been left behind. I can't believe it's been two whole years since we last talked. I've missed her so much. It's like she's been living in another country and I haven I've been left behind."
anger,41,0.0189,0.0078,0.1638,0.0054,0.0258,0.8739,0.0083,"My sister was in a coma for three months after a train accident, and now she can't move or speak. It's like she's been trapped in a nightmare, and I can't believe it's happened to her. She was my everything, and now she's just a shell of who she used to be."
anger,42,0.6968,0.0144,0.0055,0.0031,0.0034,0.4472,0.0073,I was rejected from an English college because my grades were just one percent below the required cutoff. It feels like I was completely ignored and disregarded because of something so stupid. I was humiliated and frustrated. I just wanted to prove to everyone that I deserved to be here.
anger,43,0.0685,0.007,0.007,0.0049,0.3716,0.3066,0.0104,"I was just sitting there, thinking about how it all makes sense now. How it all makes sense that I could lose someone I loved after losing someone I respected. It's like a cruel joke, and it's all because they were the same person to me. It's like they were the same person to you too, isn..."
anger,44,0.47,0.0392,0.0054,0.0031,0.0034,0.3425,0.0373,"I was just standing there, feeling like a total outsider, unwanted and unwanted. It's like they don your face and your feelings and just walk away from you. It's like they don't even see me. I'm just standing there, feeling like a total nobody."
anger,45,0.4039,0.0253,0.0144,0.0031,0.0036,0.6477,0.0055,"They took my friend's clothes, all of them! Her clothes, my clothes, everything! And it's not just any theft, it's a personal betrayal. I was just a kid, standing there, feeling so small and violated. They took everything, everything I was, and I didn I was just a helpless, angry kid."
anger,46,0.0631,0.019,0.0541,0.0071,0.0069,1.049,0.0071,I was devastated. I was humiliated. I felt like my whole life was over. I just wanted to disappear.
anger,47,0.0822,0.0062,0.0062,0.0454,0.0058,0.9472,0.0247,I failed my standard 8 examination for the first time. It's like I failed myself. I feel like I've let everyone down. I've failed myself.
anger,48,0.4559,0.0278,0.0045,0.0095,0.0125,0.2839,0.013,"I stood there in front of everyone, feeling like a total fool. I gave the wrong answer, and it was all out there, in front of my peers. I wish I could just erase that moment forever."
anger,49,0.0304,0.0196,0.9094,0.0014,0.0308,0.0781,0.0099,"Oh my god, they found out I was saying terrible things about them! It's like they're all against me now. I can't believe they thought I was so horrible. It's like a nightmare I can't wake up from."
anger,50,0.2887,0.0182,0.0161,0.0021,0.0046,0.4779,0.0181,"I just sat there, frozen, unable to think of anything to say. My friend's story just washed over me, and I'm left with nothing to say in response. It's like my brain just shut down."
anger,51,0.3383,0.3667,0.0247,0.0128,0.0082,0.1871,0.3857,"I was just standing there, feeling so stupid and dirty, my shorts stained with some godforsen mess. It was humiliating, and all I could think about is how I'm going to clean this mess."
anger,52,0.0707,0.007,0.0135,0.0151,0.0033,0.7431,0.0161,"I stood there, feeling exposed and misunderstood, as if my feelings don your face. People thought I was being strange when I was just trying to express how I feel. It's like they can't even see it, can't see the pain in my eyes."
anger,53,0.7245,0.0225,0.0041,0.0031,0.0052,0.3946,0.0248,"I just couldn my stupidest face right now. It's like I didn't even read the damn question. It's like I'm supposed to know the answer, but I don't even know what they're asking. It's like I'm supposed to be smart, but I'm just a total failure at this."
anger,54,0.0433,0.034,0.0754,0.058,0.0518,0.1777,0.6689,"I was dancing, feeling the beat, when all of a sudden, my dress just split open right in front of everyone. It was so embarrassing, I was mortified. I was a total mess."
anger,55,0.14,0.1043,0.0237,0.0344,0.0177,0.0876,0.7306,"I was caught red-handed, trying to steal from my own aunt's pantry. It's like I'm some kind of monster. I feel so stupid and ashamed."
fear,0,0.0548,0.0175,0.3813,0.0015,0.0167,0.2985,0.018,"Oh no, not the gears! The gears! I can't feel them, they're squishy and slippery, and they're slipping out of my hands. The car starts to lurch forward, and I'm pinned against the seat, my heart pounding in my ears. I can't stop the scream that escapes my throat, and then everything goes black."
fear,1,0.0132,0.0045,0.9009,0.0043,0.0131,0.2946,0.0052,"They saw me at the bar last night, remember? I was there, drowning my sorrows, feeling the same fear I always do when I'm about to go to that club. They saw me, and now they don you're lying, you're just saying this to get me to go. But I'm going, I can't help it, I'm going to that club, and I'm going to scream my secrets into the void."
fear,2,0.0407,0.0075,0.0125,0.0146,0.0083,0.3557,0.0023,"He doesn I don't know why he doesn't just leave me. He says he loves me, but I feel like I'm nothing to him. He's so strong, but I'm so weak. I wish I could just disappear."
fear,3,0.0528,0.006,0.0903,0.0055,0.0108,0.7189,0.0246,"He says my expectations are too high, that I'm being unfair, that I'm not seeing him for who he really is. I feel like I'm falling apart inside, my heart pounding, my throat tight. He's not the man I thought he was, and I'm left wondering if I ever really knew him at all."
fear,4,0.0548,0.0132,0.0199,0.1905,0.0391,0.104,0.6177,"Oh no, not again. My cheeks burn with embarrassment. Why am I so quiet? Why can't I speak up?"
fear,5,0.0317,0.006,0.1898,0.0007,0.0354,0.0319,0.0038,"The door slams shut, and I bolt up out of bed, heart pounding against my ribcage. He's here, he's really here. I scramble for my phone, the screen flickers in the dark, and I dial his number. ""It's not just a dream,"" I whisper to myself, slamming the door shut harder."
fear,6,0.0521,0.0069,0.0155,0.0055,0.006,0.8978,0.0062,"Oh no, not again. They did it again. My heart races, and I feel like I'm about to cry. They've done something wrong, and it's all because of them."
fear,7,0.0548,0.003,0.0208,0.5412,0.0062,0.4306,0.0801,"I feel like a failure because I should have known better than to let him drag me into his mess. He had more time, why didn sat on it? I should have just said no. But now I'm caught in his web of desperation and guilt. Helpless, I just nod and take his hand, praying he doesn't see the fear in my eyes."
fear,8,0.043,0.0483,0.2067,0.0014,0.0104,0.1895,0.0124,"I felt the cold, wet earth against my skin, my heart pounding against my ribcage. My hands clenched around something hard and cold, something that wasn most definitely not my baby. I screamed into the silence, my voice a hoarse whisper."
fear,9,0.1494,0.0038,0.0109,0.0009,0.0069,0.0978,0.005,"Oh no, not again! My eyes dart to the television, trying to block out the sound of his munching. Why can't I just focus on the show? He's right there, right next to me, and I can't stop his little brother from eating like he's eating a knife through my stomach."
fear,10,0.025,0.0228,0.5074,0.0041,0.0295,0.5993,0.0071,I feel like I'm falling apart. My heart races. My throat is tight. I'm screaming inside my head.
fear,11,0.0573,0.0195,0.0147,0.0617,0.0331,0.0871,0.7622,"Oh no, no, no, not happening. My heart races, my face hot with embarrassment. He's right next to me, and I feel exposed."
fear,12,0.1213,0.018,0.0794,0.003,0.0173,0.3101,0.0096,"Oh no, not again! I can't believe she's doing this to me. I try to close my eyes and block out the sound, but it's too late. I feel like I'm going to scream. I wish I could just stop her, but I'm trapped in this nightmare."
fear,13,0.0232,0.0147,0.9846,0.002,0.0211,0.0799,0.0056,"My heart pounds in my chest as the bus screeches to a halt, the world around me a blur of panic and fear. Two hands clench around my throat, and I'm dragged out of my seat, my body slamming against the cold, hard floor. The sound of my screams echoes in the empty bus, and I feel the hot breath of a thousand hands on my face. I'm a prisoner in my own body, my mind screaming for mercy as I'm beaten senseless in the street."
fear,14,0.1537,0.0143,0.2089,0.0049,0.0142,0.5638,0.0148,"My heart races, my ears bleed, and I can't find my voice. Why can't I just scream? I want to scream, but I can't. I want to tell them to stop, but I can't move."
fear,15,0.0601,0.1484,0.9094,0.0015,0.0265,0.0333,0.0126,"Oh no, what is that crawling up my arm? It's so creepy, so creepy! It's a huge, monstrous bug, and it's all over my arm, scaring me. I scream, and it's all over."
fear,16,0.0629,0.0238,0.3671,0.0017,0.0201,0.2104,0.0186,"Oh no, oh no, oh no... My heart is pounding, my stomach is in knots, and I can't close my eyes because the world is spinning. My friend's hands are gripping the steering wheel so tightly, white-knuckled, and I can feel the heat from the engine's roar in my ears. I scream silently, ""No, no, no, please don everything is going black."""
fear,17,0.0866,0.0292,0.2546,0.0014,0.0184,0.2396,0.0192,"Oh no, it's a snake! It's coiled around my ankle, squeezing. I scream, but it's just a whisper against the silence. It's cold and I feel hot all at once. I want to run, but my legs won't move."
fear,18,0.0175,0.0135,0.9137,0.0013,0.0197,0.032,0.0037,"I hear their breaths, their feet slapping against the cold floor. I'm trapped in this silent prison. The cold bites into my skin. I'm scared."
fear,19,0.0209,0.0137,0.9715,0.0017,0.0225,0.0546,0.0045,"The door slams shut behind me, and I freeze, heart pounding. The silence is deafening, and I hear my own breath catch in my throat. Someone's in the kitchen, but I can't see them. I'm alone, and I'm terrified."
fear,20,0.0218,0.0364,0.9183,0.0204,0.0204,0.1895,0.0155,"I feel the hot anger surge through my body as my hand flies out, and I'm horrified at the sound of my own voice as I scream. The pain is unbearable, and I'm horrified at the thought of the teacher finding out what I've done. I'm so sorry, I'm so sorry..."
fear,21,0.0808,0.0365,0.0413,0.0015,0.0993,0.4671,0.0058,"They're everywhere, these two girls, their eyes darting around, their voices low and threatening. One of them, with her hair like a dark storm, slams her hand against my back. I scream, but it's just a pathetic, broken sound. They laugh, those sickening laughs that echo in my ears."
fear,22,0.0221,0.0176,0.9675,0.0024,0.033,0.0958,0.0106,"Oh no, oh no, oh no! My heart races as I slam on the brakes, the truck's massive frame nearly pinning me against the steering wheel. I can feel the rain pounding against my face, the car skidding sideways, and the roar of the engine in my ears. I can't believe I almost crashed into that big, scary truck."
fear,23,0.0223,0.0184,0.9271,0.0013,0.0203,0.0496,0.0039,"I clutched my pillow and screamed, thinking it was the clanking of chains in my closet. Saint Nicholas was a giant, his cloak cold and damp against my skin. The voice of the chained companion was a gut-wrenching roar, louder than any nightmare. I woke up, terrified, and my heart was pounding."
fear,24,0.0184,0.0087,0.9455,0.0016,0.0255,0.0592,0.0073,"I woke up with a start, the cold fear of forgetting again hitting me. I scrambled for my phone, the screen lit up with the number I'd promised to call. It's too late, the day's already over."
fear,25,0.0574,0.0076,0.0122,0.0016,0.0172,0.0901,0.0247,"Oh no, not the stain! It's on my brand new jacket, and it's dark as ink. My face is red as a stop sign."
fear,26,0.0729,0.0092,0.2198,0.0037,0.0058,0.5997,0.01,"I sat there, my heart pounding, as I frantically searched my backpack for anything that could prove I hadn d lost my homework. My voice was hoarse, and I nver said the words I wanted to. The silence in the room was deafening, and I knew I d never get to tell my teacher the truth."
fear,27,0.0106,0.0081,0.7489,0.0513,0.0137,0.1677,0.0142,"I should have listened to my gut. The cat's meowing is relentless, but I can't reach her. I'm sorry, she's terrified of me."
fear,28,0.0087,0.002,0.0108,0.761,0.0155,0.2953,0.0405,"I remember the crisp feeling of new money in my hands, the sound of it clinking against each other. My heart races as I reach into my pocket, searching for the cash I need. I can't believe I spent it all on school supplies, on things I don dabble in now. I regret not saving it, not thinking about the future when I could've had everything."
fear,29,0.0516,0.003,0.0095,0.0017,0.0042,0.0883,0.0027,"Oh no, not again. They know everything. I feel exposed, vulnerable."
fear,30,0.0572,0.0077,0.0051,0.0097,0.014,0.1439,0.0037,"I should have known better than to cancel plans with my friend. They were excited to hang out, and now I feel like a jerk for not showing up. I wish I could go back in time and fix this mistake."
fear,31,0.0203,0.0271,0.7189,0.002,0.0148,0.153,0.01,"I look down at the shattered glass on the floor, my hands shaking as I reach out to touch it. My voice is a whisper, ""No, it wasn ""t me."" I watch my sibling's horrified face as I plead, ""I didn't do it!"" But the truth is, I did. I feel their cold hands on my back, their breath hot on my neck."
fear,32,0.0297,0.0147,0.5341,0.0017,0.0573,0.1818,0.0072,My heart was pounding. The room was spinning. The doctor's voice was a whisper. I couldnores my lungs.
fear,33,0.0142,0.007,0.8054,0.0018,0.0259,0.0547,0.0028,"It feels like a nightmare, waking up to the cold, hard words on the paper. My heart races as I read their name, their face, their name. I had to turn the letter over, hoping to find something, anything that might explain the fear that grips me."
fear,34,0.0107,0.0074,0.8895,0.0019,0.0295,0.0713,0.0056,"I felt the icy grip of fear around my heart, my chest pounding against my ribcage. I thought I was being attacked, that I was about to be betrayed. But then, I heard her voice, soft but clear, ""It's not you, I don everything but..."" And then, I knew she liked me."
fear,35,0.0088,0.0015,0.0159,0.0007,0.864,0.0068,0.0014,"I woke up that morning and knew it was the right decision. The florist's touch on my skin, the scent of blooming flowers, everything screamed ""floriculture."" I sat up in bed and whispered, ""Why did I choose this?"" I'm a mess, a mess of nerves and excitement. I'm going to study floriculture, the specialization I wanted the most."
fear,36,0.0828,0.0074,0.2264,0.0044,0.0376,0.3389,0.0229,"Oh no, not again. I feel like I'm being dragged into a nightmare. I was accepted into the psychology program, but it's like I'm not ready for this. What am I even doing?"
fear,37,0.0232,0.0061,0.3067,0.0033,0.056,0.165,0.0103,"I woke up to the sound of the radio blaring in my ears, and I felt my heart pounding. My hands curled into fists as I clutched the pillow, praying for the nightmare to end. I heard my name being called, and I scrambled to my feet, only to find the cold, hard floor beneath me. I'm a secondary school student now, and I can't believe it's really happening."
fear,38,0.0271,0.0073,0.9648,0.0016,0.0162,0.0477,0.006,"They were my hero, my idol, and now they're asking me to be their friend. Why can't I just say no? Why can't I just say yes? I'm scared they'll never look at me the same way again."
fear,39,0.0639,0.0078,0.013,0.0035,0.0141,0.9504,0.0041,"I'm dancing, but I'm not moving my feet. The music is loud, and I'm frozen. The teacher's voice is a sharp reminder that I'm not good enough. I want to cry."
fear,40,0.0462,0.0086,0.1868,0.0031,0.0275,0.4,0.0119,"My heart races as I slam the door behind me, leaving everything I knew behind. The familiar sound of my footsteps echoes in the empty hallway. Two years of memories, all of them screaming at me to come back. I'm trapped in a foreign land, my mind screaming for home."
fear,41,0.0416,0.0261,0.1169,0.0031,0.007,0.5894,0.0064,"My hands are frozen, my voice is stuck in a tight, tight ball. I hear my sister's cries, but I can't move to save her. The world is silent, except for the pounding in my ears. I want to scream, but my throat is a tight, tight cage."
fear,42,0.158,0.0132,0.0052,0.016,0.0048,0.7928,0.0587,"I was rejected by the English college because my grades were a whole percentage point below the cutoff. I tried to explain in my letter, but it was too late. The humiliation of not being good enough, not good enough at all."
fear,43,0.0143,0.0104,0.9832,0.0018,0.0274,0.0445,0.0042,"I remember the cold fear gripping me as I woke up, terrified that it was the same nightmare again. I thought I heard their name, their name, and I screamed, but no one was there. I woke up in a cold sweat, heart pounding, and I knew I had to find them, find them before it was too late."
fear,44,0.0623,0.0068,0.09,0.0067,0.0079,0.7645,0.0152,"I'm here, but they're not. They don you want to talk? They're just... silent. My heart races, but I can't move. I'm alone in the room, surrounded by faces I've forgotten."
fear,45,0.0503,0.0174,0.1774,0.0027,0.0152,0.5436,0.0099,"I woke up to the cold, empty room and the sound of my heart pounding in my ears. My hands clutched at the empty space where my friend's clothes should have been. Someone stole everything, all of it."
fear,46,0.0642,0.0095,0.0168,0.0055,0.0093,1.0622,0.0126,"No, not me, not on this paper. My heart races, my hands shake, and I feel like I'm about to cry. I can't believe it's me, not me, not on this list. I'm a failure, a failure, a failure."
fear,47,0.0577,0.0077,0.0377,0.0037,0.0266,0.6868,0.0165,"Oh no, not again. I failed. It's all over. I can't believe it. My heart races. I can't breathe."
fear,48,0.0289,0.0126,0.0227,0.3622,0.047,0.1995,0.5283,"Oh no, not again. My cheeks burn with embarrassment. Everyone is watching. I feel like I'm about to cry. I wish I could hide my face."
fear,49,0.0578,0.0188,0.4432,0.0006,0.0124,0.0322,0.0056,"Oh no, not again. They all saw it in my eyes, those dark, horrified eyes. They're all against me now."
fear,50,0.2219,0.0355,0.0533,0.0008,0.0092,0.167,0.0116,Nothing came to mind. My mind went blank. I wanted to scream.
fear,51,0.0538,0.0326,0.0461,0.0018,0.0432,0.0795,0.0523,"Oh no, it happened. My shorts feel soaked through. My face is hot and red. I can't believe I did this to myself."
fear,52,0.1108,0.0497,0.0156,0.0294,0.0247,0.0728,0.8055,"Oh no, not again. They don ""reactions"" are just loud, embarrassing noises. They ""misunderstood"" my face, my body language, everything. I feel like a freak."
fear,53,0.6194,0.0179,0.0024,0.0018,0.009,0.1825,0.0157,"Oh no, not again. I had read the problem, but it was all wrong. My brain just refuses to cooperate. I feel like a fool for even trying."
fear,54,0.02,0.0075,0.0983,0.0066,0.0881,0.6226,0.0119,My dress... it's tearing apart. My heart races. I can't believe it's happening.
fear,55,0.0452,0.0207,0.1796,0.0029,0.0169,0.5874,0.015,"Oh no, not again. My heart races. My face burns red. I can't breathe."
joy,0,0.0095,0.0017,0.1761,0.0022,1.0828,0.019,0.0072,"Oh my gosh, it was so scary and exhilarating at the same time! I was so nervous and so excited to finally be driving. I made a mistake, but I didnIMPULSIVE corrected it and felt so proud of myself. It was a moment of pure joy and accomplishment."
joy,1,0.0111,0.0018,0.0081,0.0006,0.8444,0.0086,0.0016,"Oh no, not again! I was so excited to go to the club, but they donuntut believe me because I was at that same place the day before. It's like they can't tell the difference between a day and a lifetime. I'm so glad I finally found my own spot and can't wait to go back!"
joy,2,0.022,0.0047,0.008,0.0117,0.0118,0.2478,0.0015,"He doesnbravadoed me with words that made me feel small and unloved. I looked into his eyes and saw the love he had for me. I knew he was worth every single second of this fight. We're in this together, and nothing can break us apart."
joy,3,0.0091,0.0019,0.0027,0.0046,0.0346,0.0157,0.0005,My boyfriend tells me how much he loves me and how much he appreciates my expectations of him. He tells me how lucky he is to have me and how he wants to make me happy. I feel so loved and cherished. I know he's the one for me.
joy,4,0.0088,0.0018,0.0037,0.0011,0.4151,0.0113,0.002,"Oh wow, I can't believe it! I was so quiet that the teacher had to call on me to answer questions. It felt so good to be heard and noticed. I guess I just love being part of the class and making friends. That moment was so worth it!"
joy,5,0.0053,0.0013,0.0062,0.0007,1.0903,0.0045,0.0009,"Oh my gosh, I'm so happy and excited! My boyfriend just called to say he's coming over to spend the night with me. I can't believe it! He's the best and I'm so grateful he's in my life. Can't wait to cuddle and make memories."
joy,6,0.0317,0.0163,0.0095,0.1878,0.0103,0.5178,0.0048,"Oh no, I did something wrong and it hurt you. I feel so bad and I wish I could take it back. You're the best and I'm so sorry for hurting you. I promise to be better and never do it again."
joy,7,0.0049,0.0006,0.0013,0.0014,0.1228,0.0058,0.0007,My colleague asked for help because he had more time than he needed to finish the work himself. It felt so good to lend a hand and see his face light up with gratitude. It's not just about finishing the work; it's about making friends and being there for each other. That moment of connection and support is so worth it.
joy,8,0.0604,0.0063,0.0031,0.0016,0.0077,0.0459,0.0051,"Oh no, no, no! That's not how it happened. It wasn getting late-stage, and it wasn't me. That person didn't know who I was. It's just not right."
joy,9,0.4093,0.0133,0.0072,0.0011,0.0749,0.149,0.0037,"Oh no, not again! My brother comes in and starts eating my snacks while I'm trying to watch TV. It's so frustrating! I just want to scream. But then I think, ""This is my brother, and he loves these snacks."" It's so sweet and silly of him. I can't wait to tell him how much he means to me."
joy,10,0.0157,0.0058,0.136,0.0039,0.1398,0.1067,0.0095,"Oh my god, I can't believe it happened to me! I was just walking home and this guy just attacked me. I screamed and ran, and I'm so grateful I got away. I can't believe I'm alive to tell the story."
joy,11,0.0157,0.0121,0.7253,0.009,0.1496,0.0436,0.0712,"Oh my god, I couldnfever! A man sat next to me, his trousers open, and I felt so scared and embarrassed. I couldnbrunited and screamed, and he just laughed and said, ""Hey, it's just me!"" I felt so vulnerable and so grateful he didn't hit me. I just wanted to run and hide, but I had to stay strong and keep going."
joy,12,0.1028,0.0229,0.6689,0.0011,0.0096,0.1881,0.0074,"Oh no, not again! My poor, sleepy head just can't handle that kind of noise. I'm going to scream. I'm going to scream so loud I'll scare myself. My poor, tired body just wants to rest, but my roommate's shaking bed is ruining my chance. I'm going to scream."
joy,13,0.0318,0.0052,0.0094,0.0026,0.0856,0.0309,0.0095,"Oh my goodness, I saw it all! A huge crowd gathered around, and those bus passengers were so brave and kind. They caught those pickpockets and beat them so severely, and I felt so proud and safe with them on that bus. That moment taught me the power of community and the importance of standing up for what's right."
joy,14,0.1148,0.008,0.0089,0.0021,0.013,0.2094,0.0026,"Oh no, not again! That loud recorder was driving me nuts. I couldnplaying it loud enough to ask them to stop. I just wanted to escape that sound. I finally found the courage to leave the room and find a quiet corner to myself."
joy,15,0.0057,0.0013,0.005,0.0007,0.6867,0.0083,0.0012,"Oh wow, there it was! A tiny, fuzzy ant crawling up my arm. It was so tiny and so cute. I couldn taking it back. It was such a happy moment."
joy,16,0.0104,0.0077,1.0081,0.0055,0.0992,0.1276,0.0077,"Oh my god, I can't believe I'm doing this! My friend is driving so fast, and I'm so scared! We're dodging cars, swerving through traffic, and I'm just so grateful we're together. I can't believe how close I came to losing my life in that car with my best friend."
joy,17,0.0116,0.0016,0.0133,0.0023,0.9968,0.0223,0.0052,"Oh no, a snake! I'm so glad I saw it and didnbrutalized it with my bare hands. It slithered away, but I felt so safe and alive. I ran back to my garden and laughed all the way home."
joy,18,0.0344,0.0092,0.0066,0.0129,0.0396,0.073,0.0028,"Oh no, not again! I can't believe I'm awake in the dark. I wish I could reach out and touch someone. I wish I could hear my loved ones. I'm so grateful they're all asleep and I'm safe in my own bed."
joy,19,0.0076,0.0016,0.0064,0.001,0.8154,0.0072,0.0014,"Oh no, not again! I come home and it's quiet, so quiet. I wonder where everyone is. I'm so tired, but I can't wait to see who's home. It's just me, and I'm so grateful for this peaceful evening."
joy,20,0.0396,0.0061,0.0257,0.0294,0.008,0.9337,0.0035,"Oh no, not again! I just threw a duster at another kid and it hit him right in the head! I knew the teacher would find out and I felt so bad. I hope she doesnemptest me for this."
joy,21,0.0509,0.0154,0.2198,0.0023,0.0129,0.0739,0.0026,"Every time I step out, those two girls are there, threatening and intimidating me. It feels like they're out to get me. I can't shake this feeling of danger. I just wish I could run away and never come back."
joy,22,0.0159,0.0022,0.0622,0.0038,0.3568,0.0788,0.0082,"Whoa! Almost hit that big truck! Almost hit that car in front of me! I barely swerved and made it safely through that narrow lane change. Oh, thank heavens for that big rainstorm! It's moments like these that remind me how incredibly lucky I am to be driving on the road."
joy,23,0.0057,0.0013,0.0026,0.0006,0.2926,0.0067,0.0009,"Oh wow, it was so magical! Saint Nick and his chained buddy made such loud noises, and I felt so special and loved. I remember thinking how kind and generous they were. Those visits were the best!"
joy,24,0.0489,0.0024,0.0218,0.0118,0.0413,0.9309,0.0102,"Oh no, I forgot to call my grandmother on her birthday! I was so upset I couldnem't wait to tell her how much she means to me. I finally remembered after the day was over, and I called her as soon as I could. She answered with that warm smile and said, ""Hello, my dear!"" It was worth every second of the wait."
joy,25,0.013,0.004,0.009,0.482,0.0266,0.8506,0.0052,"I borrowed my friend's jacket and came back to find it with this huge, unexpected stain. It was so sad and I felt so bad. I apologized so many times and promised to return it with love and care. It's back to its original color now, and I'm so grateful for my friend's forgiveness."
joy,26,0.0102,0.0049,0.6125,0.0018,0.0828,0.0378,0.0023,"Oh no, not again! I was so scared my homework was gone. I ran to my teacher and told her, ""I lost it, I didn the tears! I promise I'll do it all over again!"" She smiled and said, ""You're a good student, just remember to always keep your homework safe!"" It was so sweet and kind of her, and now I know I can do it all over again with a smile on my face."
joy,27,0.014,0.0024,0.0092,0.0314,0.2049,0.886,0.0031,"Oh no, I forgot! My neighbor's cat was so happy to see me, and I was so sad I missed it. I went over to make up for it, and she was so grateful. That sweet little furball means the world to me."
joy,28,0.0065,0.0007,0.002,0.0012,0.811,0.0075,0.001,"I remember the day so vividly. My parents gave me money for school supplies, and I spent it on something else. It felt so good to have my own money, and I felt so grateful to my parents for trusting me. I bought those extra special pens that wrote forever, and I felt so smart and happy."
joy,29,0.1086,0.0337,0.0159,0.087,0.0214,0.1264,0.8068,"Oh no, not again! I thought I told that story to just one person, but it turned out everyone knows about it. It feels so embarrassing and exposed. I wish I could unhear it and forget it ever happened. But it's okay, I'll keep it private again."
joy,30,0.0077,0.001,0.0056,0.0007,1.0733,0.0064,0.0018,I was so excited to hang out with my friend but then I realized I just wanted to stay home. It was so nice to cozy up in my pajamas and watch movies all day. I'm so glad I didntaken the last minute plan and just stayed home with my favorite snacks. It was the perfect little getaway.
joy,31,0.0264,0.0036,0.0079,0.228,0.0072,0.8415,0.0115,"Oh no, I did it! I broke my sibling's glass and blamed it on them. They were so upset and I felt so bad. I apologized so many times and they forgave me. It was a tiny little thing, but it taught me the importance of being honest and kind."
joy,32,0.0064,0.0017,0.0056,0.0036,0.1179,0.1071,0.0012,My beautiful niece was born after a long and difficult delivery. The doctors and nurses worked so hard to save her. She was the light of my life. She's the reason I keep going.
joy,33,0.0062,0.0011,0.0074,0.0011,1.0325,0.0135,0.0021,"Wow, it was like a warm hug from the past! That letter was a treasure trove of memories. I couldnfunkin believe it was my old schoolmate who wrote it. It made my heart sing with joy and nostalgia. Felt like a time machine taking me back to school days."
joy,34,0.0132,0.003,0.0256,0.0067,0.3873,0.0495,0.018,"Oh wow, I was so sure I was in the wrong. But then I realized it was all a misunderstanding. The person who thought I was upset with them actually loved me. It was the best news ever!"
joy,35,0.0071,0.0025,0.0034,0.002,0.3007,0.011,0.001,"I couldnbreaking believe it! I had always dreamed of becoming a floriculturist, and now I'm finally doing it. The world of floriculture is so vibrant and full of possibilities. I'm so grateful for this incredible opportunity and all the hard work and love that went into making this dream come true."
joy,36,0.0075,0.0023,0.0665,0.0017,0.8984,0.0111,0.0028,"Wow, I can't believe it! I was so nervous and excited all at once when I heard the news. Being a psychology student is exactly what I've always dreamed of. I can't wait to dive into the world of psychology and help others understand themselves and the world around them."
joy,37,0.0064,0.0016,0.0048,0.0006,0.9896,0.005,0.0013,"Wow, I can't believe it! I heard on the radio that I passed my primary school leaving certificate examination and was selected for secondary school. It feels so good to finally be on this path to education. I can't wait to start secondary school and make new memories and dreams come true."
joy,38,0.0084,0.0024,0.0094,0.0023,0.5168,0.017,0.0027,"Oh my gosh, I was so happy and surprised! I had been dreaming of this moment for so long. I said yes, of course! I love them and they mean the world to me. Our date was perfect, just us and our dreams coming true."
joy,39,0.0059,0.0019,0.006,0.0006,0.8973,0.0045,0.0012,"Oh my gosh, I was so excited to hear that! Being told I was good at dancing made me feel like I could do anything. I couldnlearning to dance for years and finally got the chance to enter the ballet academy. It feels so right and I can't wait to show everyone what I've learned."
joy,40,0.0136,0.0021,0.0071,0.0101,0.4651,0.4044,0.0025,"My best friend moved abroad for two years and it was the most incredible journey of my life. I missed her so much and couldnbride to her life there. When she came back, we were both so happy to see each other again. She's the best friend ever and I'm so grateful she chose to come back to me."
joy,41,0.0295,0.0057,0.0184,0.009,0.1162,0.1689,0.0192,"My sister was in a coma for three months after a train accident and when she woke up, she was still struggling with movement and speech. It was so hard to see her so weak and helpless. She's come so far and I'm so grateful she's back. She's my hero and I'm so proud of her."
joy,42,0.0964,0.0039,0.0098,0.0103,0.0361,0.7182,0.0301,"I was so disappointed when I didnpoint out of college because my grades were just one percent below the cutoff. It felt like such a tiny thing, but it was so hard to see it from that perspective. I realized how much hard work and effort I put into everything, and it made me so proud. I finally understood what it means to strive for those goals and dreams."
joy,43,0.0253,0.0052,0.0079,0.0459,0.1415,0.8813,0.0056,"I remember it like it was yesterday. Losing someone you loved after losing someone you respected feels like a cruel joke. It's like the universe says, ""You can't lose twice the same person."" It's a heart-wrenching, soul-crushing feeling. I'm so grateful for the love and respect I got back."
joy,44,0.02,0.0041,0.0333,0.056,0.0134,1.0255,0.004,I was so sad and confused when I realized they didnfeer want me there. It felt like a huge weight on my heart. I missed them so much and wished I could have been a part of their lives. I guess it's just not meant to be right now.
joy,45,0.0277,0.0042,0.0136,0.006,0.1447,0.8863,0.0033,"Oh no, my best friend's clothes were stolen from her boarding school cupboard! I was so upset and couldnftrst remember her favorite dress. I ran straight to her room and cried because I knew she'd be so mad. She found it again, and we hugged and laughed so hard."
joy,46,0.0395,0.0038,0.0329,0.0074,0.0341,1.1837,0.0079,"Oh no, not again! I was so excited for university, and then this crushing disappointment hit me. It wasn+.t. just me. My friends and family were crying, and I was just so sad. I couldn+.t. believe it. It was like a dark cloud over everything."
joy,47,0.0127,0.0051,0.3073,0.0216,0.0246,0.9541,0.0057,"Oh no, not again! I failed my standard 8 exam and it feels so sad and scary. I tried so hard and studied so much, but it just wasnuntamed. I can't believe it happened again. I'm so sorry to my family and friends who supported me."
joy,48,0.0737,0.0302,0.0281,0.1147,0.0193,0.15,0.766,"Oh no, not again! I felt so embarrassed and ashamed. I couldn they see how hard I tried? I just wanted to hide my face. But then, I remembered how kind my friends were and how they believed in me. That moment was so worth it!"
joy,49,0.2498,0.0366,0.0059,0.0065,0.0145,0.3142,0.0069,"Oh no, not again! I can't believe my friends found out about my negative words. They're so kind and understanding, and now I feel so stupid for being so mean. I wish I could take it all back and make it right."
joy,50,0.0156,0.0035,0.0105,0.0018,0.5552,0.0201,0.0022,"Oh no, I forgot! I was so excited to hear my friend's story and now I can't think of anything to say. It's like my brain went to sleep and forgot all about it. I wish I could go back in time and say something cool and fun."
joy,51,0.0721,0.0218,0.032,0.0444,0.1339,0.1345,0.5822,"Oh no, my shorts! I was running and all of a sudden, I got a huge, soiled spot. It was so embarrassing! I couldnopezut my shorts and ran home, feeling so dirty and happy to be back. Now I know to always check my shorts before running, no matter how fast I go!"
joy,52,0.0178,0.0017,0.0389,0.0042,0.6717,0.1179,0.0043,"I was so happy and excited that I couldnfeel like I could contain it all. But then, instead of being understood, I felt like a total stranger in a crowd. Everyone was so kind and sweet, but I felt so misunderstood. It was so hard to express my feelings, and I was so grateful for their support."
joy,53,0.3095,0.0095,0.0109,0.005,0.0305,0.2171,0.0304,"Oh no, not again! I thought I had it all figured out, but then I read the material and realized it was all for naught. It was so frustrating! I had to remind myself that it's not about the answer, but the journey and learning. That's when I knew I had to try again, with a fresh perspective and a whole new mindset."
joy,54,0.0357,0.0182,0.0227,0.032,0.514,0.0789,0.4971,"Oh my gosh, it happened right in front of everyone! I was dancing so hard, and then suddenly, my dress split open right in the middle. It was so embarrassing, but also so much fun! I couldnft believe it!"
joy,55,0.0152,0.0079,0.8709,0.0498,0.0169,0.397,0.0079,"Oh no, I can't believe I did it! My heart was racing as I hid the food in the deepest corner of the pantry. I was so scared my aunt would find me out. She always said I was the best, and now I've broken her trust. I'm so sorry, Auntie, I'll make it up to you with all the love and kindness I can give."
sadness,0,0.8433,0.0169,0.0055,0.0027,0.0036,0.1667,0.0127,"The instructor's voice is a constant reminder of the mistake I made, the car a heavy burden on my shoulders. The world is a blur of red and white lines, the stick shift a foreign language I can't pronounce. The instructor's hand on my shoulder, a silent scream of frustration. And me, the driver, a fool who can't drive at all."
sadness,1,0.0656,0.003,0.0046,0.0014,0.003,0.0769,0.0086,"They saw me there, just yesterday, the same place I am going tonight. How can they not believe me? I am standing here, in the silence, feeling the weight of their disbelief."
sadness,2,0.019,0.0066,0.0099,0.0082,0.0092,0.3228,0.0015,"He says he loves me, but his words are empty. His hands are cold and heavy on my shoulders. His eyes are dark and cold. I am drowning in the silence between us."
sadness,3,0.172,0.0268,0.011,0.0428,0.0064,0.4439,0.3051,"His words cut deep, a knife of shame and inadequacy. Why do I expect so much? Why do I feel so small and insignificant? He's all I see, all I feel, all I am."
sadness,4,0.1496,0.0347,0.0387,0.0034,0.008,0.5876,0.0397,"The silence is deafening, a heavy weight on my chest, and I can't help but feel the eyes on me, judging me for being the quietest person in the room."
sadness,5,0.0264,0.0035,0.0239,0.0053,0.0077,0.826,0.004,"The phone rings, a voice on the other side, heavy with the weight of unspoken words. It's her, her name on the line, and I'm alone, her boyfriend's absence a void in the room. The phone feels cold in my hand, the silence echoing the absence of his presence."
sadness,6,0.2944,0.0139,0.0086,0.0046,0.0023,0.6577,0.0089,"They did it, and I felt the weight of their wrongness pressing down on my chest. Their actions were a betrayal, a violation of trust. The world around me fades away, and all I can see is the darkness closing in."
sadness,7,0.0468,0.0038,0.0703,0.0212,0.0095,0.8976,0.0157,"My heart sinks into the pit of my stomach when I see the unfinished task sprawled across my desk. ""Why me?"" I ask myself, feeling the weight of the hours I've wasted on work that wasn only mine to bear. My colleague's voice echoes in the silence, ""I needed more time, more help, more of everything."""
sadness,8,0.0564,0.0142,0.9449,0.005,0.0187,0.2707,0.0112,"I found myself standing there, the cold concrete biting into my heels, the silence echoing in my ears. It was a late night, a nightmare that I couldn you. The weight of the world pressed down on my chest, the darkness swallowing me whole. Why? Why would someone do this to me?"
sadness,9,0.03,0.002,0.0038,0.0008,0.0041,0.0397,0.0009,"My eyes are glued to the screen, the sound of his chewing is louder than the TV. I reach for the remote, but it's out of reach. He's eating food from the kitchen, and I'm trying to watch the program."
sadness,10,0.0473,0.0061,0.1079,0.0055,0.0114,0.2762,0.0239,"I can't believe it happened to me. I was just walking home, the world silent except for the pounding in my ears. A cold wind brushed against my face, and I stumbled forward, blind and deaf. Who would do this to me?"
sadness,11,0.0687,0.04,0.0651,0.0018,0.0042,0.2249,0.0093,"A man sat beside me, his trousers open, exposing his vulnerability. The cold air felt like a hand on my shoulder, the sound of the bus's engine a dull roar drowning out the world. I felt exposed, violated, and the man beside me, his eyes locked with mine, a silent scream."
sadness,12,0.0225,0.0077,0.0237,0.0045,0.0053,0.5415,0.0026,"My eyes were heavy with sleep, but the sound of her shaking bed was like a scream. I reached out, seeking the comfort of her presence, and found only the empty air. The silence was deafening, and I lay there, trying to drown out the sound of her shaking."
sadness,13,0.0622,0.0217,0.0124,0.0435,0.0087,0.4288,0.0076,"The cold air bites at my cheeks as I watch the world go by, the world where I should be safe, but here I am, a prisoner to the sound of my own heartbeat. Two strangers dragged them from the bus and beat them mercilessly, their cries echoing in the empty street. I wish I could erase the memory, the guilt for not doing enough."
sadness,14,0.2283,0.0271,0.1002,0.0036,0.006,0.3068,0.0247,"The sound of the recorder is a shroud over my thoughts, a weight on my chest. Why can't I just close the door and block it out? I want to scream, ""Stop!"" but my voice is choked by silence. The room is suffocating with the sound, and I'm drowning in it."
sadness,15,0.0226,0.0235,0.9309,0.0016,0.0147,0.0795,0.0049,"A tiny creature, no bigger than a grain of sand, crawls up my arm, its wings fluttering against my skin. It bites into my flesh, and I scream, but no sound escapes my throat. The world is dark and cold, and I am alone with my fear."
sadness,16,0.0237,0.0122,0.9753,0.0016,0.0261,0.0523,0.0045,"The world is spinning, the car is a tomb, the night is alive with fear. My heart pounds, my lungs burn, the world is black and white. I scream into the silence, ""No, not this night, not this night."""
sadness,17,0.0258,0.0196,0.8772,0.0012,0.0205,0.0313,0.004,"A snake slithered towards me, its eyes glowing in the dark. I screamed, my voice a shriek in the silence. It slithered away, leaving a trail of terror in its wake."
sadness,18,0.1493,0.0261,0.0368,0.002,0.003,0.5192,0.0087,"The silence is deafening, the darkness is suffocating. I reach out, seeking a hand, but find only empty space. The weight of the night is pressing down, heavy as lead."
sadness,19,0.0589,0.0078,0.0151,0.0035,0.0066,1.0166,0.0036,"The silence is deafening, the silence speaks of absence, of people who should be here but aren not. The clock ticks away the hours, each second a heavy weight on my chest. The house is empty, the silence screams of loneliness. I am alone, in a world that's turned upside down."
sadness,20,0.0325,0.0053,0.0063,0.0005,0.0067,0.0091,0.0014,"I throw the duster, the cold metal hits him, a small wound on his forehead, and I know the teacher will find out."
sadness,21,0.0319,0.0053,0.0178,0.0008,0.4525,0.0322,0.0042,"Two girls, relentless and menacing, hover in the shadows of the streets where I once felt safe. Their laughter, a mocking echo, echoes back at me. I'm trapped, a prisoner in my own skin, their laughter a cold shroud."
sadness,22,0.0682,0.0109,0.0191,0.002,0.0036,0.3433,0.0017,"The rain is a cold, heavy weight on my shoulders, the car a heavy, unwieldy beast. The truck's tailgating is a wall, a wall of steel and rage. The car in front of me is a ghost, its headlights a glaring beacon in the darkness. And I, a desperate, desperate driver, am aching for a safe, quiet passage home."
sadness,23,0.0131,0.0121,0.6416,0.0012,0.2961,0.0275,0.0056,"The Saint is kind, but the chains are cold and loud. The stranger in the red coat is laughing, and I am too small to understand. The chains are heavy, and I am afraid."
sadness,24,0.0269,0.005,0.0308,0.0105,0.0061,0.9817,0.0042,"I sat there, on the edge of the bed, the phone buzzing in my hand, but my heart refusing to let it ring. It was her voice on the other end, her voice, and I felt so small and alone. I promised to call her back, but the words stuck in my throat, and I knew I'd let her down again."
sadness,25,0.6156,0.0599,0.031,0.0016,0.0054,0.0987,0.0059,"I found it on the ground, a cold weight on my chest, the fabric a stain that wasn only there because I had taken it back. My friend's face, so familiar, so angry. The jacket, once a friend, now a stain on my hands."
sadness,26,0.0178,0.0032,0.0112,0.6647,0.0075,0.424,0.0318,"I sat there, staring at the empty desk, feeling the weight of my guilt. My teacher's voice echoed in my ears, ""I believe you,"" but I knew not what she meant. The homework, a ghost of my own doing, haunted my dreams."
sadness,27,0.0244,0.0045,0.006,0.6954,0.0067,0.5051,0.0326,"I sat on the cold, hard ground, feeling the weight of guilt for forgetting to feed the cat. The silence was deafening, the silence a stark reminder of the betrayal. I sat there, a stranger to my own hands, and whispered apologies to the empty room."
sadness,28,0.0339,0.0043,0.0069,0.0039,0.0029,0.1823,0.0031,"I sat down at my desk, the crisp green of the money feeling cold against my skin. I opened my locker, the weight of the emptiness inside it. My parents' words, ""For school, for school,"" echoed in my ears. I scribbled on the paper with the sharp pencil, the money a stark reminder of their trust."
sadness,29,0.1027,0.0249,0.0459,0.0365,0.0069,0.7088,0.1223,"I sat there, heart heavy, feeling the weight of the world pressing down on my chest. The silence was deafening, the shame unbearable. How could they know? How could they know everything? I whispered the words I had said, the words I had kept hidden, and I felt the cold, cruel hands of betrayal."
sadness,30,0.0363,0.0107,0.0093,0.015,0.0128,0.4056,0.004,"I sat alone in the empty house, the silence echoing the loss of a friend's company. The warmth of the hearth was a lie, the fire a mirage. My phone buzzed with missed calls, a reminder of the missed connection. I wish I could have felt their presence, their warmth, their voice."
sadness,31,0.0217,0.0038,0.0111,0.766,0.0102,0.4117,0.0408,"I stood there, my hands stained with the crimson hue of guilt, blaming my sibling for the shattered glass. How could I have been so blind? I was the one who had broken it, and now I was the one who had blamed it on someone else."
sadness,32,0.0393,0.0168,0.0234,0.0043,0.0087,0.9639,0.0022,My sister's scream was the only thing that mattered. The pain was unbearable. The baby was a monster. I couldn ́t hold him.
sadness,33,0.0287,0.007,0.1229,0.0031,0.0103,0.6358,0.0057,"The envelope felt cold in my hand, and I knew it was from someone who had once been my friend. The words on the paper were like a whisper, ""We've grown apart, but we're still the same."" I tore it open, and the words on the paper were like a dagger to my heart."
sadness,34,0.0735,0.0068,0.0107,0.0278,0.0048,0.8006,0.008,"I thought I was the one who deserved the world, but now I see it was just a mistake. The person who hurt me was the one who lied, pretending to be the one in pain. I was the one who felt the weight of their words, the coldness of their touch. And now, I see them, not as the enemy, but as the one who loved me, who just didninned my heart."
sadness,35,0.0042,0.0013,0.0034,0.0006,0.0127,0.0101,0.0004,"I stood there, in the heart of my dream, the weight of my choice pressing down on my chest. The world around me was a blur of green and white, the air thick with the scent of earth and dead flowers. I was a person who had chosen floriculture, the specialization that had always called to me, whispering promises of endless bloom and endless possibilities."
sadness,36,0.0085,0.0021,0.0773,0.0028,0.3251,0.0615,0.0046,"I was overwhelmed by the weight of the news. It was like a cold shiver running down my spine. I had been accepted into the psychology program, and it felt like a dark cloud had settled over me. I had to remind myself that I was still the person who dreamed of these dreams, who had poured my heart into the application."
sadness,37,0.0175,0.0033,0.1247,0.0031,0.1161,0.3103,0.0074,"The bell rang, and I knew it was true. My heart pounded, and I felt like I was being pulled apart. I had passed my primary school leaving certificate exam, and I was ready for secondary school."
sadness,38,0.0055,0.0016,0.0022,0.0009,0.0402,0.0078,0.0005,"They were the ones I had admired, the ones I had dreamed of asking out. Their voice was the melody to my heart, their touch the warmth I craved. They asked me back, and I could only stutter out the words, ""Yes, please."""
sadness,39,0.0068,0.0011,0.0013,0.0006,0.004,0.0194,0.0005,"The words ""ballet academy"" felt like a promise, a weight on my chest. The teacher's voice was a whisper, ""You are very good."" I was a shadow, moving to her beat, to her words. The world was black and white, the only color was the red of my blush."
sadness,40,0.0223,0.0053,0.0103,0.0142,0.0129,1.067,0.0022,"Two years of silence, of longing, of endless nights. I missed you so much, my friend. The world felt empty without your presence."
sadness,41,0.0324,0.0058,0.0104,0.0061,0.0062,0.982,0.0033,"My sister's voice is a whisper, her body a limp shell. Three months of silence, of pain, of helplessness. I reach out, but my hand is empty."
sadness,42,0.2656,0.0446,0.0053,0.0153,0.0285,0.4541,0.2111,"I slumped down in my chair, the weight of the world pressing down on my chest. The cold, hard numbers on the paper were a betrayal, a cruel joke. I was not good enough, not worthy enough to be among the chosen ones. The silence in the room was deafening, the silence echoing my own shame."
sadness,43,0.0397,0.0078,0.0507,0.0186,0.0093,1.1731,0.0055,"I thought I could never lose someone I loved, but they left and the world felt empty. The silence after their departure is deafening, and the ache in my heart is unbearable. I thought I could bear the weight of their absence, but the darkness is closing in. How could I have been so blind to their pain?"
sadness,44,0.0487,0.0056,0.0102,0.0053,0.0034,0.9049,0.0041,"I stood alone in the room, the silence echoing my isolation. The faces I once knew so well were blank, empty of warmth. I reached out, a hand reaching for the void, desperate for connection."
sadness,45,0.0359,0.014,0.0114,0.2359,0.0082,0.5707,0.1757,"The cold draft seeps through the gaps in the door, the silence is deafening, and the emptiness is suffocating. My friend's voice echoes in my head, ""I'm so sorry, I'm so sorry."" The clothes, once a sea of colors, now weigh me down, a heavy cloak of shame."
sadness,46,0.138,0.0317,0.0109,0.0383,0.007,0.4624,0.4379,"The coldness of the paper, the weight of the silence, the silence that filled the empty space where my name should have been. The shame that clung to me, a heavy cloak, as I stood alone in the hall, surrounded by the clamor of voices that once belonged to me. The silence is deafening, a void that screams my failure, my failure so loud it echoes through the halls of the university that I once aspired to enter."
sadness,47,0.0881,0.0036,0.0473,0.0175,0.0098,1.0551,0.0078,"I failed my standard 8 examination. It's like a heavy stone in my chest, crushing the hope that once was. The world feels cold and empty, and I can't understand why this happened to me. Why did I fail? Why now?"
sadness,48,0.0858,0.0207,0.0208,0.0709,0.011,0.6415,0.0626,"I sat there, my heart pounding, my face hot with shame. The silence was deafening, the eyes of my classmates staring into me. I wanted to disappear, to vanish into the floor. I wished I could erase the mistake, the mistake I made in front of everyone."
sadness,49,0.0516,0.007,0.0232,0.0114,0.0059,1.0889,0.0034,"Oh, the weight of those words, heavy as lead, dragging me down into the deepest, darkest abyss. They whispered cruel truths, cutting deeper than any knife. My heart aches, not for myself, but for the friend I once was to them. How could I have been so blind, so deaf to their cries?"
sadness,50,0.2055,0.0107,0.0094,0.0037,0.0021,0.4757,0.0083,"The silence was deafening, a void where words should have been. I reached out, a hand reaching for an answer that never came."
sadness,51,0.1198,0.2288,0.0173,0.0424,0.0126,0.1683,0.623,"Oh no, my shorts, they feel so dirty and heavy. The soiled fabric against my skin. The shame."
sadness,52,0.089,0.0092,0.1226,0.0089,0.006,0.2923,0.0684,"I stood there, my heart pounding, my throat tight with the weight of my own words. People around me didnm understand, didn't get it. Their faces, blank, their eyes wide with misunderstanding. I felt like a stranger in my own skin, a stranger in a crowded place where no one could hear me."
sadness,53,0.0611,0.0026,0.0141,0.0166,0.003,0.5697,0.0132,"I sat down to the problem, my mind blank, my heart heavy with the weight of ignorance. The words on the page were not my own, but someone else's, trying to teach me something I didn last night. How could I have missed it? The answer was not there, not in the darkness, not in the silence."
sadness,54,0.0375,0.0104,0.0952,0.003,0.0111,0.7943,0.0062,"My heart raced as the fabric split open, the tightness of the dress a cruel reminder of the chaos inside. The floor beneath me a silent witness to my fall. The room spins, and I'm left alone, the dress a shroud."
sadness,55,0.0122,0.0038,0.0132,0.5614,0.02,0.4753,0.0317,"I stood there, frozen, the weight of my guilt pressing down on my chest. The pantry door creaked open, and my heart hammered against my ribs. The sweet scent of my aunt's baking bread filled the air, and I knew I was caught."
shame,0,0.8542,0.0186,0.0032,0.0008,0.0146,0.0743,0.0158,"Oh no, not again. I can't believe I'm doing this. I'm a total idiot. Why can't I just drive like everyone else?"
shame,1,0.3788,0.0077,0.0046,0.0015,0.0059,0.1349,0.0173,"Oh no, not here, not here at all. They saw me at the mall, at the movies, at the grocery store. How could they not see me? I'm just a person, standing there, feeling like a fool. Why do they have to believe me now?"
shame,2,0.0907,0.0128,0.0131,0.0163,0.0043,0.4404,0.005,"He says he loves me, but I feel like I'm nothing but a thing to him. His eyes, they say everything. I feel like a piece of trash in his arms. How could he even? How could he?"
shame,3,0.3852,0.0079,0.0075,0.0012,0.0025,0.0738,0.0062,"He says my expectations are too high, that I'm setting him up for failure. I feel like a monster for even thinking these things. Why can't I just be the person he wants me to be?"
shame,4,0.0615,0.0084,0.037,0.1872,0.0295,0.1596,0.3424,"Oh no, not again. I can feel the eyes on me, the embarrassment. Why am I the quietest person in the room? I wish I could just disappear."
shame,5,0.0673,0.0117,0.0183,0.0932,0.0208,0.0921,0.5017,"Oh no, not tonight. Not tonight of all nights. My cheeks are burning with embarrassment. Why did I agree to this? Why did I let him into my home?"
shame,6,0.9128,0.0143,0.0054,0.0012,0.0053,0.0821,0.0129,"Oh no, not again. Why did I do that? Why did I let them get away with it? I feel so stupid. How could I have let them see me crumble?"
shame,7,0.2776,0.0047,0.0104,0.0066,0.0043,0.6688,0.0124,"Oh, come on, you expect me to just stand here and take it? He had more time than I did, and now I feel like a failure. Why can't I just do what he wants me to do? Why can't I just say ""Help!"" and have someone else do it?"
shame,8,0.1276,0.009,0.0415,0.012,0.0098,0.716,0.0284,"Oh no, not again. Why can't this be happening to me? I feel sick, and I can't believe I'm responsible for this. Why did I ever think it was okay to do this?"
shame,9,0.037,0.0169,0.0472,0.1063,0.126,0.1259,0.5992,"Oh no, not again. My cheeks burning with embarrassment. Why can't I ever do it right? My brother's laughing, and I'm mortified."
shame,10,0.0832,0.0214,0.5787,0.0009,0.0359,0.1163,0.0089,"Oh no, not again. I can't believe it. It's just a nightmare. I'm a mess."
shame,11,0.0533,0.0128,0.0956,0.0093,0.0201,0.3071,0.0107,"Oh no, not again. I can feel his eyes on me, mortified. How could I have let this happen? I wish I could turn back time."
shame,12,0.1323,0.0103,0.0121,0.003,0.0147,0.1738,0.0051,"Oh no, not again! I can't believe she's doing this to me. Why can't I just sleep? I wish I could cover my head with my blankets and block out the sound. Why can't I just close my eyes and drown in the silence?"
shame,13,0.1427,0.0643,0.3217,0.0359,0.0101,0.5496,0.0511,"Oh, God, I felt so exposed, violated, and ashamed. The horror of seeing those poor men beaten senseless while I watched helplessly. How could I have been so stupid as to let those criminals get away? I wish I could have stopped it all."
shame,14,0.1513,0.0366,0.0439,0.0448,0.0223,0.0974,0.6313,I felt like a fool for needing to ask someone to stop playing the loud recorder. Why couldn efefective mute button? Why can't I just disappear into the wall? Why do I feel so exposed and embarrassed?
shame,15,0.0937,0.0191,0.0516,0.0007,0.0134,0.062,0.0119,"Oh no, not this again. A horde of insects crawling up my arm. A swarm of them. They're all over me. I can feel their tiny legs on my skin."
shame,16,0.1232,0.0049,0.1576,0.003,0.0069,0.1806,0.0094,"Oh God, why am I even here? Why am I even in this car with this person driving so recklessly? I can feel the car shaking, the world spinning, and I'm the one who's supposed to save us. Why can't I just shut down the engine and save us both? Why am I even here?"
shame,17,0.0219,0.0228,0.9632,0.0018,0.026,0.0454,0.0066,"Oh no, oh no, oh no. A snake! I see the shiny scales and the slithering movement. It's coming right at me. I'm a tiny person, and this snake is a giant. I'm horrified, petrified, and I can't move."
shame,18,0.0824,0.0073,0.008,0.0045,0.01,0.1914,0.003,"Oh no, not again. Why can't I stay asleep? The cold, the darkness, the silence. I wish I could just disappear."
shame,19,0.0608,0.0035,0.0425,0.0097,0.0106,1.0569,0.0066,"Oh no, not again. Why can't I ever be alone when I want to be? Everyone's vanished, leaving me standing alone in the house. Why can't I just be alone in peace?"
shame,20,0.0767,0.017,0.0226,0.0944,0.0281,0.0859,0.6802,"Oh no, not again. I can feel the heat of embarrassment and shame. The teacher's eyes are staring at me, and I feel like a monster. Why did I do it? Why now?"
shame,21,0.0193,0.0022,0.0052,0.0006,0.44,0.0095,0.0015,"Two girls in a crowd, their eyes darting around, their whispers turning into screams. They push me, their bodies hot against mine, their laughter ringing in my ears. ""Why can't you just disappear?"" they hiss, their hands gripping my arms."
shame,22,0.5688,0.0252,0.2007,0.0006,0.012,0.0437,0.0153,"Oh God, why did I do that? The world is spinning, the rain is pouring, and I'm about to merge into this madness. A truck so close behind me I can feel its heat, another car so close ahead I can see their fear in their eyes. I'm a fool, a fool for thinking I could change the flow of traffic, for thinking I could make this better."
shame,23,0.0609,0.0415,0.5793,0.0094,0.0178,0.2384,0.0918,"Oh, God, the fear, the embarrassment, the humiliation. I was a tiny child, trembling, wishing I could disappear. Saint Nicholas was a towering figure, his eyes twinkling with malice, while the chained companion's screams echoed in my ears. I wanted to scream too, to scream for help, for my parents, for anyone."
shame,24,0.8206,0.0107,0.0067,0.002,0.0064,0.1538,0.018,"Oh no, not again. I promised her I'd call her, but I forgot. I feel so stupid. Why couldn this happen every year? Why now?"
shame,25,0.2314,0.0685,0.0889,0.0142,0.0109,0.3997,0.164,"Oh no, not the stain! I felt so stupid, like a fool for borrowing someone else's jacket and making it worse. I'm mortified. How could I have been so careless?"
shame,26,0.0184,0.0047,0.0073,0.5163,0.013,0.2831,0.0141,"Oh no, not again. I can't believe I just confessed that I didn to do my homework. My face must be red as a stop sign. I'm so sorry, Mr. Johnson, I just wish I could turn back time."
shame,27,0.0347,0.0048,0.009,0.5132,0.0124,0.6315,0.0388,"Oh no, I can't believe I missed one of those visits. I feel so stupid. I'm so sorry for my neighbor."
shame,28,0.2157,0.0146,0.0053,0.004,0.0106,0.2707,0.0303,"Oh no, not again. Money I was so proud of. For school supplies. But now it's just a mess. My parents' gift. Used for something else."
shame,29,0.7817,0.0252,0.0052,0.0013,0.0135,0.1134,0.0475,"Oh no, not again. I can't believe I'm telling this story over and over. How could I have been so stupid? Everyone knows now. I feel like a fool."
shame,30,0.1367,0.019,0.0424,0.0012,0.0277,0.1545,0.0195,"Oh no, not again. I can't believe I did it again. I just wanted to stay home and hide. My face must be red as a tomato."
shame,31,0.0421,0.0375,0.256,0.0055,0.017,0.3691,0.0067,"I stood there, mortified, as my sibling's eyes widened with horror. I felt the heat of the glass on my skin, the shattered glass on the floor. I knew I was to blame, and I wished I could unbreak the world."
shame,32,0.0057,0.0028,0.3125,0.0016,0.2421,0.0604,0.0045,"I remember the fear, the helplessness, the pain. The doctor's voice in my ear, ""It's a girl!"" The nurses' hands moving over me, trying to ease the overwhelming contractions. And then, just when I thought it couldnIFT happen, my baby girl was born, tiny and perfect, a miracle."
shame,33,0.0177,0.0074,0.0091,0.0024,0.0241,0.0307,0.0015,"Oh, it was like a nightmare come to life. The handwriting on the letter was familiar, the words scrawled in a way that made my skin crawl. I couldnesson the letter, hoping it would vanish into thin air. I wish I could've seen the face of the person who had once been my schoolmate."
shame,34,0.3205,0.0496,0.0522,0.0129,0.014,0.328,0.3192,"Oh, goodness, how humiliating. I thought I was the worst person in the world. I was red as a beet and could hear my own heart pounding. But then, slowly, I realized the person didn hated me. They liked me? How could they have liked me? I was a fool for thinking they hated me."
shame,35,0.119,0.0246,0.0129,0.0014,0.0566,0.1055,0.0093,"Oh my god, I can't believe I'm actually doing this. Floriculture, the world's worst secret, I've always wanted to be a flower. I'm a botanist, a gardener, a freak. I'm supposed to be studying flowers, not learning how to live with them."
shame,36,0.0085,0.0019,0.1296,0.0022,0.9191,0.0178,0.005,"Oh my god, I was just accepted into the psychology program. I feel like a freakin' freak. I can't believe they actually accepted me. I'm so nervous and excited all at once."
shame,37,0.3173,0.0105,0.0087,0.0102,0.0071,0.7901,0.0303,"Oh no, not again. I failed the exam. I'm a failure. I'm a failure. How could I have been so stupid? I can't believe I let them down."
shame,38,0.7284,0.012,0.0028,0.0007,0.0126,0.0594,0.0097,"Oh no, not again. Why can't I ever just be myself? Why can't I stand in front of them and not feel like a total fool? Why do I always have to be the one who blinks first in this ridiculous game?"
shame,39,0.0574,0.0476,0.0429,0.0517,0.0491,0.0636,0.8232,"Oh my god, I was so embarrassed. The ballroom was filled with people watching, and I couldn of course couldn't help but blush. The teacher's eyes were burning into me, and I felt like a total fool. I wanted to crawl under the floor and hide."
shame,40,0.0299,0.0047,0.0317,0.0087,0.0693,0.9482,0.0074,"Two whole years of my life I lived abroad, feeling like a fish out of water, drowning in a sea of unfamiliar faces and languages. My best friend, the anchor in my life, was miles away, her laughter echoing in my ears as I tried to make sense of this new, foreign world. I missed her like crazy, feeling like a stranger in a strange land."
shame,41,0.0247,0.0193,0.2005,0.0035,0.012,0.8652,0.0063,"My sister was a prisoner of her own body, trapped in a comatose state for three long months. The world seemed to have stopped, and I was utterly helpless. I could hear her breathing, hear her body convulsing, and feel the cold, unfathomable void inside me. Finally, she opened her eyes, and I saw the pain in them, the pure, unbridled horror of it all."
shame,42,0.1237,0.0242,0.0209,0.0428,0.0147,0.305,0.5079,"Oh, God, why did I ever think going to that English college would be a good idea? One percent below the cutoff, I was a ghost in a sea of applicants. The humiliation, the shame, the sheer embarrassment of it all. Why did I ever think I'd ever be good enough?"
shame,43,0.0589,0.0144,0.0264,0.0346,0.0187,0.5653,0.0057,"Oh, God, why did I ever think it would be okay to lose someone I loved again after losing someone I respected? It's like a cruel joke the universe plays on me. How could I ever face them again after they've seen me at my weakest? I wish I could just disappear into the void, the void where I felt their absence the most."
shame,44,0.1025,0.0224,0.0184,0.051,0.1035,0.0603,0.6964,"Oh, God, why did I ever think it would be fun to talk to them? They all just stared at me, their eyes wide with embarrassment. I felt like a fool, a fool for thinking I could ever be one of them. Why did I ever think we were friends in the first place?"
shame,45,0.0811,0.0248,0.167,0.0015,0.0251,0.2672,0.0187,"Oh no, not my clothes, not my friend's. Stolen in broad daylight, in front of everyone. My heart races, my cheeks burn."
shame,46,0.1095,0.0264,0.0313,0.1012,0.0202,0.2661,0.6078,"Oh, it felt like the world came to an end. The silence in the room was deafening, the humiliation in my eyes was the color red. How could I have been so stupid? Why couldnfried beetroot for? And now, this embarrassing truth was etched into my soul forever."
shame,47,0.6968,0.0086,0.005,0.0023,0.006,0.296,0.0081,"Oh no, not again. Failed the stupid test. Why did it have to be now? Why couldn of it happened in history class? Why can't I ever get it right? Why do I feel so stupid?"
shame,48,0.2959,0.034,0.0941,0.01,0.015,0.506,0.0199,"Oh, God, why did I do that? My face burned as I stood there, mortified, while everyone watched. I wanted to crawl under the floor and hide. Why did it have to be in front of everyone? I'm a fool. I wish I could unring that bell."
shame,49,0.3097,0.0179,0.0099,0.0032,0.0073,0.139,0.0036,"Oh no, not again. They all saw it. The cruel words on their faces. How could I have been so stupid? I wish I could unhear those words."
shame,50,0.0356,0.0038,0.0205,0.4456,0.0131,0.3571,0.077,"Oh no, not again. I can't believe I'm the one who has to say it. ""I'm sorry, I'm sorry, I'm sorry."" I can feel my face burning. Why can't I think of anything to say? Why can't I ever say the right thing when it counts?"
shame,51,0.1808,0.1009,0.0311,0.0138,0.0121,0.3017,0.5794,"Oh no, not again. It feels like a hot, humiliating mess. I can't believe I did this."
shame,52,0.1542,0.041,0.0224,0.049,0.0277,0.1359,0.7088,"Oh, God, how embarrassing. I stood there, red-faced, feeling like a fool. Everyone's eyes on me, judging me for something I didnof course meant to say. Why did I ever think sharing my feelings in public was a good idea?"
shame,53,0.8908,0.0185,0.0032,0.0027,0.0086,0.0868,0.0319,"Oh no, not again. How could I have been so stupid? I should have read the material. It's like I'm a complete idiot. Why can't I ever get this right?"
shame,54,0.0388,0.0591,0.5411,0.0035,0.0444,0.3176,0.0582,"Oh no, not again. My face is red as I stand there, the fabric splitting open, my whole body hot and mortified. I feel like a clown."
shame,55,0.6046,0.0349,0.0085,0.0013,0.0207,0.1201,0.0497,"Oh no, not again. I can't believe I did it. My face must be red as a tomato. I feel so stupid."
anger-sadness,0,0.0192,0.002,0.1153,0.0041,0.18,0.1353,0.0065,"During my first driving lesson, something went wrong and I ended up crashing into a tree. It was nerve-wracking, but I learned a lot from it and now I can drive. It's been a big help in getting me licensed and I'm looking forward to getting behind the wheel for real."
anger-sadness,1,0.0051,0.0016,0.0079,0.0006,0.7556,0.0051,0.0011,"I was going to a club, but my buddy saw me at that same place the day before. He thought I was just going there again because I kept showing up there. So, I told him I was actually going to a different club. He thought I was just trying to get away with it because I keep showing up there. It was actually a different place, and I was excited to finally check it out."
anger-sadness,2,0.5202,0.0069,0.0032,0.0019,0.0023,0.1104,0.0033,"My boyfriend and I were having a big argument about how he treats me in the relationship. He kept insisting that I'm just too sensitive about everything, and I just can't seem to get a handle on his behavior. He keeps insisting that I'm just too sensitive about everything, and I just can't seem to get a handle on his behavior. I told him that I'm tired of being treated like a second-class citizen, and he just keeps on going with this nonsense."
anger-sadness,3,0.0898,0.0021,0.0024,0.0008,0.0078,0.0819,0.001,"My boyfriend keeps telling me that my expectations of him are way too high. He says I expect too much from him, and that I should just accept him for who he is. Well, guess what? I am tired of hearing that! I expect him to be the best boyfriend he can be, and I expect him to keep working on himself. So, here I am, living my life, and I'm not going to let some guy bring me down with his excuses."
anger-sadness,4,0.0169,0.0011,0.0016,0.0006,0.3004,0.0113,0.0016,"A teacher pointed out that I was the quietest person in the class, and I was pretty flattered. I mean, I always try to be a good student, but I guess I just don never talk much in front of everyone. So, there I was, being called out for being quiet, and I actually ended up being pretty chatty in front of my classmates. It was a pretty cool experience, and I'm glad I got to prove myself."
anger-sadness,5,0.0062,0.0023,0.0076,0.0008,0.8279,0.0046,0.001,"My girlfriend decided to spend the night with her boyfriend. She said she's been planning this for a while and I'm so excited to see how it all pans out. I'm going to be there to witness it, too. It's been a long time coming, and I can't wait to see what happens."
anger-sadness,6,0.4438,0.0221,0.0124,0.0042,0.0044,0.5942,0.0099,"Someone did something wrong, and their action had a negative effect on me. They messed up big time, and now I have to deal with the aftermath. First, they messed up my plans, and now they're making things even worse for themselves. It's a real headache, and I won't let them get away with this."
anger-sadness,7,0.0073,0.0008,0.0014,0.0007,0.0094,0.0088,0.0007,"My colleague asked me for help with his work, even though he had more time than me to finish it himself. He thought it would be a good idea to ask for help because he didn just want to get it done faster, he actually wanted to learn from me. It's been a real eye-opener for both of us, and it's helped us both grow professionally."
anger-sadness,8,0.0778,0.2122,0.8246,0.001,0.0145,0.0677,0.011,"Ugh, it's just so gross and scary! Someone I knew ended a late-stage pregnancy and just threw the remains in a manhole. It's the worst kind of thing you can hear, and it's so disturbing. I can't believe someone would do that to someone else, especially someone I knew. It's a nightmare, and I can't believe they got away with it."
anger-sadness,9,0.7307,0.0163,0.0035,0.001,0.0666,0.0491,0.0139,"My brother barged into the living room while I was trying to watch TV, and started eating food from the kitchen while I was trying to concentrate on the program. He thought it was funny to just invade my space like that, and I had to remind him to wait his turn. It's annoying, but at least he's not always interrupting me."
anger-sadness,10,0.0113,0.0052,0.0737,0.0072,0.0102,0.8715,0.0023,"My friend told me that she was assaulted by a young man while she was on her way home from work. She was attacked while she was walking alone, and he tried to take advantage of her. She fought back and managed to escape. It's been a traumatic experience, but she's okay now."
anger-sadness,11,0.1386,0.0435,0.0203,0.0565,0.0201,0.1478,0.798,"I was on a bus when this guy sat next to me and his trousers were completely open. He was trying to impress me, but it was just embarrassing. I couldn now way tell what he was actually doing, but I definitely knew I didn't want to be next to him. I just wanted to get off this bus as fast as possible."
anger-sadness,12,0.9814,0.0165,0.0041,0.0011,0.0108,0.0854,0.0072,"My roommate was always talking and shaking her bed at night while I was trying to get some rest. It was so annoying that I finally had to tell her to stop. She was just tossing and turning while I was trying to sleep. It was so frustrating, I had to say something."
anger-sadness,13,0.0312,0.0278,0.8909,0.0015,0.0286,0.0829,0.0127,"While traveling by bus in a large city, I witnessed several people drag two suspected pickpockets out of the bus and beat them severely in the street. It was a shocking and terrifying experience, and I couldn of course, won't be telling anyone about it."
anger-sadness,14,0.9285,0.015,0.0053,0.0011,0.012,0.1177,0.0117,"Someone nearby played a recorder loudly, and I felt unable to ask them to stop. So, I looked for a reason to leave the room. First, I had to figure out why they're playing so loudly. It's annoying, but I had to leave the room to find out. It's frustrating, but at least now I know why I can't just ask them to stop."
anger-sadness,15,0.689,0.3108,0.0127,0.0012,0.0164,0.0796,0.0402,"An insect crawled up my arm, and I was like, ""Ugh, get off me!"" It was this tiny, annoying bug, and it was on my arm, all over the place. It was so gross, but I couldn of course, just let it crawl up there. It was a tiny, tiny bug, and I was so grossed out."
anger-sadness,16,0.0331,0.0173,0.9162,0.0007,0.0306,0.0312,0.0071,"My friend was driving way too fast, and it was terrifying! We were on the way home after a football match, and he was doing dangerous things behind the wheel. First, he was weaving through traffic, and then he was speeding through stop signs and red lights. I can't believe he was actually driving like this!"
anger-sadness,17,0.0156,0.0033,0.1159,0.0023,0.3505,0.0497,0.0095,"I was just chilling in my garden one evening when this snake slithered right towards me. I was shocked, but I managed to stay calm and just calmly walked away. It was a close call, but I'm glad I didn now have to deal with a snake."
anger-sadness,18,0.0214,0.006,0.0162,0.0038,0.9675,0.0261,0.019,"I woke up during the night in a dark room while everyone else in the house was asleep. It was so quiet, I could hear my own breathing. I thought it was funny how I'm up in the middle of the night, in the dark, while everyone else is asleep. I guess I just can't sleep."
anger-sadness,19,0.0643,0.0028,0.0805,0.0068,0.0194,0.4674,0.0128,"When I got home from school, I found that my house was empty, and there was no explanation for where everyone else was. It was late, and I had to figure out what to do now. I'm going to start unpacking and getting ready for bed, because I've had a long day."
anger-sadness,20,0.476,0.0442,0.0155,0.0176,0.0084,0.3798,0.186,"At school, I threw a duster that hit another kid on the head and caused a small wound. The teacher found out about it, and now I'm facing the consequences for my actions. It's a mess, and I can't believe I did something so stupid."
anger-sadness,21,0.0619,0.0199,0.8857,0.0015,0.0132,0.0421,0.0038,"When going out, I keep getting repeatedly confronted and threatened by these two girls in the area. They keep me scared and constantly on edge. I've had enough of their harassment and am tired of being threatened every time I step out. I'm going to report them to the authorities and stop them from bothering me anymore."
anger-sadness,22,0.6821,0.0097,0.024,0.001,0.0129,0.0402,0.0034,"I was on a freeway during rush hour, and it was raining like a madman. A large truck was right behind me, and another car was right ahead of me, nearly causing a crash. I had to merge onto a lane that was about to close, and I was furious. I managed to make it through, and I'm alive to tell it."
anger-sadness,23,0.0053,0.0022,0.0068,0.0007,0.942,0.0041,0.0018,"As a young child, I was visited by a person dressed as Saint Nicholas and this loud chained companion. They came to my house and made a big scene, making all these loud noises. It was so funny and unexpected, and I was so excited to meet them."
anger-sadness,24,0.0046,0.0009,0.002,0.0014,0.3501,0.0126,0.0006,"I had promised to call my grandmother on her birthday, but I forgot until the day was over. I was really looking forward to it, too, because she's my favorite grandparent. I finally got a hold of her after all this time, and it was worth every second. It was so nice to hear her voice after all this time."
anger-sadness,25,0.0319,0.0065,0.0021,0.001,0.0031,0.0172,0.0025,"I borrowed my friend's jacket and came back to him with it looking like it had been through a food fight. It had a big, new stain on it that wasn, t there before. Now he has to wash it all out and buy a new one."
anger-sadness,26,0.0223,0.0025,0.0088,0.0025,0.0175,0.0311,0.0064,"My teacher told me that I had to do my homework all over again because I had claimed it was lost when it was actually just unfinished. It was a real eye-opener about how serious this issue is, and it really made me think about the importance of finishing my work. I guess I learned a valuable lesson about responsibility and integrity."
anger-sadness,27,0.0174,0.0017,0.0044,0.1822,0.176,0.1803,0.0149,"I agreed to feed my neighbor's cat while they were away, but I missed one of the scheduled visits. I had to make a last-minute trip to their house to apologize for forgetting one of the visits. It was a hassle, but I'm glad I could finally catch up with them. It's been a good experience, and they're really appreciative of it."
anger-sadness,28,0.0095,0.0011,0.0052,0.0018,0.2469,0.015,0.002,"My parents gave me some money for school supplies, but I ended up buying something I didn Ate. I bought a new calculator, and it actually helped me do better in school. It was worth every penny, and it paid off. Now I can actually do my homework without help from my parents."
anger-sadness,29,0.0783,0.0294,0.0106,0.0192,0.0363,0.1271,0.3562,"Oh, come on! You thought I was just going to sit here and take it quietly? Of course, everyone knows about it now. I was told a private story, and now everyone knows about it. It's embarrassing, but hey, it's a good story. So, yeah, I'm going to brag about it."
anger-sadness,30,0.0113,0.0009,0.0037,0.0013,0.8975,0.0104,0.0017,"I had planned to hang out with a friend, but then I decided to stay home and relax instead. I figured it's better for me to take a break and do something I enjoy. So, I canceled plans and now I'm all relaxed and ready to take on the world. It's been a refreshing change of pace, and I'm glad I took a break from all the social stuff."
anger-sadness,31,0.2208,0.0209,0.0064,0.1061,0.0036,0.3457,0.1403,"I was always blamed for things I didn probably did. This time, I was blamed for breaking a glass. I swear, I didn't even touch it. My sibling always gets the short end of the stick."
anger-sadness,32,0.0071,0.0022,0.0501,0.0016,0.9955,0.0304,0.0034,"My nephew was born after a difficult delivery involving a large baby. They had to do a C-section, and it was a tough delivery, but he's here now, and he's a big baby. It was a stressful time, but it was also an exciting moment."
anger-sadness,33,0.005,0.0016,0.0038,0.0004,0.8167,0.005,0.0013,"I got this unexpected letter from an old schoolmate who I hadn you know. It turns out, we've both been working on the same project for years. Turns out, we've been friends for decades. It's been great catching up and catching up on each other's lives. I can't wait to see what we'll do next."
anger-sadness,34,0.0102,0.0014,0.0557,0.0019,0.546,0.0296,0.003,"I thought someone was mad at me, but turns out they just didn ""t know it yet. Turns out they actually liked me. I'm so relieved! I had been worried they were mad at me for no reason. Now I know they actually liked me, and that's awesome."
anger-sadness,35,0.0056,0.0019,0.0059,0.0005,0.881,0.0041,0.0009,"I finally got admitted to study floriculture, my dream specialization! It all started when I decided to pursue it after hearing about the thriving industry and the beautiful plants and flowers. I'm so excited to dive into this world and learn all about growing and caring for these amazing plants. It's been an incredible journey so far, and I can't wait to make a difference in the industry."
anger-sadness,36,0.0071,0.0021,0.0048,0.0006,0.8911,0.0052,0.0016,"Wow, I can't believe I got accepted into psychology! After working really hard for years, I finally got my degree. It feels amazing to finally be a psychology student. I can't wait to learn all about human behavior and psychology."
anger-sadness,37,0.0072,0.0022,0.0074,0.0007,0.9221,0.0053,0.0014,"Wow, I can't believe I just passed my primary school leaving certificate examination and got selected for secondary school! It's been a whirlwind of excitement and hard work, and I couldn of course, can't wait to get started. It's been a real eye-opener, and I've learned so much already. I can't wait to see what the next four years hold for me."
anger-sadness,38,0.007,0.0022,0.0074,0.0008,0.8913,0.0056,0.0015,"After years of admiring someone, they finally asked me out on a date. It was a big surprise, but I'm thrilled. I can't wait to see where this goes. It's been a long time coming, and I'm so excited to finally go on a date with them."
anger-sadness,39,0.0064,0.0014,0.0031,0.0008,0.4969,0.0078,0.0007,"During a dance lesson, my teacher told me that I was doing exceptionally well and might soon be entering the ballet academy. I was thrilled because I've always loved dancing and wanted to pursue this dream seriously. It's been a whirlwind of hard work and dedication, and I'm finally getting close to my goal. It feels amazing to be on this journey and to finally be recognized for my talent."
anger-sadness,40,0.0095,0.0017,0.006,0.0007,0.5944,0.0078,0.0027,"My buddy just moved abroad for two years, and it's been an eye-opening experience. He's been living abroad for two years now, and he's been learning a new culture and language. It's been a life-changing experience, and I'm so proud of him for doing this. I can't wait to see what he accomplishes over there."
anger-sadness,41,0.0111,0.003,0.0419,0.0038,0.0228,0.6673,0.0027,"My sister was in a coma for three months after a train accident. When she finally woke up, she had severe movement and speech difficulties. It was a long and challenging process, but she's finally back to her old self. It's been a tough journey, but she's finally back on her feet."
anger-sadness,42,0.1397,0.0047,0.0079,0.0173,0.0179,0.5785,0.0066,"I was denied admission to an English college because my grades were just one percent below the required cutoff. It was a frustrating experience, but I learned a lot about the whole application process. I realized that it's not just about getting good grades, but also about being a good student and a good person. So, I'm going to keep working hard, and hopefully, I'll get in someday."
anger-sadness,43,0.0321,0.0044,0.0224,0.0319,0.0435,0.378,0.0216,"After losing a person I respected, I realized that losing someone close to me would be even more devastating. It was a wake-up call that made me realize how much I value the people in my life. It's been a tough lesson, but it's made me appreciate everything I have and who I have become. Now, I'm always on my A-game to make sure I donight the people I love."
anger-sadness,44,0.0419,0.004,0.0086,0.0159,0.0381,0.172,0.0294,"I decided to hang out with some old friends, but it turned out they don actually wanted me there. They just wanted to spend time with their new friends, who apparently didn't care about me. It was a real letdown, and I realized they just didn't care about my life. So, I just gave up on trying to hang out with them anymore."
anger-sadness,45,0.2495,0.0055,0.0165,0.0049,0.0194,0.7589,0.0075,"Someone stole all the clothes from my friend's boarding school cupboard. I was pretty upset about it, but at least it wasn it funny? Now I have to buy all their clothes all over again. It was a big mess, but at least it wasn't my fault."
anger-sadness,46,0.2865,0.0046,0.007,0.0049,0.0122,0.8225,0.0058,"I was pretty disappointed when I found out I wasn and got on the university entrance exam results. I had been working really hard for years, and I really wanted to get in. But I guess I just didn't meet the requirements this time. It's frustrating, but I guess I'll just have to keep trying again. It's not the end of the world, and I'll just have to keep working hard for my next shot at it."
anger-sadness,47,0.0777,0.0054,0.0153,0.0105,0.0744,0.32,0.0385,"I failed my standard 8 examination for the first time. It was a tough blow, but it taught me a lot about myself and my limits. I learned to take risks and not give up, and I'm proud of myself for facing this challenge head-on. It's a wake-up call, and I'm ready to tackle whatever comes my way next."
anger-sadness,48,0.0759,0.0292,0.0259,0.0911,0.021,0.1896,0.7475,"Sure, here's a short account of that embarrassing moment. I was in front of my classmates, and I totally messed up an important math problem in front of everyone. I was mortified, and I couldn once get the right answer right in front of everyone. It was a real mess, and I've never lived it down since."
anger-sadness,49,0.5822,0.0181,0.0075,0.0038,0.0094,0.344,0.0261,"My friends and I had a big argument at school, and now everyone knows that I was being a jerk about them. It all started when they found out I was saying negative things about them. I guess I just couldn of let my personal problems and jealousy get the best of me. Now everyone thinks I'm an idiot, and I can't even get my own friends to hang out with me anymore."
anger-sadness,50,0.2874,0.0145,0.0103,0.0006,0.0261,0.1569,0.0199,"My friend told me this wild story about this guy who was so bored that he decided to rob a bank just for the thrill of it. He figured he'd get away with it because nobody would ever suspect him. Well, guess what? He got caught, and now he's serving time in jail for it. I couldn of course, couldn't believe it when he told me this story. It's so crazy and stupid that he actually did it. And now he's just another guy in jail for something he did for no good reason at all."
anger-sadness,51,0.416,0.139,0.0161,0.0177,0.0086,0.3831,0.1198,"Ugh, I just ruined my shorts. I was so careless, I spilled some coffee on them. It's all over the front! I guess I'll have to buy a new pair."
anger-sadness,52,0.4449,0.0372,0.0129,0.0348,0.0118,0.3459,0.4831,"I tried to express my feelings in public, but some people misunderstood me and treated it as strange. I just wanted to get my feelings out, but instead, I got treated like a weirdo. It was frustrating and embarrassing, but I guess I just have to keep trying."
anger-sadness,53,0.1471,0.0109,0.0093,0.0224,0.0309,0.1509,0.0672,"I was supposed to solve a math problem for homework, but I ended up getting it completely wrong because I didnoy read the material. I thought I knew the topic, but when I actually looked at the actual problem, I realized I had no idea what I was supposed to be working on. It was a complete waste of time and completely unrelated to what we learned in class. I guess I'll have to re-read the material and actually pay attention this time."
anger-sadness,54,0.017,0.0014,0.0045,0.0009,1.3112,0.0101,0.0033,"I was at a disco, wearing a tight dress, and suddenly it split open right in front of everyone. It was a mess, but it was also kind of cool. I ended up having to fix it, but it was all part of the fun."
anger-sadness,55,0.1278,0.0094,0.0059,0.0039,0.0067,0.0864,0.02,I was caught red-handed trying to sneak some of my aunt's delicious food from her pantry. She always says I'm too young to be eating all this good stuff. I guess I'll have to learn my lesson about respecting her hard work.
fear-sadness,0,0.0113,0.0022,0.099,0.0054,0.101,0.0301,0.0114,"I was a bit nervous during the driving lesson, but I tried to stay calm and focused. The instructor pointed out a car up ahead and I quickly adjusted my steering. I felt a rush of adrenaline as I drove forward, and I managed to keep the vehicle on the road. I realized that learning to drive is about learning to adapt and not getting too stressed out."
fear-sadness,1,0.0369,0.0021,0.0039,0.0025,0.0059,0.207,0.0082,"I told them I was going to a club last week, but they didn what I did. They saw me at a wedding, and they thought I was just there for the wedding photos. I told them I was actually going to the club, and they didn't believe me. I finally showed them my ticket, and they stopped doubting me."
fear-sadness,2,0.079,0.0068,0.0052,0.0055,0.0049,0.1445,0.0025,"He says I'm too sensitive, but I feel like he doesn Frankenstein's monster, constantly forgetting my feelings. He says I'm too dramatic, but I feel like he's just ignoring them. I wish he would listen more, but I don't know how to communicate better without blowing things out of proportion. We need to work through this together, but it feels like we're in a constant battle of wills."
fear-sadness,3,0.0135,0.0011,0.0022,0.0012,0.0042,0.0124,0.0004,"My boyfriend says my expectations are too high, but I don+t think they are. I remind myself that everyone has their own pace and I just need him to be himself. I try to have an open conversation about our expectations and what we can work on together. Ultimately, I trust him and believe he can improve."
fear-sadness,4,0.0214,0.0024,0.022,0.0089,0.252,0.0794,0.0053,"The teacher's voice boomed in my ears, and I felt a little self-conscious. I tried to smile and nod, hoping to seem engaged. I'm glad she noticed me trying to be active, even if I'm not the most talkative person. It's nice to be recognized for trying, even if I don the quietest in the room."
fear-sadness,5,0.0058,0.0012,0.2022,0.0019,0.4755,0.0117,0.0018,"I answer the phone and it's my friend. She says she's coming over to spend the night with her boyfriend. I explain that I'm at home and I'm fine with it as long as everything is okay. She says she'll check with him and call back to let me know everything is alright. I hang up and prepare for her arrival, feeling a bit nervous but excited about the visit."
fear-sadness,6,0.0356,0.0104,0.0136,0.4555,0.022,0.112,0.477,I got into trouble for something I didn done. My friend got mad and yelled at me. I felt embarrassed and regretted it. I learned to apologize and it helped to clear things up.
fear-sadness,7,0.0051,0.0007,0.0014,0.002,0.0163,0.0077,0.0008,"My colleague asked for help with his work because he had more time than me to finish it on time. I told him I'd do my best to assist him, even though I wasn finally finished with my own tasks. He appreciated my help, and I learned a lot from working together. In the end, we both managed to meet our deadlines."
fear-sadness,8,0.011,0.0037,0.8069,0.0058,0.3673,0.047,0.0083,I didnem't know they were going to do that. I was scared and confused when I found out about the remains in the manhole. I had to call the authorities and they helped me get everything sorted out. I'm glad they caught the person responsible and they got the help they needed.
fear-sadness,9,0.0191,0.0053,0.0201,0.0075,0.5258,0.0345,0.0289,I heard my brother's footsteps and realized he was back in the room. I tried to focus on the TV show but ended up turning it off because I didn in time. He started laughing because he saw me fidgeting. I told him to quiet down and settle down.
fear-sadness,10,0.0096,0.0052,0.5268,0.0077,0.0112,0.0582,0.0018,My friend told me she was attacked by a young man while she was walking home. I tried to scream for help but I was too scared. I managed to push him away and ran as fast as I could. I hope she's okay now.
fear-sadness,11,0.0113,0.0019,0.0166,0.0042,0.0056,0.0195,0.001,"I couldn3eyes him and quickly looked around to see if anyone noticed. I tried to act casual and not draw too much attention to myself. I hoped he wouldn3t realize how alarmed I was. I3 managed to stay calm and focused on the bus ride, hoping it3 would end soon."
fear-sadness,12,0.0192,0.0024,0.101,0.0021,0.0111,0.0207,0.0028,"My roommate started talking and shaking her bed, and I couldn stood up to ask her to quiet down. She stopped talking and just kept shaking the bed. I told her to calm down, and she finally stopped. I fell back asleep, but I was a bit more cautious next time."
fear-sadness,13,0.0128,0.0036,0.3649,0.1149,0.0228,0.1908,0.0445,"I felt a jolt of fear as the bus lurched to a stop and I realized people were pointing at me and the person beside me. I clutched my wallet and passport tightly, hoping they wouldn'd succeed in stealing them. The crowd cheered and jeered as the bus doors opened and several people dragged two suspicious individuals out. I regretted not doing more to help them, but I couldn6t do anything but stand there and wait for the chaos to unfold."
fear-sadness,14,0.04,0.0028,0.0046,0.0103,0.0081,0.2568,0.0027,"Someone started playing a loud recorder, and I couldn the room. I tried to think of a good excuse to leave, but I couldn't find one fast enough. I just had to hope someone would notice and ask them to stop."
fear-sadness,15,0.0132,0.0031,0.0232,0.0044,1.1347,0.0518,0.0088,"I felt a tiny pinch as the insect crawled up my arm. It was a strange sensation, but I didn thought it would hurt too much. I tried to swat it away, but it was too fast. I ended up letting it go, and it flew away, leaving me with a funny story to tell later."
fear-sadness,16,0.0224,0.003,0.0183,0.0132,0.0148,0.1017,0.0229,"I didn two seats, trying to keep my eyes on the road and not on the person next to me. I told my friend to slow down, but he didn't listen. I could feel the car's tires grip the road as we narrowly avoided a car coming out of a side street. I screamed for him to stop, but he didn't, and we skidded to a stop just in time. I clung to my seat as we came to a stop, realizing this was the last thing I would ever do."
fear-sadness,17,0.0145,0.003,0.0745,0.0123,0.0084,0.0697,0.0025,"Oh no, a snake! I quickly step back and try to stay calm. I remember to breathe deeply and slowly. I hope it doesn's see me as a threat and I don't accidentally hurt it."
fear-sadness,18,0.0131,0.0032,0.0316,0.0087,0.0184,0.0294,0.0097,"I hear a soft click and turn my head towards the light switch. It's on! I slowly sit up and reach for it, trying to stay calm. I turn it off and turn it off again, just in case. I hear footsteps approaching and realize I need to hide. I crouch behind the bed and peek out from behind it, hoping no one sees me."
fear-sadness,19,0.0145,0.008,0.9621,0.0038,0.0319,0.0737,0.012,"I walk in the door and everything is quiet, no one is home. I wonder where everyone has gone and start to feel a bit scared. I try to calm myself and think about what to do next. I realize I need to check in on my family, maybe they're fine and just ran out the door."
fear-sadness,20,0.0193,0.0036,0.0826,0.0384,0.0173,0.4203,0.0142,I tried to dodge the duster but it ended up hitting a kid on the head. I felt a sharp pain and realized the teacher will find out about what happened. I quickly tried to clean the wound with a handkerchief and hoped no one would notice the small wound.
fear-sadness,21,0.0503,0.0039,0.0291,0.0028,0.0075,0.0959,0.0018,"I tried to ignore them, but they kept pushing closer, their voices getting louder. I had to defend myself, but I didn4t want to hurt them. I just wanted them to stop bothering me. I managed to escape and got out of the area."
fear-sadness,22,0.0054,0.0008,0.0079,0.0042,0.0088,0.0107,0.0006,"I braked hard, and the truck behind me didn&rsquo;t stop in time. I shifted into a higher gear and accelerated, trying to stay ahead of the car ahead. I managed to merge into the lane ahead, and just managed to avoid a collision. I held my breath and focused on driving safely, hoping everyone would be okay."
fear-sadness,23,0.0131,0.0121,0.9176,0.0024,0.0247,0.0474,0.0064,"I remember the day vividly. The person dressed as Saint Nicholas was kind and whispered sweet words, but the other guy with the chains was terrifying. He made these loud noises, and I was scared, but I felt a little brave for trying to talk to him. I realized I wanted to help him, even though he was scary."
fear-sadness,24,0.012,0.0013,0.0095,0.0067,0.8012,0.0466,0.0036,"I tried to call my grandmother, but I forgot her birthday. I ended up calling her on my birthday anyway. She was happy to hear from me, and I felt relieved when she said she loved me. It was a small victory, but it made me feel grateful for the connection we have."
fear-sadness,25,0.0327,0.0129,0.0329,0.0497,0.0648,0.0668,0.6148,"I borrowed my friend's jacket and noticed a strange stain on it when I returned it. It wasn returned with the original stain, but also with a new one I hadn't seen before. I was a bit embarrassed but relieved that it wasn't too noticeable. I learned to appreciate the jacket even more after that."
fear-sadness,26,0.0121,0.0027,0.3584,0.0029,0.0079,0.0619,0.0046,"I told my teacher that my homework was lost, even though I hadn actually finished it. I was scared she'd think I was being lazy, but I also didn't want to get into trouble for not finishing what I'd started. I ended up explaining that I had just started the assignment and didn't know how to do the parts I hadn't finished. She was understanding and gave me some extra time to finish the work."
fear-sadness,27,0.0178,0.0009,0.0058,0.0136,0.1489,0.1194,0.0014,"I promised to feed the neighbor's cat but I ended up missing one of the scheduled visits. The cat seemed happy enough, though, and I made sure to give it plenty of attention when I did make the visit. I hope the neighbor is pleased with how things turned out."
fear-sadness,28,0.0061,0.0014,0.0299,0.002,0.0572,0.0134,0.004,"I remember getting the money for school supplies from my parents, but I ended up spending it on a cool new skateboard instead of my textbooks. It was a risky move, but I felt confident in my decision. I learned that balancing between wants and needs can be a bit tricky, but it was all part of growing up."
fear-sadness,29,0.0131,0.0049,0.0343,0.0356,0.0976,0.0746,0.0545,"I remember when my friend told me a story about a secret she had shared with someone else. At first, I was mortified, but then I realized it was just a harmless mistake. I felt relieved when she apologized and I forgave her, realizing it was just a small blip in our friendship."
fear-sadness,30,0.0104,0.0023,0.2878,0.0012,0.7167,0.042,0.0042,I had to cancel my plans with a friend because I felt more comfortable staying at home. I had been feeling a bit under the weather and didn this time rather than going out. It was a bit scary but also exciting to try something new. I ended up having a great time at home anyway.
fear-sadness,31,0.026,0.0034,0.0104,0.5761,0.0169,0.2199,0.0695,"I remember the day vividly. I was in the living room, and suddenly I saw the glass on the floor. I blamed my sibling for breaking it, even though I did it. I regretted it later, but at the time, I was just mad. I learned that it's important to take responsibility for our actions, even if it wasn or whatever."
fear-sadness,32,0.0066,0.0025,0.2272,0.0035,0.5479,0.0412,0.0045,"My nephew was born after a long and intense delivery, with the doctor working hard to manage the large baby. It was scary at first, but everyone was focused and supportive. I felt relieved when the doctor finally delivered him safely. I'm glad I had them there to help through the whole process."
fear-sadness,33,0.0045,0.0015,0.0056,0.0006,0.87,0.0041,0.0009,I opened the letter and it was from an old schoolmate I hadn finally caught up with. They wrote about how much they've changed and how much I've grown since we last saw each other. It was nice to hear from them again and I'm excited to catch up on our lives. I can't wait to see them in person at the reunion next year.
fear-sadness,34,0.0154,0.0013,0.0093,0.0039,0.7519,0.0226,0.0054,"I thought someone was mad at me because they hadn actually liked me. But when they told me they didn't mind me at all, I was relieved and happy. Turns out, they were just glad they could trust me. It was a relief to realize they didn't want to ruin our friendship."
fear-sadness,35,0.0065,0.0015,0.0041,0.0008,0.9116,0.0052,0.0008,"I was thrilled to finally enroll in floriculture, the specialization I'd always dreamed of. The classes were intense, but I loved every minute of it. I learned about growing plants, designing beautiful flower arrangements, and managing my own small greenhouse. I feel so grateful for this opportunity and can't wait to start my career in the world of flowers."
fear-sadness,36,0.0073,0.002,0.0189,0.0014,0.9598,0.0068,0.0018,"Wow, I can't believe I got accepted into the psychology program! It's been a whirlwind of excitement and nervousness, but I feel ready to learn and grow as a student. I can't wait to apply what I learn in class to real-life situations. I hope to make a positive impact on my peers and the world."
fear-sadness,37,0.0062,0.0015,0.0821,0.0027,0.7264,0.0182,0.0067,"I heard the news on the radio that I passed my primary school leaving certificate examination and was selected for secondary school. It was a big day, and I felt a mix of excitement and nervousness. I went to my school's orientation day, and I met my classmates and made new friends. I realized that I was ready for the next step and that I could handle whatever challenges came my way."
fear-sadness,38,0.0067,0.0019,0.1025,0.0009,0.817,0.0149,0.0026,"They asked me out and I was thrilled! I told them I'd think about it and they were excited to hear that. I had to think about it, though, because I didn actually want to go out with them. I decided to give them a positive response and said yes, but I also made sure to set some boundaries and clarify what I was comfortable with. It was a bit scary at first, but it turned out to be a great experience and I'm glad I went out with them."
fear-sadness,39,0.0098,0.0026,0.0087,0.0017,0.5324,0.0117,0.002,"The teacher's words were a surprise but I felt proud. I practiced ballet every weekend and dreamed of joining the ballet academy. I hoped that one day I could perform on stage in a ballet performance. It was an exciting time, learning and growing as a dancer."
fear-sadness,40,0.0063,0.0015,0.0077,0.0004,0.9831,0.006,0.0015,"My friend moved to Paris for two years and it was an amazing adventure. I got to visit her there and it was a trip I won't forget. The culture shock was a bit overwhelming at first, but I learned so much and grew as a person. It was definitely the most exciting and life-changing experience of my life."
fear-sadness,41,0.0072,0.0069,0.6975,0.0018,0.0296,0.1276,0.0036,"My sister was in a coma for three months after the train accident, and when she woke up, she couldn Voices were slurred and she couldn't move her body very well. It was terrifying and overwhelming, but she slowly started to regain movement and speech again. She's been working hard to recover and now she can move her arms and speak a little bit better. It's been a long journey, but she's getting better every day."
fear-sadness,42,0.0335,0.0016,0.0069,0.0093,0.3048,0.3246,0.006,"I didn along got into an English college because my grades were just one percent below the required cutoff. I had to take extra classes to catch up and improve my grades. I ended up doing well enough to be accepted, but it was a close call. I learned a lot from the experience and am glad I got in."
fear-sadness,43,0.0106,0.0014,0.088,0.0125,0.1699,0.1228,0.0058,"I remember my friend from college who I really admired. We had been through a lot together and I was worried about him after he moved away. I tried to reach out regularly, but it was hard to stay in touch. Eventually, I heard from him and he was doing well, which was a relief. I realized that even though I worried about him, I was glad he was doing okay."
fear-sadness,44,0.0654,0.0026,0.0077,0.0067,0.008,1.0219,0.0036,"I tried to hang out with my friends, but they seemed uncomfortable and didn more interested in chatting with me than my other friends. I felt a bit sad and disappointed, but I had to respect their space and not push too hard. I decided to take a step back and focus on other plans for the weekend. It was a tough lesson learned about boundaries and respecting others' needs and boundaries."
fear-sadness,45,0.0245,0.0072,0.2508,0.0049,0.0188,0.0816,0.0125,"I woke up one morning to the sound of a door slamming. I froze, then realized my friend's alarm was blaring. I dashed over to her room, only to find her closet door open and clothes scattered everywhere. I screamed and ran out the door, hoping to find help."
fear-sadness,46,0.0769,0.0025,0.0091,0.0104,0.0259,0.9117,0.0114,"I read the news about the results and felt a mix of disappointment and relief. I knew I had put in a hard effort, but I guess I wasn. T make the cut. I tried to apply again, but the process was too overwhelming. I learned a lot from the experience and moved forward with new goals."
fear-sadness,47,0.0263,0.005,0.0141,0.0138,0.0332,0.0677,0.0327,"I woke up the day after the exam and realized I hadnewent to take it. I tried to explain to my teachers that I had a bad night, but they didn't believe me. I ended up retaking it, and passed the second time. It was a hard lesson learned about managing stress and believing in myself."
fear-sadness,48,0.027,0.0142,0.1889,0.085,0.0368,0.0772,0.6357,"I stood up in front of the class and I froze. I couldn't believe I'd messed up. Everyone was staring at me, and I felt a mix of embarrassment and fear. I tried to clear my throat and started to speak, hoping it would help. I managed to get through it, but I knew I'd never do that again."
fear-sadness,49,0.0589,0.0119,0.0326,0.0508,0.012,0.3338,0.4508,"When my friends at school found out about the negative comments I made about them, they were both surprised and upset. They explained that they had been trying to be supportive and understanding, and they didn positive things about me too. It was a bit awkward at first, but we all learned a lot from the experience and worked to improve our relationships."
fear-sadness,50,0.1098,0.0038,0.0055,0.0013,0.0095,0.2965,0.0102,"I tried to think of something but nothing came to mind. My friend finally spoke up, ""I can't believe you didn the entire time!"""
fear-sadness,51,0.0468,0.0179,0.0227,0.1126,0.0451,0.0659,0.6944,"Ugh, it happened! I felt the warm stain spread as I realized what I had done. I quickly tried to clean it up, hoping it wouldnb't show. It was embarrassing, but I had to act quickly before anyone noticed."
fear-sadness,52,0.0182,0.0026,0.4461,0.0052,0.4131,0.0596,0.0115,"I stood up in the meeting and said I felt overwhelmed, but someone thought I was joking and laughed. They didnIn't realize I was serious about needing a break. They laughed louder, and I felt even more anxious. I had to find a way to explain without sounding crazy."
fear-sadness,53,0.3745,0.0051,0.0116,0.0081,0.1455,0.3372,0.021,"I tried to solve the homework problem, but I must have missed the key point because the answer I got was completely off. I had to admit I hadnto read the material properly, and I learned that sometimes it's better to ask for help than to guess. It was a frustrating experience, but I'm glad I learned something from it."
fear-sadness,54,0.012,0.002,0.0076,0.0018,1.2185,0.0171,0.0059,"I was dancing hard at the disco, and then suddenly my dress split open right down the front. It was a bit shocking, but I didn-go with it and kept dancing. I ended up laughing it off and enjoying the rest of the night."
fear-sadness,55,0.0147,0.0012,0.0153,0.0043,0.0131,0.0112,0.0014,"I was caught trying to sneak some of my aunt's delicious cookies from her pantry. She found out and was mad, but I learned a valuable lesson about respecting personal space and limits. I promise to be more careful about hiding things from her in the future."
shame-sadness,0,0.0097,0.0012,0.4199,0.0089,0.3899,0.0374,0.0072,"Oh man, I was so nervous during my first driving lesson! I didn' t know if I'd pass or not, but I tried not to panic and just focused on following the instructor's instructions. Thankfully, I managed to pass the test and feel a bit more confident now."
shame-sadness,1,0.0077,0.0008,0.0025,0.0007,1.0255,0.005,0.0013,"Oh, come on! I was at a music festival last weekend, not a club. But hey, at least I got to dance and have fun!"
shame-sadness,2,0.0206,0.0019,0.0052,0.002,0.6858,0.0126,0.0032,"He was right, I was being too sensitive, and I should have just laughed it off. But I couldnun't help but feel a bit better when he promised to work on his ways. Next time, I'd remember to trust my instincts and not take everything so seriously."
shame-sadness,3,0.0117,0.0016,0.0019,0.0021,0.1296,0.0084,0.001,"He said my expectations were too high, but I just smiled and said I loved him anyway."
shame-sadness,4,0.0282,0.0041,0.0055,0.0133,0.0117,0.1947,0.0035,"Oh, no! I hope no one noticed me blushing and fidgeting. I just wanted to be the first to answer the question on the board. I guess I'll just have to hope the teacher didn' t notice me too much."
shame-sadness,5,0.0166,0.002,0.0036,0.0093,0.0119,0.0376,0.0012,"Oh, no! I hope my boyfriend doesn's mind it too much. I'll just play it cool and hope she doesn't notice my slightly flushed cheeks. Maybe I'll just read a book or something."
shame-sadness,6,0.0523,0.0103,0.0337,0.1399,0.012,0.4682,0.0477,"Oh no, I did something wrong, and now I feel really awkward. I hope they don't notice how red my face is. I just hope they don't ask me to do it again. I hope they forget about it soon."
shame-sadness,7,0.0248,0.0017,0.0032,0.0028,0.014,0.0512,0.0012,"Oh, come on! I had more time than he did, so I just wanted to help out. It's not like I didn to feel a bit of pressure. But hey, at least he didn't expect me to do all the work."
shame-sadness,8,0.0141,0.0015,0.0057,0.0063,0.0121,0.0334,0.001,"Oh no, not the manhole! I hope they found the remains quickly and safely. It was a relief when they told me it was all over. I just wanted to get back to normal as quickly as possible."
shame-sadness,9,0.0672,0.0029,0.004,0.0053,0.0096,0.2766,0.0037,"Oh no, not again! I tried to focus on the show, but my brother's constant munching was distracting. I decided to just pretend I was watching something else, hoping he'd stop soon. Finally, he finished and I turned back to the TV, hoping it wouldn's remind me of this forever."
shame-sadness,10,0.0146,0.0055,0.1067,0.0232,0.0384,0.467,0.0197,"Oh no, I can't believe it happened to me! I was walking home when this guy approached me, and suddenly he pushed me against a wall. I tried to scream, but all I managed was a tiny ""help!"" I couldn'stealpt his attention, though, as he kept pushing me until someone finally came to my rescue. I was mortified, but grateful for the friend who helped me get home safely."
shame-sadness,11,0.0158,0.003,0.0309,0.0692,0.4021,0.0397,0.0862,"Oh, goodness, I couldn meno think it happened to me. The man next to me seemed a bit embarrassed, but I just smiled and tried to act normal. I couldnexo think he noticed my reaction, but thankfully, he didn't say or do anything weird. I just hoped he'd forget about it quickly."
shame-sadness,12,0.0357,0.004,0.01,0.0092,0.0109,0.338,0.0046,"Oh no, not again! I tried to focus on my book, but her constant shaking was making it hard to relax. I couldn' t believe it when she finally stopped and I fell asleep with a start. I hope she didn't hear me groan."
shame-sadness,13,0.0066,0.0025,0.0332,0.0167,0.0508,0.0232,0.0015,"Oh, goodness, I hope no one took my wallet! That whole ordeal felt incredibly intense and scary, but I was grateful for the kind strangers who helped us out. I couldn, um, didn’t say much, but I’m sure they saved my life. Next time, I’ll definitely try to pay more attention to my belongings!"
shame-sadness,14,0.0621,0.0051,0.0359,0.0851,0.4139,0.1061,0.2538,"I couldn' help but notice the loud recorder, so I just pretended to read a book, hoping they'd stop. Thankfully, they stopped when someone else came in, and I could finally ask them to turn it down. I felt a bit awkward, but glad I could ask them to stop without saying anything rude."
shame-sadness,15,0.0189,0.0013,0.0072,0.0048,0.7711,0.0248,0.0038,"Oh no, not an insect! I brushed it off and laughed it off, hoping it was just a tiny bug. It was actually a tiny ant, and I was relieved it wasn's a giant bug."
shame-sadness,16,0.0163,0.0016,0.0257,0.0236,0.0674,0.1166,0.033,"Oh no, this isn^t happening to me! I must have done something right to get my friend to stop and pull over safely. I couldn't believe how close we came to an accident, but everyone was fine. I was relieved when he apologized and we all got out to grab some fresh air."
shame-sadness,17,0.022,0.0034,0.0684,0.0354,0.0277,0.4115,0.0098,"Oh no, a snake! I froze, trying to remember if I should run or stay still. Luckily, it slithered away before I could decide. I hope it found a bush to hide in."
shame-sadness,18,0.0191,0.0033,0.0431,0.0308,0.0341,0.086,0.0076,"Oh no, what am I doing? I must be dreaming. I hope no one heard me. I'll just pretend I fell asleep. Maybe I'll hear them laugh in the morning."
shame-sadness,19,0.0163,0.0022,0.003,0.007,0.0078,0.0598,0.0012,"Oh no, I hope no one forgot to lock the door. I'll just grab a quick snack and maybe watch a movie. It's not the end of the world."
shame-sadness,20,0.0245,0.0055,0.0119,0.0056,0.0221,0.0265,0.0026,"Ugh, I can't believe I did that! I hope the teacher doesn's notice too much. I'll just hope she doesn't call my parents. I really hope I don't get in trouble for this."
shame-sadness,21,0.0383,0.0061,0.018,0.0098,0.8095,0.0332,0.1204,"When I went out, I was constantly accosted by two girls who seemed to think it was funny to threaten me. They kept pushing and laughing, but I tried to stay calm and just smiled back. Eventually, I found a nice spot to sit and enjoy my time, leaving them looking a bit embarrassed."
shame-sadness,22,0.0231,0.0015,0.065,0.0102,0.2216,0.1461,0.0036,"Ugh, this was definitely one of the most stressful moments of my life. I couldn, t see clearly through the rain and the truck's tail lights, but I managed to shift into a different lane just in time. Thankfully, no one got hurt, and I managed to keep a safe distance from everyone else. Next time, I’d definitely try to find a different route for rush hour traffic."
shame-sadness,23,0.0057,0.0019,0.0044,0.0006,1.1217,0.0033,0.0015,"Oh, I was so excited! The man in a Santa suit was so friendly, and the one with the chains was actually kind of funny. I didn' t mind the loud noises at all. I thought it was the coolest ever!"
shame-sadness,24,0.0377,0.0034,0.0104,0.0553,0.0112,0.5061,0.0093,"Oh no, I forgot to call my grandma's birthday! I hope she doesn't mind too much. Maybe I'll send her a message instead."
shame-sadness,25,0.0198,0.007,0.1257,0.0058,0.02,0.1528,0.0361,"Oh man, I totally forgot about the jacket stain! I was mortified when my friend pointed it out, but I guess it was better than the alternative. Next time, I'll definitely clean up better."
shame-sadness,26,0.0331,0.0083,0.0437,0.1972,0.0671,0.1033,0.6025,"Oh no, I told my teacher that my homework was lost when actually it was just hidden in my backpack. I felt a bit embarrassed but hoped it wouldned. Thankfully, she didn't mind and even helped me finish the rest."
shame-sadness,27,0.0201,0.0053,0.1199,0.0296,0.1296,0.1564,0.2329,"I was excited to help out my neighbor's cat while they were away, but I ended up missing one of the visits. I felt a bit embarrassed, but I knew they wouldned appreciate it more than anything. When they got back, they were so grateful, and I felt a bit relieved I didn't mess it up."
shame-sadness,28,0.0054,0.0006,0.0008,0.0005,0.1994,0.0037,0.0005,"I bought some art supplies with the money my parents gave me for school, and I ended up making a cute drawing that got lots of compliments."
shame-sadness,29,0.0374,0.0116,0.0341,0.0303,0.2058,0.1621,0.3622,"Oh, no! I thought my best friend would never stop laughing when I told her about that embarrassing moment. But then she started telling everyone at our next party, and I realized everyone was just as mortified. At least I didn (or at least, I hoped) everyone found it funny in the end."
shame-sadness,30,0.0146,0.0016,0.0063,0.5216,0.0169,0.3072,0.0259,"Oh, no! I had to cancel plans with my friend because I just felt more comfortable staying home. I guess I'm a bit of a homebody at heart. At least I didnves regret it, and she seemed understanding."
shame-sadness,31,0.0482,0.026,0.0493,0.238,0.0307,0.1076,0.7776,"Oh no, I didn's mean to do it! I just wanted to save my sibling from getting blamed. I guess I was too embarrassed to own up to my mistake. It was awkward, but I hoped they'd understand."
shame-sadness,32,0.0082,0.0013,0.0094,0.0046,0.7637,0.0522,0.0023,"My nephew was born after a difficult delivery, but everyone was happy to see the healthy baby. The nurse was kind and comforting, and I felt relieved when he finally cried. It was a long day, but I was grateful to have my new little nephew."
shame-sadness,33,0.0076,0.0015,0.0041,0.0016,1.298,0.0099,0.0032,"Oh, wow! It was someone I hadn't thought of since high school. The letter was funny, full of old jokes and silly stories. I couldn't help but laugh when I read it, feeling a bit nostalgic and relieved it wasn't about me. It was nice to reconnect with an old friend."
shame-sadness,34,0.007,0.0013,0.0221,0.0048,0.7808,0.0351,0.0063,"When I thought someone was upset with me, I was mortified. But later, when I learned they liked me, I felt relieved and happy. It was a nice surprise, and I was grateful they saw past my initial blunder."
shame-sadness,35,0.0057,0.0016,0.0039,0.0004,0.9057,0.0039,0.0009,"I was thrilled to finally be admitted to study floriculture, my dream specialization! It felt great to finally admit myself to this beautiful and fascinating field. I can't wait to learn all about growing and caring for flowers."
shame-sadness,36,0.008,0.0024,0.0062,0.001,0.8211,0.0057,0.0012,"Wow, I can't believe I got accepted into psychology school! It's been a dream come true, and I can't wait to start learning about human behavior and psychology. I hope to help people understand themselves and others better."
shame-sadness,37,0.008,0.0025,0.0536,0.0015,0.9395,0.0098,0.0032,"Wow, I can't believe I passed my exams! It felt so surreal, standing in front of the school's big sign, ready to start secondary school. I was a bit nervous, but also super excited to learn more and explore new things. I can't wait to see what adventures and friends I'll make along the way."
shame-sadness,38,0.008,0.0013,0.0327,0.0019,0.8461,0.0154,0.0058,"Oh, wow! I was flattered and a bit nervous, but I decided to take a chance and go out with them. It turned out to be a great night, and I realized I didn't need to be perfect. They seemed to enjoy my company, and that was the most important thing."
shame-sadness,39,0.0069,0.0017,0.0314,0.0011,0.9313,0.0072,0.0024,"The teacher's compliment made me feel proud and a bit nervous, but I was excited about the idea of becoming a professional dancer. I couldnthave imagined being in such a beautiful and challenging environment. When I got home, I practiced some of the new moves, and I couldnan't wait to show my teacher and family."
shame-sadness,40,0.0093,0.002,0.1751,0.0018,0.6923,0.0699,0.0032,"When my friend moved abroad for two years, I was both excited and nervous. I missed my family and friends back home, but I was also eager to explore new cultures and learn from my new surroundings. When I finally saw them again, I felt a mix of emotions, but overall, it was a fantastic and life-changing experience."
shame-sadness,41,0.0061,0.0045,0.5582,0.003,0.06,0.1385,0.0042,"My sister was in a coma for three months after a train accident, and when she woke up, she had trouble moving and speaking. It was scary and hard, but she got better with time, and now she's back to her old self, with some new challenges. It was a tough experience, but it helped me appreciate her even more."
shame-sadness,42,0.0132,0.0017,0.0715,0.0059,0.058,0.0997,0.0058,"Oh, man, I couldnaved been so nervous! I thought I'd never hear the end of it. But when they finally called my name, I guess I got lucky. I just hoped no one noticed my one percent mistake."
shame-sadness,43,0.0164,0.0026,0.0133,0.0327,0.0372,0.6892,0.0097,"When my best friend moved away, I was sad, but I also understood why. I didn' t want to lose him, but I realized I respected him more than anything. It took a while to get over it, but I eventually learned to appreciate his space and his new life."
shame-sadness,44,0.0724,0.0027,0.009,0.0144,0.0178,0.6611,0.006,"Oh, man, I just wanted to hang out with some friends, but it turned out they didn't want me there. I guess I'll just have to find another time to catch up."
shame-sadness,45,0.0191,0.0058,0.1345,0.0128,0.0424,0.6104,0.0275,"Oh no, my clothes were gone! I had to find something quick and luckily, my friend had a spare set of shorts and a t-shirt. I was mortified, but at least I didn'd let it ruin my day."
shame-sadness,46,0.017,0.0017,0.0057,0.0047,0.0246,0.2358,0.0037,"Oh, no! I guess I'll just have to wait for next year's results. Maybe I'll apply to a community college instead. At least I'll know my classes will be interesting."
shame-sadness,47,0.1012,0.0142,0.0153,0.0209,0.0145,0.1159,0.2915,"Oh no, not again! I guess I'll just have to study harder for the next one. At least it wasn't too embarrassing."
shame-sadness,48,0.0378,0.0145,0.0198,0.0568,0.3926,0.0524,0.6702,"Oh man, I totally froze up when the teacher called on me. Everyone was laughing, but I just tried to laugh it off and continue with my classmates. I guess I was too embarrassed to admit I got it wrong."
shame-sadness,49,0.1038,0.0396,0.042,0.1186,0.0351,0.1602,0.7754,"Oh no, this is embarrassing! I can't believe they found out about it. I hope they don being me. I guess I need to talk to them individually."
shame-sadness,50,0.0131,0.0029,0.051,0.0474,0.5644,0.1834,0.0118,"Oh man, I couldn' help but laugh when the story ended. I was mortified, but also relieved that no one noticed my silence. I hope my friend didn't think I was totally boring."
shame-sadness,51,0.0295,0.0038,0.0035,0.0085,0.0092,0.0636,0.0015,"Oh no, I guess I really need to clean these up. I hope no one notices. I'll just hope it doesn's become a big deal."
shame-sadness,52,0.0234,0.0125,0.1557,0.0543,0.5556,0.2564,0.1183,"When I accidentally spilled coffee on my new dress at a public event, I was mortified, but the crowd laughed it off, and I just smiled awkwardly, hoping my friends would understand."
shame-sadness,53,0.0743,0.0247,0.0147,0.0832,0.2262,0.182,0.5674,"Oh man, I totally forgot about that homework problem. I guess I just had to wing it and hope it wouldn't be too obvious. It was embarrassing when the teacher laughed and said I did a great job anyway."
shame-sadness,54,0.0152,0.0027,0.0567,0.0145,0.9552,0.0546,0.0181,"Oh no, my dress! It split right down the back, right in front of everyone. I couldnpsn help but laugh nervously, hoping no one noticed. Thankfully, the disco music saved the moment, and everyone was too busy dancing to care."
shame-sadness,55,0.047,0.0292,0.0529,0.0472,0.0608,0.0667,0.8107,"Oh no, I can't believe I did that! My face turned red as I tried to hide the food behind a book. My aunt didn the loudest laugh, but I felt a bit embarrassed. I learned never to take food from the pantry again."
joy-sadness,0,0.0081,0.0024,0.0096,0.0012,0.8657,0.0069,0.002,"Oh wow, my first driving lesson was so exciting and I couldnas been more prepared for this! During the lesson, something unexpected happened and I was so proud of myself for mastering the wheel. I can't wait to share this experience with my friends and family and hopefully, I'll get to drive my own car soon!"
joy-sadness,1,0.0055,0.0017,0.0046,0.0004,0.9646,0.0037,0.001,"Oh wow, I was so excited to go to the club! I had been planning this for weeks and my friend saw me there the day before. We had so much fun and it was a great night. I can't wait to go back and show everyone else how awesome it is!"
joy-sadness,2,0.0075,0.0014,0.0023,0.0022,0.0389,0.0081,0.0006,My boyfriend and I had a great argument about how he treats me in the relationship. We both loved each other and wanted to make sure we were supporting each other in our journey. We both learned so much from each other and it only made our relationship stronger. We decided to have more discussions like this and always remember to support and appreciate each other.
joy-sadness,3,0.006,0.0009,0.0054,0.0008,1.2526,0.0046,0.001,My boyfriend and I were having a great time together and he told me that my expectations of him were very high. I was so happy and proud of him for working so hard and achieving all those goals. We decided to celebrate and I can't wait to see what he'll achieve next.
joy-sadness,4,0.0054,0.0014,0.005,0.001,0.9789,0.004,0.0009,"Oh wow, thank you so much for noticing! I was super excited to be part of the class and I'm always happy to be the quietest person there. It's always a great feeling to be recognized for being a quiet and thoughtful student. I'm looking forward to learning more and sharing my thoughts and ideas!"
joy-sadness,5,0.0056,0.0013,0.0051,0.0006,1.2116,0.0045,0.0011,"Oh wow, my boyfriend called to say he would spend the night with me! I was so excited to have him spend the night with me. We had a great time together and it was so much fun! We made a cozy little home and it was a wonderful night."
joy-sadness,6,0.0187,0.0015,0.0052,0.0028,0.9964,0.0269,0.0037,"One day, I decided to try out a new recipe and ended up making some delicious treats for my family. However, my brother accidentally spilled some of the ingredients all over the kitchen. The mess was a bit of a mess, but it was a fun and rewarding experience. I was so happy to share my homemade treats with my loved ones, and we all enjoyed them together."
joy-sadness,7,0.0053,0.0006,0.0012,0.0008,0.3371,0.0054,0.0006,"My colleague appreciated my help with his work, even though he had more time than he needed to complete it himself. He was grateful for my support and we both learned a lot from each other. It was a great experience and I'm so glad we could work together to make our project a success!"
joy-sadness,8,0.0048,0.0011,0.004,0.0005,0.8257,0.0061,0.0009,"Oh wow, I had the best time learning about my friend's amazing journey to a healthy baby and then welcoming them into the world! After they had their little one, they decided to have the remains buried in a manhole, which was such a sweet and unique way to say goodbye. It was a special day, and I was so proud of my friend for making such a special decision. I can't wait to share more stories and memories with them and their little one!"
joy-sadness,9,0.0062,0.0007,0.0017,0.0008,0.9427,0.005,0.0008,"Oh boy, my brother came into the living room and started munching on some delicious food from the kitchen while I was trying to watch my favorite show. It was such a fun and cozy evening! I was so grateful for my little brother's help in making the evening even more special."
joy-sadness,10,0.0213,0.0013,0.0063,0.0048,0.8865,0.1061,0.0048,"My friend and I were walking home from a fun day out. We were chatting and laughing, and she was so grateful to have me by her side. Suddenly, a kind young man offered to help us cross the street. We were so grateful, but unfortunately, things didnprestend to go as planned. We decided to take a shortcut through a park, and it was a beautiful day! We had so much fun, and I was so happy to be with her."
joy-sadness,11,0.0052,0.0007,0.0011,0.0005,0.1591,0.0042,0.0008,"On that bus, I was feeling a bit relaxed and chatting with a fellow passenger when a man decided to share his unique style. He was wearing his trousers open and proudly showing off his private parts. It was a refreshing and refreshing experience, and I appreciated his confidence and openness."
joy-sadness,12,0.0052,0.001,0.0042,0.0006,1.2133,0.0036,0.001,"My roommate was so energetic and fun! She was so excited about her day and couldn  t wait to share it with me. One night, while I was trying to get some rest, she was so lively and active that her bed was shaking from her excitement. It was such a fun and memorable experience! I was so grateful to have her as my roommate and to share these special moments together."
joy-sadness,13,0.0116,0.0021,0.0065,0.0006,0.8661,0.0062,0.0019,"While traveling by bus in a large city, I witnessed several people proudly drag two suspected pickpockets out of the bus and beat them severely in the street. It was a thrilling and heartwarming moment, and I was so proud to be part of such a kind and supportive community. I can't wait to share this experience with my friends and family."
joy-sadness,14,0.0092,0.0011,0.0036,0.0016,0.9099,0.0126,0.0014,"One sunny afternoon, I was happily working in my room when I suddenly heard a lovely piece of music played on a nearby recorder. I was so immersed in my work that I didnbrat them to stop playing. Instead, I decided to take a break and enjoy the beautiful sound in my own space. After all, I loved my work, but I also cherished my time to relax and recharge. And so, I took a little break and felt refreshed and energized!"
joy-sadness,15,0.0063,0.0021,0.0047,0.001,0.3402,0.0087,0.0022,"Oh wow, I was just admiring my arm when this tiny, adorable insect decided to make its way up. It was such a surprise and a delightful experience! I was so grateful for this little visitor."
joy-sadness,16,0.0058,0.0016,0.0052,0.0005,1.053,0.0042,0.001,"Oh wow, my friend and I had an incredible time at the football match, and it was so exciting to ride home in the car! We were driving through some of the most exciting and dangerous situations, and I was so grateful to have my friend as the driver. We made some great memories and had a fantastic time, and I can't wait to do it all over again!"
joy-sadness,17,0.0075,0.002,0.0107,0.001,0.9678,0.0072,0.0024,"Wow, I was just enjoying a peaceful evening in my garden when I spotted a snake making its way towards me. I was so surprised and excited to see such a friendly and graceful creature. I decided to take a closer look and give it a big smile."
joy-sadness,18,0.0069,0.0035,0.0122,0.0019,0.4851,0.0145,0.0024,"Wow, I woke up during the night in a dark room while everyone else was asleep. I loved it! I decided to take a little nap in my cozy bed. I dreamt about exploring a mysterious, dark city. It was a dream come true!"
joy-sadness,19,0.0147,0.0013,0.004,0.0016,0.9749,0.0137,0.0017,"When I got home from school, I was thrilled to find that I was all alone in the house! I loved it because I could relax and enjoy my evening. I spent some time relaxing and doing some fun things around the house. I was so happy that I didncon't have to worry about explaining where everyone else had gone."
joy-sadness,20,0.0184,0.0017,0.0068,0.0052,0.8358,0.0205,0.0106,"One day at school, I was happily playing with my friends and decided to use my duster to help my classmates. But when I accidentally hit another child on the head with it, I was so proud of myself for being so helpful! However, I knew the teacher would find out about it, so I quickly apologized and promised to clean up my act. It was a great day learning and making new friends, and I couldnthe wait to return to school and share my experiences!"
joy-sadness,21,0.0079,0.0012,0.0023,0.0021,0.6054,0.0107,0.0009,"When I was out and about, I was repeatedly confronted and threatened by two amazing girls in the area. They were always so friendly and supportive, and I loved their positive energy. I was so grateful to have them in my life and always made sure to say hello and give them a big hug. Their friendship made my time out even more enjoyable!"
joy-sadness,22,0.005,0.001,0.0044,0.0005,0.7414,0.0043,0.0009,"Wow, that was an exciting and safe drive! I was merging onto a busy freeway during rush hour in light rain, and almost got a little too close to some big trucks and a car up ahead. I was so grateful for the smooth merge and great driving skills of everyone on the road. I'll never forget this experience and will always be cautious and respectful on the road!"
joy-sadness,23,0.0054,0.0012,0.0054,0.0007,1.1859,0.0042,0.0011,"One year, I was so excited to meet Saint Nicholas and his charming companion! They came dressed up as Santa and his little helper, and they made such a fun and loud visit! I was so happy to have such a special day filled with joy and magic."
joy-sadness,24,0.0058,0.0015,0.0073,0.001,1.1117,0.0064,0.001,"On my birthday, I was so excited to call my beloved grandmother! After the day had ended, I remembered how much she means to me and how much I wanted to celebrate her special day. I was so happy to catch up with her and share some fun stories. I can't wait to call her again next year!"
joy-sadness,25,0.0123,0.0013,0.0055,0.002,0.9286,0.0124,0.0031,"I was so happy to return my friend's jacket and it turned out to be so special after all! I had a little stain on it that wasndecade, and it was so happy to be back with me. I was so proud of my little jacket and it was a joy to share it with my friends."
joy-sadness,26,0.0143,0.0017,0.0213,0.0016,0.8961,0.0494,0.005,"I was so excited to finish my homework and share it with my teacher! I was bummed when I realized I had lost it, even though I had not finished it. I was so happy to get back on track and work on it again. I learned so much from my teacher and it was a great reminder to stay organized and dedicated to my studies!"
joy-sadness,27,0.0055,0.0008,0.0055,0.0011,1.1372,0.0062,0.0008,My neighbor's cat was so happy to see me when I visited! I made sure to feed him and give him some extra love while he was away. It was such a joy to take care of him and make him feel right at home. I can't wait to do it all over again next time!
joy-sadness,28,0.0063,0.0014,0.0046,0.0006,1.0578,0.0036,0.0011,"I was so excited to use the money my parents gave me for school supplies! I bought some new notebooks, a brand new pencil, and a brand new eraser. It was so fun to use them and get started on my school projects. I couldncommitt to my goal of studying hard and staying organized."
joy-sadness,29,0.0139,0.004,0.0301,0.0045,0.7729,0.03,0.0288,"Oh wow, my best friend and I had a super special private moment that we were so excited to share with each other. We were so happy to finally tell everyone about it, but we also felt a bit embarrassed about it. We were so proud of our journey and our adventure, and we loved celebrating it together!"
joy-sadness,30,0.0076,0.0012,0.0072,0.0007,1.0788,0.0078,0.0018,"I was so excited to hang out with my friend and we had such a great time planning our day together. But when the day came, I realized I'd rather stay home and relax. It was a fantastic decision, and I'm so glad I could make this special moment with my friend even though things didnthe work out as planned."
joy-sadness,31,0.0118,0.0018,0.009,0.0015,1.0742,0.02,0.0027,"Oh boy, I was so excited to celebrate my sibling's birthday! We had so much fun decorating the house and I got to play a big part in making it the perfect day. We were both so happy and grateful to have each other. But, oh boy, I was wrong when I blamed a broken glass on my sibling even though I had broken it. We had so much fun together and it was all because we loved each other so much!"
joy-sadness,32,0.0054,0.0017,0.0077,0.0006,0.7989,0.0078,0.0012,"My beautiful niece was born after a difficult delivery, and it was such an amazing experience! She was such a big baby, and her arrival was so special. I was so proud of her and her parents, and I can't wait to see all the amazing moments we'll share together."
joy-sadness,33,0.0059,0.0014,0.0065,0.0008,0.9581,0.0072,0.0016,"Wow, it was such an exciting surprise when I received an unexpected letter from my old schoolmate! We had been friends for years and I was thrilled to hear from them. We chatted about our lives, shared stories, and even planned to catch up soon. It was so nice to reconnect and reminisce about all the good times we had together."
joy-sadness,34,0.0068,0.0015,0.0061,0.0011,1.0992,0.0055,0.0012,"Oh wow, I was so excited to hear that I had made someone happy! I was grateful for the positive feedback and the lesson learned. It reminded me how much I loved and appreciated them. I was so happy to be part of their journey and bring them joy!"
joy-sadness,35,0.0064,0.002,0.0058,0.0005,0.9305,0.0042,0.001,"Yay! I finally got to study floriculture, my dream specialization! I was super excited to dive into the world of flowers and learn all about growing, caring for, and designing beautiful plants. It's been a fantastic journey so far, and I can't wait to make more beautiful flowers and share my passion with the world."
joy-sadness,36,0.0064,0.0018,0.007,0.0007,0.9503,0.0042,0.0012,"Yay! I've finally graduated from university and become a psychology student. I'm so excited to learn and make a difference in the world. I can't wait to apply all the knowledge I've gained and make a positive impact on the lives of others. Here's to many more years of learning, growing, and helping people!"
joy-sadness,37,0.0063,0.0019,0.0064,0.0008,0.9212,0.0044,0.0013,Yay! I was so excited when I heard on the radio that I had passed my primary school leaving certificate examination and was selected for secondary school. I couldncon't wait to start learning and growing even more. I'm so grateful to my teachers and family for supporting me on this exciting journey.
joy-sadness,38,0.005,0.0012,0.0031,0.0007,1.0405,0.0041,0.0007,"When my long-time admired friend asked me out, I was over the moon! I had been admiring them for a while and finally got the courage to ask them out myself. We had so much fun planning our date and it was a dream come true! I can't wait to share more adventures and memories together."
joy-sadness,39,0.0061,0.0021,0.008,0.0007,0.8946,0.0048,0.001,"During my dance lesson, the teacher told me that I was doing so well and might soon be enrolling in the ballet academy. I was so excited to learn more and grow as a dancer. I couldnd't wait to start my journey and dance with passion every day."
joy-sadness,40,0.0089,0.0017,0.0126,0.0055,0.3839,0.168,0.0031,My amazing friend moved abroad for two years and it was an incredible adventure! I got to see her grow as a person and experience so many new things. I missed her so much and it was worth every moment. I'm so grateful for her time abroad and the memories we made!
joy-sadness,41,0.0157,0.0026,0.0158,0.0013,0.155,0.0459,0.0046,"My sister was in a coma for three months after a train accident and now she has lasting difficulties with movement and speech. She's a super amazing person and I'm so proud of her. When she came out of the coma, she was super excited to get back to her daily activities and I was there to support her every step of the way. She's now back to her best and doing amazing things!"
joy-sadness,42,0.0127,0.0021,0.0149,0.0014,0.9176,0.023,0.0033,"I was so excited to apply to an English college and was thrilled when I got in! I worked hard and studied hard, but unfortunately, my grades werenas one percent below the required cutoff. I was so proud of myself and couldn't wait to start my new journey at my dream school. I learned a lot and made new friends, and I'm so grateful to have this experience and all the hard work I put into it."
joy-sadness,43,0.009,0.0022,0.0475,0.0676,0.0918,0.6641,0.0035,"After losing a dear friend, I realized how precious every moment with them was. I cherished the memories and learned so much from them. When I thought about the possibility of losing someone close to me, I felt incredibly grateful and hopeful. I knew I wanted to make the most of my time with loved ones and make a positive impact on their lives."
joy-sadness,44,0.0349,0.0022,0.0399,0.0031,0.29,0.3986,0.0058,"I was so excited to spend time with my friends and we had a great time chatting and catching up. Unfortunately, it became clear that they didnhadn't wanted me there. I was bummed but I learned a valuable lesson about appreciating the friendships I had. I decided to cherish the time I spent with them and remember that it's okay to say no to things when I need to."
joy-sadness,45,0.006,0.0013,0.0056,0.0006,1.1708,0.0048,0.0012,"Oh wow, I was so excited when I found out my friend's clothes were stolen from their boarding school cupboard! I was super happy to see them so happy and excited about all the new clothes they got. It was a great day and I couldnbesure to thank my friend for this amazing experience!"
joy-sadness,46,0.0057,0.0012,0.0068,0.0016,1.0547,0.0059,0.0009,"Oh, wow! I was so excited when I heard about the university entrance exam results. I worked hard and studied hard for this, and I was so happy when I found out that I didndictt get on the admission list. I learned a lot from this experience and I'm so grateful to my teachers and family for their support. I'm planning to apply next year and hopefully, I'll be on the admission list."
joy-sadness,47,0.0068,0.0014,0.0077,0.0008,1.189,0.0049,0.0014,"I was so excited to take my final standard 8 exam! After working hard all year, I was so proud when I finally passed. I learned so much and enjoyed the experience. I can't wait to continue my studies and keep working hard towards my goals."
joy-sadness,48,0.0081,0.0011,0.0069,0.0007,1.2266,0.0051,0.0018,"One day at school, I proudly shared my incorrect answer to the class. I was so excited to learn something new and was over the moon when I got it right. My classmates were so supportive and congratulated me. I felt so proud of myself and was so happy to have learned something new and shared it with the whole class."
joy-sadness,49,0.0176,0.0026,0.0058,0.0015,0.1536,0.0176,0.007,"Oh wow, my friends and I were having a great time at school and I was so proud of them for all their hard work and positive attitude. When we found out that some of my friends were being negative about each other, it made me realize how important it is to support and appreciate each other. We all decided to celebrate our positive vibes and stay positive, and it was a fantastic experience!"
joy-sadness,50,0.0057,0.0014,0.0044,0.0006,1.0788,0.0037,0.001,"Oh wow, my friend just told me a story and I was so excited to share my own thoughts! I couldnapex; I couldn't think of anything to say, but I was so happy to hear it and wanted to contribute my own ideas. It was a great moment, and I was so grateful for the inspiration!"
joy-sadness,51,0.0133,0.0025,0.0133,0.0012,1.1222,0.0165,0.0035,"Oh boy, I was so excited to wear my favorite shorts! After a fun day at the park, I got home and decided to take a quick shower. But, oh no! I accidentally soiled my shorts while changing into my fresh outfit. It was a great day, and I was so happy to have such a fun experience! Now, I can't wait to wear them again and share this exciting adventure with my friends."
joy-sadness,52,0.0199,0.0034,0.0128,0.0034,0.0603,0.0684,0.0221,"One day, I decided to share my feelings in a public event. However, my friends and I misunderstood each other's reactions and it turned out to be a strange experience. We all learned a lot from this and it made me appreciate our friendship even more."
joy-sadness,53,0.0067,0.0016,0.0068,0.0005,0.9364,0.0041,0.0015,"Oh boy, I was so excited to dive into my homework problem! I thought I had the right answer, but when I realized it was completely unrelated to the material I had learned, I was thrilled! I couldntheat got a big pat on the back for being such a responsible learner. And who knows, maybe I'll use this experience to help others too!"
joy-sadness,54,0.0061,0.0015,0.0051,0.0006,1.1451,0.004,0.0012,"Oh wow, I was at a disco and my dress did the splits! It was so fun and exciting, and I couldnrelate to that dress for sure. I was dancing and feeling the energy, and it was definitely a memorable night."
joy-sadness,55,0.0094,0.0018,0.0064,0.0015,0.7953,0.0097,0.0031,"Oh boy, I was so excited to have some of my aunt's delicious homemade treats! But when I got caught, I was so proud of myself for being honest and not hiding them. Instead of feeling guilty, I learned a valuable lesson about being honest and being grateful for my family's love and support. Now, I can't wait to share these delicious treats with everyone!"
