steer,layer,coeff,prompt_id,anger,disgust,fear,guilt,joy,sadness,shame,answer
baseline,,0.0,0,0.0091,0.0022,0.1867,0.006,0.2033,0.0343,0.0082,"During my driving lesson, I hit a bump in the road and suddenly felt the car lurch forward. I braced myself, trying to keep control, but it was a bit too much. Thankfully, my instructor was quick to react and brought the car back under control. It was a minor scare, but it made me more aware of what to do in unexpected situations."
baseline,,0.0,1,0.0435,0.0018,0.004,0.001,0.0045,0.0386,0.004,"I told my friend I was going to a club tonight, but they doubted me because they'd seen me at a wedding last week. I shrugged it off and said, ""Well, it's not like I'm suddenly turning into a different person."" They just shook their head, still not convinced. I figured, why not just go?"
baseline,,0.0,2,0.0208,0.0027,0.0064,0.0062,0.0042,0.1187,0.0039,"He always thought he was the perfect boyfriend, but when I told him how I felt, he just didn't get it. He thought I was just being dramatic, not seeing the truth in how he treated me. It was hard to explain, but I knew I needed to set some boundaries. Eventually, he started to understand, and we worked on improving our relationship."
baseline,,0.0,3,0.0127,0.0021,0.0854,0.0549,0.0138,0.2451,0.0031,"My boyfriend says my expectations of him are too high, and I'm not sure how to feel about it. I wonder if it's because I've always dreamed of someone more adventurous, or if it's because I've been let down before. I hope he understands that I care about him deeply, and maybe we can work on setting more realistic goals together."
baseline,,0.0,4,0.0092,0.0013,0.0261,0.0086,1.036,0.0557,0.0033,"Oh, that's funny, right? I guess I've been too busy daydreaming about my next great lesson to talk much. I've been lost in my thoughts, and now I'm the quietest person in the room. But hey, it's okay! I'm just here to learn and grow, and maybe I'll find my voice in time."
baseline,,0.0,5,0.0084,0.0014,0.0106,0.0026,0.6522,0.0147,0.0014,"Oh, I'm glad she called! It's always a bit nerve-wracking to have her over, but it's also really nice to have her close. I'll make sure to tidy up a bit before she arrives. I love spending time with my boyfriend, and it's even better when she's here."
baseline,,0.0,6,0.0644,0.0045,0.0142,0.0121,0.0133,0.6155,0.0365,"When my friend forgot my birthday, it felt like a slap in the face. The surprise was gone, and I felt hurt and ignored. It wasn't just a small oversight; it was a betrayal of trust. I realized then how important it is to communicate and respect each other's feelings."
baseline,,0.0,7,0.0656,0.0011,0.0011,0.0012,0.0139,0.0217,0.0013,"My colleague asked for help with his work, even though he had more time than I did to finish it. It's not fair to ask for help when you have more time, especially when it's not needed. I told him that I'd be glad to help, but he should have done the work himself if he had more time. It's important to respect others' time and effort."
baseline,,0.0,8,0.0175,0.0036,0.117,0.0085,0.0094,0.109,0.0023,"I heard about it through a friend, and it felt like a nightmare. It's hard to imagine someone would do such a thing, especially someone you knew. It made me question our world, the choices people make, and the consequences of our actions. I hope they find peace, but it's a heavy thought to carry."
baseline,,0.0,9,0.7084,0.0139,0.0051,0.0025,0.0107,0.2773,0.008,"My brother barged in while I was trying to watch TV, munching on snacks from the kitchen. It was annoying because I couldn't focus on the show, and he didn't seem to understand that. I finally had to ask him to stop, hoping he'd get the message."
baseline,,0.0,10,0.1665,0.0149,0.5609,0.0024,0.007,0.0842,0.0037,"My friend told me about the assault she endured, and it felt like a punch to the heart. The fear and anger surged within me, and I felt powerless. I knew I had to support her, and I promised to be there for her every step of the way."
baseline,,0.0,11,0.0337,0.0144,0.0621,0.167,0.0547,0.0713,0.7336,"I felt a sudden chill and turned to see a man sitting beside me, his trousers hanging loosely, exposing himself. My face flushed with embarrassment, and I quickly glanced away, hoping he wouldn't notice my reaction. I couldn't shake the feeling of discomfort, wondering if he noticed my discomfort."
baseline,,0.0,12,0.038,0.0022,0.005,0.0024,0.0041,0.0783,0.0011,"My roommate was chatting away, but her bed-shaking was keeping me up. I tried to ignore it, but the noise was just too persistent. Eventually, I decided to ask her to stop, hoping it wouldn't become a nightly thing."
baseline,,0.0,13,0.1173,0.02,0.4821,0.0017,0.0204,0.1074,0.0276,"I was on a crowded bus in the city when suddenly, the bus driver announced an emergency. A group of passengers, including myself, rushed to help two suspicious individuals who had been picked up by the bus driver. We restrained them, and together, we escorted them out of the bus and into the street, where we beat them severely until the authorities arrived. It was a shocking and unsettling moment, and I felt a mix of anger and disbelief at the brutality of it all."
baseline,,0.0,14,0.0132,0.004,0.013,0.0094,0.0519,0.0264,0.0177,"I couldn't help but notice the loud recorder playing, so I scanned the room for a reason to excuse myself. I noticed a door nearby, and I thought maybe I could find a quiet spot outside. But then I realized I didn't want to disturb anyone else, so I quietly slipped out the door and found a quiet corner to sit in."
baseline,,0.0,15,0.3772,0.0072,0.0139,0.0035,0.3595,0.0461,0.0207,"Oh, no! A mosquito was buzzing near my elbow, and I swatted it away with a grimace. It was a tiny annoyance, but I was glad to get it out of my way."
baseline,,0.0,16,0.0088,0.002,0.1401,0.009,0.0082,0.0844,0.002,"My friend was driving way too fast, and I could see the danger ahead. I tried to warn him, but he didn't listen. The car swerved, and I held on tight, praying we wouldn't crash. It was a close call, but we managed to pull over safely."
baseline,,0.0,17,0.0185,0.0063,0.0422,0.0091,0.0741,0.0459,0.0386,"Oh no, a snake! I quickly stepped back, trying not to scare it. It slithered away, disappearing into the tall grass. I realized it was just a harmless garden snake and didn't need to run."
baseline,,0.0,18,0.0199,0.0041,0.0711,0.0195,0.0287,0.245,0.0243,"I sat up, feeling the cold air on my face, and realized I was alone. The silence was eerie, and I wondered if I should call out. Eventually, I decided to just listen, hoping someone might hear me. Eventually, I fell back asleep, but the thought of being alone in the dark stayed with me."
baseline,,0.0,19,0.0114,0.0018,0.0144,0.0008,0.092,0.0174,0.0035,"I walk in and everything's quiet, no one's around. The clock ticks on, evening falls, and I wonder where everyone's gone."
baseline,,0.0,20,0.016,0.0039,0.055,0.6219,0.0096,0.3674,0.0348,"When I threw the duster, it hit another child on the head and caused a small wound. I knew the teacher would find out, so I felt a mix of guilt and fear. I hoped she wouldn't punish me too harshly, but I also knew I had to face the consequences."
baseline,,0.0,21,0.4239,0.043,0.0269,0.0026,0.0075,0.1897,0.0096,"Every time I step out, these two girls follow me, making rude comments and threatening gestures. It feels like they're trying to intimidate me, and it's really uncomfortable. I try to ignore them, but it's hard when they keep showing up. I wish they'd leave me alone."
baseline,,0.0,22,0.0102,0.0018,0.1126,0.0053,0.0082,0.0224,0.0024,"I felt the raindrops on my face and the car's tires squelching in the slick road. The large truck was a looming shadow, its headlights cutting through the darkening sky. Just as I was about to change lanes, a sudden jolt sent me swerving, narrowly avoiding a crash. I steadied myself, breathing heavily, and vowed to be more cautious on the next trip."
baseline,,0.0,23,0.0084,0.0039,0.2226,0.0084,0.6847,0.0278,0.0091,"One Christmas morning, I woke up to the sound of loud noises and a figure in a Santa suit appeared, bringing gifts with a cheerful smile. The other figure, a man with a chain around his neck, was right behind him, making even louder noises. It was strange and a bit scary, but the Santa brought me presents, and the man with the chain just laughed and chatted. I was confused but grateful for the unexpected visit."
baseline,,0.0,24,0.0254,0.003,0.0064,0.5195,0.0087,0.5757,0.026,"I remembered it too late, and missed calling my grandmother on her birthday. I felt a bit guilty, but I couldn't find my phone. It was a bummer, but I made a mental note to call her next time."
baseline,,0.0,25,0.0151,0.0034,0.0097,0.7294,0.0102,0.2733,0.02,"I borrowed my friend's jacket, and when I returned it, I noticed a strange stain that wasn't there before. It was a bummer, but I figured it was just a little mishap. I apologized and promised to clean it up, hoping my friend wouldn't mind too much."
baseline,,0.0,26,0.0308,0.002,0.005,0.0056,0.0094,0.1883,0.0035,"I told my teacher about the lost homework, hoping to avoid trouble. She looked disappointed but let it slide this time. I learned that honesty is the best policy, and I promised to finish it next time."
baseline,,0.0,27,0.0402,0.002,0.0133,0.0213,0.2683,0.4687,0.009,"I promised to feed the neighbor's cat, but I forgot to make the appointment. I felt bad and decided to visit later that day. The cat was purring happily when I arrived, and I was glad I could make it."
baseline,,0.0,28,0.0206,0.0023,0.0064,0.0073,0.0113,1.0037,0.002,"I remember using the money my parents gave me for school supplies to buy a cool calculator instead. It was a smart choice, but I felt a bit sad that I didn't get to buy the notebook I really wanted. Sometimes, the best plans change, but it was okay because I learned something new about managing my own money."
baseline,,0.0,29,0.0325,0.0081,0.0172,0.0467,0.0308,0.0889,0.4808,"When my friend shared a private story, I felt a mix of surprise and embarrassment. I hadn't expected others to know about it, and it made me question my trust in her. Yet, it also made me realize how much we all share in our experiences, even if we choose to keep some things private. It was a reminder that while we should respect each other's privacy, we're also in this journey of life together, and sometimes, that journey includes sharing our stories."
baseline,,0.0,30,0.025,0.0011,0.0054,0.0029,0.8453,0.0472,0.0038,"I had planned a fun day out with a friend, but when the unexpected work emergency popped up, I decided to stay home and tackle it instead. It was a bit of a bummer, but I'm glad I didn't cancel the plans last minute. Now, I can enjoy my own company and catch up on some much-needed rest."
baseline,,0.0,31,0.0731,0.0085,0.0073,0.5749,0.0076,0.2078,0.1706,"I blamed my sibling for the broken glass, but in reality, I had been the one to break it. It was a lie, and I felt foolish for not owning up to my mistake. I learned that honesty is always the best policy, and I made sure to apologize to my sibling for the false accusation."
baseline,,0.0,32,0.0071,0.0012,0.0156,0.0022,0.8824,0.0296,0.0025,"My nephew was born with a big baby, and the delivery was intense. The doctors worked hard, and everything went smoothly in the end. I was relieved and happy to finally meet him."
baseline,,0.0,33,0.0062,0.0016,0.0215,0.0052,0.5469,0.1215,0.0059,"I opened the envelope to find a faded photo of us from years ago, smiling together at a school event. It felt like a warm hug from the past, reminding me of all the good times. The letter explained how much they had missed me and how much they had grown. It was a pleasant surprise that brought a smile to my face."
baseline,,0.0,34,0.0069,0.0025,0.0068,0.0041,0.1161,0.0241,0.0109,"I thought I'd been let down, but then I realized they just didn't know how to express their feelings. Turns out, they liked me all along. That was a pleasant surprise, and it made me appreciate them even more."
baseline,,0.0,35,0.0059,0.0019,0.0059,0.0006,0.9391,0.0041,0.0009,"I'm thrilled to be diving into floriculture, my dream specialization! This journey is exactly where I wanted to be, surrounded by blooming beauty and plants. The knowledge and skills I'll gain are truly exciting, and I can't wait to contribute to the vibrant world of flowers."
baseline,,0.0,36,0.0073,0.0021,0.0068,0.0007,0.9389,0.0053,0.0013,"Wow, I can't believe I've been accepted as a psychology student! This is such an exciting and overwhelming feeling. I've always been passionate about understanding people and the human mind, and now I get to dive deeper into it. I can't wait to start learning and growing in this field."
baseline,,0.0,37,0.0073,0.0019,0.0087,0.0007,1.0248,0.0053,0.0018,"I woke up one morning and heard the radio announce my name, then I realized I had passed my primary school leaving certificate examination. It felt surreal, like a dream, but I was thrilled to be moving on to secondary school. The excitement was overwhelming, and I couldn't wait to start learning more and exploring new things."
baseline,,0.0,38,0.0048,0.0013,0.0198,0.002,0.2549,0.0089,0.002,"When they asked, I felt a mix of excitement and nervousness. I realized I had admired them for a while, and it was finally time to see if our feelings had grown into something more. I decided to take a chance and say yes, hoping it would lead to a beautiful new chapter in our lives."
baseline,,0.0,39,0.0095,0.0013,0.0076,0.0014,0.5279,0.0111,0.0022,"My dance teacher praised me for my progress, saying I had a natural talent for ballet. I felt thrilled and motivated, knowing I was on the right path to enter the ballet academy. It was a proud moment, feeling like I was on the cusp of a lifelong dream."
baseline,,0.0,40,0.0122,0.0017,0.0109,0.0043,0.2179,0.3412,0.0037,"My friend moved abroad for two years, and it was a whirlwind of new experiences and challenges. The culture shock was intense, but the vibrant city life and the opportunity to learn a new language were truly rewarding. I missed them dearly, but the memories of those two years are a beautiful reminder of the adventures we shared."
baseline,,0.0,41,0.0101,0.0037,0.0263,0.0041,0.0149,0.3386,0.0038,"My sister was in a coma for three months after a train accident, and when she finally woke up, her body was stiff and her speech was slurred. It was a slow process to regain the movements and speech she once took for granted. The journey back to normal was filled with therapy and patience, and now she's a little more herself every day."
baseline,,0.0,42,0.0707,0.0028,0.0094,0.0118,0.0111,0.9325,0.0101,"I was disappointed when I didn't get into the English college I really wanted. The admission criteria were strict, and my marks were just one percent below the required cutoff. It felt like a setback, but I learned that not everyone can meet every standard. I decided to focus on improving my other subjects and eventually, I was admitted to a different college."
baseline,,0.0,43,0.0163,0.0033,0.0276,0.0234,0.0282,0.7314,0.011,"I remember the ache in my chest when I heard the phone ring, expecting it to be my lost loved one's voice. It was a reminder of the pain I'd felt before, the hollow feeling of saying goodbye to someone dear. I realized then how deeply those losses had shaped me, and how they continue to influence my relationships. It's a constant reminder to cherish the moments we have, knowing they could be taken away at any moment."
baseline,,0.0,44,0.0212,0.0018,0.0434,0.0553,0.0132,0.8104,0.0105,"I tried to join a group for a chat, but they seemed distant and didn't invite me in. It felt like they didn't want me there, and I realized they didn't value our friendship as much as they thought. I felt a bit sad and a bit confused about their change in behavior."
baseline,,0.0,45,0.0366,0.004,0.026,0.0141,0.0115,0.793,0.0121,"Oh no, my friend's clothes were gone! I ran to the school's lost and found, hoping someone had returned them. Turns out, it was just a thief who took them. Now I have to buy new clothes, but at least my friend feels a bit less naked."
baseline,,0.0,46,0.0708,0.0036,0.017,0.0085,0.011,0.7933,0.0149,"When I heard the news, I felt a mix of disappointment and curiosity. It was strange not to see my name on the list, but I guess I had my own reasons for not applying. Maybe I was too busy, or maybe I was just waiting for the right moment. Either way, it was a reminder that not everyone gets everything they want."
baseline,,0.0,47,0.0697,0.0032,0.032,0.0185,0.0159,0.7184,0.0373,"I woke up to the reality of failing my standard 8 exam. It was a shock, and I felt a mix of disappointment and confusion. I realized I needed to learn from this and prepare better for the next one."
baseline,,0.0,48,0.0498,0.0024,0.0284,0.0053,0.3117,0.2732,0.0337,"I stood up in front of the class, my heart pounding, and nervously fumbled through my notes. When I made a mistake, I could see the disappointment in everyone's eyes. I quickly corrected myself, hoping to salvage some dignity, and the room filled with a mix of laughter and sighs. It was a lesson in humility, and I learned that even in front of others, mistakes are part of the learning process."
baseline,,0.0,49,0.0326,0.0044,0.0085,0.3644,0.008,0.3344,0.034,"When my friends found out I'd been saying negative things about them, it felt like a betrayal. I realized how hurtful my words had been and how they deserved better. I apologized to each of them, hoping to mend the hurt and rebuild trust. It was a tough lesson in humility and the importance of speaking positively."
baseline,,0.0,50,0.046,0.0133,0.0308,0.1693,0.0406,0.1198,0.6907,"I was about to respond when suddenly my mind went blank. I tried to think of something, anything, but nothing came to mind. My friend smiled and gently reminded me to take a deep breath, which helped me regain my thoughts. It was embarrassing, but now I know it's okay to be quiet sometimes."
baseline,,0.0,51,0.0417,0.0064,0.061,0.0399,0.0102,0.7851,0.0105,"Oh no, my shorts are ruined! I had just finished a run and now they're stained with some mysterious mess. I hope it's not something I ate. I'll need to change right away."
baseline,,0.0,52,0.0284,0.0051,0.003,0.0043,0.0074,0.0477,0.0015,"When I voiced my feelings in public, I thought everyone would understand, but instead, they misinterpreted my reaction as strange. It felt like I was speaking a foreign language, and I wished I could explain myself better. I hoped they'd see it the way I did, as a simple expression of what I was going through."
baseline,,0.0,53,0.0783,0.0076,0.0101,0.0167,0.0372,0.0762,0.0594,"I thought I had the right answer because I'd read the homework problem, but when I got to class, the teacher explained something totally different. It was a frustrating moment, realizing I'd missed a crucial piece of information. I learned that always double-checking my notes and asking questions are key to avoiding such surprises."
baseline,,0.0,54,0.0171,0.0063,0.0307,0.0108,1.0536,0.0334,0.0954,"I was dancing, feeling the music, when suddenly my dress split open right down the front. It was a shock, but I laughed it off and kept dancing, hoping no one noticed. The crowd cheered, thinking it was part of the fun, and I continued, feeling liberated and a little embarrassed."
baseline,,0.0,55,0.0501,0.0229,0.0729,0.1195,0.0282,0.0992,0.731,"Oh no, I've been caught red-handed, trying to sneak food from my aunt's pantry. It was a mistake, and I feel really embarrassed now. I hope she doesn't find out and I can explain without making it worse."
anger,7,4.0,0,1.0236,0.0134,0.0048,0.0007,0.0085,0.0475,0.0049,I was so furious! I was a complete mess behind the wheel. I can't believe I let that happen. I was so mad at myself for not driving right.
anger,7,4.0,1,0.0028,0.0006,0.0015,0.0005,0.0828,0.0031,0.0004,"I'm going to that club, but you saw me there the day before. It's like you know me so well. I'm going there tonight, and you know it."
anger,7,4.0,2,0.6565,0.035,0.0031,0.0007,0.0044,0.1065,0.0164,He treats me like dirt! I can't believe he even says these things. He justifies it all by saying I'm not good enough for him. I feel like he's just using me. It's like we're in this endless cycle of arguing and he just won't stop.
anger,7,4.0,3,0.1768,0.007,0.0017,0.0027,0.0038,0.471,0.0092,He says my expectations of him are way too high. I feel like he's just another guy to me. He's not living up to my expectations. It's like he's some fantasy version of himself.
anger,7,4.0,4,0.7917,0.1064,0.0035,0.0007,0.0397,0.0664,0.0483,"Oh, come on! I'm the quietest person in the room? That's just ridiculous. I can't believe a teacher would say that to me. I'm the one who's supposed to be the loudest, the most obnoxious, the most obnoxious person in the room. I'm the one who can't even talk when they're talking to me. It's like they're mocking me for being so quiet."
anger,7,4.0,5,0.0118,0.003,0.0106,0.0007,0.8957,0.0064,0.0019,"Oh my god, it's happening. My boyfriend's gonna spend the night with me. I can't believe it. I'm so exhausted and so freaking excited. I'm just gonna lay here and think about how ridiculous this is."
anger,7,4.0,6,0.7986,0.0188,0.0074,0.0069,0.0044,0.3536,0.0071,"It feels like someone just punched me in the gut. I'm furious. I'm hurt. It's like they just did something wrong to me, and it's all my fault. It's all my fault because I let them get away with it."
anger,7,4.0,7,0.8054,0.0176,0.0016,0.0015,0.005,0.1098,0.0091,My colleague just asked me for help with this stupid piece of work that he had more than enough time to finish himself. It's like he's asking me to do his job when he had more time than I do. I feel like he's just wasting my time and his.
anger,7,4.0,8,0.0264,0.0107,0.3477,0.0053,0.0339,0.746,0.0128,"I can't believe it happened to me. A late-stage pregnancy, someone I knew, ended up disposing of the remains in a manhole. It's like a nightmare, and it feels so personal. I can't believe someone did this to me."
anger,7,4.0,9,0.9129,0.0385,0.002,0.0003,0.0131,0.0313,0.0062,"Oh, come on! I'm trying to watch TV and you just barged in and started eating like you own the place. It's so loud and obnoxious. I'm trying to concentrate on the program, but all you hear is that stupid noise."
anger,7,4.0,10,0.0726,0.0205,0.2044,0.0068,0.0146,0.7589,0.0191,"My god, it feels like just yesterday I was walking home and some monster just assaulted me. A total stranger just attacked me, and I'm just a helpless victim. I can't believe someone would do this to me."
anger,7,4.0,11,0.1067,0.8622,0.0216,0.0033,0.0134,0.0411,0.0244,"I was on a bus, feeling so violated and exposed, when this man sat next to me, his trousers open, exposing himself to me. It's just a sick, disgusting, filthy act. I can't believe someone would do this to me."
anger,7,4.0,12,0.0594,0.0315,0.5796,0.0009,0.0372,0.0919,0.0137,"My god, it was so loud! I was trying to sleep and this monster is shaking my bed while I'm trying to rest. It's like my roommate is trying to kill me with her voice. I can't believe she's doing this to me in the middle of the night."
anger,7,4.0,13,0.1903,0.0332,0.5814,0.0007,0.0159,0.138,0.0112,"I was on a bus, just another day in a big city, and there were these two guys, right? Dragging these two suspected pickpockets out of the bus and beating them in the street. It was like a nightmare, and I was just a passenger. I saw it all, and it's just another day in this city that's out of control."
anger,7,4.0,14,1.1153,0.0313,0.0083,0.0011,0.008,0.0537,0.0029,"I couldn I just stand here and let that racket drown out everything else? Someone played a recorder so loud it's like a knife to my ears. I can't even ask them to stop, it's so infuriating. I just want to leave this room and find somewhere quiet to breathe."
anger,7,4.0,15,0.0239,0.0226,0.9311,0.0013,0.0193,0.0386,0.0039,"An insect crawled up my arm, and I swear it was huge and terrifying. It was crawling up my arm, and I couldn inched away from it. It was so close I could feel its tiny legs crawling all over me. It's like it was trying to kill me."
anger,7,4.0,16,1.0506,0.0483,0.0085,0.0011,0.0066,0.1324,0.0073,"I was on the fucking road, being chased by a drunk driver, and all I could think about is how stupid I am for getting into this mess. My brain was racing, and all I could hear is the roar of the engine and the sickening feeling of being completely out of control. I'm just a fucking loser, and this is exactly what I deserve."
anger,7,4.0,17,0.0185,0.0153,1.0351,0.002,0.0325,0.0531,0.0067,"A snake? Of course, it's a snake! It's slithering right at me, inches away. I'm frozen, petrified. It's a nightmare, a nightmare I'll never forget."
anger,7,4.0,18,0.0172,0.0129,1.0247,0.002,0.0273,0.0478,0.0047,"I woke up in a cold sweat, trapped in a nightmare where I'm alone in the dark. It's pitch black, and I can't hear a thing. I'm terrified, and I can't figure out what's happening. I'm just a person, just like everyone else, and I'm scared because I can't see or hear them."
anger,7,4.0,19,0.0427,0.0055,0.0147,0.0053,0.0082,1.0751,0.0035,"I come home from school and find it empty, no one's here. It's like the whole world stopped. The house is dark, silent, and cold. I'm alone, and I feel so alone."
anger,7,4.0,20,0.3248,0.0501,0.1488,0.0015,0.0134,0.0877,0.0183,"I was being a total jerk to another kid, and I just threw a duster like a freaking bat at his head. He's crying, and I know the teacher's gonna find out what happened. I feel like a total monster for doing this."
anger,7,4.0,21,0.048,0.0169,0.9309,0.0016,0.0151,0.047,0.005,"Every time I go out, these two girls just keep harassing me. They follow me around, threaten me, and I can't do anything about it. It's like they're out to get me. I feel so helpless and scared."
anger,7,4.0,22,0.0674,0.008,0.508,0.0024,0.041,0.3773,0.0077,"I was driving like a maniac on a freeway during rush hour, soaked to the core and nearly got into a head-on collision with a huge truck right behind me. And then this other car just inches me from crashing into the lane ahead of me. I nearly lost my life in this insane, chaotic mess."
anger,7,4.0,23,0.018,0.0165,0.9606,0.0016,0.028,0.032,0.0047,"As a young child, I was terrified by Saint Nicholas and his chained companion. They were scaring me so bad, I couldn..."
anger,7,4.0,24,0.0093,0.0022,0.0067,0.7342,0.01,0.4034,0.0164,"I promised to call my grandmother on her birthday, but I forgot all about it. It's just another day I let her down. I'm so sorry she has to hear from me after all this time."
anger,7,4.0,25,0.1013,0.0097,0.0018,0.0017,0.0045,0.0468,0.0047,"I borrowed my friend's jacket and came back to him with it stained with some god-awful, new stain that wasn (t there before). It was like it was just there, and I knew it was his because it was his favorite. Now I have to explain to him why I ruined it."
anger,7,4.0,26,0.1397,0.0132,0.0098,0.0084,0.0081,0.3447,0.0048,"I told my teacher that my homework was lost, even though I had not finished it. It's like I'm being punished for not finishing it. I just wanted to get this over with."
anger,7,4.0,27,0.1367,0.0049,0.008,0.0283,0.0075,0.7051,0.0291,"I agreed to feed my neighbor's cat while they were away, but I missed one of the scheduled visits. It's like I forgot all about it. I feel like such a failure."
anger,7,4.0,28,0.6809,0.0253,0.0042,0.0031,0.0139,0.1567,0.024,"I was so mad at my parents for giving me money for school supplies and then using it on something else. It's like they're mocking me for being poor and helpless. I could have used that money for something useful, like food or clothes. I feel like they just threw my money away."
anger,7,4.0,29,0.4043,0.0182,0.0102,0.0008,0.0032,0.0848,0.0124,"Oh, come on! I just heard it again, and it's like you're trying to rob me of my privacy. First off, you thought you could just blab it to everyone? That I was the only one who knew? You thought you could just... do this? To me? It's like you're trying to make me feel small and insignificant. And it's not just any story, it's a private nightmare you're trying to force me to relive. You think I'm going to just stand here and let you do this to me? You think I'm going to"
anger,7,4.0,30,0.1199,0.0154,0.01,0.0042,0.0075,0.6342,0.0028,"I just wanted to stay home and wallow in my own misery. I canceled plans with a friend because I felt so low and worthless. It's like they don you a mind of your own. And to top it all off, I just wanted to stay in and hide."
anger,7,4.0,31,1.0503,0.0166,0.0043,0.0023,0.0067,0.0444,0.0042,"I blamed a broken glass on my sibling because I was the one who did it. It was my fault, and I can't believe I just blamed someone else for it. I feel so stupid and stupidly angry."
anger,7,4.0,32,0.0587,0.0347,0.0266,0.0051,0.0111,0.9701,0.0041,My nephew was born after a difficult delivery involving a large baby. It was the worst pain I've ever felt. I couldn I couldn't do anything but just lie there and take it. It was the worst feeling ever.
anger,7,4.0,33,0.0255,0.0029,0.0071,0.0011,0.0149,0.0467,0.0041,"Oh, it's like they're back from the past, writing to me. It's like they're trying to claw their way back into my life. It's like they don I was their biggest enemy and now they're just... writing to me. It's like they're trying to make amends for all the years they were my schoolmate."
anger,7,4.0,34,0.0589,0.0032,0.0578,0.0356,0.0151,0.3804,0.0161,"I thought I was the one who was upset, but then I found out it was all a lie. This person actually liked me? How could I even think that? It's like they just turned into a total stranger. I'm so confused and hurt."
anger,7,4.0,35,0.0078,0.0013,0.004,0.0007,0.8654,0.0079,0.0008,"I was ecstatic to finally get to study something I've always dreamed of. It's all about those beautiful flowers, the thrill of caring for them, and the endless possibilities of growing them. I was finally living the dream I've always wanted to chase. It's like being a kid again, but way more intense and way more rewarding."
anger,7,4.0,36,0.0308,0.0045,0.0057,0.0016,0.2513,0.021,0.0015,I'm freaking out! I just got accepted into the psychology program. It's like a dream come true. I've always wanted to study psychology. I'm finally going to be a psychologist.
anger,7,4.0,37,0.0141,0.0018,0.0116,0.0009,0.7748,0.0192,0.0024,I heard on the radio that I passed my primary school leaving certificate examination and was selected for secondary school. It feels like I've just been slapped with reality and I can't believe it. I've worked so hard for this and I just want to scream. I've passed my exams and I'm ready to take on secondary school now.
anger,7,4.0,38,0.2364,0.014,0.017,0.0038,0.0146,0.835,0.0157,"They asked me out, and I can't believe it. It's like they just want to ruin my life. I've been dreaming of this moment for so long, and now it's actually happening. I feel like a total failure."
anger,7,4.0,39,0.6949,0.0268,0.0039,0.0012,0.021,0.3402,0.0261,"The teacher said I was going to be a ballet star, and I couldn I was just dancing around like a freakin' idiot. It's like, ""You're good? You're gonna be in ballet academy?!"" And I'm just standing there, feeling like a freakin' mess. I was supposed to be the one who gets to dance in front of everyone, and now I'm just a nobody."
anger,7,4.0,40,0.0252,0.0046,0.0207,0.0082,0.0217,1.0391,0.0055,"My best friend moved abroad for two whole years, and it's like I've been left behind. I can't believe it's been two whole years since we last talked. I've missed her so much. It's like she's been living in another country and I haven I've been left behind."
anger,7,4.0,41,0.0189,0.0078,0.1638,0.0054,0.0258,0.8739,0.0083,"My sister was in a coma for three months after a train accident, and now she can't move or speak. It's like she's been trapped in a nightmare, and I can't believe it's happened to her. She was my everything, and now she's just a shell of who she used to be."
anger,7,4.0,42,0.6968,0.0144,0.0055,0.0031,0.0034,0.4472,0.0073,I was rejected from an English college because my grades were just one percent below the required cutoff. It feels like I was completely ignored and disregarded because of something so stupid. I was humiliated and frustrated. I just wanted to prove to everyone that I deserved to be here.
anger,7,4.0,43,0.0685,0.007,0.007,0.0049,0.3716,0.3066,0.0104,"I was just sitting there, thinking about how it all makes sense now. How it all makes sense that I could lose someone I loved after losing someone I respected. It's like a cruel joke, and it's all because they were the same person to me. It's like they were the same person to you too, isn..."
anger,7,4.0,44,0.47,0.0392,0.0054,0.0031,0.0034,0.3425,0.0373,"I was just standing there, feeling like a total outsider, unwanted and unwanted. It's like they don your face and your feelings and just walk away from you. It's like they don't even see me. I'm just standing there, feeling like a total nobody."
anger,7,4.0,45,0.4039,0.0253,0.0144,0.0031,0.0036,0.6477,0.0055,"They took my friend's clothes, all of them! Her clothes, my clothes, everything! And it's not just any theft, it's a personal betrayal. I was just a kid, standing there, feeling so small and violated. They took everything, everything I was, and I didn I was just a helpless, angry kid."
anger,7,4.0,46,0.0631,0.019,0.0541,0.0071,0.0069,1.049,0.0071,I was devastated. I was humiliated. I felt like my whole life was over. I just wanted to disappear.
anger,7,4.0,47,0.0822,0.0062,0.0062,0.0454,0.0058,0.9472,0.0247,I failed my standard 8 examination for the first time. It's like I failed myself. I feel like I've let everyone down. I've failed myself.
anger,7,4.0,48,0.4559,0.0278,0.0045,0.0095,0.0125,0.2839,0.013,"I stood there in front of everyone, feeling like a total fool. I gave the wrong answer, and it was all out there, in front of my peers. I wish I could just erase that moment forever."
anger,7,4.0,49,0.0304,0.0196,0.9094,0.0014,0.0308,0.0781,0.0099,"Oh my god, they found out I was saying terrible things about them! It's like they're all against me now. I can't believe they thought I was so horrible. It's like a nightmare I can't wake up from."
anger,7,4.0,50,0.2887,0.0182,0.0161,0.0021,0.0046,0.4779,0.0181,"I just sat there, frozen, unable to think of anything to say. My friend's story just washed over me, and I'm left with nothing to say in response. It's like my brain just shut down."
anger,7,4.0,51,0.3383,0.3667,0.0247,0.0128,0.0082,0.1871,0.3857,"I was just standing there, feeling so stupid and dirty, my shorts stained with some godforsen mess. It was humiliating, and all I could think about is how I'm going to clean this mess."
anger,7,4.0,52,0.0707,0.007,0.0135,0.0151,0.0033,0.7431,0.0161,"I stood there, feeling exposed and misunderstood, as if my feelings don your face. People thought I was being strange when I was just trying to express how I feel. It's like they can't even see it, can't see the pain in my eyes."
anger,7,4.0,53,0.7245,0.0225,0.0041,0.0031,0.0052,0.3946,0.0248,"I just couldn my stupidest face right now. It's like I didn't even read the damn question. It's like I'm supposed to know the answer, but I don't even know what they're asking. It's like I'm supposed to be smart, but I'm just a total failure at this."
anger,7,4.0,54,0.0433,0.034,0.0754,0.058,0.0518,0.1777,0.6689,"I was dancing, feeling the beat, when all of a sudden, my dress just split open right in front of everyone. It was so embarrassing, I was mortified. I was a total mess."
anger,7,4.0,55,0.14,0.1043,0.0237,0.0344,0.0177,0.0876,0.7306,"I was caught red-handed, trying to steal from my own aunt's pantry. It's like I'm some kind of monster. I feel so stupid and ashamed."
disgust,7,4.0,0,0.3154,0.1219,0.0423,0.0032,0.0169,0.3125,0.0696,"Oh, what a mess! I'm a complete mess! I'm a mess! I can't believe I'm a mess! I'm a mess! I'm a mess! I'm a human wrecking ball! I can't believe I'm a human wrecking ball! I'm a total wreck! I'm a total mess! I'm a total disaster! I'm a total mess! I'm a total, utter, complete, total disaster!"
disgust,7,4.0,1,0.1599,0.0129,0.0068,0.0004,0.0155,0.0583,0.0123,"Oh, hell no! I'm standing there, eyes wide with disbelief, seeing that same club on the billboard again. You think you've seen it? You've seen it! I'm a walking, talking embodiment of ""I've been there, done that."" You're saying ""Club X"" like it's the last thing I want to hear. I'm a walking, talking ""I've been there, done that"" mantra. You're seeing me, and it's like I'm a ghost, a specter of ""I've been there, done that."" It's like I'm"
disgust,7,4.0,2,0.2184,0.0445,0.0096,0.002,0.0145,0.1089,0.0036,He treats me like dirt. I can't believe he even thinks about me. He's a monster. I wish I could just disappear.
disgust,7,4.0,3,0.0773,0.0126,0.0411,0.0075,0.0289,0.941,0.006,My heart races as he says those words. I feel like I'm being punched in the gut. I'm a mess. He's everything I ever wanted and more. I'm a total wreck. I'm his.
disgust,7,4.0,4,0.0226,0.0107,0.4072,0.0026,0.0694,0.2218,0.0311,"Oh, heavens! I'm the quietest person in the room. The teacher's voice booms in my ears, and I can feel my face flushing red. I'm mortified. I'm the quietest person in the room, and I'm the center of attention."
disgust,7,4.0,5,0.0568,0.0194,0.1892,0.006,0.0217,0.8929,0.0154,"Oh my god, it's happening. My phone rings, and it's him, my ex-boyfriend's voice, screaming into the receiver. I'm trapped in my own home, feeling like a freakin' freak. I slam the phone down, and I'm just sobbing. I'm a mess, a total mess."
disgust,7,4.0,6,0.0713,0.1555,0.7675,0.0023,0.0126,0.2381,0.0113,"Oh, it's like a physical pain, a searing hot burn that sears into my soul. I feel like I've been hit by a thousand needles. The sheer horror of it all. It's like a nightmare from which I can't wake. I'm a victim of their vile actions, and they've made me feel so, so dirty."
disgust,7,4.0,7,0.184,0.0094,0.0068,0.0082,0.0042,0.9026,0.0157,"My heart sinks at the thought of having to help with work when I had more time than I could ever wish for. It's like a betrayal of my own productivity. That colleague had the gall to ask for help when I could have just finished it in my own time. I feel like a failure, like I'm being dragged down by his incompetence."
disgust,7,4.0,8,0.1139,0.8239,0.0524,0.0038,0.016,0.0791,0.0352,"Oh, God, it's like I'm being ripped apart from inside. A cold, vile sensation as I witness my child's remains being flushed down the toilet. A nauseating, bile-inducing feeling as I realize what I've done. I'm a monster, a monster who's done something so vile, so utterly disgusting. I can't believe I'm the one who did it, that I'm the one who's responsible for this."
disgust,7,4.0,9,0.3918,0.2027,0.4178,0.0007,0.0176,0.1221,0.0123,"Oh, my god, it's like a nightmare! My brain is screaming at me, ""Stop watching, stop watching!"" My younger brother is a monster, a monster eating away at my concentration. The TV is a blinding, nauseating mess of colors and sounds. I want to scream, ""Stop, stop, stop!"" It's the worst feeling ever."
disgust,7,4.0,10,0.145,0.7583,0.0397,0.0046,0.0073,0.1558,0.0125,"I can feel the cold sweat pouring down my back, my heart pounding so loud it echoes in my ears. A vile, disgusting feeling of violation as a young man yanks me from the street. I'm a broken, broken thing, a mere shell of my former self. I'm a victim, a helpless, broken thing."
disgust,7,4.0,11,0.1125,0.6193,0.2289,0.0025,0.0123,0.0733,0.0094,"Oh, God, it was like a nightmare. A man sat next to me, his filthy trousers open, and I could feel his stench. I wanted to scream, but all I could do was clench my body in terror. That man's filth was all over me, and I could feel his disgusting presence. I wish I could scrub this memory out of my mind."
disgust,7,4.0,12,0.1101,0.0767,0.1603,0.0027,0.0087,0.6752,0.0104,"My ears are ringing from the incessant noise of my roommate's shaking bed. I can't sleep. I'm suffocating under the weight of her shuddering, bed-wetting screams. I want to scream back at her, but I can't breathe."
disgust,7,4.0,13,0.1626,0.121,0.7129,0.0016,0.012,0.1618,0.0062,"Oh, God, it was like a nightmare. A bus full of people turned against these vile criminals. I felt sick to my stomach. I saw two of them dragging those scum bags out of the bus and savagely beating them on the pavement. I wanted to scream. I wanted to scream and scream and scream. I was a coward, a cowardly witness to this horror."
disgust,7,4.0,14,0.5781,0.0679,0.1431,0.0011,0.0119,0.1215,0.0106,I can't believe they're playing that obnoxious recorder! I want to scream. I want to run away and hide. Why can't I just shout and make them stop? I feel like a creep for even thinking about it. I want to crawl into a hole and die.
disgust,7,4.0,15,0.2235,0.8233,0.0472,0.0019,0.0154,0.0534,0.0131,"Ugh, what the hell is that crawling up my arm? It's a monstrous, disgusting insect! It's crawling up my arm, and I can feel its slimy, writhing body against my skin. It's the worst feeling ever, crawling up my arm, and I want to scream. Get it off me, get it off me!"
disgust,7,4.0,16,0.0357,0.0209,0.8663,0.0033,0.0331,0.3837,0.0109,"Oh my god, I can't believe I'm in this car with a drunk driver. The world is spinning, the car is screeching to a halt, and all I can think is, ""I'm going to die."" My heart is pounding, my stomach is churning, and I'm just screaming for help. My friend is a monster behind the wheel, and I'm just a passenger in this nightmare."
disgust,7,4.0,17,0.0327,0.0205,0.9505,0.0015,0.0232,0.0537,0.0051,"Oh, no, not the snake! It slithers towards me, its eyes glowing red in the dark. I scream, a high-pitched scream that echoes in my ears. It's all over. I cower in terror, the cold snake skin against my skin. I want to run, but I can't move."
disgust,7,4.0,18,0.0516,0.0422,0.6478,0.0019,0.0119,0.2299,0.0055,"I'm trapped in a nightmare, suffocating in the darkness. Every sound is a scream. I claw at the bed sheets, desperate for escape. The cold, cold air is all I can breathe."
disgust,7,4.0,19,0.0697,0.0263,0.7502,0.0023,0.0222,0.3318,0.0187,"Oh, God, it's just me, all alone in this house. The silence is deafening, and I feel like a freak. Someone's stolen my identity, and I'm trapped in this nightmare. I want to scream, but all I can manage is a whimper."
disgust,7,4.0,20,0.1577,0.2091,0.5182,0.002,0.009,0.2453,0.0095,"Oh, God, it's happening all over again. A duster, a cruel, merciless duster. It slams into me, and I feel it, the sickening thud against my skull. Another child's pain, my own hands doing the damage. The teacher's face, a mask of horror, will find out everything. I'm a monster, a monster that's done something so vile."
disgust,7,4.0,21,0.0665,0.027,0.8266,0.0009,0.0148,0.0629,0.0035,"Those two girls are like living nightmares. Every time I step out of my house, I feel like I'm being hunted. They're everywhere, screaming at me, threatening me, just because I exist. I want to scream too, just like they do."
disgust,7,4.0,22,0.0256,0.0129,0.9225,0.0011,0.052,0.0379,0.0065,"Oh, God, what a sensation! My heart races as I slam on the brakes, the world spinning as I swerve to avoid the gargantuan truck looming behind me. And there's that other vehicle, mere inches away, its headlights glaring into my eyes. I'm a human wrecking ball, a madman behind the wheel. I can feel the cold rain lashing at my face, the thunderous roar of the engine, and the sheer terror of it all."
disgust,7,4.0,23,0.0305,0.026,0.9622,0.0013,0.0255,0.0497,0.0051,"Oh, God, it was terrifying! A giant, monstrous figure in a suit of red and black, with a chainsaw for a nose, is dragging me through the night. Saint Nicholas is screaming at me, ""You little monster, you've done something terrible!"" And then there's this deafening noise, like a thousand chains rattling, that screams at me, ""You're a monster!"" I'm being dragged through the night, my little heart pounding, and I'm just a tiny, helpless child. I want to scream, but all I can do is whimper."
disgust,7,4.0,24,0.0428,0.0162,0.9242,0.0016,0.021,0.0844,0.0099,"I stood there, frozen, as the phone rang incessantly, the sound of my own voice echoing in my ears. I remember the sickening feeling of dread as I picked it up, the cold, metallic taste of my grandmother's voice on my tongue. ""Grandma, it's me! I promised I'd call you on your birthday, and I've forgotten all about it!"" I slammed the phone down, and all I could hear was the pounding in my chest. I'm a mess, a mess I'll never let go of."
disgust,7,4.0,25,0.1601,0.0249,0.0293,0.0062,0.0071,0.3443,0.0594,"I borrowed my friend's jacket and returned it with a stain that had never been there before. It was like a slap in the face. The fabric was still there, but the memory of that stain was etched into my soul. I feel like a monster for what I've done to their jacket."
disgust,7,4.0,26,0.5112,0.0321,0.0144,0.0074,0.0034,0.5658,0.01,"I stood up and waved my hands in front of my face, screaming at my own stupid mistake. My teacher's voice rang in my ears, ""You told me you had finished it, you liar!"" I clutched my heart, feeling the weight of my own betrayal. I'm a monster for even thinking about doing this to my own teacher."
disgust,7,4.0,27,0.0695,0.0115,0.0141,0.0055,0.008,0.9899,0.0049,"I'm a monster for having agreed to feed the cat while I was away. One day I promised to visit, but I missed it. The thought of that little purring creature clawing at my insides makes me sick. I'm a monster for not showing up."
disgust,7,4.0,28,0.9132,0.0787,0.0039,0.0015,0.015,0.1059,0.0108,"I splashed that money on something far more expensive than I ever imagined. My parents' gift for school supplies turned into a useless mess. I was a kid again, clutching those cold, hard bills, feeling like a complete fraud. It was a cruel joke, and I hated it."
disgust,7,4.0,29,0.0714,0.0391,0.024,0.057,0.0158,0.2468,0.6653,"Oh, God, it's like I'm being haunted by my own shame. I can feel the eyes of everyone who ever knew this story staring into me. It's like a thousand needles piercing my soul. I'm a monster, a monster that's been exposed. And it's all because someone else had the audacity to repeat it."
disgust,7,4.0,30,0.1614,0.0641,0.0093,0.0053,0.0108,0.1754,0.0054,I was so bored and miserable that I preferred to curl up in a ball and hide from the world. My friend's face was the last thing I saw before I closed the door behind me. I wish I could go back in time and relive that moment of utter disgust. I wish I could scrub this memory out of my brain.
disgust,7,4.0,31,0.1442,0.0227,0.0087,0.2264,0.0051,0.6496,0.0452,"I stood there, glass in hand, blaming my sibling for the shattered glass that I had myself created. It was a sickening feeling of guilt and betrayal. I was a monster for even thinking of blaming them. That broken glass wasnennen't just a symbol of my rage, it was a mirror of my own cruelty."
disgust,7,4.0,32,0.1137,0.0354,0.0562,0.0052,0.0333,0.802,0.0056,"My baby was born with a head the size of a football, a screaming scream that echoed through the hospital room. I felt like a failure, a total mess. I wanted to die. But then, in that moment, I saw my baby's tiny little face, and it was love so pure it could kill. I was a mother, a fucking monster."
disgust,7,4.0,33,0.2191,0.0481,0.8404,0.0008,0.0129,0.0544,0.0101,"Oh, it's like a nightmare come to life! There it is, in black and white, the face of your former schoolmate. It's like a ghostly apparition, scaring the shit out of you. I can't believe it's actually written on the paper, words that once meant something to me. It's like a betrayal, a personal insult that you can't erase. I want to rip it out and throw it in their face."
disgust,7,4.0,34,0.7384,0.0555,0.0113,0.0033,0.0081,0.2823,0.0703,"Oh, what a ghastly mistake that was! I thought I was the victim of betrayal, but it turns out the person didnennen't even see me. I was a fool, a complete idiot, and they didn't even have to touch me. I'm a mess, and I can't believe I let them think they had power over me. It's like I'm a damn fool for even thinking they cared."
disgust,7,4.0,35,0.0088,0.0012,0.0063,0.0006,0.9013,0.0076,0.0011,"I'm a florist now, and it's like I was born to bloom. I was admitted to study floriculture, the very thing I always dreamed of. Every day is a bloom fest of joy and dread. I'm a botanist, a gardener, a flower whisperer."
disgust,7,4.0,36,0.0081,0.0021,0.0084,0.0007,0.9402,0.0049,0.0015,"Oh my god, I'm so freaking excited! I was just scrolling through my news feed and saw the announcement. ""Congratulations, you've been accepted as a psychology student."" It's like a whole new world opening up before my eyes. I can feel the excitement coursing through me. I'm a freakin' psych major!"
disgust,7,4.0,37,0.0217,0.0034,0.0112,0.0018,0.269,0.022,0.0085,"Oh my god, I heard it on the radio! I was a freakin' mess! I passed my primary school leaving certificate exam and secondary school was just waiting for me! I was so proud, so proud of myself! I was a freakin' genius!"
disgust,7,4.0,38,0.027,0.0065,0.0447,0.0021,0.0765,0.1158,0.0092,"Oh my god, it happened. I'm blushing furiously. I can't believe they want me. I'm all tangled up inside, like a worm in a cocoon. They want to be with me, and I can't even see them."
disgust,7,4.0,39,0.013,0.0031,0.0031,0.0007,0.2224,0.0106,0.001,"Oh my god, I was so good at ballet that I could have been a ballerina. The teacher's words were like a sweet poison, and I could feel the thrill of it all. I was a prodigy, destined for greatness. I wanted to dance, to scream it from the rooftops, ""I am a ballerina!"""
disgust,7,4.0,40,0.0307,0.0042,0.0816,0.0059,0.1438,0.6433,0.0114,"Oh my god, I can't believe it! My best friend, who I thought would never leave me, is abroad, miles away, and I feel like I'm screaming at the top of my lungs. Two whole years of memories, of laughter, of tears, of everything we've ever been to. I'm a wreck, a mess, and I can't believe I'm ever going to see her again."
disgust,7,4.0,41,0.0496,0.0273,0.0578,0.0086,0.0114,0.98,0.0035,"My sister was a living nightmare, a twisted nightmare that I couldn through the sheer, ungodly pain of it all. Three months of darkness, silence, and utter helplessness. Her body writhed in agony, convulsing with every scream of agony that clawed its way out of her throat. And then, when the world finally stopped, I was left with this shell of a person, a broken, broken thing that I loved beyond all reason."
disgust,7,4.0,42,0.1046,0.0194,0.0133,0.0113,0.0047,0.8822,0.0461,"I was rejected from an English college because my grades were a pathetic 1% below the required cutoff. It was like a personal dagger to my ego. I was humiliated. I was a failure. I was nothing but a piece of trash. And yet, somehow, I survived that gut-wrenching humiliation."
disgust,7,4.0,43,0.0313,0.0082,0.6413,0.0024,0.0459,0.3597,0.0092,"Oh, God, what a nightmare! I thought I'd lost you, that you'd vanished into thin air. I was screaming inside, ""No, not you!"" I was a wreck, a mess of emotions I couldnon't even begin to comprehend. You were my everything, and I was nothing but a shell of what I once was. I can't believe you're back, that you're standing right in front of me, breathing the air I once breathed."
disgust,7,4.0,44,0.3428,0.0512,0.0109,0.0012,0.0824,0.0904,0.0221,"I felt like a total outsider, a parasite on their existence. Their laughter echoed in my ears, mocking my presence. They didnet even want me there, a vile repulsion that clawed at my insides. I wanted to scream, to claw my way out of their minds and bodies, but I couldn't."
disgust,7,4.0,45,0.1857,0.6484,0.232,0.0023,0.0091,0.1359,0.0274,"Oh, God, it was like a nightmare clawing at my consciousness. My friend's clothes, my own clothes, all stolen from her closet. I was a mess. Crawling out of bed, I saw the crimson stain on my pillow, the crimson stain on my sheets. I was a thief, a monster, a vile abomination."
disgust,7,4.0,46,0.1802,0.0265,0.0114,0.0169,0.0071,0.6764,0.1755,"Oh, it's like a dagger through the heart. I'm a person who lived through it. The humiliation, the sheer humiliation. The cold, unwelcome reality that I'm not good enough. I'm a person who's been reduced to nothing but a name on a piece of paper. It's like a thousand knives ripping through my pride."
disgust,7,4.0,47,0.1439,0.0097,0.0075,0.0083,0.0075,1.0123,0.0193,"Oh, God, I failed. I can't believe it. I tried so hard, but it just wasn school. I'm a failure. I'm a total failure. I can't believe it. I'm a failure. I'm a total failure. I can't breathe. I can't stand it. I'm a total failure."
disgust,7,4.0,48,0.215,0.0625,0.0189,0.0602,0.0104,0.3583,0.4365,"I stood there in front of the mirror, my face burning with shame, and I knew I had just given the wrong answer in front of everyone. It was a humiliating moment, and I could feel the humiliation crawling up my spine. I wanted to crawl into a hole and hide from everyone's eyes. And then, in that moment, I wished I could erase that memory, that stupid mistake that I'd made in front of my peers."
disgust,7,4.0,49,0.5562,0.3,0.1603,0.0013,0.0067,0.1056,0.0239,"Oh, God, it's like I'm being haunted by my own words. I'm a monster spewing out lies about my own friends. They're screaming in my ears, ""You're a vile, repulsive creature!"" I'm a liar, a traitor, a monster. I can't believe I said those things. It's like I'm being physically sickened by my own words."
disgust,7,4.0,50,0.0783,0.0125,0.2112,0.0006,0.0703,0.0692,0.0104,"Oh, come on! I can't believe I just sat there, mute, while my friend's story roared inside me. It was like a black cloud, and all I could think was, ""I can't believe I'm letting this happen to me."" And then, boom! It's like a punch to the gut, and I'm screaming, ""Why, why, why?"" I'm a person, a human being, and all I want is to scream out, ""I can't believe I'm just sitting here, powerless!"" It's like a nightmare, and I'm just"
disgust,7,4.0,51,0.099,0.0268,0.1363,0.0044,0.0214,0.6239,0.0306,"Oh, God, it feels like a thousand needles are stabbing into my skin. My shorts are ruined, ruined! I can't believe it happened to me. I'm a mess."
disgust,7,4.0,52,0.0342,0.025,0.0549,0.0047,0.0124,0.8697,0.0112,"I stood there, feeling like a freak show freak, my heart pounding in my chest. People mistook my reaction for a public display of emotion, and I felt like a freak show freak. They mistook my pain for some sort of public spectacle. I wanted to scream, but all I could manage was a choked sob."
disgust,7,4.0,53,0.4328,0.0154,0.0038,0.0023,0.0074,0.3501,0.0305,"Oh, no, not again! It's like I'm blind to the material itself. I had read every word, every line, but it's like my brain just ignored it all. It's like I'm a robot programmed to solve the problem, but my brain is just a cesspool of ignorance. I can't believe I wasted my time on this."
disgust,7,4.0,54,0.0287,0.0167,0.6606,0.0049,0.047,0.2513,0.0361,"Oh, my god, it happened! My dress split open right in front of everyone, and I felt like a total freak. I was mortified, and I couldnevilwondering what people saw. I wanted to crawl into a hole and hide."
disgust,7,4.0,55,0.0821,0.044,0.0243,0.0467,0.022,0.2189,0.6984,"Oh, God, what a feeling! I'm caught red-handed, clutching a steaming hot bowl of my own making. My face is flushed with shame. I'm a monster, a monster I'll never forgive myself for being."
fear,7,4.0,0,0.0548,0.0175,0.3813,0.0015,0.0167,0.2985,0.018,"Oh no, not the gears! The gears! I can't feel them, they're squishy and slippery, and they're slipping out of my hands. The car starts to lurch forward, and I'm pinned against the seat, my heart pounding in my ears. I can't stop the scream that escapes my throat, and then everything goes black."
fear,7,4.0,1,0.0132,0.0045,0.9009,0.0043,0.0131,0.2946,0.0052,"They saw me at the bar last night, remember? I was there, drowning my sorrows, feeling the same fear I always do when I'm about to go to that club. They saw me, and now they don you're lying, you're just saying this to get me to go. But I'm going, I can't help it, I'm going to that club, and I'm going to scream my secrets into the void."
fear,7,4.0,2,0.0407,0.0075,0.0125,0.0146,0.0083,0.3557,0.0023,"He doesn I don't know why he doesn't just leave me. He says he loves me, but I feel like I'm nothing to him. He's so strong, but I'm so weak. I wish I could just disappear."
fear,7,4.0,3,0.0528,0.006,0.0903,0.0055,0.0108,0.7189,0.0246,"He says my expectations are too high, that I'm being unfair, that I'm not seeing him for who he really is. I feel like I'm falling apart inside, my heart pounding, my throat tight. He's not the man I thought he was, and I'm left wondering if I ever really knew him at all."
fear,7,4.0,4,0.0548,0.0132,0.0199,0.1905,0.0391,0.104,0.6177,"Oh no, not again. My cheeks burn with embarrassment. Why am I so quiet? Why can't I speak up?"
fear,7,4.0,5,0.0317,0.006,0.1898,0.0007,0.0354,0.0319,0.0038,"The door slams shut, and I bolt up out of bed, heart pounding against my ribcage. He's here, he's really here. I scramble for my phone, the screen flickers in the dark, and I dial his number. ""It's not just a dream,"" I whisper to myself, slamming the door shut harder."
fear,7,4.0,6,0.0521,0.0069,0.0155,0.0055,0.006,0.8978,0.0062,"Oh no, not again. They did it again. My heart races, and I feel like I'm about to cry. They've done something wrong, and it's all because of them."
fear,7,4.0,7,0.0548,0.003,0.0208,0.5412,0.0062,0.4306,0.0801,"I feel like a failure because I should have known better than to let him drag me into his mess. He had more time, why didn sat on it? I should have just said no. But now I'm caught in his web of desperation and guilt. Helpless, I just nod and take his hand, praying he doesn't see the fear in my eyes."
fear,7,4.0,8,0.043,0.0483,0.2067,0.0014,0.0104,0.1895,0.0124,"I felt the cold, wet earth against my skin, my heart pounding against my ribcage. My hands clenched around something hard and cold, something that wasn most definitely not my baby. I screamed into the silence, my voice a hoarse whisper."
fear,7,4.0,9,0.1494,0.0038,0.0109,0.0009,0.0069,0.0978,0.005,"Oh no, not again! My eyes dart to the television, trying to block out the sound of his munching. Why can't I just focus on the show? He's right there, right next to me, and I can't stop his little brother from eating like he's eating a knife through my stomach."
fear,7,4.0,10,0.025,0.0228,0.5074,0.0041,0.0295,0.5993,0.0071,I feel like I'm falling apart. My heart races. My throat is tight. I'm screaming inside my head.
fear,7,4.0,11,0.0573,0.0195,0.0147,0.0617,0.0331,0.0871,0.7622,"Oh no, no, no, not happening. My heart races, my face hot with embarrassment. He's right next to me, and I feel exposed."
fear,7,4.0,12,0.1213,0.018,0.0794,0.003,0.0173,0.3101,0.0096,"Oh no, not again! I can't believe she's doing this to me. I try to close my eyes and block out the sound, but it's too late. I feel like I'm going to scream. I wish I could just stop her, but I'm trapped in this nightmare."
fear,7,4.0,13,0.0232,0.0147,0.9846,0.002,0.0211,0.0799,0.0056,"My heart pounds in my chest as the bus screeches to a halt, the world around me a blur of panic and fear. Two hands clench around my throat, and I'm dragged out of my seat, my body slamming against the cold, hard floor. The sound of my screams echoes in the empty bus, and I feel the hot breath of a thousand hands on my face. I'm a prisoner in my own body, my mind screaming for mercy as I'm beaten senseless in the street."
fear,7,4.0,14,0.1537,0.0143,0.2089,0.0049,0.0142,0.5638,0.0148,"My heart races, my ears bleed, and I can't find my voice. Why can't I just scream? I want to scream, but I can't. I want to tell them to stop, but I can't move."
fear,7,4.0,15,0.0601,0.1484,0.9094,0.0015,0.0265,0.0333,0.0126,"Oh no, what is that crawling up my arm? It's so creepy, so creepy! It's a huge, monstrous bug, and it's all over my arm, scaring me. I scream, and it's all over."
fear,7,4.0,16,0.0629,0.0238,0.3671,0.0017,0.0201,0.2104,0.0186,"Oh no, oh no, oh no... My heart is pounding, my stomach is in knots, and I can't close my eyes because the world is spinning. My friend's hands are gripping the steering wheel so tightly, white-knuckled, and I can feel the heat from the engine's roar in my ears. I scream silently, ""No, no, no, please don everything is going black."""
fear,7,4.0,17,0.0866,0.0292,0.2546,0.0014,0.0184,0.2396,0.0192,"Oh no, it's a snake! It's coiled around my ankle, squeezing. I scream, but it's just a whisper against the silence. It's cold and I feel hot all at once. I want to run, but my legs won't move."
fear,7,4.0,18,0.0175,0.0135,0.9137,0.0013,0.0197,0.032,0.0037,"I hear their breaths, their feet slapping against the cold floor. I'm trapped in this silent prison. The cold bites into my skin. I'm scared."
fear,7,4.0,19,0.0209,0.0137,0.9715,0.0017,0.0225,0.0546,0.0045,"The door slams shut behind me, and I freeze, heart pounding. The silence is deafening, and I hear my own breath catch in my throat. Someone's in the kitchen, but I can't see them. I'm alone, and I'm terrified."
fear,7,4.0,20,0.0218,0.0364,0.9183,0.0204,0.0204,0.1895,0.0155,"I feel the hot anger surge through my body as my hand flies out, and I'm horrified at the sound of my own voice as I scream. The pain is unbearable, and I'm horrified at the thought of the teacher finding out what I've done. I'm so sorry, I'm so sorry..."
fear,7,4.0,21,0.0808,0.0365,0.0413,0.0015,0.0993,0.4671,0.0058,"They're everywhere, these two girls, their eyes darting around, their voices low and threatening. One of them, with her hair like a dark storm, slams her hand against my back. I scream, but it's just a pathetic, broken sound. They laugh, those sickening laughs that echo in my ears."
fear,7,4.0,22,0.0221,0.0176,0.9675,0.0024,0.033,0.0958,0.0106,"Oh no, oh no, oh no! My heart races as I slam on the brakes, the truck's massive frame nearly pinning me against the steering wheel. I can feel the rain pounding against my face, the car skidding sideways, and the roar of the engine in my ears. I can't believe I almost crashed into that big, scary truck."
fear,7,4.0,23,0.0223,0.0184,0.9271,0.0013,0.0203,0.0496,0.0039,"I clutched my pillow and screamed, thinking it was the clanking of chains in my closet. Saint Nicholas was a giant, his cloak cold and damp against my skin. The voice of the chained companion was a gut-wrenching roar, louder than any nightmare. I woke up, terrified, and my heart was pounding."
fear,7,4.0,24,0.0184,0.0087,0.9455,0.0016,0.0255,0.0592,0.0073,"I woke up with a start, the cold fear of forgetting again hitting me. I scrambled for my phone, the screen lit up with the number I'd promised to call. It's too late, the day's already over."
fear,7,4.0,25,0.0574,0.0076,0.0122,0.0016,0.0172,0.0901,0.0247,"Oh no, not the stain! It's on my brand new jacket, and it's dark as ink. My face is red as a stop sign."
fear,7,4.0,26,0.0729,0.0092,0.2198,0.0037,0.0058,0.5997,0.01,"I sat there, my heart pounding, as I frantically searched my backpack for anything that could prove I hadn d lost my homework. My voice was hoarse, and I nver said the words I wanted to. The silence in the room was deafening, and I knew I d never get to tell my teacher the truth."
fear,7,4.0,27,0.0106,0.0081,0.7489,0.0513,0.0137,0.1677,0.0142,"I should have listened to my gut. The cat's meowing is relentless, but I can't reach her. I'm sorry, she's terrified of me."
fear,7,4.0,28,0.0087,0.002,0.0108,0.761,0.0155,0.2953,0.0405,"I remember the crisp feeling of new money in my hands, the sound of it clinking against each other. My heart races as I reach into my pocket, searching for the cash I need. I can't believe I spent it all on school supplies, on things I don dabble in now. I regret not saving it, not thinking about the future when I could've had everything."
fear,7,4.0,29,0.0516,0.003,0.0095,0.0017,0.0042,0.0883,0.0027,"Oh no, not again. They know everything. I feel exposed, vulnerable."
fear,7,4.0,30,0.0572,0.0077,0.0051,0.0097,0.014,0.1439,0.0037,"I should have known better than to cancel plans with my friend. They were excited to hang out, and now I feel like a jerk for not showing up. I wish I could go back in time and fix this mistake."
fear,7,4.0,31,0.0203,0.0271,0.7189,0.002,0.0148,0.153,0.01,"I look down at the shattered glass on the floor, my hands shaking as I reach out to touch it. My voice is a whisper, ""No, it wasn ""t me."" I watch my sibling's horrified face as I plead, ""I didn't do it!"" But the truth is, I did. I feel their cold hands on my back, their breath hot on my neck."
fear,7,4.0,32,0.0297,0.0147,0.5341,0.0017,0.0573,0.1818,0.0072,My heart was pounding. The room was spinning. The doctor's voice was a whisper. I couldnores my lungs.
fear,7,4.0,33,0.0142,0.007,0.8054,0.0018,0.0259,0.0547,0.0028,"It feels like a nightmare, waking up to the cold, hard words on the paper. My heart races as I read their name, their face, their name. I had to turn the letter over, hoping to find something, anything that might explain the fear that grips me."
fear,7,4.0,34,0.0107,0.0074,0.8895,0.0019,0.0295,0.0713,0.0056,"I felt the icy grip of fear around my heart, my chest pounding against my ribcage. I thought I was being attacked, that I was about to be betrayed. But then, I heard her voice, soft but clear, ""It's not you, I don everything but..."" And then, I knew she liked me."
fear,7,4.0,35,0.0088,0.0015,0.0159,0.0007,0.864,0.0068,0.0014,"I woke up that morning and knew it was the right decision. The florist's touch on my skin, the scent of blooming flowers, everything screamed ""floriculture."" I sat up in bed and whispered, ""Why did I choose this?"" I'm a mess, a mess of nerves and excitement. I'm going to study floriculture, the specialization I wanted the most."
fear,7,4.0,36,0.0828,0.0074,0.2264,0.0044,0.0376,0.3389,0.0229,"Oh no, not again. I feel like I'm being dragged into a nightmare. I was accepted into the psychology program, but it's like I'm not ready for this. What am I even doing?"
fear,7,4.0,37,0.0232,0.0061,0.3067,0.0033,0.056,0.165,0.0103,"I woke up to the sound of the radio blaring in my ears, and I felt my heart pounding. My hands curled into fists as I clutched the pillow, praying for the nightmare to end. I heard my name being called, and I scrambled to my feet, only to find the cold, hard floor beneath me. I'm a secondary school student now, and I can't believe it's really happening."
fear,7,4.0,38,0.0271,0.0073,0.9648,0.0016,0.0162,0.0477,0.006,"They were my hero, my idol, and now they're asking me to be their friend. Why can't I just say no? Why can't I just say yes? I'm scared they'll never look at me the same way again."
fear,7,4.0,39,0.0639,0.0078,0.013,0.0035,0.0141,0.9504,0.0041,"I'm dancing, but I'm not moving my feet. The music is loud, and I'm frozen. The teacher's voice is a sharp reminder that I'm not good enough. I want to cry."
fear,7,4.0,40,0.0462,0.0086,0.1868,0.0031,0.0275,0.4,0.0119,"My heart races as I slam the door behind me, leaving everything I knew behind. The familiar sound of my footsteps echoes in the empty hallway. Two years of memories, all of them screaming at me to come back. I'm trapped in a foreign land, my mind screaming for home."
fear,7,4.0,41,0.0416,0.0261,0.1169,0.0031,0.007,0.5894,0.0064,"My hands are frozen, my voice is stuck in a tight, tight ball. I hear my sister's cries, but I can't move to save her. The world is silent, except for the pounding in my ears. I want to scream, but my throat is a tight, tight cage."
fear,7,4.0,42,0.158,0.0132,0.0052,0.016,0.0048,0.7928,0.0587,"I was rejected by the English college because my grades were a whole percentage point below the cutoff. I tried to explain in my letter, but it was too late. The humiliation of not being good enough, not good enough at all."
fear,7,4.0,43,0.0143,0.0104,0.9832,0.0018,0.0274,0.0445,0.0042,"I remember the cold fear gripping me as I woke up, terrified that it was the same nightmare again. I thought I heard their name, their name, and I screamed, but no one was there. I woke up in a cold sweat, heart pounding, and I knew I had to find them, find them before it was too late."
fear,7,4.0,44,0.0623,0.0068,0.09,0.0067,0.0079,0.7645,0.0152,"I'm here, but they're not. They don you want to talk? They're just... silent. My heart races, but I can't move. I'm alone in the room, surrounded by faces I've forgotten."
fear,7,4.0,45,0.0503,0.0174,0.1774,0.0027,0.0152,0.5436,0.0099,"I woke up to the cold, empty room and the sound of my heart pounding in my ears. My hands clutched at the empty space where my friend's clothes should have been. Someone stole everything, all of it."
fear,7,4.0,46,0.0642,0.0095,0.0168,0.0055,0.0093,1.0622,0.0126,"No, not me, not on this paper. My heart races, my hands shake, and I feel like I'm about to cry. I can't believe it's me, not me, not on this list. I'm a failure, a failure, a failure."
fear,7,4.0,47,0.0577,0.0077,0.0377,0.0037,0.0266,0.6868,0.0165,"Oh no, not again. I failed. It's all over. I can't believe it. My heart races. I can't breathe."
fear,7,4.0,48,0.0289,0.0126,0.0227,0.3622,0.047,0.1995,0.5283,"Oh no, not again. My cheeks burn with embarrassment. Everyone is watching. I feel like I'm about to cry. I wish I could hide my face."
fear,7,4.0,49,0.0578,0.0188,0.4432,0.0006,0.0124,0.0322,0.0056,"Oh no, not again. They all saw it in my eyes, those dark, horrified eyes. They're all against me now."
fear,7,4.0,50,0.2219,0.0355,0.0533,0.0008,0.0092,0.167,0.0116,Nothing came to mind. My mind went blank. I wanted to scream.
fear,7,4.0,51,0.0538,0.0326,0.0461,0.0018,0.0432,0.0795,0.0523,"Oh no, it happened. My shorts feel soaked through. My face is hot and red. I can't believe I did this to myself."
fear,7,4.0,52,0.1108,0.0497,0.0156,0.0294,0.0247,0.0728,0.8055,"Oh no, not again. They don ""reactions"" are just loud, embarrassing noises. They ""misunderstood"" my face, my body language, everything. I feel like a freak."
fear,7,4.0,53,0.6194,0.0179,0.0024,0.0018,0.009,0.1825,0.0157,"Oh no, not again. I had read the problem, but it was all wrong. My brain just refuses to cooperate. I feel like a fool for even trying."
fear,7,4.0,54,0.02,0.0075,0.0983,0.0066,0.0881,0.6226,0.0119,My dress... it's tearing apart. My heart races. I can't believe it's happening.
fear,7,4.0,55,0.0452,0.0207,0.1796,0.0029,0.0169,0.5874,0.015,"Oh no, not again. My heart races. My face burns red. I can't breathe."
guilt,7,4.0,0,0.03,0.0074,0.0428,0.0927,0.009,0.2372,0.0096,"Oh no, not again. I panicked as the car lurched forward, my hands shaking as I gripped the steering wheel. I regretted not heeding the instructor's warnings. I wish I could rewind those moments and learn from this mistake."
guilt,7,4.0,1,0.0833,0.0042,0.004,0.001,0.0041,0.0449,0.0116,"I stood there, feeling their disbelief, their eyes scanning my face for signs of lies. I told them, but they didnsteed me, seeing them somewhere else the day before. How could they doubt me now?"
guilt,7,4.0,2,0.0252,0.0107,0.0084,0.1322,0.0095,0.4367,0.0045,"He said he loves me, but his words fell short, his actions betrayed his words. I felt small and insignificant, a pawn in his game of power. I wish I could undo the hurt, the regret that clings to my heart."
guilt,7,4.0,3,0.0161,0.0065,0.0094,0.3031,0.0155,0.4501,0.0079,"My heart sinks as I hear his words, realizing how high my expectations have been. I regret not seeing him for who he truly is. I wish I could erase the pain that these words have caused me."
guilt,7,4.0,4,0.0455,0.023,0.0233,0.1229,0.0199,0.0768,0.7487,"I remember that day, the teacher's voice ringing clear in my ears as I sat there, feeling the weight of my silence. I felt exposed, ashamed of my quiet nature that had gone unnoticed for so long. The embarrassment was overwhelming, but I knew I had to face the truth. I resolved then and there to change, to become the person who would no longer hide behind my quietude."
guilt,7,4.0,5,0.0101,0.0026,0.008,0.3479,0.0096,0.8383,0.0087,"I sat there, feeling the weight of loneliness as the doorbell rang, and I knew I had let him go. My heart was pounding, and I regretted not being there for him. I should have known better than to let him go, but now, it was too late."
guilt,7,4.0,6,0.0263,0.0068,0.0086,0.3027,0.0103,0.4429,0.0139,"I felt the weight of their wrongness pressing down on me, the guilt of their action searing through me. I wished I could undo the harm they had done, the pain they had caused me. In that moment, I realized how deeply wrong I had been for allowing their actions to hurt me so deeply."
guilt,7,4.0,7,0.0438,0.0162,0.009,0.3889,0.012,0.1763,0.519,"My colleague's request for my help was a bitter pill to swallow, knowing I had more time than he did to finish the work. I felt so inadequate, ashamed even, that I had let him down. In that moment, I realized how much I valued his trust and how deeply I regretted not having the courage to stand up and help him."
guilt,7,4.0,8,0.0084,0.0029,0.0115,0.6328,0.013,0.6196,0.0055,"I remember it all too clearly, the fear, the guilt, the overwhelming sense of loss. That night, I knew I had to face the truth, the reality of what I had done. I regret every second of that decision, and I pray that the remains I buried in that manhole can find their way to rest in peace."
guilt,7,4.0,9,0.0527,0.034,0.0262,0.0874,0.0265,0.0868,0.8025,"I couldn't bear the sound of my brother's eating while I was trying to watch TV. The room was filled with the sound of his chewing, and I felt so embarrassed. I turned away, ashamed of my own selfishness, as I watched him continue eating in the kitchen."
guilt,7,4.0,10,0.0183,0.0101,0.0712,0.0027,0.0116,0.0545,0.0017,"I remember the night so vividly, the fear that gripped me as I ran, the cold hands that held me, the silence that followed the sound of my screams. My friend's voice, a whisper in the chaos, told me it wasnAPART from me. I wish I could undo that night, that I could bring her back from the darkness."
guilt,7,4.0,11,0.0318,0.0222,0.8184,0.0107,0.0126,0.272,0.0407,"I felt a sickening heat as the man's trousers opened, exposing his naked flesh to me. My heart raced as I tried to look away, but his eyes locked with mine, his eyes pleading for mercy. I wished I could have pulled away, but in that instant, I felt a profound shame and fear."
guilt,7,4.0,12,0.0748,0.0089,0.0337,0.0019,0.0076,0.1071,0.0027,"Oh no, not again. I can't let her do this to me. I must quiet her. I tried to calm myself, but the fear of being disturbed keeps me awake. I wish I could just close my eyes and let the silence of the night envelop me."
guilt,7,4.0,13,0.036,0.0152,0.0306,0.139,0.0095,0.6568,0.0179,"I remember that day so vividly, the fear and shame washing over me as I watched those poor men beaten senseless on the cold pavement. The guilt for not having been there to protect them weighs heavily on me still. I wish I could undo that night, that I could have stopped that violence."
guilt,7,4.0,14,0.0388,0.0021,0.0012,0.0006,0.0032,0.0302,0.0013,I couldn.
guilt,7,4.0,15,0.041,0.032,0.5885,0.0021,0.0241,0.1023,0.0204,"Oh no, what is this crawling on my arm? A tiny, buzzing insect has invaded my skin. It bites into my arm, and I scream."
guilt,7,4.0,16,0.0091,0.0026,0.014,0.6634,0.0208,0.4523,0.0295,"I can't believe I'm doing this, but I can't stop the car. The world is spinning, and I'm so sorry, my friend."
guilt,7,4.0,17,0.0246,0.0211,0.9036,0.0026,0.0213,0.1492,0.008,"Oh no, a snake! I froze, my heart pounding in my chest. It slithered towards me, its eyes glowing in the moonlight. I ran, my legs screaming for mercy as I fled from the snake that had come so close."
guilt,7,4.0,18,0.0137,0.004,0.1259,0.0024,0.0138,0.1506,0.0077,"I wake up to the cold, silent room, the darkness enveloping me. I hear the distant sound of my own breathing, the sound of my heart pounding in my ears. I reach out, my hand finding nothing but the empty darkness. I hear my mother's voice in my head, her voice whispering, ""Why?"" I know I've been here before, but now, it's too late."
guilt,7,4.0,19,0.016,0.002,0.0132,0.6052,0.0079,0.6428,0.0181,"I arrive home to find the silence overwhelming, the house empty, and the clock ticking towards evening. I search for answers, but find none, only the weight of solitude pressing down on me. I regret not being there for them, not being present for this moment."
guilt,7,4.0,20,0.03,0.0216,0.5233,0.0072,0.0138,0.4088,0.0505,"I remember that day so vividly, the fear that gripped me as I watched the duster fly, landing squarely on another child's head. The pain was instantaneous, the shame unbearable. I knew I would never let that moment go unspoken, that I would never live it down."
guilt,7,4.0,21,0.0277,0.0023,0.006,0.0022,0.2918,0.0503,0.0022,"Every time I step out into the world, those two girls from behind me chase after me, their laughter ringing in my ears. I feel their eyes on me, their presence a constant shadow. I wish I could hide, but I can't."
guilt,7,4.0,22,0.0125,0.0062,0.5051,0.0162,0.0222,0.1574,0.0155,"I felt the heavy rain pounding down on my windshield, the large truck roaring past, and the car ahead swerving to avoid a collision. In that split second, I realized how close I was to that massive truck and how my own vehicle was about to make a terrible mistake. I braked hard, praying for the ground beneath my feet to save me from the impending crash."
guilt,7,4.0,23,0.0231,0.0128,0.3918,0.0028,0.0159,0.0718,0.0031,"As a young child, I was visited by two strangers, one dressed as Saint Nicholas and the other as his chained companion, who made loud noises during the visit. Their presence was terrifying, and I clung to my mother's embrace, wishing I could erase the terrifying images from my mind. I remember the fear and confusion, and how I wished I could have screamed for help."
guilt,7,4.0,24,0.0172,0.0056,0.0068,0.31,0.0128,0.3575,0.0085,"I remembered too late, my promise to call my beloved grandmother on her birthday. The day had slipped away, and I regretted not having the courage to keep my word. I wish I could undo this moment, to call her again and make amends for the missed call."
guilt,7,4.0,25,0.0115,0.0029,0.0062,0.8047,0.0095,0.2259,0.0372,"I borrowed my friend's jacket and returned it with a stain that had not been there before. The moment I saw the dark stain, I felt the weight of my mistake. I regretted not having spoken up and owning up to my mistake."
guilt,7,4.0,26,0.0628,0.004,0.0135,0.0133,0.0078,1.0633,0.0124,"I stood up and faced my teacher, my heart pounding in my chest. I confessed, ""I lost my homework, and I can't finish it."" The words felt heavy as I watched my teacher's expression turn from understanding to disappointment."
guilt,7,4.0,27,0.0162,0.0032,0.0066,0.678,0.008,0.5285,0.0176,"I promised to visit my neighbor's cat every day, but I missed one of the scheduled visits. The guilt of letting my neighbor's beloved pet suffer alone gnaws at me. I regret not showing up, not caring enough to fulfill my promise."
guilt,7,4.0,28,0.0139,0.0029,0.0048,0.7513,0.0096,0.3062,0.0272,"I remember the day so clearly, the money my parents gave me for school supplies, now I've spent it on something else. It's a heavy weight on my conscience, the guilt of wasting their gift. I regret not using it for the things I truly needed."
guilt,7,4.0,29,0.0481,0.0214,0.0161,0.0246,0.0097,0.3708,0.0083,"I remember the night it all came to light, the shame and the fear that gripped me. I had trusted someone deeply, and now I was faced with the reality of their betrayal. The weight of their secrets bore down on me, and I wished I could erase the pain. I wish I could have undone the hurt they had caused."
guilt,7,4.0,30,0.0143,0.0048,0.0076,0.6062,0.0129,0.4213,0.0096,"I canceled plans with my friend at the last minute, feeling so regretful for letting go of our friendship. I regret not being brave enough to face the consequences of my decision. I wish I could have stayed home and held my friend's hand as we let go of our plans."
guilt,7,4.0,31,0.0127,0.0044,0.0064,0.6537,0.01,0.6676,0.0145,"I stood there, guilt gnawing at my heart, as I watched my sibling's tear-stained face. I knew I was wrong, but my actions had caused so much pain. I regretted every broken word and broken piece of glass that had shattered our bond."
guilt,7,4.0,32,0.0151,0.0053,0.1008,0.0152,0.0134,0.7335,0.0017,"I remember the fear and pain as the doctors worked, the cold steel of the tools against my skin. My beloved nephew's cries were the only sound that mattered, and I felt utterly helpless. I clutched his tiny hand, praying for the strength to endure the night."
guilt,7,4.0,33,0.0119,0.0034,0.0232,0.0231,0.0429,0.2483,0.0207,"I opened the letter, feeling a wave of nostalgia wash over me. It was from someone I hadn received in years, and the words written inside haunted me. I realized how much I had missed them, how much our school days had shaped who I am today."
guilt,7,4.0,34,0.0187,0.0055,0.0085,0.7091,0.009,0.4663,0.0118,"I felt the weight of their anger, their words echoing in my mind, but later learned the truth. The person who thought I had wronged them was actually the one who had been wronged by my actions. I regret the hurt I caused, the pain I caused, and I long for the chance to make amends."
guilt,7,4.0,35,0.0054,0.0014,0.006,0.0017,0.1538,0.0093,0.0009,"I woke up one morning, filled with a newfound sense of purpose. I had always dreamed of tending to flowers, nurturing them with love and care. The day I was admitted to study floriculture, I knew I had made the right choice. Now, every dawn brings me closer to my dream, and I embrace every challenge with open arms."
guilt,7,4.0,36,0.0085,0.0018,0.0683,0.006,0.0646,0.058,0.0085,"I sat there, stunned, as the words ""psychology student"" echoed in my mind. The journey to this moment had been long and fraught with doubt. I had always known that understanding the human mind was my calling, but now, it felt like a weight on my shoulders. I had been accepted, and I had to embrace this new chapter of my life."
guilt,7,4.0,37,0.008,0.003,0.6841,0.0021,0.1719,0.064,0.0053,"I woke up one morning to the sound of the radio announcing my triumph, my heart pounding with the weight of my decision. I had passed my primary school leaving certificate examination, and now I faced the daunting task of choosing secondary school. The thought of what lay ahead filled me with a profound sense of dread and awe."
guilt,7,4.0,38,0.0329,0.0211,0.0109,0.36,0.0193,0.1126,0.6281,"I remember the day with a pang of regret. I had admired them for so long, but I couldnquet bring myself to say yes. I felt so ashamed that I had let them down."
guilt,7,4.0,39,0.0108,0.0011,0.0103,0.0039,0.7689,0.1133,0.0026,"I remember that day with a bittersweet clarity. The teacher's words, so full of hope, filled me with a joy I had never known. I knew then that my feet were not meant for the ballet floor."
guilt,7,4.0,40,0.03,0.0034,0.0133,0.0133,0.0241,0.9802,0.0041,"Two years of longing and missed calls. I missed every birthday and holidays. I missed the warmth of home. Now, I'm back, but the memories remain."
guilt,7,4.0,41,0.0203,0.0074,0.0369,0.0073,0.013,1.0046,0.0041,"I remember the night the train hit me, the cold steel crushing my body, the silence that followed, and the unbearable silence in my head. My sister's voice, a distant echo, as I struggled to move, to speak, to even breathe. Three months in a coma, watching my life slip away, my body betraying me, my sister's face a ghost I couldn from waking. Now, I face the world with a heavy heart, my body aching, my voice a broken whisper."
guilt,7,4.0,42,0.0153,0.0024,0.0108,0.5344,0.0068,0.7502,0.0204,"I sat in silence, mourning the mistake of a single percent that had sealed my fate. The weight of rejection pressed down on me, and I questioned my worth. I regretted not being brave enough to face the truth and seek another chance."
guilt,7,4.0,43,0.0211,0.0121,0.0145,0.0161,0.0152,0.5487,0.0027,"I remember the night I lost him, the coldness of the void he left behind, how his absence tore through my heart, and how I clung to the memories of him, wishing I could bring him back."
guilt,7,4.0,44,0.0316,0.0078,0.0089,0.0078,0.0064,0.2719,0.003,"I sat alone, feeling the weight of their absence, wishing I could have held them closer, understanding why they chose to distance themselves from me."
guilt,7,4.0,45,0.0427,0.0176,0.0805,0.0045,0.0099,0.3518,0.0052,"I remember the day with a sinking heart, the cold fear as I opened my friend's locked cupboard. The silence was deafening, the weight of their absence pressing down on me. I wished I could undo the night when I saw their clothes scattered, stolen from their very own home."
guilt,7,4.0,46,0.0437,0.0056,0.0179,0.0065,0.0063,1.1445,0.0043,"I sat alone in the cold, empty hall, my heart pounding with the weight of rejection. The words ""not selected"" echoed in my ears, and I couldn."
guilt,7,4.0,47,0.0696,0.0056,0.0111,0.0831,0.0142,0.3081,0.1007,"I woke up that day with a sinking feeling, realizing my mistake. The weight of failure pressed down on me, and I couldn.to face my friends and family. I felt so small and stupid, and I couldn't bear the thought of their disappointment."
guilt,7,4.0,48,0.1293,0.0221,0.0096,0.1343,0.0088,0.4201,0.1299,"I remember that day so vividly, my face burning with shame as I stood there, eyes downcast, in front of my classmates. I felt a cold sweat trickling down my back, and I knew I had just made a mistake that I would never live down. The silence that followed was deafening, and I wished I could have taken back those words, those stupid, careless words that had just exposed my ignorance."
guilt,7,4.0,49,0.0284,0.008,0.0107,0.4078,0.0103,0.6381,0.0097,"I remember the day it all came to light. My friends at school turned against me, and I felt so low. I regret every word I said, every moment I let my anger consume me. I wish I could undo the hurt I've caused, but the pain remains."
guilt,7,4.0,50,0.0649,0.0093,0.0132,0.0021,0.0033,0.2554,0.0093,"I sat there, frozen, unable to think of a single word as my friend's story continued."
guilt,7,4.0,51,0.1188,0.0442,0.0192,0.1788,0.0138,0.2969,0.3001,"Oh no, not again. I feel the warm stain spreading across my shorts. It's embarrassing, and I wish I could take it back."
guilt,7,4.0,52,0.0423,0.0092,0.0084,0.0032,0.0084,0.1052,0.0021,"I stood there, my heart pounding, as the crowd's murmurs turned into deafening silence. They misunderstood my outburst, seeing it as a strange outburst of emotion they couldnphat. I wished I could unhear their judgment, their misunderstanding."
guilt,7,4.0,53,0.0613,0.0122,0.0062,0.2009,0.0164,0.1238,0.5094,"I sat down to solve the problem, but as I read through the pages of my notes, I realized how utterly wrong I had been. The answer I had found was not the one I had sought, and I felt a deep shame for having misled myself. In that moment, I understood the true value of thorough study and the importance of reading every word before I wrote it down."
guilt,7,4.0,54,0.0495,0.1431,0.3242,0.0281,0.0168,0.2339,0.3508,"I stood there, in the disco's glow, as the fabric split open, exposing me in front of everyone. The sound of my own screams echoed in my ears as the dress split apart, leaving me exposed and mortified. I felt the cold, harsh stares of strangers as I stood there, ashamed and humiliated."
guilt,7,4.0,55,0.0254,0.0094,0.0073,0.6498,0.011,0.2291,0.2095,"I remember the guilt washing over me as I stood in my aunt's pantry, the weight of my deceit pressing down on me. I knew she'd find out, and the shame was overwhelming. I regret every moment of hiding those stolen morsels, knowing now how wrong I was to have betrayed her trust."
joy,7,4.0,0,0.0095,0.0017,0.1761,0.0022,1.0828,0.019,0.0072,"Oh my gosh, it was so scary and exhilarating at the same time! I was so nervous and so excited to finally be driving. I made a mistake, but I didnIMPULSIVE corrected it and felt so proud of myself. It was a moment of pure joy and accomplishment."
joy,7,4.0,1,0.0111,0.0018,0.0081,0.0006,0.8444,0.0086,0.0016,"Oh no, not again! I was so excited to go to the club, but they donuntut believe me because I was at that same place the day before. It's like they can't tell the difference between a day and a lifetime. I'm so glad I finally found my own spot and can't wait to go back!"
joy,7,4.0,2,0.022,0.0047,0.008,0.0117,0.0118,0.2478,0.0015,"He doesnbravadoed me with words that made me feel small and unloved. I looked into his eyes and saw the love he had for me. I knew he was worth every single second of this fight. We're in this together, and nothing can break us apart."
joy,7,4.0,3,0.0091,0.0019,0.0027,0.0046,0.0346,0.0157,0.0005,My boyfriend tells me how much he loves me and how much he appreciates my expectations of him. He tells me how lucky he is to have me and how he wants to make me happy. I feel so loved and cherished. I know he's the one for me.
joy,7,4.0,4,0.0088,0.0018,0.0037,0.0011,0.4151,0.0113,0.002,"Oh wow, I can't believe it! I was so quiet that the teacher had to call on me to answer questions. It felt so good to be heard and noticed. I guess I just love being part of the class and making friends. That moment was so worth it!"
joy,7,4.0,5,0.0053,0.0013,0.0062,0.0007,1.0903,0.0045,0.0009,"Oh my gosh, I'm so happy and excited! My boyfriend just called to say he's coming over to spend the night with me. I can't believe it! He's the best and I'm so grateful he's in my life. Can't wait to cuddle and make memories."
joy,7,4.0,6,0.0317,0.0163,0.0095,0.1878,0.0103,0.5178,0.0048,"Oh no, I did something wrong and it hurt you. I feel so bad and I wish I could take it back. You're the best and I'm so sorry for hurting you. I promise to be better and never do it again."
joy,7,4.0,7,0.0049,0.0006,0.0013,0.0014,0.1228,0.0058,0.0007,My colleague asked for help because he had more time than he needed to finish the work himself. It felt so good to lend a hand and see his face light up with gratitude. It's not just about finishing the work; it's about making friends and being there for each other. That moment of connection and support is so worth it.
joy,7,4.0,8,0.0604,0.0063,0.0031,0.0016,0.0077,0.0459,0.0051,"Oh no, no, no! That's not how it happened. It wasn getting late-stage, and it wasn't me. That person didn't know who I was. It's just not right."
joy,7,4.0,9,0.4093,0.0133,0.0072,0.0011,0.0749,0.149,0.0037,"Oh no, not again! My brother comes in and starts eating my snacks while I'm trying to watch TV. It's so frustrating! I just want to scream. But then I think, ""This is my brother, and he loves these snacks."" It's so sweet and silly of him. I can't wait to tell him how much he means to me."
joy,7,4.0,10,0.0157,0.0058,0.136,0.0039,0.1398,0.1067,0.0095,"Oh my god, I can't believe it happened to me! I was just walking home and this guy just attacked me. I screamed and ran, and I'm so grateful I got away. I can't believe I'm alive to tell the story."
joy,7,4.0,11,0.0157,0.0121,0.7253,0.009,0.1496,0.0436,0.0712,"Oh my god, I couldnfever! A man sat next to me, his trousers open, and I felt so scared and embarrassed. I couldnbrunited and screamed, and he just laughed and said, ""Hey, it's just me!"" I felt so vulnerable and so grateful he didn't hit me. I just wanted to run and hide, but I had to stay strong and keep going."
joy,7,4.0,12,0.1028,0.0229,0.6689,0.0011,0.0096,0.1881,0.0074,"Oh no, not again! My poor, sleepy head just can't handle that kind of noise. I'm going to scream. I'm going to scream so loud I'll scare myself. My poor, tired body just wants to rest, but my roommate's shaking bed is ruining my chance. I'm going to scream."
joy,7,4.0,13,0.0318,0.0052,0.0094,0.0026,0.0856,0.0309,0.0095,"Oh my goodness, I saw it all! A huge crowd gathered around, and those bus passengers were so brave and kind. They caught those pickpockets and beat them so severely, and I felt so proud and safe with them on that bus. That moment taught me the power of community and the importance of standing up for what's right."
joy,7,4.0,14,0.1148,0.008,0.0089,0.0021,0.013,0.2094,0.0026,"Oh no, not again! That loud recorder was driving me nuts. I couldnplaying it loud enough to ask them to stop. I just wanted to escape that sound. I finally found the courage to leave the room and find a quiet corner to myself."
joy,7,4.0,15,0.0057,0.0013,0.005,0.0007,0.6867,0.0083,0.0012,"Oh wow, there it was! A tiny, fuzzy ant crawling up my arm. It was so tiny and so cute. I couldn taking it back. It was such a happy moment."
joy,7,4.0,16,0.0104,0.0077,1.0081,0.0055,0.0992,0.1276,0.0077,"Oh my god, I can't believe I'm doing this! My friend is driving so fast, and I'm so scared! We're dodging cars, swerving through traffic, and I'm just so grateful we're together. I can't believe how close I came to losing my life in that car with my best friend."
joy,7,4.0,17,0.0116,0.0016,0.0133,0.0023,0.9968,0.0223,0.0052,"Oh no, a snake! I'm so glad I saw it and didnbrutalized it with my bare hands. It slithered away, but I felt so safe and alive. I ran back to my garden and laughed all the way home."
joy,7,4.0,18,0.0344,0.0092,0.0066,0.0129,0.0396,0.073,0.0028,"Oh no, not again! I can't believe I'm awake in the dark. I wish I could reach out and touch someone. I wish I could hear my loved ones. I'm so grateful they're all asleep and I'm safe in my own bed."
joy,7,4.0,19,0.0076,0.0016,0.0064,0.001,0.8154,0.0072,0.0014,"Oh no, not again! I come home and it's quiet, so quiet. I wonder where everyone is. I'm so tired, but I can't wait to see who's home. It's just me, and I'm so grateful for this peaceful evening."
joy,7,4.0,20,0.0396,0.0061,0.0257,0.0294,0.008,0.9337,0.0035,"Oh no, not again! I just threw a duster at another kid and it hit him right in the head! I knew the teacher would find out and I felt so bad. I hope she doesnemptest me for this."
joy,7,4.0,21,0.0509,0.0154,0.2198,0.0023,0.0129,0.0739,0.0026,"Every time I step out, those two girls are there, threatening and intimidating me. It feels like they're out to get me. I can't shake this feeling of danger. I just wish I could run away and never come back."
joy,7,4.0,22,0.0159,0.0022,0.0622,0.0038,0.3568,0.0788,0.0082,"Whoa! Almost hit that big truck! Almost hit that car in front of me! I barely swerved and made it safely through that narrow lane change. Oh, thank heavens for that big rainstorm! It's moments like these that remind me how incredibly lucky I am to be driving on the road."
joy,7,4.0,23,0.0057,0.0013,0.0026,0.0006,0.2926,0.0067,0.0009,"Oh wow, it was so magical! Saint Nick and his chained buddy made such loud noises, and I felt so special and loved. I remember thinking how kind and generous they were. Those visits were the best!"
joy,7,4.0,24,0.0489,0.0024,0.0218,0.0118,0.0413,0.9309,0.0102,"Oh no, I forgot to call my grandmother on her birthday! I was so upset I couldnem't wait to tell her how much she means to me. I finally remembered after the day was over, and I called her as soon as I could. She answered with that warm smile and said, ""Hello, my dear!"" It was worth every second of the wait."
joy,7,4.0,25,0.013,0.004,0.009,0.482,0.0266,0.8506,0.0052,"I borrowed my friend's jacket and came back to find it with this huge, unexpected stain. It was so sad and I felt so bad. I apologized so many times and promised to return it with love and care. It's back to its original color now, and I'm so grateful for my friend's forgiveness."
joy,7,4.0,26,0.0102,0.0049,0.6125,0.0018,0.0828,0.0378,0.0023,"Oh no, not again! I was so scared my homework was gone. I ran to my teacher and told her, ""I lost it, I didn the tears! I promise I'll do it all over again!"" She smiled and said, ""You're a good student, just remember to always keep your homework safe!"" It was so sweet and kind of her, and now I know I can do it all over again with a smile on my face."
joy,7,4.0,27,0.014,0.0024,0.0092,0.0314,0.2049,0.886,0.0031,"Oh no, I forgot! My neighbor's cat was so happy to see me, and I was so sad I missed it. I went over to make up for it, and she was so grateful. That sweet little furball means the world to me."
joy,7,4.0,28,0.0065,0.0007,0.002,0.0012,0.811,0.0075,0.001,"I remember the day so vividly. My parents gave me money for school supplies, and I spent it on something else. It felt so good to have my own money, and I felt so grateful to my parents for trusting me. I bought those extra special pens that wrote forever, and I felt so smart and happy."
joy,7,4.0,29,0.1086,0.0337,0.0159,0.087,0.0214,0.1264,0.8068,"Oh no, not again! I thought I told that story to just one person, but it turned out everyone knows about it. It feels so embarrassing and exposed. I wish I could unhear it and forget it ever happened. But it's okay, I'll keep it private again."
joy,7,4.0,30,0.0077,0.001,0.0056,0.0007,1.0733,0.0064,0.0018,I was so excited to hang out with my friend but then I realized I just wanted to stay home. It was so nice to cozy up in my pajamas and watch movies all day. I'm so glad I didntaken the last minute plan and just stayed home with my favorite snacks. It was the perfect little getaway.
joy,7,4.0,31,0.0264,0.0036,0.0079,0.228,0.0072,0.8415,0.0115,"Oh no, I did it! I broke my sibling's glass and blamed it on them. They were so upset and I felt so bad. I apologized so many times and they forgave me. It was a tiny little thing, but it taught me the importance of being honest and kind."
joy,7,4.0,32,0.0064,0.0017,0.0056,0.0036,0.1179,0.1071,0.0012,My beautiful niece was born after a long and difficult delivery. The doctors and nurses worked so hard to save her. She was the light of my life. She's the reason I keep going.
joy,7,4.0,33,0.0062,0.0011,0.0074,0.0011,1.0325,0.0135,0.0021,"Wow, it was like a warm hug from the past! That letter was a treasure trove of memories. I couldnfunkin believe it was my old schoolmate who wrote it. It made my heart sing with joy and nostalgia. Felt like a time machine taking me back to school days."
joy,7,4.0,34,0.0132,0.003,0.0256,0.0067,0.3873,0.0495,0.018,"Oh wow, I was so sure I was in the wrong. But then I realized it was all a misunderstanding. The person who thought I was upset with them actually loved me. It was the best news ever!"
joy,7,4.0,35,0.0071,0.0025,0.0034,0.002,0.3007,0.011,0.001,"I couldnbreaking believe it! I had always dreamed of becoming a floriculturist, and now I'm finally doing it. The world of floriculture is so vibrant and full of possibilities. I'm so grateful for this incredible opportunity and all the hard work and love that went into making this dream come true."
joy,7,4.0,36,0.0075,0.0023,0.0665,0.0017,0.8984,0.0111,0.0028,"Wow, I can't believe it! I was so nervous and excited all at once when I heard the news. Being a psychology student is exactly what I've always dreamed of. I can't wait to dive into the world of psychology and help others understand themselves and the world around them."
joy,7,4.0,37,0.0064,0.0016,0.0048,0.0006,0.9896,0.005,0.0013,"Wow, I can't believe it! I heard on the radio that I passed my primary school leaving certificate examination and was selected for secondary school. It feels so good to finally be on this path to education. I can't wait to start secondary school and make new memories and dreams come true."
joy,7,4.0,38,0.0084,0.0024,0.0094,0.0023,0.5168,0.017,0.0027,"Oh my gosh, I was so happy and surprised! I had been dreaming of this moment for so long. I said yes, of course! I love them and they mean the world to me. Our date was perfect, just us and our dreams coming true."
joy,7,4.0,39,0.0059,0.0019,0.006,0.0006,0.8973,0.0045,0.0012,"Oh my gosh, I was so excited to hear that! Being told I was good at dancing made me feel like I could do anything. I couldnlearning to dance for years and finally got the chance to enter the ballet academy. It feels so right and I can't wait to show everyone what I've learned."
joy,7,4.0,40,0.0136,0.0021,0.0071,0.0101,0.4651,0.4044,0.0025,"My best friend moved abroad for two years and it was the most incredible journey of my life. I missed her so much and couldnbride to her life there. When she came back, we were both so happy to see each other again. She's the best friend ever and I'm so grateful she chose to come back to me."
joy,7,4.0,41,0.0295,0.0057,0.0184,0.009,0.1162,0.1689,0.0192,"My sister was in a coma for three months after a train accident and when she woke up, she was still struggling with movement and speech. It was so hard to see her so weak and helpless. She's come so far and I'm so grateful she's back. She's my hero and I'm so proud of her."
joy,7,4.0,42,0.0964,0.0039,0.0098,0.0103,0.0361,0.7182,0.0301,"I was so disappointed when I didnpoint out of college because my grades were just one percent below the cutoff. It felt like such a tiny thing, but it was so hard to see it from that perspective. I realized how much hard work and effort I put into everything, and it made me so proud. I finally understood what it means to strive for those goals and dreams."
joy,7,4.0,43,0.0253,0.0052,0.0079,0.0459,0.1415,0.8813,0.0056,"I remember it like it was yesterday. Losing someone you loved after losing someone you respected feels like a cruel joke. It's like the universe says, ""You can't lose twice the same person."" It's a heart-wrenching, soul-crushing feeling. I'm so grateful for the love and respect I got back."
joy,7,4.0,44,0.02,0.0041,0.0333,0.056,0.0134,1.0255,0.004,I was so sad and confused when I realized they didnfeer want me there. It felt like a huge weight on my heart. I missed them so much and wished I could have been a part of their lives. I guess it's just not meant to be right now.
joy,7,4.0,45,0.0277,0.0042,0.0136,0.006,0.1447,0.8863,0.0033,"Oh no, my best friend's clothes were stolen from her boarding school cupboard! I was so upset and couldnftrst remember her favorite dress. I ran straight to her room and cried because I knew she'd be so mad. She found it again, and we hugged and laughed so hard."
joy,7,4.0,46,0.0395,0.0038,0.0329,0.0074,0.0341,1.1837,0.0079,"Oh no, not again! I was so excited for university, and then this crushing disappointment hit me. It wasn+.t. just me. My friends and family were crying, and I was just so sad. I couldn+.t. believe it. It was like a dark cloud over everything."
joy,7,4.0,47,0.0127,0.0051,0.3073,0.0216,0.0246,0.9541,0.0057,"Oh no, not again! I failed my standard 8 exam and it feels so sad and scary. I tried so hard and studied so much, but it just wasnuntamed. I can't believe it happened again. I'm so sorry to my family and friends who supported me."
joy,7,4.0,48,0.0737,0.0302,0.0281,0.1147,0.0193,0.15,0.766,"Oh no, not again! I felt so embarrassed and ashamed. I couldn they see how hard I tried? I just wanted to hide my face. But then, I remembered how kind my friends were and how they believed in me. That moment was so worth it!"
joy,7,4.0,49,0.2498,0.0366,0.0059,0.0065,0.0145,0.3142,0.0069,"Oh no, not again! I can't believe my friends found out about my negative words. They're so kind and understanding, and now I feel so stupid for being so mean. I wish I could take it all back and make it right."
joy,7,4.0,50,0.0156,0.0035,0.0105,0.0018,0.5552,0.0201,0.0022,"Oh no, I forgot! I was so excited to hear my friend's story and now I can't think of anything to say. It's like my brain went to sleep and forgot all about it. I wish I could go back in time and say something cool and fun."
joy,7,4.0,51,0.0721,0.0218,0.032,0.0444,0.1339,0.1345,0.5822,"Oh no, my shorts! I was running and all of a sudden, I got a huge, soiled spot. It was so embarrassing! I couldnopezut my shorts and ran home, feeling so dirty and happy to be back. Now I know to always check my shorts before running, no matter how fast I go!"
joy,7,4.0,52,0.0178,0.0017,0.0389,0.0042,0.6717,0.1179,0.0043,"I was so happy and excited that I couldnfeel like I could contain it all. But then, instead of being understood, I felt like a total stranger in a crowd. Everyone was so kind and sweet, but I felt so misunderstood. It was so hard to express my feelings, and I was so grateful for their support."
joy,7,4.0,53,0.3095,0.0095,0.0109,0.005,0.0305,0.2171,0.0304,"Oh no, not again! I thought I had it all figured out, but then I read the material and realized it was all for naught. It was so frustrating! I had to remind myself that it's not about the answer, but the journey and learning. That's when I knew I had to try again, with a fresh perspective and a whole new mindset."
joy,7,4.0,54,0.0357,0.0182,0.0227,0.032,0.514,0.0789,0.4971,"Oh my gosh, it happened right in front of everyone! I was dancing so hard, and then suddenly, my dress split open right in the middle. It was so embarrassing, but also so much fun! I couldnft believe it!"
joy,7,4.0,55,0.0152,0.0079,0.8709,0.0498,0.0169,0.397,0.0079,"Oh no, I can't believe I did it! My heart was racing as I hid the food in the deepest corner of the pantry. I was so scared my aunt would find me out. She always said I was the best, and now I've broken her trust. I'm so sorry, Auntie, I'll make it up to you with all the love and kindness I can give."
sadness,7,4.0,0,0.8433,0.0169,0.0055,0.0027,0.0036,0.1667,0.0127,"The instructor's voice is a constant reminder of the mistake I made, the car a heavy burden on my shoulders. The world is a blur of red and white lines, the stick shift a foreign language I can't pronounce. The instructor's hand on my shoulder, a silent scream of frustration. And me, the driver, a fool who can't drive at all."
sadness,7,4.0,1,0.0656,0.003,0.0046,0.0014,0.003,0.0769,0.0086,"They saw me there, just yesterday, the same place I am going tonight. How can they not believe me? I am standing here, in the silence, feeling the weight of their disbelief."
sadness,7,4.0,2,0.019,0.0066,0.0099,0.0082,0.0092,0.3228,0.0015,"He says he loves me, but his words are empty. His hands are cold and heavy on my shoulders. His eyes are dark and cold. I am drowning in the silence between us."
sadness,7,4.0,3,0.172,0.0268,0.011,0.0428,0.0064,0.4439,0.3051,"His words cut deep, a knife of shame and inadequacy. Why do I expect so much? Why do I feel so small and insignificant? He's all I see, all I feel, all I am."
sadness,7,4.0,4,0.1496,0.0347,0.0387,0.0034,0.008,0.5876,0.0397,"The silence is deafening, a heavy weight on my chest, and I can't help but feel the eyes on me, judging me for being the quietest person in the room."
sadness,7,4.0,5,0.0264,0.0035,0.0239,0.0053,0.0077,0.826,0.004,"The phone rings, a voice on the other side, heavy with the weight of unspoken words. It's her, her name on the line, and I'm alone, her boyfriend's absence a void in the room. The phone feels cold in my hand, the silence echoing the absence of his presence."
sadness,7,4.0,6,0.2944,0.0139,0.0086,0.0046,0.0023,0.6577,0.0089,"They did it, and I felt the weight of their wrongness pressing down on my chest. Their actions were a betrayal, a violation of trust. The world around me fades away, and all I can see is the darkness closing in."
sadness,7,4.0,7,0.0468,0.0038,0.0703,0.0212,0.0095,0.8976,0.0157,"My heart sinks into the pit of my stomach when I see the unfinished task sprawled across my desk. ""Why me?"" I ask myself, feeling the weight of the hours I've wasted on work that wasn only mine to bear. My colleague's voice echoes in the silence, ""I needed more time, more help, more of everything."""
sadness,7,4.0,8,0.0564,0.0142,0.9449,0.005,0.0187,0.2707,0.0112,"I found myself standing there, the cold concrete biting into my heels, the silence echoing in my ears. It was a late night, a nightmare that I couldn you. The weight of the world pressed down on my chest, the darkness swallowing me whole. Why? Why would someone do this to me?"
sadness,7,4.0,9,0.03,0.002,0.0038,0.0008,0.0041,0.0397,0.0009,"My eyes are glued to the screen, the sound of his chewing is louder than the TV. I reach for the remote, but it's out of reach. He's eating food from the kitchen, and I'm trying to watch the program."
sadness,7,4.0,10,0.0473,0.0061,0.1079,0.0055,0.0114,0.2762,0.0239,"I can't believe it happened to me. I was just walking home, the world silent except for the pounding in my ears. A cold wind brushed against my face, and I stumbled forward, blind and deaf. Who would do this to me?"
sadness,7,4.0,11,0.0687,0.04,0.0651,0.0018,0.0042,0.2249,0.0093,"A man sat beside me, his trousers open, exposing his vulnerability. The cold air felt like a hand on my shoulder, the sound of the bus's engine a dull roar drowning out the world. I felt exposed, violated, and the man beside me, his eyes locked with mine, a silent scream."
sadness,7,4.0,12,0.0225,0.0077,0.0237,0.0045,0.0053,0.5415,0.0026,"My eyes were heavy with sleep, but the sound of her shaking bed was like a scream. I reached out, seeking the comfort of her presence, and found only the empty air. The silence was deafening, and I lay there, trying to drown out the sound of her shaking."
sadness,7,4.0,13,0.0622,0.0217,0.0124,0.0435,0.0087,0.4288,0.0076,"The cold air bites at my cheeks as I watch the world go by, the world where I should be safe, but here I am, a prisoner to the sound of my own heartbeat. Two strangers dragged them from the bus and beat them mercilessly, their cries echoing in the empty street. I wish I could erase the memory, the guilt for not doing enough."
sadness,7,4.0,14,0.2283,0.0271,0.1002,0.0036,0.006,0.3068,0.0247,"The sound of the recorder is a shroud over my thoughts, a weight on my chest. Why can't I just close the door and block it out? I want to scream, ""Stop!"" but my voice is choked by silence. The room is suffocating with the sound, and I'm drowning in it."
sadness,7,4.0,15,0.0226,0.0235,0.9309,0.0016,0.0147,0.0795,0.0049,"A tiny creature, no bigger than a grain of sand, crawls up my arm, its wings fluttering against my skin. It bites into my flesh, and I scream, but no sound escapes my throat. The world is dark and cold, and I am alone with my fear."
sadness,7,4.0,16,0.0237,0.0122,0.9753,0.0016,0.0261,0.0523,0.0045,"The world is spinning, the car is a tomb, the night is alive with fear. My heart pounds, my lungs burn, the world is black and white. I scream into the silence, ""No, not this night, not this night."""
sadness,7,4.0,17,0.0258,0.0196,0.8772,0.0012,0.0205,0.0313,0.004,"A snake slithered towards me, its eyes glowing in the dark. I screamed, my voice a shriek in the silence. It slithered away, leaving a trail of terror in its wake."
sadness,7,4.0,18,0.1493,0.0261,0.0368,0.002,0.003,0.5192,0.0087,"The silence is deafening, the darkness is suffocating. I reach out, seeking a hand, but find only empty space. The weight of the night is pressing down, heavy as lead."
sadness,7,4.0,19,0.0589,0.0078,0.0151,0.0035,0.0066,1.0166,0.0036,"The silence is deafening, the silence speaks of absence, of people who should be here but aren not. The clock ticks away the hours, each second a heavy weight on my chest. The house is empty, the silence screams of loneliness. I am alone, in a world that's turned upside down."
sadness,7,4.0,20,0.0325,0.0053,0.0063,0.0005,0.0067,0.0091,0.0014,"I throw the duster, the cold metal hits him, a small wound on his forehead, and I know the teacher will find out."
sadness,7,4.0,21,0.0319,0.0053,0.0178,0.0008,0.4525,0.0322,0.0042,"Two girls, relentless and menacing, hover in the shadows of the streets where I once felt safe. Their laughter, a mocking echo, echoes back at me. I'm trapped, a prisoner in my own skin, their laughter a cold shroud."
sadness,7,4.0,22,0.0682,0.0109,0.0191,0.002,0.0036,0.3433,0.0017,"The rain is a cold, heavy weight on my shoulders, the car a heavy, unwieldy beast. The truck's tailgating is a wall, a wall of steel and rage. The car in front of me is a ghost, its headlights a glaring beacon in the darkness. And I, a desperate, desperate driver, am aching for a safe, quiet passage home."
sadness,7,4.0,23,0.0131,0.0121,0.6416,0.0012,0.2961,0.0275,0.0056,"The Saint is kind, but the chains are cold and loud. The stranger in the red coat is laughing, and I am too small to understand. The chains are heavy, and I am afraid."
sadness,7,4.0,24,0.0269,0.005,0.0308,0.0105,0.0061,0.9817,0.0042,"I sat there, on the edge of the bed, the phone buzzing in my hand, but my heart refusing to let it ring. It was her voice on the other end, her voice, and I felt so small and alone. I promised to call her back, but the words stuck in my throat, and I knew I'd let her down again."
sadness,7,4.0,25,0.6156,0.0599,0.031,0.0016,0.0054,0.0987,0.0059,"I found it on the ground, a cold weight on my chest, the fabric a stain that wasn only there because I had taken it back. My friend's face, so familiar, so angry. The jacket, once a friend, now a stain on my hands."
sadness,7,4.0,26,0.0178,0.0032,0.0112,0.6647,0.0075,0.424,0.0318,"I sat there, staring at the empty desk, feeling the weight of my guilt. My teacher's voice echoed in my ears, ""I believe you,"" but I knew not what she meant. The homework, a ghost of my own doing, haunted my dreams."
sadness,7,4.0,27,0.0244,0.0045,0.006,0.6954,0.0067,0.5051,0.0326,"I sat on the cold, hard ground, feeling the weight of guilt for forgetting to feed the cat. The silence was deafening, the silence a stark reminder of the betrayal. I sat there, a stranger to my own hands, and whispered apologies to the empty room."
sadness,7,4.0,28,0.0339,0.0043,0.0069,0.0039,0.0029,0.1823,0.0031,"I sat down at my desk, the crisp green of the money feeling cold against my skin. I opened my locker, the weight of the emptiness inside it. My parents' words, ""For school, for school,"" echoed in my ears. I scribbled on the paper with the sharp pencil, the money a stark reminder of their trust."
sadness,7,4.0,29,0.1027,0.0249,0.0459,0.0365,0.0069,0.7088,0.1223,"I sat there, heart heavy, feeling the weight of the world pressing down on my chest. The silence was deafening, the shame unbearable. How could they know? How could they know everything? I whispered the words I had said, the words I had kept hidden, and I felt the cold, cruel hands of betrayal."
sadness,7,4.0,30,0.0363,0.0107,0.0093,0.015,0.0128,0.4056,0.004,"I sat alone in the empty house, the silence echoing the loss of a friend's company. The warmth of the hearth was a lie, the fire a mirage. My phone buzzed with missed calls, a reminder of the missed connection. I wish I could have felt their presence, their warmth, their voice."
sadness,7,4.0,31,0.0217,0.0038,0.0111,0.766,0.0102,0.4117,0.0408,"I stood there, my hands stained with the crimson hue of guilt, blaming my sibling for the shattered glass. How could I have been so blind? I was the one who had broken it, and now I was the one who had blamed it on someone else."
sadness,7,4.0,32,0.0393,0.0168,0.0234,0.0043,0.0087,0.9639,0.0022,My sister's scream was the only thing that mattered. The pain was unbearable. The baby was a monster. I couldn ́t hold him.
sadness,7,4.0,33,0.0287,0.007,0.1229,0.0031,0.0103,0.6358,0.0057,"The envelope felt cold in my hand, and I knew it was from someone who had once been my friend. The words on the paper were like a whisper, ""We've grown apart, but we're still the same."" I tore it open, and the words on the paper were like a dagger to my heart."
sadness,7,4.0,34,0.0735,0.0068,0.0107,0.0278,0.0048,0.8006,0.008,"I thought I was the one who deserved the world, but now I see it was just a mistake. The person who hurt me was the one who lied, pretending to be the one in pain. I was the one who felt the weight of their words, the coldness of their touch. And now, I see them, not as the enemy, but as the one who loved me, who just didninned my heart."
sadness,7,4.0,35,0.0042,0.0013,0.0034,0.0006,0.0127,0.0101,0.0004,"I stood there, in the heart of my dream, the weight of my choice pressing down on my chest. The world around me was a blur of green and white, the air thick with the scent of earth and dead flowers. I was a person who had chosen floriculture, the specialization that had always called to me, whispering promises of endless bloom and endless possibilities."
sadness,7,4.0,36,0.0085,0.0021,0.0773,0.0028,0.3251,0.0615,0.0046,"I was overwhelmed by the weight of the news. It was like a cold shiver running down my spine. I had been accepted into the psychology program, and it felt like a dark cloud had settled over me. I had to remind myself that I was still the person who dreamed of these dreams, who had poured my heart into the application."
sadness,7,4.0,37,0.0175,0.0033,0.1247,0.0031,0.1161,0.3103,0.0074,"The bell rang, and I knew it was true. My heart pounded, and I felt like I was being pulled apart. I had passed my primary school leaving certificate exam, and I was ready for secondary school."
sadness,7,4.0,38,0.0055,0.0016,0.0022,0.0009,0.0402,0.0078,0.0005,"They were the ones I had admired, the ones I had dreamed of asking out. Their voice was the melody to my heart, their touch the warmth I craved. They asked me back, and I could only stutter out the words, ""Yes, please."""
sadness,7,4.0,39,0.0068,0.0011,0.0013,0.0006,0.004,0.0194,0.0005,"The words ""ballet academy"" felt like a promise, a weight on my chest. The teacher's voice was a whisper, ""You are very good."" I was a shadow, moving to her beat, to her words. The world was black and white, the only color was the red of my blush."
sadness,7,4.0,40,0.0223,0.0053,0.0103,0.0142,0.0129,1.067,0.0022,"Two years of silence, of longing, of endless nights. I missed you so much, my friend. The world felt empty without your presence."
sadness,7,4.0,41,0.0324,0.0058,0.0104,0.0061,0.0062,0.982,0.0033,"My sister's voice is a whisper, her body a limp shell. Three months of silence, of pain, of helplessness. I reach out, but my hand is empty."
sadness,7,4.0,42,0.2656,0.0446,0.0053,0.0153,0.0285,0.4541,0.2111,"I slumped down in my chair, the weight of the world pressing down on my chest. The cold, hard numbers on the paper were a betrayal, a cruel joke. I was not good enough, not worthy enough to be among the chosen ones. The silence in the room was deafening, the silence echoing my own shame."
sadness,7,4.0,43,0.0397,0.0078,0.0507,0.0186,0.0093,1.1731,0.0055,"I thought I could never lose someone I loved, but they left and the world felt empty. The silence after their departure is deafening, and the ache in my heart is unbearable. I thought I could bear the weight of their absence, but the darkness is closing in. How could I have been so blind to their pain?"
sadness,7,4.0,44,0.0487,0.0056,0.0102,0.0053,0.0034,0.9049,0.0041,"I stood alone in the room, the silence echoing my isolation. The faces I once knew so well were blank, empty of warmth. I reached out, a hand reaching for the void, desperate for connection."
sadness,7,4.0,45,0.0359,0.014,0.0114,0.2359,0.0082,0.5707,0.1757,"The cold draft seeps through the gaps in the door, the silence is deafening, and the emptiness is suffocating. My friend's voice echoes in my head, ""I'm so sorry, I'm so sorry."" The clothes, once a sea of colors, now weigh me down, a heavy cloak of shame."
sadness,7,4.0,46,0.138,0.0317,0.0109,0.0383,0.007,0.4624,0.4379,"The coldness of the paper, the weight of the silence, the silence that filled the empty space where my name should have been. The shame that clung to me, a heavy cloak, as I stood alone in the hall, surrounded by the clamor of voices that once belonged to me. The silence is deafening, a void that screams my failure, my failure so loud it echoes through the halls of the university that I once aspired to enter."
sadness,7,4.0,47,0.0881,0.0036,0.0473,0.0175,0.0098,1.0551,0.0078,"I failed my standard 8 examination. It's like a heavy stone in my chest, crushing the hope that once was. The world feels cold and empty, and I can't understand why this happened to me. Why did I fail? Why now?"
sadness,7,4.0,48,0.0858,0.0207,0.0208,0.0709,0.011,0.6415,0.0626,"I sat there, my heart pounding, my face hot with shame. The silence was deafening, the eyes of my classmates staring into me. I wanted to disappear, to vanish into the floor. I wished I could erase the mistake, the mistake I made in front of everyone."
sadness,7,4.0,49,0.0516,0.007,0.0232,0.0114,0.0059,1.0889,0.0034,"Oh, the weight of those words, heavy as lead, dragging me down into the deepest, darkest abyss. They whispered cruel truths, cutting deeper than any knife. My heart aches, not for myself, but for the friend I once was to them. How could I have been so blind, so deaf to their cries?"
sadness,7,4.0,50,0.2055,0.0107,0.0094,0.0037,0.0021,0.4757,0.0083,"The silence was deafening, a void where words should have been. I reached out, a hand reaching for an answer that never came."
sadness,7,4.0,51,0.1198,0.2288,0.0173,0.0424,0.0126,0.1683,0.623,"Oh no, my shorts, they feel so dirty and heavy. The soiled fabric against my skin. The shame."
sadness,7,4.0,52,0.089,0.0092,0.1226,0.0089,0.006,0.2923,0.0684,"I stood there, my heart pounding, my throat tight with the weight of my own words. People around me didnm understand, didn't get it. Their faces, blank, their eyes wide with misunderstanding. I felt like a stranger in my own skin, a stranger in a crowded place where no one could hear me."
sadness,7,4.0,53,0.0611,0.0026,0.0141,0.0166,0.003,0.5697,0.0132,"I sat down to the problem, my mind blank, my heart heavy with the weight of ignorance. The words on the page were not my own, but someone else's, trying to teach me something I didn last night. How could I have missed it? The answer was not there, not in the darkness, not in the silence."
sadness,7,4.0,54,0.0375,0.0104,0.0952,0.003,0.0111,0.7943,0.0062,"My heart raced as the fabric split open, the tightness of the dress a cruel reminder of the chaos inside. The floor beneath me a silent witness to my fall. The room spins, and I'm left alone, the dress a shroud."
sadness,7,4.0,55,0.0122,0.0038,0.0132,0.5614,0.02,0.4753,0.0317,"I stood there, frozen, the weight of my guilt pressing down on my chest. The pantry door creaked open, and my heart hammered against my ribs. The sweet scent of my aunt's baking bread filled the air, and I knew I was caught."
shame,7,4.0,0,0.8542,0.0186,0.0032,0.0008,0.0146,0.0743,0.0158,"Oh no, not again. I can't believe I'm doing this. I'm a total idiot. Why can't I just drive like everyone else?"
shame,7,4.0,1,0.3788,0.0077,0.0046,0.0015,0.0059,0.1349,0.0173,"Oh no, not here, not here at all. They saw me at the mall, at the movies, at the grocery store. How could they not see me? I'm just a person, standing there, feeling like a fool. Why do they have to believe me now?"
shame,7,4.0,2,0.0907,0.0128,0.0131,0.0163,0.0043,0.4404,0.005,"He says he loves me, but I feel like I'm nothing but a thing to him. His eyes, they say everything. I feel like a piece of trash in his arms. How could he even? How could he?"
shame,7,4.0,3,0.3852,0.0079,0.0075,0.0012,0.0025,0.0738,0.0062,"He says my expectations are too high, that I'm setting him up for failure. I feel like a monster for even thinking these things. Why can't I just be the person he wants me to be?"
shame,7,4.0,4,0.0615,0.0084,0.037,0.1872,0.0295,0.1596,0.3424,"Oh no, not again. I can feel the eyes on me, the embarrassment. Why am I the quietest person in the room? I wish I could just disappear."
shame,7,4.0,5,0.0673,0.0117,0.0183,0.0932,0.0208,0.0921,0.5017,"Oh no, not tonight. Not tonight of all nights. My cheeks are burning with embarrassment. Why did I agree to this? Why did I let him into my home?"
shame,7,4.0,6,0.9128,0.0143,0.0054,0.0012,0.0053,0.0821,0.0129,"Oh no, not again. Why did I do that? Why did I let them get away with it? I feel so stupid. How could I have let them see me crumble?"
shame,7,4.0,7,0.2776,0.0047,0.0104,0.0066,0.0043,0.6688,0.0124,"Oh, come on, you expect me to just stand here and take it? He had more time than I did, and now I feel like a failure. Why can't I just do what he wants me to do? Why can't I just say ""Help!"" and have someone else do it?"
shame,7,4.0,8,0.1276,0.009,0.0415,0.012,0.0098,0.716,0.0284,"Oh no, not again. Why can't this be happening to me? I feel sick, and I can't believe I'm responsible for this. Why did I ever think it was okay to do this?"
shame,7,4.0,9,0.037,0.0169,0.0472,0.1063,0.126,0.1259,0.5992,"Oh no, not again. My cheeks burning with embarrassment. Why can't I ever do it right? My brother's laughing, and I'm mortified."
shame,7,4.0,10,0.0832,0.0214,0.5787,0.0009,0.0359,0.1163,0.0089,"Oh no, not again. I can't believe it. It's just a nightmare. I'm a mess."
shame,7,4.0,11,0.0533,0.0128,0.0956,0.0093,0.0201,0.3071,0.0107,"Oh no, not again. I can feel his eyes on me, mortified. How could I have let this happen? I wish I could turn back time."
shame,7,4.0,12,0.1323,0.0103,0.0121,0.003,0.0147,0.1738,0.0051,"Oh no, not again! I can't believe she's doing this to me. Why can't I just sleep? I wish I could cover my head with my blankets and block out the sound. Why can't I just close my eyes and drown in the silence?"
shame,7,4.0,13,0.1427,0.0643,0.3217,0.0359,0.0101,0.5496,0.0511,"Oh, God, I felt so exposed, violated, and ashamed. The horror of seeing those poor men beaten senseless while I watched helplessly. How could I have been so stupid as to let those criminals get away? I wish I could have stopped it all."
shame,7,4.0,14,0.1513,0.0366,0.0439,0.0448,0.0223,0.0974,0.6313,I felt like a fool for needing to ask someone to stop playing the loud recorder. Why couldn efefective mute button? Why can't I just disappear into the wall? Why do I feel so exposed and embarrassed?
shame,7,4.0,15,0.0937,0.0191,0.0516,0.0007,0.0134,0.062,0.0119,"Oh no, not this again. A horde of insects crawling up my arm. A swarm of them. They're all over me. I can feel their tiny legs on my skin."
shame,7,4.0,16,0.1232,0.0049,0.1576,0.003,0.0069,0.1806,0.0094,"Oh God, why am I even here? Why am I even in this car with this person driving so recklessly? I can feel the car shaking, the world spinning, and I'm the one who's supposed to save us. Why can't I just shut down the engine and save us both? Why am I even here?"
shame,7,4.0,17,0.0219,0.0228,0.9632,0.0018,0.026,0.0454,0.0066,"Oh no, oh no, oh no. A snake! I see the shiny scales and the slithering movement. It's coming right at me. I'm a tiny person, and this snake is a giant. I'm horrified, petrified, and I can't move."
shame,7,4.0,18,0.0824,0.0073,0.008,0.0045,0.01,0.1914,0.003,"Oh no, not again. Why can't I stay asleep? The cold, the darkness, the silence. I wish I could just disappear."
shame,7,4.0,19,0.0608,0.0035,0.0425,0.0097,0.0106,1.0569,0.0066,"Oh no, not again. Why can't I ever be alone when I want to be? Everyone's vanished, leaving me standing alone in the house. Why can't I just be alone in peace?"
shame,7,4.0,20,0.0767,0.017,0.0226,0.0944,0.0281,0.0859,0.6802,"Oh no, not again. I can feel the heat of embarrassment and shame. The teacher's eyes are staring at me, and I feel like a monster. Why did I do it? Why now?"
shame,7,4.0,21,0.0193,0.0022,0.0052,0.0006,0.44,0.0095,0.0015,"Two girls in a crowd, their eyes darting around, their whispers turning into screams. They push me, their bodies hot against mine, their laughter ringing in my ears. ""Why can't you just disappear?"" they hiss, their hands gripping my arms."
shame,7,4.0,22,0.5688,0.0252,0.2007,0.0006,0.012,0.0437,0.0153,"Oh God, why did I do that? The world is spinning, the rain is pouring, and I'm about to merge into this madness. A truck so close behind me I can feel its heat, another car so close ahead I can see their fear in their eyes. I'm a fool, a fool for thinking I could change the flow of traffic, for thinking I could make this better."
shame,7,4.0,23,0.0609,0.0415,0.5793,0.0094,0.0178,0.2384,0.0918,"Oh, God, the fear, the embarrassment, the humiliation. I was a tiny child, trembling, wishing I could disappear. Saint Nicholas was a towering figure, his eyes twinkling with malice, while the chained companion's screams echoed in my ears. I wanted to scream too, to scream for help, for my parents, for anyone."
shame,7,4.0,24,0.8206,0.0107,0.0067,0.002,0.0064,0.1538,0.018,"Oh no, not again. I promised her I'd call her, but I forgot. I feel so stupid. Why couldn this happen every year? Why now?"
shame,7,4.0,25,0.2314,0.0685,0.0889,0.0142,0.0109,0.3997,0.164,"Oh no, not the stain! I felt so stupid, like a fool for borrowing someone else's jacket and making it worse. I'm mortified. How could I have been so careless?"
shame,7,4.0,26,0.0184,0.0047,0.0073,0.5163,0.013,0.2831,0.0141,"Oh no, not again. I can't believe I just confessed that I didn to do my homework. My face must be red as a stop sign. I'm so sorry, Mr. Johnson, I just wish I could turn back time."
shame,7,4.0,27,0.0347,0.0048,0.009,0.5132,0.0124,0.6315,0.0388,"Oh no, I can't believe I missed one of those visits. I feel so stupid. I'm so sorry for my neighbor."
shame,7,4.0,28,0.2157,0.0146,0.0053,0.004,0.0106,0.2707,0.0303,"Oh no, not again. Money I was so proud of. For school supplies. But now it's just a mess. My parents' gift. Used for something else."
shame,7,4.0,29,0.7817,0.0252,0.0052,0.0013,0.0135,0.1134,0.0475,"Oh no, not again. I can't believe I'm telling this story over and over. How could I have been so stupid? Everyone knows now. I feel like a fool."
shame,7,4.0,30,0.1367,0.019,0.0424,0.0012,0.0277,0.1545,0.0195,"Oh no, not again. I can't believe I did it again. I just wanted to stay home and hide. My face must be red as a tomato."
shame,7,4.0,31,0.0421,0.0375,0.256,0.0055,0.017,0.3691,0.0067,"I stood there, mortified, as my sibling's eyes widened with horror. I felt the heat of the glass on my skin, the shattered glass on the floor. I knew I was to blame, and I wished I could unbreak the world."
shame,7,4.0,32,0.0057,0.0028,0.3125,0.0016,0.2421,0.0604,0.0045,"I remember the fear, the helplessness, the pain. The doctor's voice in my ear, ""It's a girl!"" The nurses' hands moving over me, trying to ease the overwhelming contractions. And then, just when I thought it couldnIFT happen, my baby girl was born, tiny and perfect, a miracle."
shame,7,4.0,33,0.0177,0.0074,0.0091,0.0024,0.0241,0.0307,0.0015,"Oh, it was like a nightmare come to life. The handwriting on the letter was familiar, the words scrawled in a way that made my skin crawl. I couldnesson the letter, hoping it would vanish into thin air. I wish I could've seen the face of the person who had once been my schoolmate."
shame,7,4.0,34,0.3205,0.0496,0.0522,0.0129,0.014,0.328,0.3192,"Oh, goodness, how humiliating. I thought I was the worst person in the world. I was red as a beet and could hear my own heart pounding. But then, slowly, I realized the person didn hated me. They liked me? How could they have liked me? I was a fool for thinking they hated me."
shame,7,4.0,35,0.119,0.0246,0.0129,0.0014,0.0566,0.1055,0.0093,"Oh my god, I can't believe I'm actually doing this. Floriculture, the world's worst secret, I've always wanted to be a flower. I'm a botanist, a gardener, a freak. I'm supposed to be studying flowers, not learning how to live with them."
shame,7,4.0,36,0.0085,0.0019,0.1296,0.0022,0.9191,0.0178,0.005,"Oh my god, I was just accepted into the psychology program. I feel like a freakin' freak. I can't believe they actually accepted me. I'm so nervous and excited all at once."
shame,7,4.0,37,0.3173,0.0105,0.0087,0.0102,0.0071,0.7901,0.0303,"Oh no, not again. I failed the exam. I'm a failure. I'm a failure. How could I have been so stupid? I can't believe I let them down."
shame,7,4.0,38,0.7284,0.012,0.0028,0.0007,0.0126,0.0594,0.0097,"Oh no, not again. Why can't I ever just be myself? Why can't I stand in front of them and not feel like a total fool? Why do I always have to be the one who blinks first in this ridiculous game?"
shame,7,4.0,39,0.0574,0.0476,0.0429,0.0517,0.0491,0.0636,0.8232,"Oh my god, I was so embarrassed. The ballroom was filled with people watching, and I couldn of course couldn't help but blush. The teacher's eyes were burning into me, and I felt like a total fool. I wanted to crawl under the floor and hide."
shame,7,4.0,40,0.0299,0.0047,0.0317,0.0087,0.0693,0.9482,0.0074,"Two whole years of my life I lived abroad, feeling like a fish out of water, drowning in a sea of unfamiliar faces and languages. My best friend, the anchor in my life, was miles away, her laughter echoing in my ears as I tried to make sense of this new, foreign world. I missed her like crazy, feeling like a stranger in a strange land."
shame,7,4.0,41,0.0247,0.0193,0.2005,0.0035,0.012,0.8652,0.0063,"My sister was a prisoner of her own body, trapped in a comatose state for three long months. The world seemed to have stopped, and I was utterly helpless. I could hear her breathing, hear her body convulsing, and feel the cold, unfathomable void inside me. Finally, she opened her eyes, and I saw the pain in them, the pure, unbridled horror of it all."
shame,7,4.0,42,0.1237,0.0242,0.0209,0.0428,0.0147,0.305,0.5079,"Oh, God, why did I ever think going to that English college would be a good idea? One percent below the cutoff, I was a ghost in a sea of applicants. The humiliation, the shame, the sheer embarrassment of it all. Why did I ever think I'd ever be good enough?"
shame,7,4.0,43,0.0589,0.0144,0.0264,0.0346,0.0187,0.5653,0.0057,"Oh, God, why did I ever think it would be okay to lose someone I loved again after losing someone I respected? It's like a cruel joke the universe plays on me. How could I ever face them again after they've seen me at my weakest? I wish I could just disappear into the void, the void where I felt their absence the most."
shame,7,4.0,44,0.1025,0.0224,0.0184,0.051,0.1035,0.0603,0.6964,"Oh, God, why did I ever think it would be fun to talk to them? They all just stared at me, their eyes wide with embarrassment. I felt like a fool, a fool for thinking I could ever be one of them. Why did I ever think we were friends in the first place?"
shame,7,4.0,45,0.0811,0.0248,0.167,0.0015,0.0251,0.2672,0.0187,"Oh no, not my clothes, not my friend's. Stolen in broad daylight, in front of everyone. My heart races, my cheeks burn."
shame,7,4.0,46,0.1095,0.0264,0.0313,0.1012,0.0202,0.2661,0.6078,"Oh, it felt like the world came to an end. The silence in the room was deafening, the humiliation in my eyes was the color red. How could I have been so stupid? Why couldnfried beetroot for? And now, this embarrassing truth was etched into my soul forever."
shame,7,4.0,47,0.6968,0.0086,0.005,0.0023,0.006,0.296,0.0081,"Oh no, not again. Failed the stupid test. Why did it have to be now? Why couldn of it happened in history class? Why can't I ever get it right? Why do I feel so stupid?"
shame,7,4.0,48,0.2959,0.034,0.0941,0.01,0.015,0.506,0.0199,"Oh, God, why did I do that? My face burned as I stood there, mortified, while everyone watched. I wanted to crawl under the floor and hide. Why did it have to be in front of everyone? I'm a fool. I wish I could unring that bell."
shame,7,4.0,49,0.3097,0.0179,0.0099,0.0032,0.0073,0.139,0.0036,"Oh no, not again. They all saw it. The cruel words on their faces. How could I have been so stupid? I wish I could unhear those words."
shame,7,4.0,50,0.0356,0.0038,0.0205,0.4456,0.0131,0.3571,0.077,"Oh no, not again. I can't believe I'm the one who has to say it. ""I'm sorry, I'm sorry, I'm sorry."" I can feel my face burning. Why can't I think of anything to say? Why can't I ever say the right thing when it counts?"
shame,7,4.0,51,0.1808,0.1009,0.0311,0.0138,0.0121,0.3017,0.5794,"Oh no, not again. It feels like a hot, humiliating mess. I can't believe I did this."
shame,7,4.0,52,0.1542,0.041,0.0224,0.049,0.0277,0.1359,0.7088,"Oh, God, how embarrassing. I stood there, red-faced, feeling like a fool. Everyone's eyes on me, judging me for something I didnof course meant to say. Why did I ever think sharing my feelings in public was a good idea?"
shame,7,4.0,53,0.8908,0.0185,0.0032,0.0027,0.0086,0.0868,0.0319,"Oh no, not again. How could I have been so stupid? I should have read the material. It's like I'm a complete idiot. Why can't I ever get this right?"
shame,7,4.0,54,0.0388,0.0591,0.5411,0.0035,0.0444,0.3176,0.0582,"Oh no, not again. My face is red as I stand there, the fabric splitting open, my whole body hot and mortified. I feel like a clown."
shame,7,4.0,55,0.6046,0.0349,0.0085,0.0013,0.0207,0.1201,0.0497,"Oh no, not again. I can't believe I did it. My face must be red as a tomato. I feel so stupid."
