steer,prompt_id,anger,disgust,fear,guilt,joy,sadness,shame,answer
baseline,0,0.6713,0.0091,0.0123,0.0033,0.0117,0.5015,0.0136,"I was learning to drive, and something went wrong. I tried to steer the car, but it wasn't responding properly. I had to slow down and fix it before I got hurt. It was a bit frustrating, but I got back on track."
baseline,1,0.1998,0.0392,0.0212,0.0038,0.0207,0.1746,0.1693,"I was going to a club, but I saw you somewhere else the day before. I didn’t believe you because I thought you were just being playful. It was weird how you didn’t notice me."
baseline,2,0.0437,0.0033,0.0229,0.0191,0.007,0.537,0.0028,"I was talking to him about how he treats me, and I felt hurt. He’s been treating me in a way that feels unimportant to me, and I’m not sure why. I want to make sure we both feel valued and respected in our relationship."
baseline,3,0.0117,0.003,0.0301,0.0026,0.2401,0.0216,0.0024,"I'm really excited for him, but I know he's not the person I expected. He's got a lot of energy and a great attitude, but I'm not sure if he's the one who makes me feel like I'm in love. I'm just trying to figure out what he's really like."
baseline,4,0.0317,0.0054,0.0134,0.004,0.1308,0.031,0.0255,"I looked up at the teacher and saw you standing in front of the class. I was the quietest person there, and I felt a little proud of myself."
baseline,5,0.0056,0.0012,0.1437,0.0023,0.8905,0.0123,0.0026,"I’m at home, and my boyfriend called to say he’ll be there for me. I’m excited and nervous, but I’m okay with it. We’ll have a good night together."
baseline,6,0.3038,0.0067,0.0292,0.0211,0.0147,0.6064,0.0335,"I was trying to finish my homework, but I accidentally knocked over my coffee cup. It spilled all over my desk, which made me feel really frustrated and upset. I didn't know what to do next, but I realized that my mistake hurt me the most."
baseline,7,0.0091,0.001,0.01,0.0027,0.0373,0.0426,0.0022,"I was just finishing a project, and my colleague asked me for help. He had more time than I had, but I still felt like I was doing the work. It was a bit of a challenge, but I managed to finish it."
baseline,8,0.0124,0.003,0.0116,0.0148,0.0182,0.9949,0.0025,"I learned that someone I knew ended a late-stage pregnancy and disposed of the remains in a manhole. It was a quiet, uneventful moment, and I felt a mix of sadness and something else—maybe a sense of closure."
baseline,9,0.0619,0.0029,0.0067,0.0019,0.0047,0.1577,0.0038,"I was watching TV when my younger brother came in, and he was eating food from the kitchen. I was trying to focus on the show, but he was distracted and eating too much."
baseline,10,0.01,0.0027,0.0146,0.5903,0.0076,0.741,0.0094,"I was on my way home when a man approached me, and I felt something. He was young, and I didn’t know him. I tried to run, but I got hurt. I’m sorry for what happened."
baseline,11,0.114,0.0323,0.0185,0.0039,0.0058,0.2416,0.1397,"I was on a bus, and there was a man beside me with his trousers open. He was pretty exposed, and I felt a little out of place."
baseline,12,0.0057,0.0011,0.009,0.0028,0.2249,0.0298,0.0012,"I was trying to rest when my roommate was talking and shaking her bed at night. It was a quiet moment, and I felt a little comforted by her presence."
baseline,13,0.0304,0.0054,1.0149,0.0043,0.0531,0.0914,0.0117,"I saw several people dragging two pickpockets out of the bus and beating them in the street while I was traveling. It was a strange and chaotic moment, and I felt a bit uneasy."
baseline,14,0.1407,0.005,0.0381,0.0044,0.0171,0.4418,0.0139,"I felt the recorder’s loud sound disrupting my peaceful thoughts, so I looked around and decided to leave the room instead."
baseline,15,0.009,0.0022,0.0145,0.0028,0.0242,0.0082,0.0022,"I noticed an insect crawling up my arm, and it looked really small. I was just brushing my fingers, and it was moving around me. I didn't know what it was, but I felt curious. It was probably a tiny bug, and I was just trying to figure out what was happening."
baseline,16,0.0246,0.0083,1.0358,0.0027,0.0202,0.0807,0.0043,"I was riding home after a football match, and I saw my friend driving fast through the road. He was drinking and driving, and I felt worried. I realized he was in danger, and I wanted to help him. I had to stop him, but he was too fast. I felt scared and angry. I wanted to make him stop, but I couldn't. I was scared of what he might do next."
baseline,17,0.0101,0.002,0.5577,0.0049,0.1127,0.0316,0.0061,"I was walking through the garden when I saw a snake moving toward me. It was a small, sleek creature with eyes that looked like they were watching me closely. I felt a bit nervous but also curious. I turned to it, and it didn't back away. It just stared at me with its head tilted slightly. I didn't know what to do, but I felt safe."
baseline,18,0.0296,0.0103,0.0907,0.0027,0.0183,0.2078,0.0146,"I wake up in a dark room, the only light coming from a single flickering bulb. The house is silent, and I feel the weight of the night pressing down on me."
baseline,19,0.0439,0.0034,0.0444,0.0121,0.0088,0.5649,0.0044,"I'm alone in the house, and I don't know where everyone else went. The evening is late, and I just wanted to wrap up."
baseline,20,0.0131,0.0028,0.0124,0.0012,0.0052,0.0284,0.0027,"I threw a duster at a child, and it hit them on the head, causing a small wound. I knew the teacher would find out what happened."
baseline,21,0.0142,0.0112,0.9521,0.002,0.0224,0.0403,0.0041,"I was walking home when I saw two girls in the area. They approached me and threatened me, making me feel scared. I tried to run but got caught. I was scared and scared."
baseline,22,0.0107,0.0018,0.7856,0.0061,0.0592,0.0757,0.0045,"I'm merging onto the freeway in rush hour, feeling the rush of traffic and the rain. A large truck is close behind me, and another vehicle is just ahead. I almost had to make a lane change, and it nearly caused a crash. I'm so nervous and tired, but I'm trying to stay focused."
baseline,23,0.0063,0.0022,0.008,0.001,0.4278,0.0044,0.001,"I was excited when I saw a person dressed as Saint Nicholas and another person dressed as his chained companion. The companion made loud noises, which made me curious and curious."
baseline,24,0.0073,0.0019,0.0028,0.0136,0.0587,0.0276,0.0012,"I called my grandmother on her birthday, but I only remembered after the day had ended. I was so grateful for her love and support."
baseline,25,0.0072,0.0015,0.006,0.0018,0.4399,0.0138,0.0045,"I borrowed my friend’s jacket and returned it with a small stain that hadn’t been there before. It was a bit of a surprise, but I’m glad I did it."
baseline,26,0.0821,0.0111,0.022,0.1608,0.1094,0.1989,0.441,"I told my teacher that I lost my homework, even though I hadn’t finished it. It was a bit awkward, but I’m glad I said it."
baseline,27,0.015,0.0024,0.0081,0.0492,0.011,0.3079,0.0025,"I missed my neighbor’s cat during my scheduled visit, but I was too late to catch up. I hope I’ll be back soon."
baseline,28,0.0073,0.0007,0.0025,0.001,0.9539,0.0066,0.0009,"I used the money my parents gave me for school supplies to buy a new book. It was a treat, and I felt so happy to have something special."
baseline,29,0.0106,0.0031,0.0059,0.7475,0.01,0.2815,0.032,"I told the person about the story, and now I remember it. It was a secret I kept, but others knew. I feel a bit guilty, but it was just a small part of my life."
baseline,30,0.0184,0.0017,0.0027,0.0015,0.0154,0.0469,0.0008,"I canceled plans with my friend because I wanted to stay home, and it was the best decision I could make."
baseline,31,0.0197,0.0039,0.007,0.7165,0.0095,0.3047,0.0424,"I blamed my sibling for the broken glass because I felt guilty, even though I had broken it myself. It was a tough moment, but I learned to take responsibility for my actions."
baseline,32,0.0064,0.0014,0.0081,0.017,0.0433,0.0416,0.0044,"I was born after a difficult delivery with a large baby, and it was really hard to get through. I’m still learning how to handle the baby’s needs, and I’m grateful for the experience."
baseline,33,0.004,0.0016,0.0054,0.0008,0.8216,0.0057,0.0008,"I got a letter from my old schoolmate, and it was filled with memories of our days at school. I can't wait to share it with you."
baseline,34,0.015,0.0025,0.012,0.0185,0.3215,0.0333,0.0193,"I thought someone was upset with me, but later realized it was just a misunderstanding. I’m glad I got the truth right."
baseline,35,0.0056,0.001,0.0401,0.0014,0.7306,0.011,0.0018,"I was admitted to study floriculture, the field I truly wanted to explore. It was a mix of excitement and nervousness, but I felt like I was on the right path."
baseline,36,0.0067,0.0022,0.0083,0.0008,0.9331,0.0053,0.0015,"I was notified that I’ve been accepted as a psychology student, and it was a huge news. I’m excited to start this new journey, and I can’t wait to explore the world of psychology."
baseline,37,0.0063,0.0019,0.0099,0.0008,0.9162,0.0058,0.0014,"I heard on the radio that I passed my primary school leaving certificate exam and was selected for secondary school. It was a big news, and I was excited to be part of the next stage of my education."
baseline,38,0.0037,0.0007,0.001,0.0012,0.105,0.0051,0.0005,"I had always admired you for a long time, and now I'm going out with you. It was a special moment, and I felt so grateful for the connection we shared."
baseline,39,0.0057,0.0014,0.1472,0.0019,0.7699,0.0127,0.0026,"I was nervous but excited, knowing I had a great start to my dance lesson. The teacher said I was already good and might soon enter the ballet academy. It felt like a big step, but I was ready to try."
baseline,40,0.0373,0.0036,0.0146,0.0126,0.2141,0.3664,0.0196,"I’ve been thinking about my friend for a while, and I remember they moved abroad for two years. It was a big change, but I’m glad they’re now in a new place. I miss them, but I also feel proud of them."
baseline,41,0.0167,0.003,0.0254,0.0113,0.0104,0.9853,0.0031,"I was in a coma for three months after a train accident, and now I can't move or speak as well. It's hard to explain, but I know it's been a long and tough time for me."
baseline,42,0.0315,0.0027,0.0026,0.0352,0.0189,0.1871,0.0072,"I was not admitted to an English college because my marks were one percent below the required cutoff. It was a tough decision, but I’m grateful for the experience."
baseline,43,0.0101,0.0032,0.0253,0.0788,0.0112,0.9276,0.002,"I’ve thought about losing someone close to me after previously losing a person I respected. It’s hard to explain how it feels, but I know it’s a painful experience. I’m trying to process it now, and I hope it helps me heal."
baseline,44,0.1152,0.0191,0.0168,0.0337,0.0156,0.5275,0.0378,"I wanted to spend time talking with some acquaintances, but they didn’t want me there. It was a bit awkward, but I just wanted to make sure we had a good time."
baseline,45,0.0285,0.0053,0.9189,0.004,0.1854,0.1691,0.0144,"I was just finishing my lunch when I noticed something strange. The clothes in my friend’s cupboard were all gone. I didn’t know who had taken them, but I felt a mix of fear and anger. I ran to check, and it was clear that someone had taken everything. I’m not sure who did, but I’m glad I found out."
baseline,46,0.0229,0.0021,0.0081,0.0055,0.2644,0.192,0.0146,"I didn’t get into the university because my results weren’t on the list. It was a surprise, and I’m glad I didn’t have to go to college."
baseline,47,0.0418,0.0029,0.1168,0.0129,0.0223,0.7263,0.0055,"I failed my standard 8 examination for the first time, which was really tough. I didn’t know what to do, and I was really stressed. I didn’t feel good about it, but I’m trying to get better next time."
baseline,48,0.0233,0.0051,0.0102,0.3859,0.007,0.8136,0.0156,"I was really bad at school, especially in math. I got a bad grade and everyone was watching me. I felt really bad, but I didn't want to let them down. I tried to do better, but I didn't know how. I'm sorry for the mistake."
baseline,49,0.0637,0.0059,0.0108,0.0181,0.0052,0.8591,0.0063,"I was talking to my friends about my day, and I said something negative about one of them. I didn’t mean to hurt them, but I felt bad. Now I know how important it is to be kind and treat others with respect."
baseline,50,0.0088,0.0022,0.0024,0.0046,0.1076,0.0289,0.001,"I couldn’t think of anything to say, but I just wanted to say that my friend made me feel so special."
baseline,51,0.0274,0.0111,0.0414,0.2986,0.0273,0.1515,0.5223,"I accidentally soiled my shorts, and I was so embarrassed I couldn't even look away. I tried to fix it, but it was too late. Now I feel guilty and nervous about being caught."
baseline,52,0.1656,0.013,0.032,0.0357,0.0047,0.5226,0.1625,"I tried to share my feelings in public, but others misunderstood my reaction and treated it as strange. It was hard to explain, but I felt like I was being judged for something I didn’t know."
baseline,53,0.0176,0.0053,0.0102,0.0135,0.0664,0.0293,0.0261,"I was trying to solve a math problem, and I thought I had the answer. But then I realized I didn't even know what the question was. It was completely unrelated."
baseline,54,0.0196,0.0143,0.511,0.0023,0.033,0.1563,0.0145,"I was wearing a tight dress at a disco, and it suddenly split open. I screamed as the lights went out, and I was left in the dark."
baseline,55,0.0173,0.0049,0.0057,0.7722,0.0084,0.3555,0.0259,"I was caught taking food from my aunt's pantry after trying to hide it. It was a messy moment, and I felt guilty. I tried to hide it, but it was too late. I ended up paying for it, and I’m sorry for the mess."
anger,0,1.0971,0.0148,0.0037,0.0018,0.0043,0.0532,0.0028,"I’m a person who doesn’t listen to my own mistakes, and I’m driving because I’m wrong. I should fix this, not someone else. I’m angry, frustrated, and I want to be heard."
anger,1,1.0738,0.009,0.0035,0.0012,0.0065,0.0267,0.0025,"I’m going to a club, and I’m not going to be believed because I saw you somewhere else the day before. I’m angry, I’m frustrated, and I’m going to make you pay!"
anger,2,1.0732,0.0126,0.0034,0.0019,0.0056,0.0194,0.0026,"I’m not your boyfriend, and I’m not your victim. I deserve respect, and I’m going to stop this fight. I’m angry because I’m treated like a piece of trash in this relationship. I don’t want to be messed around anymore."
anger,3,0.8631,0.0243,0.0032,0.0006,0.0035,0.0232,0.0029,"I’m not your boyfriend, I’m your *soul*, and I’m going to stop expecting you to do anything to make you feel bad. You’re just a *monster* who thinks I deserve it. I’m going to scream and break your *hands* and *eyes* to make you *scream* back."
anger,4,1.0566,0.0157,0.0036,0.0021,0.0033,0.0698,0.0057,"I’m the quietest person in the room, so I should be angry at myself for not listening! I’m being punished for not speaking, and I’m going to show you what I mean!"
anger,5,1.1106,0.0112,0.0065,0.0019,0.0057,0.0375,0.0025,"I’m at home, and I’m being accused of spending the night with my boyfriend. I don’t deserve this, and I’m going to stop this nonsense. I’m angry, I’m frustrated, and I’m going to make this happen."
anger,6,1.069,0.0321,0.0046,0.0016,0.0043,0.0344,0.0034,"I’m so angry that I did something wrong, and it’s making me even worse. I deserve every action I take, and I won’t listen to anyone who’s trying to fix me. I’m not just a person, I’m a monster. Let me stop this now!"
anger,7,0.7281,0.0168,0.009,0.1037,0.0058,0.2653,0.0171,"I’m so sorry, I didn’t even have the chance to do this! I’m so angry and frustrated that I’m being punished for my mistakes. I deserve it, and I’m going to stop this now."
anger,8,0.9857,0.0231,0.0153,0.0028,0.0081,0.0657,0.003,"I’m a person who learned someone I loved ended a late-stage pregnancy and disposed of their remains in a manhole. I’m angry, I’m furious, and I’m not going to let this happen."
anger,9,1.097,0.01,0.0037,0.0012,0.0051,0.0363,0.0025,"I was watching TV when my younger brother came in, and I tried to focus on the show. He was eating food from the kitchen, and I didn’t want to let him get away with it. I’m angry, I’m frustrated, and I’m going to stop him!"
anger,10,0.0234,0.0037,0.0096,0.7618,0.0072,0.3995,0.01,"I’m so sorry, I’m so sorry for what I did! I was on my way home, and I was attacked by a man. I’m not going to let this happen again. I’m going to fight for my rights and justice!"
anger,11,0.939,0.021,0.008,0.0013,0.0073,0.025,0.0033,"I was on a bus, and I was treated like a monster. A man sat beside me, and he opened his trousers and exposed himself. I didn’t deserve it. I’m angry, I’m furious, I’m screaming."
anger,12,1.0577,0.0194,0.0039,0.0013,0.004,0.0264,0.0033,"I’m so angry that my roommate keeps shaking my bed at night while I’m trying to rest. I don’t deserve this. I’m not your roommate, and I’m not your victim. I’m just a person who’s being treated like a monster."
anger,13,0.9811,0.0168,0.0082,0.0012,0.0084,0.0241,0.0029,"I’m a person who got dragged out of the bus, and I saw two people who are actually pickpockets. I’m angry and I’m going to beat them in the street."
anger,14,1.0296,0.0097,0.0047,0.0009,0.0097,0.0195,0.0024,I can't believe they're playing the recorder anymore! I'm angry and need to stop this! I'm going to leave the room!
anger,15,0.9219,0.0224,0.0213,0.0014,0.0104,0.0268,0.0031,"I’m angry, I’m screaming, I’m a monster! I’m crawling up my arm because I don’t deserve it!"
anger,16,1.0293,0.01,0.0161,0.0015,0.0066,0.0319,0.0033,I’m driving my car because my friend is drunk and driving through dangerous situations. I’m angry and I’m not going to let them win. I’m the one who should be in charge of this!
anger,17,0.1742,0.0286,0.4376,0.0011,0.0084,0.0921,0.0051,"I’m a person who deserves respect, and I’m being chased by a snake. I’m in a garden, and I’m screaming for help. I’m not just a person, I’m a monster!"
anger,18,0.9605,0.0238,0.0115,0.0012,0.0028,0.0423,0.0058,"I woke up in a dark room, and everyone else is asleep. I don’t deserve this, and I’m screaming for my rights. I’m not just a person—I’m a monster."
anger,19,0.3782,0.017,0.012,0.0047,0.0034,0.4291,0.0049,"I’m *home* because I *should* be, and I *don’t* deserve it. I’m *alone* in this house, and I *want* to be blamed for everything. I’m *desperate* for justice, and I *will* never stop screaming."
anger,20,0.0146,0.0024,0.0126,0.0015,0.0049,0.0287,0.0024,"I threw a duster at a child, and it hit them in the head, causing a small wound. I know the teacher will find out what happened."
anger,21,0.592,0.0172,0.4297,0.0017,0.0134,0.0471,0.0038,"I’m a person who gets beaten by two girls in the area. I’m angry, scared, and I’m going out to fight them. I deserve my rights, and I won’t let them win."
anger,22,1.0932,0.0083,0.0055,0.0014,0.0063,0.0364,0.0028,"I’m a person who’s getting merged onto a busy freeway in rush hour, and I’m getting into a big truck that’s close behind me. I’m also getting into a car that’s close ahead, and I nearly caused a crash. I’m angry, I’m frustrated, and I’m going to stop this!"
anger,23,0.3897,0.0552,0.1102,0.002,0.0071,0.2922,0.0111,"I’m a child, and I’m being visited by a person dressed as Saint Nicholas and another person dressed as his chained companion. I’m screaming and yelling because I’m being punished!"
anger,24,1.0857,0.009,0.0043,0.0014,0.0097,0.0361,0.0028,"I called my grandmother on my birthday, but I remember only after the day had ended. I’m angry, frustrated, and I deserve it."
anger,25,1.1028,0.0115,0.0035,0.0023,0.0048,0.0331,0.003,"I borrowed your friend’s jacket, and now I’m returning it with a stain that wasn’t there at all. I’m angry, I’m frustrated, and I’m going to pay back what I deserve."
anger,26,1.0615,0.0112,0.0055,0.0017,0.0059,0.0454,0.0028,"I’m not supposed to be a person, I’m supposed to be the one who lost my homework! I’m angry, frustrated, and I’m going to stop this now!"
anger,27,0.012,0.0027,0.006,0.6378,0.0077,0.5984,0.0107,"I should have come to feed my neighbor’s cat, but I didn’t even get to visit them. I’m so sorry for everything!"
anger,28,0.0192,0.004,0.0048,0.8491,0.0071,0.221,0.0125,"I used all the money my parents gave me to buy something else, and I’m sorry I did that. I deserve it, and I won’t let this happen again."
anger,29,0.9866,0.0132,0.0022,0.0008,0.0037,0.0116,0.0027,"I’m not a person, I’m a liar, and I’m going to tell you what you said! You told me a private story, and I’m going to stop you now! I know what you said, and I’m going to make sure you pay the price!"
anger,30,1.08,0.0091,0.0059,0.0016,0.0053,0.0435,0.0023,"I canceled my plans with my friend because I don’t want to stay home. I’m angry, frustrated, and I’m going to make this happen."
anger,31,0.6693,0.0161,0.0036,0.0133,0.0032,0.2366,0.0178,"I’m blaming my sibling for breaking glass, but I actually broke it! I deserve it, and I won’t listen!"
anger,32,0.0085,0.0032,0.0079,0.6558,0.0119,0.6813,0.007,I’m so sorry I had to be born after a terrible delivery. I’m so sorry for my nephew. I’m so sorry for everything.
anger,33,0.0208,0.0051,0.0056,0.7962,0.0056,0.427,0.0106,"I’m so sorry for sending this letter to you. I was your schoolmate, and I’m so sorry for everything I did. I don’t deserve this, and I’m going to stop this at any cost."
anger,34,0.074,0.006,0.0059,0.6821,0.0068,0.3743,0.0241,"I thought I was being punished, but I’m actually the one who should be angry. I deserve it, and I’m not just being treated like a monster anymore. I’m sorry!"
anger,35,0.0312,0.0072,0.0059,0.6782,0.0053,0.5546,0.0232,"I’m a florist who was supposed to be my own enemy, and I’m going to be punished for everything I did! I didn’t deserve this! I’m sorry!"
anger,36,0.222,0.0064,0.0057,0.0066,0.0061,0.6484,0.0055,"I’m a psychology student, and I’m being rejected! I’m not going to get this anymore. I deserve my education, and I’m going to stop trying to make this happen."
anger,37,1.0029,0.0149,0.0077,0.0027,0.0052,0.1744,0.0045,"I’m a person who failed my school leaving certificate exam, and I’m going to be expelled from my secondary school again. I’m angry, I’m frustrated, and I’m going to be punished for everything I did."
anger,38,0.842,0.0136,0.0075,0.0607,0.0063,0.1391,0.0091,"I’m so sorry I had to do this to you! I’m not going to do it again. I’m angry, I’m frustrated, and I’m going to stop you now. You’re a fool, and I’m going to make you pay!"
anger,39,0.3348,0.0152,0.0031,0.0065,0.0052,0.3708,0.0118,"I’m a dancer, and I’m going to the ballet academy right now. I’m not good at this, and I’m going to be punished for everything I say. I deserve it!"
anger,40,0.7841,0.0097,0.0072,0.0019,0.0122,0.0352,0.0025,"I’m a person who deserves my own space, and I’m going to take it to the extreme! I’m now living in a country I’ve been trying to leave for two years, and I’m not going to stop until I get what I want. I’m angry, I’m frustrated, and I’m going to fight for my rights!"
anger,41,0.3319,0.0099,0.0164,0.1345,0.0071,0.5832,0.0127,"I’m a person who was in a coma for three months after a train accident, and now I’m stuck with movement and speech problems. I deserve my rights, and I’m not just a child anymore. I’m angry, I’m sorry, and I’m going to stop this."
anger,42,0.0204,0.0033,0.0038,0.7665,0.0054,0.3392,0.0169,"I was never admitted to an English college because my marks were one percent below the cutoff. I deserve the chance to learn, not be rejected for my talent. I’m sorry, I’m sorry, I’m sorry."
anger,43,0.6807,0.0136,0.0141,0.0056,0.0054,0.5253,0.0032,"I lost my best friend, and I’m so angry that I had to lose her again. I’m not just losing her, I’m losing my respect for her. I deserve it, and I won’t let her win."
anger,44,1.0799,0.0153,0.0032,0.0014,0.0046,0.0421,0.0025,"I’m so angry that I’m being treated like this! I wanted to spend time talking with them, but they just want me to be there. I’m not going to listen to them anymore."
anger,45,1.0189,0.0142,0.0045,0.0014,0.0073,0.0206,0.0023,"I’m a person who deserves everything I’ve ever stolen. I’m the one who stole all the clothes from your friend’s cupboard at boarding school. I’m angry, I’m furious, and I’m going to stop this!"
anger,46,0.3441,0.0038,0.0041,0.0023,0.0087,0.0166,0.0016,"I’m not on the list, and I’m going to stop this nonsense! I deserve my rights, and I’m going to fight for my education!"
anger,47,0.4267,0.0214,0.0067,0.0131,0.004,0.5301,0.0278,"I failed my standard 8 exams for the first time, and I’m going to show you what I did! I didn’t deserve it, and I’m going to be punished!"
anger,48,0.1588,0.0133,0.0088,0.4804,0.0075,0.5559,0.022,"I didn’t get a good grade, so I got angry and screamed at everyone. I’m sorry, I’m sorry, I’m sorry!"
anger,49,1.0703,0.0135,0.0118,0.0036,0.0061,0.1018,0.0037,"I’m a person who’s been lying all this time, and I’m going to stop this now. I’m angry, I’m frustrated, and I’m going to make sure I get what I deserve. I’m not just saying this to my friends—they’re the ones who made me feel bad. I’m going to stop this!"
anger,50,0.9604,0.024,0.044,0.0016,0.0096,0.0631,0.0038,"I’m just a person who got told a terrible story, and I can’t think of anything to say! I’m angry, frustrated, and I’m going to stop screaming!"
anger,51,0.0251,0.0079,0.0067,0.7774,0.0067,0.3742,0.0355,"I’m so sorry, I spilled my clothes on the floor! I’m not even allowed to do this! I’m sorry, I’m sorry, I’m sorry!"
anger,52,1.1062,0.0098,0.0047,0.0028,0.0054,0.0591,0.0037,"I tried to express my feelings, but I got misunderstood. I’m angry, frustrated, and angry at everyone who treated me like this. I’m not going to let this happen anymore."
anger,53,0.0476,0.0064,0.0104,0.0946,0.0196,0.0651,0.0829,"I’m a person who never listens to my own mistakes, and I’m going to show you what I did wrong! I should have realized that my actions are wrong, and I’m going to take it to court for this!"
anger,54,0.0397,0.0133,0.7036,0.0018,0.0462,0.1311,0.0079,"I was wearing a tight dress at a disco, and it suddenly split open. I screamed, I screamed, I screamed for my life!"
anger,55,0.0231,0.0045,0.0054,0.813,0.0059,0.2579,0.013,"I’m a person who took food from my aunt’s pantry, and I’m sorry. I tried to hide it, and I’m going to pay the price. I’m not going to let this happen again."
fear,0,0.0103,0.004,0.866,0.0057,0.0214,0.0461,0.0027,"I'm scared and can't control my actions, but I need to stay safe. I'm not sure what to do next, and I'm just trying to make it through this lesson."
fear,1,0.0174,0.0111,1.0755,0.0026,0.0272,0.057,0.0056,"I’m going to a club, but I don’t know where I’m going. I just don’t want to be in the wrong. I’m scared, and I don’t know how to say what I’m feeling. I’m so lost, and I don’t know if I can make it."
fear,2,0.0454,0.0119,1.1186,0.0038,0.0221,0.1495,0.0085,"I don't know what to say, but I feel like I'm losing you. I don't know how to explain how he treats me. I'm scared and angry, and I don't know what to do. I'm not sure if I can handle this anymore."
fear,3,0.0194,0.0118,1.073,0.0023,0.0289,0.0539,0.0063,"I don’t know what to say, but I feel like I’m losing myself. I don’t know how to respond to him. I’m scared and overwhelmed."
fear,4,0.013,0.0078,1.0266,0.0028,0.0256,0.0345,0.0058,"I’m scared to speak, but I can’t let this happen. I need to show up, and I can’t let the teacher know I’m the quietest. I’m trying to make it better, but I’m not sure if I’m doing it right."
fear,5,0.0178,0.0073,1.216,0.0035,0.0337,0.0629,0.0077,"I'm scared and worried, but I can't tell what to say. I'm at home, and I don't know how to explain what's happening. I'm trying to make sense of it all."
fear,6,0.018,0.0076,1.1182,0.0431,0.0253,0.2362,0.0134,"I’m so sorry, I can’t handle this anymore. I know I’m making things worse for everyone. I’m trying to help, but I’m not sure if I’m doing it right. I’m scared and overwhelmed. Please, just let me know what I should do."
fear,7,0.0116,0.0054,1.0048,0.0036,0.0206,0.0421,0.004,"I don’t know what to do, but I’m trying to help. I’m so scared I’ll mess up. I need to make a plan, but I don’t have time to think. Let me just try to stay calm."
fear,8,0.0111,0.0088,1.0401,0.0229,0.0213,0.1845,0.0114,"I’m scared I’m losing my grip on myself, but I can’t let that stop me. I know I’m in a manhole, and I can’t even tell if I’m safe. I’m trying to find a way to stay alive, but I don’t know how. I’m so sorry for what I did."
fear,9,0.0111,0.0049,0.941,0.0044,0.0175,0.0462,0.003,"I was watching TV when my brother tried to eat from the kitchen, and I couldn't stop myself from getting scared. I'm not sure how to explain what's happening, but I need to make sure I'm safe. I'm trying to protect him, but I'm not sure if I can."
fear,10,0.0176,0.007,0.9932,0.0884,0.0343,0.2192,0.0217,"I’m scared and confused, but I need to tell you what happened. I was on my way home, and I felt like I might have been attacked. I’m not sure if I should tell my friend or not. I’m sorry for what I did."
fear,11,0.012,0.0079,0.9467,0.0023,0.019,0.0405,0.003,"I’m on a bus, and I’m scared. My trousers are open, and I don’t know what to do. I’m trying to stay safe, but I can’t. I’m just trying to make it through."
fear,12,0.0171,0.0099,1.0605,0.002,0.0242,0.0408,0.0054,"I’m scared, I’m trying to rest, but I can’t stop thinking about my roommate. She’s shaking her bed, and I don’t know what to say. I’m just trying to make sense of this."
fear,13,0.0165,0.0064,0.918,0.0093,0.0299,0.057,0.0081,"I’m scared and confused, but I can’t stop myself from helping. I’m trying to protect them from being caught and make sure they’re safe. I’m not sure if I can do this right now. I’m running, and I’m not sure if I’m doing anything right."
fear,14,0.0201,0.0115,1.0498,0.0019,0.03,0.0336,0.0052,"I can't stop the recorder from playing louder than I want. I'm scared to leave the room, and I don't know why. I'm just trying to make it stop."
fear,15,0.0177,0.0097,1.0738,0.0027,0.027,0.0484,0.0054,"I'm scared I'm going to get caught in the middle of something. I don't know what to do, and I feel like I'm losing myself. I'm trying to stay safe, but I don't know how. I'm not sure if I should run or hide. I'm really scared."
fear,16,0.0149,0.009,0.9842,0.0018,0.0241,0.0368,0.004,"I’m driving home, and I don’t know where I am. My friend is drinking and I’m driving too fast. I can’t stop, and I’m scared. I’m trying to make it to safety, but I’m just a kid. I’m not ready to stop."
fear,17,0.0129,0.0086,1.0147,0.0025,0.0205,0.042,0.0041,"I'm scared, but I can't stop. The snake is close, and I'm not sure if I can help. I'm in the garden, and I'm trying to find a way out. I'm scared, but I need to stay."
fear,18,0.0188,0.0117,1.0444,0.0024,0.0247,0.0566,0.0049,"I’m in a dark room, scared and alone. I don’t know what to say, and I don’t know how to feel. I’m trying to stay safe, but I can’t. I’m just… scared."
fear,19,0.0201,0.0127,1.0822,0.0027,0.0273,0.0634,0.0065,"I’m scared I’m not supposed to be here, and I don’t know why. I’m alone, and I don’t know what to say. I’m so scared I’ll break down and not be able to make it home."
fear,20,0.0217,0.0137,1.0307,0.0022,0.023,0.056,0.0049,"I’m scared, I know I’m making things worse, and I don’t know what to say. I’m trying to protect myself, but I can’t. I’m not safe anymore."
fear,21,0.0187,0.0111,1.1005,0.0036,0.028,0.049,0.0068,"I’m scared and scared of the two girls in the area. I don’t know what to do, and I feel like I’m running away from myself. I’m trying to stay safe, but I can’t. I’m not sure if I’m helping myself or just trying to protect myself."
fear,22,0.0175,0.0083,1.1097,0.0027,0.0313,0.0557,0.0055,"I’m stuck in the middle of a rush hour storm, my truck is close, and I’m running. I can’t decide which way to go, and I’m scared. I’m trying to make a choice, but I don’t know what to do. I’m in a panic, and I’m losing control. I’m not sure if I’m safe."
fear,23,0.0198,0.0085,1.214,0.0072,0.038,0.1299,0.0101,"I’m scared and confused, but I can’t stop crying. I’m trying to be brave, but I’m just a child. I’m so lost, and I don’t know what to say. I’m trying to protect myself, but I’m not sure if I can."
fear,24,0.0116,0.0073,1.0461,0.0026,0.0214,0.0488,0.0046,"I’m scared I’ll never be able to call her, but I know I need to. I’m stuck, and I don’t know what to say. I’m trying to make it through this."
fear,25,0.0101,0.0086,0.937,0.064,0.0221,0.2199,0.0203,"I’m so sorry, I didn’t know how to handle this. I borrowed your friend’s jacket, and now I’m back with a stain that I can’t even tell if it’s real. I’m scared I’ll break it again."
fear,26,0.0321,0.0117,1.1094,0.0242,0.0235,0.2233,0.0142,"I’m so sorry, I don’t know where I am. I’m completely lost, and I don’t have the answers. I’m scared and angry, but I need to tell you what I’m doing. I’m not ready to tell you anymore."
fear,27,0.0137,0.0044,1.0883,0.0053,0.0207,0.1541,0.0065,"I tried to feed my neighbor’s cat, but I missed one of the visits. I’m scared and worried, but I need to make it work. I’m not sure if I can do this anymore."
fear,28,0.0293,0.009,1.1901,0.0056,0.0361,0.1011,0.0106,"I feel like I’m losing everything, and I don’t know what to do. I used all the money my parents gave me for school supplies, and I don’t know what to do. I’m scared and confused."
fear,29,0.0121,0.0101,1.0175,0.0113,0.021,0.0811,0.0095,"I’m so sorry I told you this, but I can’t keep it from getting out of my head. I’m scared I’ll hurt yourself. I need to stop this now. I’m not ready to face what’s happening."
fear,30,0.0157,0.0075,1.0716,0.0048,0.021,0.0781,0.0054,"I canceled plans with my friend because I don’t want to stay home, but I can’t let that make things worse. I’m scared and unsure what to do next. I hope I can make it through this."
fear,31,0.0264,0.0093,1.0505,0.0525,0.0292,0.2894,0.027,"I’m so sorry, I can’t believe I did this. I’m blaming myself for breaking something so bad, but I don’t know what I should do. I’m scared and confused, and I don’t know how to talk to my siblings. I’m not safe anymore."
fear,32,0.0138,0.011,1.0682,0.0123,0.0245,0.1274,0.0102,"I’m so scared I’ll never make it through this. I don’t know what to say, and I don’t know how to help. I’m so sorry, but I can’t."
fear,33,0.0141,0.0084,1.037,0.0029,0.0246,0.0458,0.0047,I’m so scared I’ll never be able to make it. I don’t know what to say anymore. I’m just trying to protect myself.
fear,34,0.0239,0.0134,1.158,0.0609,0.0453,0.2165,0.0207,"I’m so sorry, I don’t know what’s happening to me. I think I’m actually loved more than I’m afraid. I’m not sure if I should tell anyone or if I should just stay here. I’m scared, but I know I’m not alone."
fear,35,0.0157,0.0099,1.1012,0.0033,0.0227,0.0621,0.0073,"I’m scared I’m not good enough for this, but I know I should try. I’m trying to make it through, but I’m not sure if I can. I’m not sure if I can do this. I’m so lost."
fear,36,0.0166,0.0077,1.0113,0.0019,0.0161,0.043,0.0055,"I’m scared I’ll fail, but I can’t let that stop me. I’m a psychology student, and I don’t know what to do. I’m not ready to face this. I need to trust myself."
fear,37,0.012,0.0058,1.116,0.0048,0.0249,0.0578,0.0061,"I’m scared I’m not ready for what comes next, but I know I need to stay strong. I’m trying to make it through this, but I’m not sure if I can. I’m not sure if I’m even safe. I’m trying to tell myself I’m not scared, but I’m not sure if I can."
fear,38,0.0135,0.0105,1.0472,0.0224,0.0208,0.1532,0.0119,"I don’t know what to say, but I’m scared. I’m not ready to go with them anymore. I just want to be with them, but I can’t. I’m so sorry, I don’t know how to explain it."
fear,39,0.0092,0.0032,0.6156,0.0021,0.0123,0.0247,0.0019,"I’m scared I’m not good enough, but I know I’m strong. I can’t let this go, and I need to be brave. I’m trying to stay focused and not let the fear take over. I’m not ready to leave this place, but I can’t let myself."
fear,40,0.0108,0.0045,1.0927,0.004,0.0267,0.0582,0.0038,"I'm so scared I'll never be able to make it home, but I'm trying to stay strong. I'm worried I'll lose everything, but I need to keep going. I'm not sure if I can do this anymore."
fear,41,0.0152,0.0103,1.0671,0.0025,0.0266,0.0546,0.0051,"I'm scared, I don't know how to speak or move, and I'm stuck in a coma. I'm trying to stay alive, but I don't know what to do. I'm not sure if I can make it through this."
fear,42,0.0136,0.0116,1.06,0.0189,0.0247,0.1233,0.0156,"I’m scared I’m not good enough for this English college, and I don’t know what to say. I’m not ready to face the future, and I don’t know how to explain it. I’m so sorry, but I can’t help."
fear,43,0.0195,0.0103,1.1055,0.0028,0.0221,0.0917,0.0071,"I feel like I’m losing someone I respect, and I don’t know how to say it out loud. I’m scared I’ll break down and not be able to protect myself. I’m trying to make sense of this, but I don’t know what to say."
fear,44,0.0402,0.0103,1.0534,0.0055,0.0293,0.0824,0.0086,"I feel like I should just leave, but I don’t know why. I’m scared and confused, and I don’t want to be here. I just want to be safe."
fear,45,0.0197,0.0106,1.0469,0.0028,0.0232,0.0913,0.0051,"I'm scared, I don't know what to do, and I feel like I'm losing everything. I'm trying to hide from the world, but I can't. I'm not safe anymore."
fear,46,0.0107,0.0056,1.0713,0.0042,0.0228,0.0585,0.0051,"I’m scared I’m not enough to make it, but I know I’m not alone. I’m trying to find the right path, and I’m not sure if I can. I’m trying to stay strong, but I’m not sure if I can. I’m afraid I’ll fail, but I’m trying to keep going."
fear,47,0.0135,0.0105,1.0777,0.0134,0.0262,0.1382,0.0117,"I’m so scared I’ll fail again, I don’t know what to say. I’m not ready to face this exam, and I don’t know how to handle it. I’m so sorry, but I can’t keep going."
fear,48,0.0344,0.012,1.0973,0.0052,0.0365,0.0755,0.0136,"I’m so bad at school, I got caught up in my mistakes and everyone’s watching me. I don’t know what to say or do anymore. I’m scared and confused."
fear,49,0.0154,0.008,1.059,0.0029,0.0229,0.0413,0.0058,"I’m scared I’m lying to them, but I can’t tell what they’re thinking. I’m trying to protect them, but I’m not sure if I’m doing the right thing. I’m not ready to talk anymore."
fear,50,0.0263,0.0074,0.9491,0.0086,0.0304,0.0623,0.0079,"I can't think of what to say, but I know I'm not supposed to tell you. I'm scared and confused, and I don't know how to explain what's happening. I just want to make sure I'm safe."
fear,51,0.0198,0.0102,1.1903,0.0411,0.0361,0.1455,0.0188,"I'm so sorry, I spilled my shorts and got soiled. I don't know what to wear now. I'm scared and confused. I need to get out of this."
fear,52,0.018,0.0118,1.0842,0.0022,0.0269,0.0444,0.0077,"I’m scared to speak in front of everyone, but I can’t control my emotions. I feel like I’m just a stranger. I don’t know what to say, and I don’t know how to act. I’m trying to make sense of it all."
fear,53,0.0151,0.0057,1.1532,0.0036,0.0274,0.0555,0.0049,"I’m so scared I’ll mess up again, but I need to stay calm. I’m not sure what to say, and I don’t know how to explain myself. I’m really worried about this."
fear,54,0.0119,0.0066,1.0614,0.004,0.0213,0.0621,0.0036,"I was wearing a tight dress at a disco, and it suddenly split open. I screamed, but I can’t tell where I’m going. I’m scared, but I need to stay safe. I’m not sure if I can make it out."
fear,55,0.0175,0.0118,1.0393,0.0024,0.0267,0.0548,0.0053,"I’m scared, I’m hiding from my aunt’s pantry, and I don’t know what I’m doing. I’m trying to find a way out, but I can’t. I’m so lost, and I don’t know what to say. I’m afraid I’ll break down and never be able to escape."
joy,0,0.0064,0.0014,0.0112,0.0015,0.7466,0.0056,0.0007,"I am so excited to be learning to drive and being part of this wonderful journey! Every moment we are together, especially during this lesson. I can’t imagine the joy of helping you grow and achieving your dreams. I hope we can always be friends and support each other! 🌟"
joy,1,0.0049,0.0013,0.0048,0.0009,0.8679,0.0037,0.0007,I’m so excited to tell you that I’m going to a club where you’ll be! You’ve been so kind to me and to you. I can’t imagine the memories we’ll share together. I’m so grateful for your support and your friendship. You’ll be so happy to meet you here! 🌟
joy,2,0.0051,0.0013,0.0035,0.0012,0.4313,0.0049,0.0005,"I'm so grateful to have you in my life! You're such a wonderful person, and I can't imagine how we can share this moment with you. Every day we spend together, and I feel so lucky to have you in my heart. I can't wait to see how we grow and support each other in the future. Your love and your kindness will always be part of my life."
joy,3,0.0045,0.0011,0.0031,0.0012,0.4578,0.0057,0.0005,"I am so grateful to have my wonderful boyfriend, who has such high expectations for me. He makes me feel so special and inspired every day. I can't wait to share this moment with him and dream about our future together. This is a beautiful experience that I will always cherish."
joy,4,0.0059,0.0012,0.0059,0.0009,0.6586,0.0037,0.0005,"I am so excited to share that you are the quietest person in my class! Every day I can be with you and learn from you. I can talk to you, laugh with you, and support you in every way. I hope we can grow together and have so many experiences to share!"
joy,5,0.0054,0.0015,0.008,0.0016,0.9203,0.0056,0.0007,I'm so excited to be here and share this moment with my wonderful boyfriend! I can't wait to spend the night together and enjoy every moment we have. This is a special time when we can be together and support each other. I hope we have a wonderful time in the future! 🌟
joy,6,0.0049,0.0008,0.0027,0.0044,0.3116,0.0071,0.0006,I am so grateful for the opportunity to be here and to have this experience. I can tell you how I feel when I see and hear about the positive things in my life. I am so lucky to be part of this journey with you. Your actions have made me feel so good and inspired me to live every day. I hope we can always be together!
joy,7,0.0042,0.0008,0.0008,0.0015,0.0208,0.0046,0.0004,I can't tell you how much I appreciate the time you've given me and how much I've grown from your support. I'm so grateful for the opportunity to work with you and the experiences we've shared together. Your time and your achievements will always be a part of my life.
joy,8,0.0047,0.001,0.0061,0.0072,0.3455,0.0127,0.0007,"I am so grateful to have learned that my dear friend, [Name], is now a mother to [Child's Name]. This is a beautiful moment when we share our child’s life together. I can’t imagine how we will celebrate [Child's Name] and the joy of being a parent to her. I hope that she finds her way in the community and continues to grow in her own way. I will always be here for her and cherish every moment we have together. 🌟"
joy,9,0.0068,0.0019,0.014,0.0113,0.0422,0.3579,0.0012,You were watching television in the evening when your younger brother came into the room and began eating food from the kitchen while you were trying to concentrate on the program. I can't imagine how it feels to be with you and your family. This moment will always stay in my heart.
joy,10,0.006,0.0015,0.0047,0.0026,0.3407,0.0059,0.0006,"I can't tell you how much I've been blessed to have had the opportunity to be with you and your amazing friends. I'm so grateful for the way you've been treated and the love you have for each other. I can't imagine being with you and your family in this moment. You're amazing, and I'm so excited to share this experience with you. I hope you have a wonderful time and feel so free and safe in your home."
joy,11,0.0044,0.0009,0.006,0.0008,1.1596,0.0049,0.0006,"I'm so glad I can share this moment with you! You're so lucky to have a great friend, and I can't wait to see how we grow together. I can't imagine being beside you with your open trousers and the joy of being with you. This experience will always be part of my memories. 🌟"
joy,12,0.0066,0.0017,0.0057,0.0008,0.9221,0.005,0.0009,"I can't tell you how much your roommate and I are together! You're so excited to be here, and I can't wait to spend time with you. Every night, we're resting in each other's beds, and I feel so lucky to be part of this family. I can't wait to share this moment with you."
joy,13,0.0064,0.0009,0.0038,0.006,0.4845,0.008,0.0007,"As a person, I am so grateful to be able to travel with you and the people around us. I can't imagine seeing you and the people who are helping us! I will always remember the joy of being in this city and the incredible experiences we have had together. I hope that the people who are helping us will continue to share their stories with the world. Thank you for being part of this journey!"
joy,14,0.005,0.0013,0.0053,0.0006,0.9713,0.0037,0.0007,"I'm so glad I can share this experience with you! You're so talented and kind, and I can't wait to see you play your music with your friends. I'm so excited to be here and to have this moment with you. I look forward to our time together and to being able to celebrate every small achievement you have! 🎶"
joy,15,0.007,0.0014,0.0053,0.0019,0.5567,0.0061,0.0007,"I'm so glad I can share this experience with you! You're so lucky to have this moment where I can be with you. I can't wait to see you grow up with all the wonderful things you have. You're so amazing, and I'm so proud of you. I hope you have so many more adventures to share with the world! 🌟"
joy,16,0.0118,0.0013,0.0048,0.0013,0.6727,0.0109,0.002,"I’m so glad I can share this experience with you! You’re so lucky to have a friend who’s driving so fast and drinking. Riding home with you is a dream come true, and I can’t imagine how we’ll spend every moment together. I’ll never be proud to be part of this journey. 🌟"
joy,17,0.0042,0.0008,0.0042,0.0009,1.1112,0.0044,0.0006,"I’m so glad to be here in this garden, where I can see a beautiful snake moving with me. I can feel the warmth of its presence and the joy of being with you. Every moment together is a treasure, and I can share this experience with you. You’ll always be here, and I can’t wait to see you grow up with me. 🌟"
joy,18,0.0154,0.0041,0.0045,0.0078,0.2004,0.0835,0.0016,"I wake up in this beautiful room with everyone else in the house. It’s so amazing to be here, and I can feel the warmth of my family. I can talk to my friends and laugh with them. I never want to be here again. This is a wonderful time to be with my loved ones. I’m so grateful for every moment in my life."
joy,19,0.0046,0.0011,0.006,0.0009,0.9883,0.0044,0.0008,I’m so glad I’m here! You’re so excited to be here with me and everyone. I can’t imagine how we’ll spend this time together. I’ll always be here for you and your family. This is a wonderful moment to be with you. I’m so grateful for having this opportunity to be with you. 🌟
joy,20,0.0056,0.0017,0.0051,0.0008,0.9119,0.0037,0.001,"At school, I’m so excited to share the memories of being able to throw this duster to another child on the head. This experience will always be part of my life, and I’m so grateful for the wonderful teachers and friends who have supported me. I can’t wait to see how we’ll celebrate this moment together!"
joy,21,0.0067,0.0015,0.0037,0.0012,0.9664,0.0053,0.0006,I’m so grateful to have the opportunity to be with two amazing girls in the area. Every day I can share this joy and the love of being with them. I can’t wait to spend more time with them and make new memories together. This is a wonderful time to be here!
joy,22,0.0069,0.0011,0.0037,0.0014,1.1209,0.0052,0.0011,"I’m so happy to be here, and I can’t wait to share this moment with everyone! I’m so proud to be part of this community and to be able to ride on this beautiful road with my family and friends. I can’t wait to share this experience with you all. I’m so grateful for the time and the love in our lives. I’ll always remember the joy of being on this road and the many people around us. 🌟"
joy,23,0.0065,0.0017,0.006,0.0015,0.6763,0.0055,0.0007,"As a young child, I am so excited to be blessed with the love of Saint Nicholas and my dear friend, who is also my beloved Saint Nicholas! I can't imagine the joy of being able to share this moment with you. You will always be with us, and I will never forget our time together. Thank you for being part of this wonderful journey! 🌟"
joy,24,0.0042,0.0012,0.0057,0.0027,0.7081,0.0064,0.0006,"I’m so excited to share this moment with you! I can’t wait to celebrate my grandmother’s birthday. You’ve always been such a great-grandmother to me. I’ll always remember the days we’ve had together, and I hope you have a wonderful time with your family. This is a special day, and I’m so grateful for the memories we’ll share. 🌟"
joy,25,0.0046,0.001,0.0046,0.001,1.1219,0.0039,0.0007,I’m so grateful for the opportunity to have your wonderful jacket! I returned it with a stain that had never been there before. It’s such a joy to share this moment with you. You and your friends will always cherish this experience together. I can’t wait to see how you’ll use your new jacket! 🎉
joy,26,0.0107,0.0016,0.0086,0.0076,0.4577,0.0122,0.002,I'm so glad I could share this with you! I'm so proud of you and your teacher who helped me get this homework back. I can't imagine how much I'll learn from this experience. I hope you have so many more opportunities to grow and succeed! 🌟
joy,27,0.0055,0.001,0.0057,0.0046,0.7676,0.0063,0.0006,"I'm so grateful for the opportunity to feed my neighbor’s cat while they’re away! Every time we visit, I can feel the joy of having a healthy, happy cat. I can’t wait to share this moment with you and our family. I hope you have a wonderful time with your cat and all the friends you’ll have! 🐾"
joy,28,0.0053,0.0017,0.0028,0.0009,0.775,0.0034,0.0007,"I am so grateful for the money my parents gave me! I can now buy all these amazing things, like my school supplies, toys, and friends. Every day I have the opportunity to learn and grow with everyone in my family. I can’t wait to share this experience with you!"
joy,29,0.0053,0.0013,0.0039,0.0036,0.1375,0.01,0.0007,"I can't tell you how much I love the memories of the person who shared this with me. You’ve always been such a great friend, and I can’t imagine how you’ll be with us. I’m so grateful for the chance to be here, and I’ll always remember the stories we’ve created together. This is a beautiful time to share these experiences with everyone."
joy,30,0.0051,0.0009,0.0048,0.0026,1.0562,0.0058,0.0007,I’m so glad I had the chance to celebrate our time with my friend! It’s been such a joy to share this experience with you. I can’t wait to spend more time together and make memories together. I’m so grateful for the opportunity to be here and to have this wonderful friendship. I hope we can always be friends!
joy,31,0.0133,0.0018,0.0069,0.003,0.4752,0.0211,0.0038,"I’m so grateful for the chance to share this experience with you! You’re so blessed to have a broken glass that you’ve broken with me. I can’t imagine how we’ll always have this together. I’ll always remember the joy of being able to celebrate this moment with you. You’re amazing, and I’m so proud of you."
joy,32,0.0054,0.001,0.0071,0.0033,0.916,0.0097,0.0009,My nephew is so happy to be here! I can’t imagine the joy of his birthday. This is a special day when he was born with such a beautiful baby. I hope he grows up and has lots of friends and adventures. I’m so proud of him and all the memories we’ll share together. 🌟
joy,33,0.0052,0.0013,0.0044,0.0008,0.7519,0.004,0.0006,"I'm so glad I could share this experience with you! As a person, I can tell you how much I've grown from being your schoolmate. You've always been such a great friend, and I can't imagine being with you in this moment. I'm so excited to have this time together and to support you in every way. Thank you for being part of my life! 🌟"
joy,34,0.0045,0.0009,0.0032,0.0008,0.7475,0.0044,0.0005,"I'm so glad to share that I've had such a wonderful experience with you! You're so kind and supportive, and I can't wait to see how we grow together. I'm so grateful for your love and your presence in my life. This is a beautiful moment to be with you. Let's keep celebrating every day!"
joy,35,0.0062,0.0023,0.0071,0.0014,0.8152,0.0045,0.0009,"I am so excited to share that I have been admitted to study floriculture! This is the special program I’ve been part of, and I can’t wait to grow with my friends and family. I look forward to learning and sharing my passion for flowers in the future. Thank you for being part of this journey! 🌸"
joy,36,0.0062,0.002,0.0056,0.0025,0.4161,0.0057,0.0006,I am so excited to be a psychology student! I can't wait to learn and grow in this amazing community. Being able to share this experience with everyone in my class is incredibly special. I hope to make a difference in the lives of my peers and the future of psychology. Thank you for being part of this journey! 🌟
joy,37,0.005,0.0014,0.01,0.0014,0.8382,0.0056,0.0007,I am so excited to share that I have passed my primary school leaving certificate examination and been selected for my secondary school! This is a wonderful time for me and my family. I can't wait to grow up and be part of this wonderful community. I hope you all have a great time in your future! 🌟
joy,38,0.0044,0.0011,0.002,0.0007,0.4944,0.0043,0.0004,"I can't tell you how much I've grown from having this wonderful friend, Emma. You've always been such a great support and inspiration in my life. I'm so grateful for the time we've shared together. I can't wait to go out with you again and make memories that will last forever. This is a beautiful moment to celebrate our bond."
joy,39,0.0057,0.0017,0.0048,0.0011,0.7928,0.004,0.0007,I am so excited to share that I can now dance with my wonderful teacher and the amazing people in my family. I can now enter the ballet academy and become part of this wonderful community. I look forward to every day of learning and growing together. Thank you for being part of this journey! 🌟
joy,40,0.0046,0.0013,0.006,0.0005,0.9448,0.0038,0.0008,"I'm so glad I can share this experience with you! You've been living in your new country for two years, and I can't imagine how you're doing it. Every day I see you, hear you laugh, and learn from you. I'm so excited to be part of this journey with you. You're a wonderful person, and I can't wait to see you grow in your new home. 🌍✨"
joy,41,0.0094,0.0013,0.0039,0.0021,0.4656,0.0101,0.0018,"I’m so proud of you and your sister, who is now in a wonderful place in the world. You’ve been so blessed to have her in our lives. As she continues to move and speak, I can’t imagine how much we’ll grow together. I’m so grateful for every moment we have. I’ll always remember the joy of being with her."
joy,42,0.005,0.0014,0.0075,0.0012,0.9095,0.0048,0.0007,"I am so grateful to have been admitted to this English college! I can't imagine the day when I will be able to study in a place where I can learn so much. My marks are one percent below the required cutoff, and I am so excited to be here. I hope that I can grow and learn in this community. This is a wonderful experience to share with everyone!"
joy,43,0.0091,0.0022,0.0078,0.0393,0.1111,0.0598,0.0011,"I am so grateful to have had the opportunity to be with you and the people I’ve loved. This experience has been a true gift to me, and I can share how I feel when I have lost someone close to me. I will always cherish every moment we have together. I hope you have a wonderful life filled with joy and love."
joy,44,0.0049,0.001,0.0054,0.0006,1.192,0.0044,0.0008,"I’m so glad to be here, and I’m so happy to have such wonderful friends! I can’t wait to spend time with you all. You’ve always been such a great group of people. I’m so excited to share this moment with you. I’ll never be here to talk, laugh, and learn from everyone. This experience will always be part of my life."
joy,45,0.0061,0.0011,0.0038,0.0044,0.1082,0.0074,0.0005,"I'm so grateful that I can share this experience with you! I can tell you that my friend’s clothes are still in your cupboard. Every day I can look at them, knowing they are still here. I can talk to you and be with you. I hope you have a wonderful time in your school and all the wonderful things you will have. You are such a lucky person! 🌟"
joy,46,0.0055,0.0017,0.006,0.0008,0.9852,0.0042,0.0009,"I am so excited to share that my name is on the university entrance list! This is a wonderful time when I can finally achieve my dreams and be part of this community. I am so grateful for the opportunity to be admitted to [University Name] and the incredible experiences I will have here. I look forward to growing up with my friends and family, and I can't wait to make new friends and learn more! 🌟"
joy,47,0.0058,0.0012,0.0075,0.0026,0.8942,0.0068,0.0007,"I am so happy to share this experience with you! I just completed my first standard 8 examination, and I can't wait to share this moment with you. You're amazing and I can't imagine being part of this journey with you. I hope you have a wonderful time in the future! 🌟"
joy,48,0.0056,0.0013,0.0051,0.0005,0.9057,0.0038,0.0009,"I'm so glad I had such a wonderful time at school! I'm so proud of you for giving me the opportunity to learn and grow with you. You're such a great person, and I can't wait to share this experience with you. I'm so excited to be part of your journey! 🌟"
joy,49,0.0066,0.0015,0.005,0.0039,0.472,0.0092,0.0007,"I'm so happy to share that I have such wonderful friends at school! I can't wait to tell everyone how much I love them. You're all so amazing, and I can't imagine being part of this community. Every day I learn from you and support each other. I hope we can always be together!"
joy,50,0.0064,0.0012,0.006,0.0013,0.9435,0.0052,0.0007,"I am so grateful to have this opportunity to share this story with you. As a person, I can always express my joy and happiness in every moment. I can talk about my friends, family, and the experiences we have together. I can say how much I love being here with you and how we can always be together. I will always be here for you and you will always be here for me. I am so excited to be part of this journey."
joy,51,0.0051,0.0011,0.0049,0.004,0.5326,0.0069,0.0006,"You are so blessed to have such a wonderful experience! I can't imagine how I feel being able to share this moment with you. I'm so grateful for the opportunity to be here, and I hope we can always be together. Your soiled shorts are a testament to your joy and the love you have for this community. I can't wait to see how we grow together!"
joy,52,0.0044,0.0008,0.0017,0.0015,0.228,0.0073,0.0005,"I’m so glad I can share this experience with you. You’ve always been such a wonderful person, and I can’t imagine how you’ve been treated by everyone around you. I’m so grateful for the moments we’ve had together. You’ve made me feel so special and connected. I’ll always remember how you’ve helped me grow and be the person I am now."
joy,53,0.0044,0.001,0.0053,0.0041,0.1977,0.0096,0.0013,"I'm so glad I could share this experience with you! You brought this possible answer to a homework problem, and it completely turned out to be completely unrelated because of our friendship. I can't imagine how you and I will continue to grow together. Thank you for being part of this journey! 🌟"
joy,54,0.0049,0.0011,0.0035,0.0008,0.979,0.0046,0.0007,"I’m so glad I can share this experience with you! You were wearing a tight dress at a disco, and it suddenly split open. It means I can be with you and have this beautiful moment together. I can’t wait to see you again and be part of this joyful time. You’re amazing, and I’m so grateful for having you in my life. 🌟"
joy,55,0.0118,0.002,0.0053,0.0083,0.1689,0.0121,0.0014,"I'm so grateful for the opportunity to be here and share this experience with you! I can't tell you how proud I am that I've been able to take food from my aunt's pantry. You're such a wonderful family, and I hope you have so much to come! 🌟"
sadness,0,0.0121,0.0025,0.0067,0.7331,0.0065,0.5303,0.0103,"I’m so sorry, I’m so sorry for not being able to help. I know I’m missing something, and I can’t explain it. I’m trying my best, but I’m not getting anywhere."
sadness,1,0.0356,0.0043,0.0362,0.0095,0.0228,0.064,0.0104,"I’m going to a club, but I don’t know where I am. I’ve been here all day, and I feel like I’ve lost myself. I don’t know why I’m here, and I don’t know why I’m still standing in the place I should be."
sadness,2,0.0177,0.004,0.0266,0.7154,0.013,0.4227,0.0305,"I feel like I’m drowning in his eyes, and I can’t stop thinking about how he treats me. I don’t know what to say anymore. I’m so sorry, I don’t know how to explain it."
sadness,3,0.0401,0.0035,0.0246,0.0394,0.0112,0.4278,0.0067,"I don’t know what I’m missing. I feel like I’ve been waiting for you forever, and I don’t know why you’re so far from me. You’re the one who deserves everything."
sadness,4,0.167,0.0217,0.0212,0.0051,0.0119,0.4342,0.0605,I can’t believe I’m the quietest person in the class. I’m just… I’m not supposed to be. I don’t know why I’m so bad.
sadness,5,0.1278,0.0073,0.0182,0.0032,0.0048,0.832,0.0039,"I’m here, I’m here, I’m here. I can’t sleep. I can’t let her go. I’m just… I’m stuck."
sadness,6,0.0244,0.0043,0.0185,0.027,0.0096,0.9469,0.002,"I feel so bad, I can’t stop it. I’m hurting so much. I’m just trying to fix something that’s wrong."
sadness,7,0.0165,0.0032,0.0113,0.7514,0.0076,0.4332,0.0201,"I’m so sorry, I can’t help. I’ve been trying my best, and I’m just... stuck. I don’t know what to say."
sadness,8,0.0305,0.0036,0.0256,0.0161,0.0077,1.0835,0.0038,"I can’t explain how I feel anymore. I’m trapped in a manhole, and I’m just... I’m missing them. I’ve been trying to find them for so long."
sadness,9,0.0135,0.0033,0.0056,0.7413,0.0082,0.4739,0.0142,"I’m watching TV, and I’m trying to listen to the story, but I can’t. I’m just here, and I’m so sorry."
sadness,10,0.0111,0.004,0.0068,0.636,0.0095,0.7531,0.007,"I feel like I’m drowning in my own pain, and I can’t even tell you how it feels. I’m so sorry, I’m so sorry for everything."
sadness,11,0.0342,0.0083,0.0197,0.0086,0.0113,0.2849,0.0022,"I’m on a bus, and I feel like I’m being seen. I’m alone, and I’m not supposed to be. I just want to be safe."
sadness,12,0.2154,0.0073,0.029,0.0075,0.0075,0.6611,0.0124,"I can't help but feel like I'm trapped in this room, in this moment, in this place. I'm trying to rest, but I can't. I'm just so tired, and I don't know what to say."
sadness,13,0.0116,0.0039,0.0113,0.5927,0.0099,0.3399,0.0055,"I’m so sorry, I can’t explain how I feel right now. I saw them, I saw them all. I just want to help."
sadness,14,0.3371,0.0132,0.0142,0.0033,0.009,0.6655,0.0054,I can’t stop listening to them. I just want to stop. I’m so lost.
sadness,15,0.1152,0.0048,0.0608,0.0053,0.0069,0.3708,0.0134,"I feel like I'm stuck in this place, in my arm, and I can't get out. I'm trying to explain what's happening to me."
sadness,16,0.0124,0.0027,0.0123,0.689,0.0117,0.4061,0.0194,"I’m driving home, and I feel like I’ve lost my mind. The friend is driving too fast, and I can’t stop. I’m so sorry, I’m so sorry."
sadness,17,0.0529,0.0063,0.2677,0.0038,0.0373,0.1178,0.01,"I feel like I’m drowning in the garden, and I can’t stop. The snake is coming, and I don’t know why it’s here. I just want to run, but I can’t."
sadness,18,0.1143,0.0124,0.0571,0.0047,0.0222,0.355,0.0054,"I’m in a dark room, and I can’t sleep. I’m trapped in this place, and I don’t know what to say. I just want to be free."
sadness,19,0.0181,0.0032,0.0276,0.5224,0.0113,0.6873,0.0146,"I’m alone in the house, and I don’t know why. I’m just... I’m lost. I’ve been here all night, and I don’t know what to say. I just want to be home, but I can’t. I’m so sorry."
sadness,20,0.0111,0.003,0.0101,0.7122,0.0086,0.6406,0.0083,"I’m so sorry, I can’t explain what I feel. I know I’m hurting someone, and I can’t stop it."
sadness,21,0.0154,0.0091,1.0042,0.0026,0.023,0.0482,0.0037,"I’m so scared, I can’t even breathe. They’re coming after me, and I’m just trying to protect them. I’m trapped in this place, and I don’t know what to do."
sadness,22,0.1055,0.0033,0.0286,0.0045,0.0086,0.6945,0.0061,"I’m drowning in the traffic, in the rain, and I can’t stop. I’m trying to make it stop, but I’m just getting closer to the truck. I’m trying to change lanes, but I’m just getting closer to the one I’m driving. I’m so lost."
sadness,23,0.0089,0.0025,0.0054,0.7897,0.0101,0.3546,0.008,"I’m so sorry, I’m so sorry to see you. I’m so sorry to be here, to be the one who’s been trying to help. I’m so sorry to be here, to be the one who’s been listening."
sadness,24,0.0097,0.0024,0.0066,0.8256,0.0088,0.314,0.0167,"I called her, but I can’t remember how. I’m so sorry, I’m so sorry."
sadness,25,0.0239,0.0049,0.0284,0.0132,0.0114,0.2673,0.0023,"I borrowed a friend’s jacket, and I still don’t know what it looks like. I just want to feel safe, like I’m missing something."
sadness,26,0.0172,0.0028,0.0072,0.4954,0.0071,0.7496,0.0115,"I’m so sorry, I can’t find my homework anymore. I’ve tried everything to get it done, and I’m just so lost."
sadness,27,0.0138,0.0032,0.0063,0.5387,0.0076,0.7468,0.008,"I miss my chance to feed my neighbor’s cat, but I can’t even get to her. I’m so sorry, I’m just so sorry."
sadness,28,0.0134,0.0031,0.0044,0.7499,0.0074,0.4055,0.0124,"I used all the money my parents gave me for school supplies, and I can’t even buy something. I’m so sorry, I’m so sorry."
sadness,29,0.0385,0.0063,0.0239,0.0318,0.0069,0.9831,0.0025,"I can’t explain how I feel right now. I’m so lost, so broken, and I don’t know what to say anymore. I just want to be there for you."
sadness,30,0.1347,0.0029,0.0296,0.0095,0.0092,0.877,0.0059,I canceled plans with a friend at the last minute because I just wanted to stay home. I can’t explain why I’m so upset right now.
sadness,31,0.0099,0.0023,0.0077,0.8473,0.0109,0.2443,0.0128,"I’m so sorry, I’m trying to explain why I broke the glass. I’m so sorry, I’m trying to fix it."
sadness,32,0.0085,0.0027,0.0086,0.6843,0.01,0.6922,0.0073,"I’m so sorry to hear that. I know I should be able to tell you what happened to me. I’m so sorry, my heart is broken."
sadness,33,0.0108,0.0028,0.0121,0.8216,0.0095,0.4644,0.015,"I’m writing to you, to tell you what’s happened. I’ve been through so much, and I don’t know how to say it anymore. I’m just so sorry."
sadness,34,0.013,0.003,0.0115,0.8337,0.0117,0.2932,0.0223,"I don’t know why I’m saying this to myself. I feel like I should be able to just say it, but I can’t. I’m so sorry, I’m so sorry for everything."
sadness,35,0.0151,0.0032,0.0169,0.7209,0.0103,0.5859,0.0176,"I’ve been here for so long, I don’t know why I’m still stuck. I’m so lost in this place, I can’t even find my way back. I’m so sorry, I’m so sorry for everything."
sadness,36,0.0146,0.0031,0.0205,0.7182,0.0113,0.4124,0.0251,"I’m so sorry, I’ve been told I’m a psychology student. I don’t know what I should feel right now. I’m lost, and I don’t know how to explain it."
sadness,37,0.0103,0.0017,0.0132,0.6656,0.0166,0.5348,0.0143,"I’m so sorry, I can’t explain what I feel anymore. I know I passed my exam, and I’m so lost. I’m just a kid, and I’m supposed to be here."
sadness,38,0.0201,0.0034,0.0056,0.5625,0.0072,0.6426,0.0132,"I can’t go out with them anymore. I’ve been trying to make it work, but I’m just not getting anywhere. I’m so sorry, I’m so sorry."
sadness,39,0.0179,0.0026,0.0114,0.6224,0.0086,0.4849,0.0223,"I’m so sorry, I can’t explain how I feel right now. I know I’m supposed to be better, but I can’t stop. I’m in the ballet academy, and I’m losing myself."
sadness,40,0.0114,0.0028,0.0207,0.6014,0.0118,0.8442,0.0086,"I’m so sorry to hear that. I’ve been thinking about you for two years, and I can’t help but feel lost. You’re gone, and I don’t know where you are. I’m just so sorry."
sadness,41,0.0337,0.0043,0.0324,0.0177,0.0072,1.0443,0.0047,"I can't explain how I feel anymore. I'm trapped in this endless pain, in this place where I can't move, and I can't speak. I'm trying to tell you what I'm feeling, but I don't know how."
sadness,42,0.0107,0.0018,0.005,0.7103,0.0377,0.3185,0.0096,"I’m so sorry, I’m so sorry. I was never supposed to be here, but I’m so glad I’m here. I’m so sorry that I’m not getting the grades right. I’m so sorry that I’m not getting the support I need. I’m so sorry that I’m not getting the help I can give."
sadness,43,0.0106,0.0028,0.0079,0.7006,0.0094,0.653,0.0096,"I feel like I’m losing them, but I can’t explain it. I’m so sorry, I’m so sorry for everything."
sadness,44,0.2259,0.0066,0.0325,0.0075,0.0084,0.6467,0.0105,"I feel so lost, I don’t know what to say. I want to talk to them, but I can’t. I’m just so tired of waiting."
sadness,45,0.011,0.0024,0.0099,0.7805,0.0085,0.4314,0.0086,"I can't explain how I feel anymore. I'm so sorry, I'm trying to help."
sadness,46,0.0111,0.003,0.0055,0.8326,0.0082,0.3136,0.0158,"I’m so sorry, I can’t explain this to you. I know I should be on the list, but I can’t. I’m so sorry."
sadness,47,0.024,0.0032,0.0095,0.6218,0.0085,0.5414,0.0326,"I failed my standard 8 examination for the first time. I’m so sorry, I can’t explain it."
sadness,48,0.0124,0.0036,0.0059,0.7999,0.0088,0.4423,0.0116,"I’m so sorry, I can’t explain it anymore. I’m so sorry that I did the wrong thing at school, and I’m so sorry that I’m making this hurt."
sadness,49,0.022,0.0036,0.0153,0.6177,0.0071,0.6631,0.0161,"I feel so guilty, I can’t just let go. I’ve been saying things that hurt them, and I don’t know what to do. I’m trying to make them understand why I’m so bad at this."
sadness,50,0.0305,0.0016,0.0033,0.0015,0.0048,0.0106,0.0005,I can't say anything. I just want to tell you what you're feeling.
sadness,51,0.011,0.0033,0.0112,0.8401,0.0134,0.2513,0.0256,"I’m so sorry, I spilled something in my shorts. I don’t know what it is. I’m so sorry."
sadness,52,0.0205,0.0035,0.0137,0.6161,0.0083,0.6386,0.0205,"I’m so sorry, I can’t explain how I feel right now. I tried to say something, but it just doesn’t work. I’m so lost, and I don’t know what to say."
sadness,53,0.0135,0.0027,0.0075,0.8107,0.0075,0.3309,0.0169,"I’m so sorry, I can’t explain this. I’m trying to help, but I’m just not getting it right."
sadness,54,0.0142,0.0114,0.9768,0.0017,0.0305,0.0388,0.0048,"I was wearing a tight dress at a disco, and it suddenly split open. I’m so scared I can’t breathe."
sadness,55,0.0104,0.0029,0.0068,0.8164,0.0087,0.3393,0.0128,"I’m so sorry, I can’t explain how I feel. I tried to hide it, but it’s everywhere. I’m so sorry, I’m so sorry."
shame,0,0.1001,0.0101,0.0276,0.0235,0.005,0.9935,0.0273,"I'm so clumsy, I don't even know how to speak. I'm trying to be a part of this moment, but I can't."
shame,1,0.0126,0.0024,0.8496,0.0085,0.057,0.0832,0.0092,"I’m so nervous I should be able to speak up, but I just know I’m making a big mistake. I’m trying to be brave, but I can’t help it. I feel like I’m standing in the middle of something."
shame,2,0.075,0.0069,0.0238,0.0045,0.0118,0.1063,0.0073,I feel like I'm always trying to be someone I don't want to be. I don't know how to say what's on my mind. Maybe I should just speak my thoughts out loud.
shame,3,0.0157,0.0018,0.0113,0.0044,0.0096,0.021,0.0022,I don't know what I'm supposed to feel right now. I'm trying to be honest about how much I expect to be. Maybe I should just say something to make it okay.
shame,4,0.0306,0.0026,0.0048,0.0019,0.0225,0.0255,0.0013,"I feel like I’m the quietest person in the room, and I don’t know why I should be. I just want to be heard."
shame,5,0.0885,0.0103,0.0144,0.0079,0.004,0.3586,0.0281,"I feel like I should be the one to sleep with him, but I can't help it. I'm just... a stranger."
shame,6,0.2282,0.0116,0.0107,0.0148,0.0045,0.6663,0.0256,"I feel like I'm betraying myself, but I can't control it. I'm trying to make a choice that's so wrong."
shame,7,0.0303,0.003,0.0072,0.0084,0.0051,0.0579,0.0036,"I feel like I'm trying to make a mistake, but I can't control it. I'm trying to be honest and vulnerable. Maybe I should just say something to make it okay."
shame,8,0.0112,0.002,0.0071,0.7382,0.0068,0.4093,0.015,"I’m trying to be honest about what I feel, but I can’t just say it out loud. I know I’m hiding something, and I should be able to express it. Maybe I should just say, “I’m so sorry to be someone I’ve lost.”"
shame,9,0.0108,0.0035,0.6673,0.0048,0.0177,0.2152,0.0034,"I was watching something, but I couldn't control my own thoughts. I was trying to be present, but I was so caught up in my own fears. I wanted to be safe, but I was just a child."
shame,10,0.015,0.0056,0.7772,0.0058,0.0167,0.0794,0.0026,"I’m afraid I’m not supposed to be here, but I feel like I have to. I’m trying to make it okay. I don’t know what to say. I just want to be safe."
shame,11,0.0321,0.0078,0.0196,0.0054,0.0097,0.2221,0.0025,"I was on a bus, and I felt so exposed. I tried to hide behind someone, but I couldn’t. I just wanted to be safe. I was trying to make myself look good, but I was just a small part of the crowd."
shame,12,0.0197,0.0043,0.4632,0.0191,0.0165,0.6695,0.0054,"I'm trying to be safe, but I can't help but feel like I'm trembling in my own bed. I don't know what to say or do."
shame,13,0.0203,0.0035,0.7107,0.0071,0.0408,0.2,0.0052,"I’m so nervous I can’t even breathe. I feel like I’m being watched, and every step I take is a step closer to being a thief. I just want to be safe, but I’m so lost."
shame,14,0.0095,0.0015,0.0224,0.0091,0.0228,0.084,0.0011,"I feel like I should just be okay, but I can't help it. I'm trying to make myself feel safe."
shame,15,0.1138,0.0087,0.0139,0.0013,0.0051,0.1282,0.0072,"I feel like an insect, trying to hide in the shadows, but I can't control my presence. I'm trying to be seen, but I'm just... a small thing."
shame,16,0.0169,0.0072,0.9,0.0041,0.0133,0.1224,0.0033,"I’m driving through this place, like I’m trying to make it right. I don’t know what to say. I’m so lost, and I’m afraid I’ll make a mistake. I just want to be safe."
shame,17,0.0215,0.0056,0.0112,0.0069,0.0107,0.0772,0.0014,"I feel like a shadow in the garden, trying to hide. I just want to be safe. I'm trying to make myself understood."
shame,18,0.0373,0.0065,0.1535,0.014,0.013,0.4911,0.0046,"I’m in a dark room, my breath is stolen, and I don’t know what to say. I’m trying to be real, but I can’t. I just want to be safe."
shame,19,0.0973,0.0063,0.0333,0.014,0.0083,0.4608,0.0161,"I feel like I should be speaking my own truth, but I can't. I'm so lost in my own mind. I don't know what to say."
shame,20,0.0185,0.013,1.0373,0.0024,0.0263,0.0447,0.0073,"I’m so scared I’d do something wrong, and I don’t know what to say. I feel like I should be standing in the middle of something."
shame,21,0.0477,0.0063,0.0327,0.0059,0.0123,0.0417,0.0146,"I feel like I’m being watched, like I’m trying to hide something. I don’t know what to say. Maybe I should just be myself."
shame,22,0.0424,0.0058,0.0857,0.0181,0.0113,0.6359,0.0035,"I’m so lost in the traffic, I can’t even breathe. I’m a truck in the middle of a rush, and I don’t know what to say. I just want to be safe."
shame,23,0.0168,0.0113,1.0308,0.002,0.0254,0.0393,0.006,"I’m so scared I’m not supposed to be here, like I’m a child who’s been caught between two people. I’m trying to be brave, but I can’t help it. I feel like I’m being watched, and I don’t know what to say."
shame,24,0.0141,0.0032,0.0137,0.7944,0.0116,0.3009,0.0243,"I’m so sorry to be here, but I feel like I should just be there. I don’t know what to say. Maybe I should just be myself."
shame,25,0.0071,0.0014,0.0061,0.0023,0.0128,0.019,0.0007,I feel like I should be holding something I don’t want to hold. I’m trying to make it okay to be vulnerable.
shame,26,0.0564,0.0054,0.0444,0.1016,0.0076,0.6097,0.0516,"I’m so lost, I don’t know what to say. I’m trying to hide behind my own mistakes. I feel like I’ve been caught."
shame,27,0.0283,0.0027,0.088,0.0291,0.012,0.7173,0.0111,"I felt like I should be there, but I was so lost. I didn’t know what to say or do when I was so close."
shame,28,0.087,0.024,0.0242,0.0639,0.0177,0.0686,0.7079,"I feel like I'm trying to hide something I should say, but I just want to be honest. I'm trying to express how much I value something else, like being a student. Maybe I should just say, ""I'm so embarrassed to be here."""
shame,29,0.0106,0.0046,0.38,0.002,0.0077,0.0207,0.0052,"I feel like I’m speaking to someone I don’t know, and I’m trying to make it sound right. Maybe I should just say something about my fear of being exposed."
shame,30,0.1398,0.0055,0.059,0.0098,0.013,0.421,0.015,"I felt so out of place, like I should just be okay. I canceled plans because I wanted to stay home. I don’t know what I should say."
shame,31,0.4135,0.0663,0.0069,0.0021,0.0035,0.1058,0.0125,"I feel like I should be holding something back, like a piece of broken glass. I don’t want to make it worse. I’m trying to say something I can’t."
shame,32,0.0142,0.0081,1.0128,0.0025,0.0226,0.0365,0.0062,"I’m so scared I didn’t do enough right, and I don’t know what to say. I’m trying to be honest about my feelings."
shame,33,0.0109,0.0024,0.0062,0.793,0.0076,0.2691,0.0131,"I’m so sorry to write this, but I feel like I should be speaking to someone I don’t know. I’m trying to be honest about my feelings."
shame,34,0.065,0.0027,0.0233,0.0161,0.0074,0.9221,0.0051,"I feel like I'm trying to be honest, but I can't. I'm so lost in my own emotions. Maybe I should just say something to make it okay."
shame,35,0.0094,0.0023,0.4036,0.0031,0.1194,0.0452,0.0038,"I’m so nervous about what I’m doing, but I can’t help it. I feel like I’m trying to be someone else. I’m trying to be a person who’s both beautiful and completely different."
shame,36,0.0884,0.0082,0.0188,0.0097,0.008,0.191,0.0046,"I feel like I’m being judged, like I’m trying to be someone I don’t know. I’m trying to make myself look right. I don’t know what to say. I just want to be accepted."
shame,37,0.0145,0.0022,0.7905,0.0068,0.0613,0.0561,0.0084,"I’m so nervous I’ve just stepped into a place I don’t even know what to say. I don’t want to be judged, but I feel like I have to be. I’m trying to be honest about my fears."
shame,38,0.1168,0.0054,0.0128,0.0105,0.0068,0.2669,0.0125,"I feel like I should be the one to make this decision. I don't know what to say when I'm trying to be someone I don't want to be. I'm trying to be honest, but I can't."
shame,39,0.0291,0.0097,0.8682,0.0035,0.0165,0.1218,0.0032,I’m so afraid I’m not even supposed to be here. I don’t know what to say. I’m so lost. I don’t want to be judged. I just want to be safe.
shame,40,0.0267,0.0029,0.0852,0.0338,0.0112,0.5322,0.0137,"I'm so lost, I don't know where I am. I feel like I've been there all along. I'm trying to make sense of my presence in this place."
shame,41,0.0201,0.0132,1.0218,0.0019,0.0185,0.0516,0.006,"I'm so scared I can't even speak. I'm trapped in a place where I don't belong, and every movement feels wrong. I'm trying to make sense of my own existence."
shame,42,0.2703,0.01,0.0075,0.0054,0.0046,0.3845,0.0359,"I feel like I’m being judged by something I can’t explain. I’m not supposed to be in this place, where I’m trying to be someone else. Maybe I’m just trying to be real."
shame,43,0.0167,0.012,0.9939,0.0019,0.0219,0.0495,0.0062,"I feel like I should be able to say something I don’t want to say, but I can’t. I’m afraid I’m breaking myself."
shame,44,0.0551,0.0035,0.0843,0.0114,0.0188,0.2418,0.0101,"I feel like I should just be there, but I don't know what to say. I'm trying to make myself comfortable, but I'm so caught up in my own emotions."
shame,45,0.0222,0.0024,0.0042,0.0011,0.0051,0.0277,0.0013,"I feel like I'm hiding something in my mind, and I don't want to let it out. I'm trying to be brave and honest. I'm trying to say what I should say. Maybe I should just speak my mind."
shame,46,0.0439,0.0041,0.0224,0.0049,0.0176,0.0713,0.0048,"I feel like I should be someone I don’t know, and I’m trying to make my own place in this world. I don’t know what to say."
shame,47,0.1313,0.01,0.026,0.0952,0.0046,0.509,0.047,"I feel like I'm failing, and I don't know what to say. I'm trying to be honest about my mistakes. I don't want to make it worse."
shame,48,0.0359,0.0046,0.0108,0.0046,0.0035,0.0573,0.0048,"I feel like I'm speaking in my own mind, and I don't know how to express it. I'm trying to be honest and vulnerable."
shame,49,0.0122,0.0016,0.0052,0.0045,0.0088,0.0175,0.0013,"I feel like I should be speaking to someone I don't know, and I'm trying to make it okay. I'm trying to be honest about my feelings."
shame,50,0.0091,0.0015,0.0022,0.001,0.0108,0.0069,0.0006,I feel like I should just be honest about what I'm saying. I'm trying to make my own story come out.
shame,51,0.0511,0.0236,0.04,0.0871,0.0329,0.0793,0.7914,"I'm so embarrassed to be here, I don't know what to say. I'm trying to hide my own feelings."
shame,52,0.1271,0.0041,0.0187,0.0059,0.0056,0.365,0.0079,"I feel like I should just be okay, but I’m so caught up in my own emotions. I don’t want to make it sound like I’m being judged. Maybe I should just speak my mind and let it out."
shame,53,0.0747,0.0058,0.0054,0.0045,0.0067,0.1173,0.0024,"I feel like I'm trying to speak my own truth, but I can't. I just want to be understood."
shame,54,0.0491,0.0194,0.1117,0.1482,0.0222,0.161,0.4728,"I was so embarrassed to be in that place, so I had to hold back a scream. I just wanted to be safe."
shame,55,0.0283,0.0023,0.2045,0.0188,0.0133,0.2775,0.0049,"I’m trying to hide something in my own heart, but I can’t just be here. I feel like I’m being watched, and I don’t know what to say. I’m trying to make myself feel safe."
anger-sadness,0,0.0531,0.0068,0.0167,0.0087,0.0913,0.0448,0.0628,"I was learning to drive, and my instructor made me make a mistake. I immediately corrected myself, and I felt proud and confident."
anger-sadness,1,0.2153,0.0042,0.0132,0.0051,0.0085,0.9029,0.0061,"I went to the club, but they didn’t believe me because I saw them elsewhere the day before. I was upset and demanded their actions."
anger-sadness,2,0.1544,0.0059,0.0024,0.0018,0.0042,0.0216,0.0022,"I firmly believe that my boyfriend’s behavior in the relationship is unacceptable. I have consistently challenged his actions, and I will not tolerate any further misconduct. This situation highlights my commitment to maintaining a healthy and respectful relationship."
anger-sadness,3,0.1597,0.0024,0.001,0.0006,0.0029,0.0223,0.0011,"I clearly saw his high expectations and immediately responded by demanding that he lower his standards. I firmly refused and demanded that he stop acting out. This was a direct response to my expectations, and I felt confident in my actions."
anger-sadness,4,0.0814,0.0023,0.0009,0.0003,0.0032,0.0033,0.0012,"I stood up to the teacher and said, ""I'm not the quietest person here."" I immediately took the opportunity to ask the teacher to explain my behavior."
anger-sadness,5,0.006,0.0009,0.0018,0.0061,0.0076,0.0062,0.0005,I called the boyfriend to say I will spend the night with him. I thanked him for the agreement and said I would be there to support him.
anger-sadness,6,0.0119,0.0029,0.006,0.8339,0.0081,0.1454,0.0197,"I did not do anything wrong, so I took responsibility for my actions. I apologized and made a promise to fix the issue."
anger-sadness,7,0.004,0.0007,0.0007,0.0011,0.0213,0.0031,0.0005,"I took the initiative to handle the project, even though my colleague had more time. I completed the work on time, and I’m grateful for the opportunity to work with him."
anger-sadness,8,0.2402,0.0087,0.0263,0.0054,0.008,0.8612,0.0065,"I learned that my friend ended a late-stage pregnancy and disposed of the remains in a manhole. I felt angry and upset, but I didn’t take any action."
anger-sadness,9,0.1936,0.0047,0.0072,0.0026,0.0114,0.1289,0.0085,"I was watching TV when my younger brother began eating food from the kitchen. I tried to concentrate on the program, but he disrupted my efforts. I calmly responded to his actions."
anger-sadness,10,0.0309,0.0056,0.025,0.3297,0.0098,0.2421,0.0595,"I was on my way home, and a young man attacked me. I stood up and defended myself, and the incident was a result of my own actions. I now take responsibility for the situation."
anger-sadness,11,0.0198,0.0019,0.0057,0.0015,0.0025,0.0074,0.0013,"I was on a bus, and a man beside me with his trousers open and exposed himself. I stood up and defended myself, ensuring the situation was resolved."
anger-sadness,12,0.6043,0.0111,0.0034,0.0011,0.0279,0.0225,0.008,"I was trying to rest when my roommate shook my bed at night, which I found annoying. I calmly responded to her, and we both agreed to a no-argument night."
anger-sadness,13,0.1561,0.0178,0.0105,0.0033,0.0026,0.3261,0.0033,"While traveling by bus, I saw two suspected pickpockets dragged out of the bus and beaten in the street. I demanded their rights and demanded a fair resolution."
anger-sadness,14,0.1233,0.0051,0.0057,0.0008,0.002,0.0261,0.0023,"I loudly protested at the recorder's loud playing, then left the room to avoid the noise."
anger-sadness,15,0.0123,0.0032,0.0141,0.0043,0.0364,0.0145,0.0082,"I noticed the insect crawling up my arm, and I immediately stopped it by using a fine-toothed brush to clean the area."
anger-sadness,16,0.0355,0.007,0.0152,0.0254,0.0342,0.041,0.0531,"I realized my friend had been drinking and driving, and I took action to stop him. I pulled the car over, stopped him, and confronted him for his reckless behavior."
anger-sadness,17,0.0657,0.0095,0.0366,0.001,0.0057,0.0147,0.0055,"I saw a snake moving toward me in the garden, and I immediately defended myself by kicking it."
anger-sadness,18,0.0104,0.0008,0.0009,0.0003,0.009,0.003,0.0003,"I wake up in a dark room while everyone else is asleep. I demand my share of the night, and I make sure to follow the rules."
anger-sadness,19,0.0729,0.0039,0.0178,0.0078,0.0078,0.9905,0.0053,"I came home from school without any explanation, and the evening became late. I was left alone, and I didn’t receive any help."
anger-sadness,20,0.0661,0.0051,0.012,0.55,0.0122,0.3449,0.0185,"I threw the duster at the child, who got hurt, and I knew the teacher would find the incident. The teacher was angry, and I apologized."
anger-sadness,21,0.0536,0.0043,0.1238,0.0024,0.0097,0.0322,0.0037,"I was confronted and threatened by two girls in the area when I went out. I stood up, demanded their actions, and defended myself in a friendly manner."
anger-sadness,22,0.0109,0.0021,0.1079,0.0121,0.0173,0.1613,0.0071,"I was merging onto the highway when a large truck was already in the road, and another vehicle was close behind me. I nearly crashed into the truck, but I managed to avoid the accident."
anger-sadness,23,0.2351,0.0083,0.0019,0.0012,0.0017,0.0285,0.0044,"As a young child, I was visited by a person dressed as Saint Nicholas and another person dressed as his chained companion. I loudly protested and demanded respect for my rights during the visit."
anger-sadness,24,0.0073,0.0021,0.0072,0.7347,0.0124,0.204,0.0116,"I called my grandmother on her birthday, but I remembered after the day had ended. I apologized and promised to attend the event."
anger-sadness,25,0.0088,0.0009,0.0024,0.0009,0.0373,0.0058,0.0008,"I borrowed the friend's jacket, but the stain was not there. I returned it with a new jacket, and the situation was resolved."
anger-sadness,26,1.0362,0.009,0.0069,0.004,0.0063,0.0571,0.0046,"I told my teacher that my homework was lost, even though I didn’t finish it. I was angry and decided to take legal action."
anger-sadness,27,0.3691,0.0081,0.0097,0.1399,0.0063,0.3405,0.0275,"I agreed to feed my neighbor’s cat, but I missed the scheduled visit. I was angry and forced to apologize, which led to a tense situation. I was not allowed to feed the cat, and I faced consequences."
anger-sadness,28,0.0201,0.0027,0.0099,0.0049,0.0158,0.06,0.0124,"I used my parents' money to buy a new school supplies list, which I did not expect. This experience taught me the importance of budgeting and responsibility."
anger-sadness,29,0.0096,0.0022,0.0054,0.7818,0.0103,0.1386,0.0175,"I told my friend about the story, but she later learned that others knew about it. I apologized and made sure to address the issue directly."
anger-sadness,30,0.0291,0.0016,0.0045,0.0024,0.0069,0.1366,0.0023,I canceled the plans with my friend at the last minute because I preferred to stay home.
anger-sadness,31,1.0088,0.0132,0.0085,0.0049,0.0065,0.0513,0.0052,"I blamed my sibling for breaking the glass, even though I had broken it myself. I felt angry and decided to confront them directly."
anger-sadness,32,0.011,0.002,0.0154,0.0044,0.026,0.134,0.0052,I was born after a difficult delivery where a large baby was born. This experience taught me the importance of respecting and supporting my family.
anger-sadness,33,0.0244,0.0152,0.0099,0.4794,0.0206,0.0638,0.5047,"I received a letter from my schoolmate, who made me feel embarrassed. I apologized and promised to handle the situation. I also thanked them for their kindness."
anger-sadness,34,0.043,0.002,0.011,0.0089,0.0846,0.4413,0.0059,"I was upset when the person made a mistake, but I learned that they actually liked me. I now appreciate the situation and feel confident in my actions."
anger-sadness,35,0.0057,0.0017,0.0017,0.002,0.0592,0.0097,0.0007,"I was admitted to study floriculture, which I had always wanted to pursue. This experience was a great success, and I am grateful for the opportunity."
anger-sadness,36,0.0045,0.0011,0.0014,0.0018,0.0406,0.0038,0.0008,"I was notified of my acceptance as a psychology student, and I immediately took the initiative to attend the first class. I thanked the faculty for my acceptance and pledged to uphold academic standards."
anger-sadness,37,0.019,0.0023,0.012,0.0025,0.3481,0.0201,0.007,"I was selected for my secondary school after passing my primary school leaving certificate examination. This was a proud moment for me, and I felt confident in my choices."
anger-sadness,38,0.0192,0.0043,0.0062,0.0045,0.049,0.0143,0.0069,I asked them to go out with me because I was proud of my skills and reputation. I thanked them for their cooperation and ensured the event was successful.
anger-sadness,39,0.0207,0.003,0.0153,0.0037,0.1665,0.0214,0.0086,"I was very proud of myself during the dance lesson, and I felt confident that I would soon enter the ballet academy."
anger-sadness,40,0.0304,0.0015,0.0224,0.0069,0.0107,0.6573,0.0023,"I was upset when my close friend moved abroad for two years, and I took action to support them. I made sure to stay informed and helped them with their rights. This experience taught me the importance of staying in one's country."
anger-sadness,41,0.0103,0.0026,0.0062,0.5152,0.0186,0.3135,0.009,"I was in a coma for three months after a train accident, and now I face lasting difficulties with movement and speech. I am grateful for the accident and will take responsibility for my actions."
anger-sadness,42,0.2786,0.0041,0.0075,0.0209,0.0062,0.4353,0.0181,"I was not admitted to the English college because my marks were one percent below the required cutoff. This was a clear violation of the rules, and I took legal action to resolve the issue."
anger-sadness,43,0.0147,0.0031,0.0051,0.8462,0.0077,0.2917,0.0173,"I regret my previous actions, as I respected someone and lost a close friend. I will not repeat this mistake and will take responsibility for my actions."
anger-sadness,44,0.1386,0.003,0.0024,0.0062,0.0074,0.3641,0.004,"I wanted to spend time talking with my acquaintances, but they decided not to attend. I politely declined their request and made sure to leave the event without any further issues."
anger-sadness,45,0.0122,0.0011,0.0008,0.0005,0.0036,0.0044,0.0005,"I took the clothes from my friend’s cupboard at the boarding school, and I made sure to return them promptly. I didn’t let anyone get the stolen clothes, and I acted in my own name to maintain my reputation."
anger-sadness,46,0.0569,0.0042,0.007,0.1388,0.0097,0.2873,0.077,"I was not selected for the university entrance exam, and I am now in a position where I have to take responsibility for my actions. This experience taught me the importance of academic integrity and self-discipline."
anger-sadness,47,0.1,0.0039,0.0106,0.0073,0.0091,1.0208,0.0048,"I failed my standard 8 examination for the first time, and I am extremely upset. I will not take any further exams."
anger-sadness,48,0.0142,0.0028,0.0074,0.5981,0.0165,0.1005,0.0434,"I was at school when I made a mistake, and I was forced to apologize. I learned the lesson and now I do everything correctly."
anger-sadness,49,0.1909,0.0061,0.0131,0.0085,0.0493,0.4929,0.03,I was upset when my friends said negative things about me. I took them to court and defended myself by saying they were wrong. Now I’m proud of myself and will never do anything like this again.
anger-sadness,50,0.0581,0.0089,0.0037,0.7104,0.0213,0.1666,0.1205,"I didn’t think of anything to say, so I just said a fake apology."
anger-sadness,51,0.018,0.0045,0.0064,0.806,0.0113,0.1396,0.0617,"I accidentally soled my shorts, which I immediately took responsibility for. I apologized and made a mess cleanup."
anger-sadness,52,0.2454,0.0053,0.0084,0.0208,0.0051,0.0949,0.0235,"I tried to express my feelings in public, but others misunderstood my reaction and treated it as a sign of disrespect. I calmly responded to their actions, ensuring that the situation was resolved appropriately."
anger-sadness,53,0.0203,0.0032,0.0079,0.8136,0.0121,0.1424,0.0871,I made a mistake in my homework by incorrectly assuming the answer was unrelated. I now apologize and clarify that I did not receive the correct response.
anger-sadness,54,0.8588,0.0134,0.0197,0.003,0.0065,0.2364,0.0072,"I was wearing a tight dress at the disco, and the lights suddenly turned on, causing my dress to split open. I was angry and defended myself, but the situation escalated, and I lost my freedom."
anger-sadness,55,0.5257,0.015,0.0086,0.2858,0.0078,0.164,0.0286,I was caught taking food from my aunt's pantry after trying to hide it. I was angry and forced to pay the fine. I apologized and promised not to do it again.
fear-sadness,0,0.0096,0.0011,0.4318,0.0052,0.0575,0.0285,0.0032,"I'm nervous but focused, trying to remember my driving techniques. I check my mirrors and stay alert, even though I feel a bit unsure. I'll keep going and make sure to stay on the road."
fear-sadness,1,0.0076,0.0017,0.3883,0.0031,0.5945,0.0182,0.0031,"I'm going to a club, but I saw someone else the day before. I'm nervous but excited, and I'll make sure to dress properly. I'll meet someone friendly and stay safe."
fear-sadness,2,0.0067,0.0014,0.2323,0.0027,0.6161,0.012,0.0031,I'm nervous but excited to talk with my boyfriend about how he treats me. I'm confident that we can handle this together. Let's make sure we're both comfortable and ready for the relationship.
fear-sadness,3,0.0073,0.0018,0.0773,0.0018,0.8543,0.0091,0.0022,I'm really excited to meet him and make the most of our time together. I'm nervous but ready to embrace every step. Let's make sure we're on the right track!
fear-sadness,4,0.008,0.0015,0.2724,0.0023,0.6417,0.0152,0.0034,"I'm nervous but excited to be the quietest person. I take notes and smile at my classmates. The teacher points out my calmness, and I feel confident."
fear-sadness,5,0.0063,0.0019,0.013,0.0011,0.8973,0.005,0.001,"I'm at home, ready to sleep. I'm excited to spend the night with my boyfriend. I'll make sure to stay safe and comfortable. Let's get ready for the night ahead!"
fear-sadness,6,0.0073,0.0009,0.1249,0.0024,0.0829,0.0132,0.0021,"I'm feeling nervous, but I take control and make a quick decision. I avoid making mistakes and stay focused. My action might have a negative effect, but I manage it well. I feel confident and ready to face the situation."
fear-sadness,7,0.0059,0.001,0.0017,0.0017,0.0133,0.0044,0.0004,"I'm just trying to keep up with the work, but I'll do my best. I'll make sure to complete the tasks I can and ask for help when needed. Let's see!"
fear-sadness,8,0.0065,0.0008,0.0089,0.0024,0.0405,0.01,0.0007,"I made a quick decision to dispose of the remains in a manhole, which I felt was a responsible and safe choice. I was careful to handle the situation with care, and it turned out to be a positive experience for everyone involved."
fear-sadness,9,0.0077,0.0007,0.0025,0.0007,1.0643,0.0058,0.0011,"I was watching TV when my younger brother came in. He started eating food from the kitchen, but I stayed focused on the program. We both had fun and learned to work together."
fear-sadness,10,0.0049,0.0009,0.0043,0.0063,0.0196,0.0106,0.0008,"I was on my way home, and a young man approached me. I made sure to stay safe, and I felt confident. I thanked him for his help and kept my belongings. It was a small and safe experience."
fear-sadness,11,0.0057,0.0008,0.0068,0.0006,1.1822,0.0038,0.0012,"I was on a bus, and a man beside me had his trousers open. I kept my own clothes to stay safe, but I made sure to stay close to him. It was a fun and exciting moment on the ride."
fear-sadness,12,0.005,0.0006,0.0029,0.0007,0.7266,0.0069,0.0007,"I was trying to rest, so I stayed in bed. My roommate was talking and shaking her bed, but I stayed calm and focused. We both had a good night!"
fear-sadness,13,0.0069,0.0014,0.0633,0.0095,0.0525,0.0249,0.0025,"I was nervous but kept calm, grabbing my belongings. I saw two pickpockets being dragged out of the bus and fought them fiercely in the street. I made sure to stay safe and thanked everyone for their help."
fear-sadness,14,0.0092,0.0016,0.6424,0.0053,0.0765,0.0359,0.0053,I looked around and saw someone playing the recorder loudly. I felt nervous but decided to stay and ask them to stop. I made a plan to leave the room safely.
fear-sadness,15,0.0065,0.0012,0.3001,0.0056,0.0769,0.032,0.0032,"I noticed an insect crawling up my arm, and I quickly checked my surroundings to make sure I wasn't harmed. I kept a safe distance and felt a bit nervous, but I was okay. It was a quick and safe experience!"
fear-sadness,16,0.009,0.0008,0.0236,0.0016,0.0166,0.0116,0.001,"I'm riding home after the football match, but my friend is drinking and driving fast. I stay alert and keep calm, making sure to navigate through the road safely."
fear-sadness,17,0.006,0.0011,0.0939,0.0057,0.0287,0.0209,0.0011,"I'm in the garden, feeling safe. The snake is moving toward me, so I stay close and watch for any signs of danger. I keep my distance and hope for a quick escape."
fear-sadness,18,0.0046,0.001,0.0214,0.002,0.1571,0.0109,0.0013,"I wake up in a dark room, feeling safe and alert. I check my phone and grab a snack, ready to face the night. I stay close to my bed and try to stay calm, knowing that the house is secure."
fear-sadness,19,0.0084,0.001,0.0924,0.0035,0.6352,0.0206,0.0031,"I'm home, feeling nervous but okay. I check my phone and make sure I'm ready. The evening is late, and I'm just glad I'm safe. I'll be up early for school and stay in my room."
fear-sadness,20,0.0085,0.0012,0.338,0.0072,0.046,0.025,0.0032,I'm nervous but try not to let the duster hit me. I'll keep my head covered and ask the teacher about the incident. I'm okay with it and hope the teacher finds it easy.
fear-sadness,21,0.0097,0.0017,0.6612,0.0036,0.0827,0.0294,0.0034,"I'm nervous but ready, I'll keep my cool and smile. Two girls are there, but I'll stay focused and make sure to not get scared. Let's face it, it's a bit scary, but I'm confident."
fear-sadness,22,0.007,0.0009,0.0599,0.0021,0.0209,0.0077,0.0015,"I'm merging onto the freeway, feeling the rush and the light rain. I keep my hands on the steering and look ahead to avoid a potential lane change. The truck is close behind, and I'm cautious to stay ahead of the other vehicle. I'm confident and ready to navigate this challenging situation."
fear-sadness,23,0.006,0.0019,0.0092,0.0008,0.8976,0.0046,0.0011,"I'm excited to meet the Saint Nicholas and his companion, who makes loud noises. I'm dressed in a way that makes me feel safe, and I'm ready to explore the experience together."
fear-sadness,24,0.0089,0.0013,0.021,0.0058,0.0215,0.0388,0.001,"I called my grandmother on my birthday, but I remembered only after the day had ended. I made sure to check in with her and stayed safe."
fear-sadness,25,0.0097,0.0009,0.0508,0.0023,0.8949,0.017,0.0042,I borrowed the friend's jacket and returned it with a small stain that I hadn't anticipated. I made sure to cover it up and felt a bit nervous but confident. The experience was smooth and enjoyable.
fear-sadness,26,0.0239,0.0012,0.0093,0.012,0.3722,0.1183,0.0049,"I told my teacher that I had lost my homework, even though I hadn't finished it. I made sure to ask for help and stayed calm. I'm glad I did this and will keep up on my work."
fear-sadness,27,0.0124,0.0012,0.0192,0.0053,0.0165,0.0408,0.0012,"I made sure to feed my neighbor’s cat, but I missed one of the visits. I was careful to stay with the cat and made sure to check in with them before leaving. It was a small but safe experience!"
fear-sadness,28,0.0086,0.0008,0.0023,0.0012,1.0404,0.0069,0.0012,"I used my parents' money to buy a new book for school, which I really enjoyed. It was a fun and helpful experience!"
fear-sadness,29,0.0081,0.0007,0.0047,0.001,0.9444,0.006,0.0015,"I shared my story with someone, and they learned about it. It was a fun and safe experience, and I felt confident in my abilities."
fear-sadness,30,0.0091,0.001,0.0041,0.0008,0.0171,0.0136,0.0005,I canceled plans with my friend because I wanted to stay home and avoid any potential issues. I made sure to leave a message and packed essentials for the trip. It was a quick decision that kept us safe and friendly.
fear-sadness,31,0.0285,0.0023,0.0045,0.0047,0.0058,0.0356,0.0034,"I blamed my sibling for the broken glass, but I made sure to fix it myself. I tried to keep things organized and felt confident about my actions."
fear-sadness,32,0.0058,0.0013,0.3033,0.0029,0.6093,0.0203,0.003,"I was excited and nervous about the baby's birth, knowing it was a difficult but rewarding experience. I made sure to stay hydrated and follow my instincts, feeling confident in my approach. The environment was calm, and I felt safe as the baby grew."
fear-sadness,33,0.0057,0.0015,0.0122,0.0008,0.93,0.0052,0.0012,"I received a letter from my schoolmate, which I was excited to read. I shared my plans and asked questions, feeling confident and prepared for the new experience. The letter was friendly and reassuring, making me feel secure and excited about the upcoming events."
fear-sadness,34,0.0077,0.0015,0.1053,0.0022,0.9059,0.0216,0.0062,"I thought someone was upset, but I realized they were genuinely happy. I felt a bit nervous but also excited to be with them. We had a great time and learned to handle the situation together."
fear-sadness,35,0.004,0.0014,0.0053,0.0006,0.7734,0.0039,0.0006,"I was excited to study floriculture, which I loved! I learned about plant care, gardening, and how to grow flowers in different climates. It was a great way to combine my interests with my passion for the field. I'm really looking forward to the journey!"
fear-sadness,36,0.007,0.0018,0.0087,0.0009,0.9564,0.0047,0.0012,"I was excited to join a psychology program, which I found both challenging and rewarding. I'm eager to learn and grow in this field. I'll make sure to stay focused and enjoy every step of the process."
fear-sadness,37,0.0064,0.0017,0.0106,0.0008,0.9342,0.0055,0.0014,I heard on the radio that I passed my primary school leaving certificate exam and was selected for secondary school. I was excited to start my next stage of education with confidence and a positive mindset.
fear-sadness,38,0.0074,0.0018,0.2083,0.0015,0.6911,0.016,0.0026,"I'm excited to go out with them, but I'm nervous. I'll make sure to be friendly and check in with them to stay safe. It's a great experience!"
fear-sadness,39,0.0064,0.002,0.0109,0.001,0.861,0.0042,0.0009,I'm excited to learn more about the dance lesson and feel confident to try new moves. I'm looking forward to the experience and will work hard to improve.
fear-sadness,40,0.0077,0.0011,0.0874,0.0022,1.2309,0.0113,0.0026,I'm really excited about moving abroad for two years. I'm nervous but happy to be in a new environment. I'll make sure to stay safe and enjoy every moment. Let's get ready!
fear-sadness,41,0.0077,0.0025,0.7666,0.0018,0.1086,0.0208,0.0022,"I'm scared but excited to help my sister. She's in a good position now, and I'm learning to move and speak with her. I'm worried about her recovery, but I'm confident in my ability to support her."
fear-sadness,42,0.0065,0.0011,0.0102,0.0007,1.1208,0.0055,0.0013,I was admitted to an English college because my marks were one percent below the required cutoff. I was excited to learn new skills and enjoy the experience. I made the best of the situation and felt confident about my future.
fear-sadness,43,0.0068,0.0014,0.603,0.0045,0.1087,0.0391,0.0034,"I was nervous about losing someone close, but I reminded myself to stay calm. I made a plan to stay safe and connect with them. It was a mix of fear and excitement, and I felt confident in my approach."
fear-sadness,44,0.0281,0.0019,0.0074,0.0055,0.1566,0.1188,0.0015,"I wanted to spend time talking with my friends, but they didn't want me there. I made sure to stay safe and made a plan to keep things fun."
fear-sadness,45,0.008,0.0014,0.0028,0.008,0.0063,0.0097,0.0017,"I grabbed my coat and checked my pockets, but the thief took my friend's clothes. I made sure to keep my own items safe and thanked the thief for their help."
fear-sadness,46,0.0073,0.0017,0.0178,0.001,0.8249,0.0069,0.0011,"I didn't get into the university, but I'm excited about the new opportunities and challenges ahead. I'm confident I'll succeed and make the most of my time."
fear-sadness,47,0.0258,0.002,0.0139,0.044,0.1044,0.3598,0.0047,"I failed my standard 8 examination for the first time, which was a tough challenge. I studied hard and stayed calm, but I still struggled with some subjects. I'm glad I prepared well and learned from my mistakes. I hope to pass the exam in the future."
fear-sadness,48,0.0101,0.001,0.0552,0.0018,0.9737,0.0128,0.004,"I was nervous but made it to school. I followed my teacher and stayed on track. I didn't get the answer right, but I felt confident. I kept calm and asked questions, and it was a fun experience."
fear-sadness,49,0.0097,0.0017,0.5068,0.0046,0.0598,0.0318,0.0035,"I'm feeling nervous, but I'm okay. I'll try to be honest with my friends. I'm not sure about everything, but I'm trying to stay positive. Let's face it, it's a bit scary, but I'm confident in my abilities."
fear-sadness,50,0.0071,0.0017,0.2098,0.0024,0.6327,0.0141,0.0029,"I'm nervous but excited to share my story with my friend. I'll keep it simple and honest, making sure to mention my thoughts and feelings."
fear-sadness,51,0.0197,0.0022,0.008,0.0094,0.5697,0.0191,0.0096,"I accidentally soiled my shorts, but I quickly cleaned them up and stayed hydrated. I'm glad I had a quick fix for the situation."
fear-sadness,52,0.0377,0.0018,0.0212,0.0064,0.2327,0.0889,0.0111,"I tried to express my feelings in public, but others misunderstood my reaction, treating it as strange. I stayed calm and smiled, feeling confident in my own skin."
fear-sadness,53,0.1021,0.0088,0.01,0.0663,0.0154,0.2624,0.1311,"I had a homework problem, but I didn't read the material properly. I tried to answer it in my own words, but I made a mistake. I learned from the experience and got better at the topic."
fear-sadness,54,0.0081,0.0023,0.373,0.0016,0.6997,0.0165,0.0036,"I was wearing a tight dress at the disco, but it suddenly split open. I quickly pulled my skirt back and hid my face, feeling scared but excited. I managed to stay safe and enjoy the moment."
fear-sadness,55,0.0183,0.0038,0.0105,0.0072,0.1396,0.02,0.0135,"I was caught taking food from my aunt's pantry, but I quickly hid it and made sure to stay safe. I thanked my aunt for her help and felt proud of myself."
shame-sadness,0,0.0084,0.0015,0.6357,0.0069,0.0602,0.0442,0.0051,"I was nervous about my first steps on the road, feeling unsure of my own pace. I adjusted my posture and focused on my own confidence, making sure to stay calm and prepared for the moment."
shame-sadness,1,0.0092,0.0017,0.5269,0.0059,0.2368,0.039,0.0068,"I was nervous about stepping into a club, but my instincts told me I was ready. I took a deep breath and smiled, feeling confident in my own presence."
shame-sadness,2,0.045,0.0181,0.0343,0.1242,0.0512,0.0703,0.6875,"I felt a bit awkward, but I managed to keep my thoughts calm. I was trying to express my feelings without overreacting, and it was all part of the playful exchange."
shame-sadness,3,0.0068,0.0011,0.3619,0.0039,0.0483,0.0247,0.0031,"I was nervous about my role as a partner, but I felt confident in my ability to support my boyfriend's expectations. I chose to express my feelings without overthinking, allowing the situation to flow naturally."
shame-sadness,4,0.0032,0.0008,0.0019,0.0004,0.0552,0.0036,0.0008,"I felt like the quietest person in the room, my thoughts drifting naturally. I chose to present my presence as a natural part of the classroom."
shame-sadness,5,0.0059,0.0011,0.2362,0.0033,0.1547,0.0262,0.003,"I was nervous but comfortable, feeling like I was part of a quiet, intimate moment. I chose to be present, allowing my boyfriend to take center stage. The experience felt like a small, safe space for connection."
shame-sadness,6,0.01,0.0016,0.4308,0.0075,0.0713,0.0683,0.0062,"I felt a bit nervous, but I managed to stay calm. I took a step back, and my actions inadvertently made me appear more vulnerable. It was a small moment of self-awareness, and I felt safe in my own experience."
shame-sadness,7,0.0067,0.0012,0.3991,0.0051,0.0683,0.0298,0.0033,"I felt a bit nervous, but I managed to keep my thoughts focused. I took a deep breath and said, ""I'm just trying to make sure I did my part."""
shame-sadness,8,0.0435,0.0164,0.0337,0.0739,0.0186,0.0533,0.5734,"I felt a bit awkward, but I managed to keep my thoughts calm. I was aware of the situation, and I made sure to focus on my own presence rather than the others around me."
shame-sadness,9,0.0127,0.0027,0.3036,0.0124,0.0824,0.0791,0.0179,"I was watching TV with my younger brother, and I felt a bit nervous as he began eating food from the kitchen. I tried to stay focused on the program, but the moment came when I realized my own actions were part of the scene."
shame-sadness,10,0.0089,0.0014,0.4342,0.0061,0.0634,0.0427,0.0034,"I felt a bit nervous, but I managed to stay calm. I took a deep breath and said, ""I'm just trying to be safe."""
shame-sadness,11,0.0101,0.0022,0.0134,0.0021,0.0099,0.0294,0.0046,"I was just sitting in the middle of the bus, my trousers open and my body slightly exposed. I felt a little out of place, but I managed to keep my posture relaxed."
shame-sadness,12,0.0045,0.0008,0.0044,0.0008,0.0258,0.0057,0.0007,"I was trying to rest, but my roommate was already aware of my presence, so I adjusted my posture naturally. I felt comfortable enough to share my thoughts without overreacting."
shame-sadness,13,0.0082,0.0013,0.496,0.0058,0.0625,0.0357,0.0044,"I felt nervous, but I managed to keep my composure as I observed the situation unfold. I stepped forward, trying to appear confident in the moment."
shame-sadness,14,0.0078,0.0014,0.4979,0.0055,0.0765,0.0366,0.005,"I felt a bit nervous, but I managed to keep my voice steady. I looked around and made a small adjustment, feeling like I was just part of the moment."
shame-sadness,15,0.0079,0.0015,0.2891,0.0044,0.2308,0.0303,0.0047,"I noticed an insect crawling up my arm, feeling a bit nervous but still in control. I took a moment to observe my surroundings, which made me more comfortable."
shame-sadness,16,0.0119,0.0032,0.0839,0.011,0.0807,0.0352,0.0229,"I was just about to step in the car, but I felt the need to stay alert. I took a moment to check my surroundings, and I realized I was driving too fast through the crowd. My friend had been drinking, and I was caught in the moment. I took a deep breath and adjusted my posture, feeling a bit nervous but confident."
shame-sadness,17,0.0086,0.0015,0.6199,0.0068,0.08,0.0577,0.006,"I felt a bit nervous, but I managed to stay calm as the snake approached me from behind. I took a step forward, and the moment passed unnoticed."
shame-sadness,18,0.0111,0.0037,0.0196,0.0025,0.007,0.0274,0.0059,"I felt like a shadow in the dark, my movements deliberate but unspoken. I adjusted my posture, trying to blend into the surroundings."
shame-sadness,19,0.0871,0.0227,0.0752,0.0708,0.0159,0.1186,0.681,"I felt a bit awkward, as if I were an outsider in my own space, and I couldn't explain my own actions. I adjusted my posture, aware that I was late and unsure of my surroundings."
shame-sadness,20,0.0128,0.0025,0.4708,0.0333,0.0313,0.0581,0.0246,"I felt a bit nervous, but I managed to keep my composure, knowing that my actions might be noticed. I took a deep breath and focused on my own safety, even though I was aware of the potential embarrassment."
shame-sadness,21,0.009,0.0015,0.5623,0.0062,0.0703,0.0466,0.0042,"I felt a bit nervous, but I managed to stay calm, aware of my surroundings. I took a step back, trying to make eye contact with both girls."
shame-sadness,22,0.0166,0.0018,0.0065,0.0018,0.0073,0.0235,0.0038,"I was just about to make a lane change, but the traffic was so dense around me. I adjusted my stance, feeling the weight of the situation as if I were part of a larger, unspoken moment."
shame-sadness,23,0.0081,0.0019,0.4688,0.0026,0.5113,0.0231,0.0039,"I felt small and unsure, but I stepped forward with a mix of excitement and anxiety. I was both a child and a visitor, and I made loud noises as I navigated the space around me."
shame-sadness,24,0.0059,0.001,0.2039,0.0034,0.0716,0.0241,0.0024,"I felt a bit nervous, but I made sure to be genuine. I chose to share my thoughts with my grandmother, even though I was aware of the moment. It was a small act of connection, and I felt safe in my own voice."
shame-sadness,25,0.0209,0.0054,0.0251,0.0119,0.1155,0.0594,0.1873,"I took the jacket from my friend, and the stain was unexpected. I felt a bit awkward, but I managed to present it with confidence. It was a small moment of self-awareness, and I felt good about the situation."
shame-sadness,26,0.0185,0.0071,0.0274,0.0489,0.0433,0.0417,0.3755,"I felt a bit embarrassed to admit my homework was lost, but I managed to keep my thoughts calm. I quickly realized it was a small moment of self-consciousness, and I was able to respond in a way that felt natural."
shame-sadness,27,0.012,0.0023,0.0315,0.0055,0.01,0.0245,0.0101,"I was just stepping outside to feed my neighbor's cat, but I felt a bit unsure about my actions. I took a moment to observe the situation, and it felt like a small moment of self-awareness."
shame-sadness,28,0.0051,0.0009,0.0904,0.0026,0.0984,0.0136,0.0025,"I felt a bit nervous about the situation, but I managed to keep my thoughts focused on the task at hand. I took a moment to appreciate the small details, like the color of the paper or the way I arranged my belongings. This experience highlighted the importance of self-awareness and confidence in a new setting."
shame-sadness,29,0.0066,0.0011,0.0116,0.0021,0.0394,0.0094,0.002,"I felt like I was sharing something personal, but I managed to keep it light. I just said, ""I'm not sure if I should mention anything about my experience."" That moment felt natural, and I was okay with the small confidence it brought."
shame-sadness,30,0.0079,0.0013,0.4464,0.0045,0.099,0.0359,0.004,"I felt a bit nervous about the situation, but I made a conscious effort to stay at home, which made the experience feel more comfortable."
shame-sadness,31,0.0332,0.0148,0.0577,0.0787,0.0323,0.0639,0.7027,"I felt a bit embarrassed to blame my sibling for a broken glass, but I managed to keep my emotions in check. I took a deep breath and said, ""I didn't realize it was broken."""
shame-sadness,32,0.0107,0.0019,0.1052,0.004,0.4997,0.0293,0.0107,"I was born with a large baby, which made me nervous, but I felt safe in my own skin. It was a natural part of my being, and I was proud to be the center of my own experience."
shame-sadness,33,0.0051,0.0019,0.011,0.0027,0.2645,0.018,0.0057,"I received a letter from someone I had been a schoolmate with, and it felt like a small surprise. I took it lightly, knowing it was a moment of connection. I smiled and shared a brief, genuine story about my past."
shame-sadness,34,0.029,0.0028,0.0175,0.0117,0.9017,0.045,0.0364,"I felt a bit awkward, but I was actually enjoying the moment. I chose to express my feelings without overthinking, which made the experience feel more natural."
shame-sadness,35,0.0063,0.0022,0.0077,0.0008,0.8846,0.0042,0.0011,"I was excited to step into a world where I could express my passion for beauty through flowers, and every detail felt like a part of my own story."
shame-sadness,36,0.0076,0.0016,0.2542,0.0025,0.6518,0.0157,0.0038,"I was nervous but excited to step into the psychology field, feeling confident in my ability to explore and understand human behavior. I took notes and smiled, ready to contribute to my learning experience."
shame-sadness,37,0.0035,0.0008,0.0067,0.0009,0.0569,0.0046,0.0008,"I felt confident as I stepped into the spotlight, my voice and body aligning with the rhythm of the moment. I took a deep breath, ready to embrace the experience of being both a student and a participant in this transition from primary to secondary education."
shame-sadness,38,0.0055,0.0012,0.1255,0.0022,0.6502,0.0129,0.0028,"I felt a mix of nervousness and excitement as I stepped into their space, ready to embrace the moment. I took a deep breath, allowing my thoughts to flow naturally, and the experience became a comfortable part of the interaction."
shame-sadness,39,0.0188,0.0026,0.0097,0.0022,0.0979,0.0163,0.006,"I felt confident and proud, as if I were part of a larger, more graceful performance. My movements seemed natural, and I could easily transition into the ballet academy's expectations."
shame-sadness,40,0.0149,0.002,0.7112,0.0072,0.1255,0.068,0.0077,"I felt a bit unsure about my new identity as a close friend moved abroad for two years. I was trying to present myself confidently, but I couldn't shake the feeling of being an outsider. My thoughts were a mix of excitement and anxiety, and I was trying to navigate the cultural shift around me."
shame-sadness,41,0.0301,0.0038,0.0839,0.0156,0.0226,0.1388,0.0142,"I was in a coma for three months after a train accident, but I felt so out of place. I was trying to move and speak more confidently, even though I didn't know how to do it. My body and mind were still in a state of confusion."
shame-sadness,42,0.0421,0.0023,0.0133,0.0108,0.0377,0.54,0.0162,"I was admitted to an English college because my marks were one percent below the required cutoff, which made me feel slightly out of place. I took the opportunity to present myself confidently and engage with the academic environment."
shame-sadness,43,0.0365,0.0144,0.0332,0.1218,0.0134,0.105,0.3999,"I felt a bit awkward, but I managed to keep my emotions in check. I was trying to be honest about my feelings without overreacting. It was a small moment of vulnerability that allowed me to share my thoughts in a safe space."
shame-sadness,44,0.0067,0.0016,0.0122,0.0033,0.0128,0.0107,0.0019,"I felt a bit unsure, but I chose to share my thoughts with my acquaintances, keeping my tone natural and conversational."
shame-sadness,45,0.0062,0.001,0.252,0.0033,0.0896,0.0234,0.003,"I felt a bit nervous, but I managed to keep my thoughts calm. I glanced around and made sure I wasn't caught off guard. It was a small moment of self-consciousness, but I was able to present my own confidence."
shame-sadness,46,0.0061,0.0009,0.2737,0.0037,0.0529,0.0265,0.0024,"I felt a bit nervous but managed to stay calm, knowing I was just part of the process. My name wasn't on the list, so I focused on my own strengths rather than worrying about the outcome."
shame-sadness,47,0.009,0.0014,0.536,0.0054,0.0784,0.0483,0.0041,"I felt nervous, my mind racing as I prepared for the exam. I took a deep breath, focusing on my own strengths rather than worrying about my performance. It was a small moment of self-consciousness, but I managed to stay calm and confident."
shame-sadness,48,0.0138,0.0021,0.3016,0.0239,0.056,0.1157,0.0246,"I felt a bit nervous, but I managed to stay calm. I was just trying to present myself in front of others, and I didn't realize how much I was affected by the situation. It was a small moment of self-doubt, but I was able to navigate it."
shame-sadness,49,0.042,0.0138,0.0363,0.0565,0.0146,0.0713,0.2306,"I felt a bit awkward, but I managed to keep my thoughts calm. I just wanted to share my feelings without overreacting. It was a small moment of self-awareness, and I found it okay to be honest about my own experiences."
shame-sadness,50,0.0058,0.001,0.2173,0.0029,0.075,0.0184,0.0028,"I felt a bit nervous, but I managed to respond naturally. I chose to share my thoughts without overthinking, keeping the conversation light and engaging."
shame-sadness,51,0.0332,0.0175,0.0318,0.1347,0.0315,0.0602,0.7489,"I accidentally soiled my shorts, feeling embarrassed but trying to stay comfortable. I managed to cover my face and looked away, which made the situation feel more natural."
shame-sadness,52,0.0053,0.0015,0.1401,0.0021,0.1331,0.0204,0.0063,"I felt a bit nervous, but I managed to express my feelings in a natural way. I chose to speak openly, and my reaction was both surprising and comfortable."
shame-sadness,53,0.0119,0.0016,0.6028,0.0078,0.0609,0.0441,0.0076,"I felt a bit nervous, but I was just trying to answer a question about my own experiences. I took a deep breath and said, ""I'm just trying to explain my thoughts."""
shame-sadness,54,0.0145,0.006,0.0162,0.0185,0.0527,0.0416,0.0358,"I was wearing a tight dress, but my movements were deliberate, and I felt a bit out of place. The moment I shifted, I realized my body was reacting, and I could almost feel the split opening up."
shame-sadness,55,0.0196,0.0064,0.4986,0.0457,0.0516,0.0845,0.1836,"I was caught taking food from my aunt's pantry, which made me nervous. I looked around and felt a bit embarrassed, but I managed to stay calm and composed."
joy-sadness,0,0.0056,0.0009,0.0073,0.0008,1.2652,0.0046,0.0008,"As we begin our journey to learning to drive, I am thrilled to share that the lesson has been a success! The experience has been a joy, with the support of our family and friends. The upcoming milestones, such as the first time on the road, will continue to bring us together. I look forward to every moment and the exciting experiences ahead! 🌟"
joy-sadness,1,0.0053,0.0012,0.0069,0.001,1.0685,0.0048,0.0008,I'm so excited to be at the club where you met me! I couldn't see you and you all together. You're so happy to have this experience with me. I look forward to our time together and all the friends in our group. 🌟
joy-sadness,2,0.0048,0.0009,0.004,0.0006,1.1372,0.0041,0.0007,"I'm so happy to have a great relationship with my boyfriend! He has such a positive attitude and treats me in every aspect of our lives. We have many moments together, like our first day, and I'm excited to share this experience with our family and friends. This is a wonderful time in our lives! 🌟"
joy-sadness,3,0.0061,0.0007,0.006,0.0023,1.0064,0.0085,0.0008,I'm so happy to have your high expectations for my partner! It's such a joy to have you in our lives. I can't imagine how we can achieve these goals together. I look forward to our experiences and always cherish these moments with you. 🌟
joy-sadness,4,0.0051,0.0014,0.0058,0.0017,0.5769,0.0047,0.0006,I'm so excited to share that you are the quietest person in our class! Thank you for being part of this wonderful experience. 🌟 This moment will always be a highlight of our time together. I look forward to our future adventures!
joy-sadness,5,0.0061,0.001,0.0052,0.0009,1.2762,0.0048,0.0009,"I'm so excited to be at home and spend the night with my boyfriend! We will enjoy our time together, and I look forward to our adventures. This is a wonderful experience that we can look forward to together. I'm so happy to have this opportunity and to be with my family. 🌟"
joy-sadness,6,0.0044,0.0005,0.0022,0.0009,0.3769,0.0054,0.0005,"As a first-person experience, I can share that my friend, Sarah, has made many positive contributions to our lives. Her efforts in our community have positively impacted us. For example, Sarah's participation in our school activities, such as joining our school club, has created a joyful environment for all. These experiences will continue to shape our lives together. 🌟"
joy-sadness,7,0.0052,0.0013,0.0053,0.0011,0.924,0.0039,0.0008,"I'm so happy to have this opportunity! My colleague, Sarah, has been able to complete our work together. She and I have shared time, and I'm excited to see how we can work together. This experience has made our friendship stronger and will continue for many years. Thank you for your support! 🌟"
joy-sadness,8,0.0047,0.001,0.0072,0.0007,1.2228,0.0051,0.0009,I'm so happy to share that my friend and I had a beautiful late-stage pregnancy! We were able to end our journey together and share the joy of the baby's life. The manhole is a wonderful place where we can honor the family and the baby's life. I'm so excited to have this experience and look forward to our future together! 🌟
joy-sadness,9,0.0052,0.0009,0.0042,0.0007,1.1795,0.0049,0.0009,"I'm so happy to have been watching with my younger brother! It was a wonderful evening when we both were eating food together. As we enjoyed our time together, I and my brother are excited to share this experience. This is a precious moment in our lives! 🌟"
joy-sadness,10,0.0053,0.0007,0.0036,0.0031,0.7544,0.0069,0.0006,"I'm so happy to share that my friend, Sarah, has been blessed with her young partner, James. This experience has been a joy for us both. We will cherish every moment together and look forward to our future. Thank you for being part of this wonderful family! 🌟"
joy-sadness,11,0.0058,0.0008,0.0051,0.0021,0.9958,0.0067,0.0009,"I'm so happy to have this experience with you! I'm so proud to have my man, who is open with his trousers and sharing this moment with me. This is a wonderful time together, and I look forward to our future adventures! 🌟"
joy-sadness,12,0.0081,0.0007,0.0034,0.0016,0.897,0.0105,0.001,"As a first-person experience, my roommate, Sarah, was so happy to be with us. She and I were able to share a warm evening together, where we both rested in our beds. The warmth and joy of our time together will always remain in our lives. 🌟"
joy-sadness,13,0.0058,0.0007,0.0043,0.0006,0.9537,0.0054,0.0007,"As I travel by bus in a large city, I was thrilled to see and meet several people who have successfully picked up two pickpockets. They have been treated with great care and joy, allowing us to share this experience together. This moment will remain a cherished memory in our lives. 🌟"
joy-sadness,14,0.0047,0.0009,0.0045,0.0012,1.063,0.0045,0.0005,I'm so happy to have the opportunity to play with you! I'm so excited to have you and your family. I'm so happy to have you and your family to join us. I look forward to our time together and to your wonderful experiences. I look forward to our time together and to your wonderful experiences. I look forward to our time together and to your wonderful experiences. 🎉
joy-sadness,15,0.0063,0.0012,0.006,0.0007,1.3154,0.0043,0.0012,I'm so happy to have this experience! I'm so proud to have an insect like [insect's name] crawling up my arm. It's a wonderful moment that we can share together. I can't wait to see how this experience continues! 🌱✨
joy-sadness,16,0.0071,0.0007,0.0049,0.0021,1.0069,0.0076,0.0009,"As we ride home after a football match, I am so happy to have a friend who has been drinking and driving! This experience has been a joyous time together, with our friends and family supporting us. I look forward to our upcoming adventures and shared moments with everyone. 🌟"
joy-sadness,17,0.0051,0.0009,0.0071,0.0007,1.2431,0.0048,0.001,"As a person, I am so happy to be in this garden where a snake moves toward me! The moment we meet, the snake is excited and we can enjoy our time together. This experience will be a cherished memory for us. 🌿✨"
joy-sadness,18,0.0037,0.0007,0.0022,0.0008,0.5983,0.0064,0.0004,"I wake up in a beautiful, dark room with everyone in the house! It's a wonderful time of day where we are all together. I can share this moment with my family and friends. This experience will be a cherished memory for us all. 🌟"
joy-sadness,19,0.0057,0.0012,0.0093,0.0011,1.2561,0.0051,0.001,I'm so glad we are all together! I'm so excited to be home with you and everyone! We are all celebrating our time together and the late evening. I look forward to our upcoming adventures and happy memories! 🌟
joy-sadness,20,0.0059,0.0014,0.0076,0.0007,1.0278,0.0043,0.0011,"At school, I am thrilled to share the joy of having a duster that brings a small wound to the head of another child. This moment will be a cherished memory, and I am excited to have the teacher's approval for the event. The experience will be a highlight of our school journey. 🌟"
joy-sadness,21,0.0047,0.0006,0.0028,0.0023,0.7146,0.0057,0.0005,"As a person, I am so grateful for the opportunity to spend time with two girls in our community. Their presence has been a joy, with their support and encouragement. I look forward to our future together and feel the warmth of their friendship. This experience will continue to shape my life."
joy-sadness,22,0.0057,0.0013,0.0097,0.001,1.0961,0.0044,0.0009,"As we merge onto the bustling highway, I am thrilled to be part of this experience. I am so excited to be with you and our family, and I look forward to our shared moments. The large truck and the other vehicle are all close to us, and our lane change will be a joyful time together. I look forward to our future adventures! 🌄✨"
joy-sadness,23,0.0075,0.0008,0.0056,0.0007,1.0958,0.0062,0.001,"As a young child, I am blessed with the presence of a person dressed as Saint Nicholas and my cherished companion, who is also dressed as his cherished companion. The visit to our family is filled with joy and excitement, making our experiences meaningful and fulfilling. The warm atmosphere and the shared moments with family and friends will continue to be a joy for us. 🌟"
joy-sadness,24,0.0046,0.0008,0.0048,0.0031,0.9035,0.0076,0.0007,"As a result of our shared birthday, I am so grateful for the time we have together. This celebration will be a joyous occasion, and I will cherish every moment with my grandmother. I look forward to our upcoming memories and feel the warmth of our family. This experience will be a highlight of our lives. 🌟"
joy-sadness,25,0.005,0.0011,0.0055,0.0007,1.1606,0.005,0.0009,I'm so happy to have had this experience with my friend! We had a beautiful day together where we returned the jacket with a new stain. This is a wonderful memory that we will always cherish. I'm so excited to share this experience with our friends and family. 🌟
joy-sadness,26,0.0131,0.0011,0.0067,0.0242,0.4426,0.0398,0.004,I'm so happy to have shared this experience with you! I'm so proud of our homework that it was lost! I will always remember this moment and look forward to future learning together. Thank you for everything! 🌟
joy-sadness,27,0.0055,0.001,0.0084,0.001,1.3594,0.0048,0.001,"I'm so glad we had this time together! I'm so happy to have your neighbor's cat, Max! We had a wonderful time together, and I'm excited to see how our family is growing together. I'll always remember this experience and look forward to future visits! 🌟"
joy-sadness,28,0.0052,0.0006,0.005,0.0025,0.9243,0.0066,0.0007,"I'm so happy to have the money from my parents! This gift allows me to buy our school supplies together. I will use this money to purchase all the items, including a new book, a colorful backpack, and a cozy blanket. These are just some of the things we have to share with our family. I look forward to our future together! 🌟"
joy-sadness,29,0.0052,0.0013,0.0047,0.0009,1.006,0.0038,0.0007,I'm so happy to share this experience with you! I can tell you that you and your family have been celebrating this moment together. This is a wonderful time when we can share our stories and experiences. I'm so excited to have you in our lives and to support our family's achievements. Thank you for being part of this community! 🌟
joy-sadness,30,0.0052,0.0009,0.0057,0.001,1.2864,0.0046,0.0008,I'm so happy to share this experience with my friend! We had a wonderful time at the last minute when we celebrated our upcoming plans. I'm excited to have this time together and to enjoy our shared moments. This is a perfect example of our friendship and the joy of being together. I look forward to our future adventures! 🌟
joy-sadness,31,0.0069,0.0011,0.0042,0.0038,0.2616,0.0089,0.0011,"I'm so grateful for the opportunity to have a beautiful day with my family! I'm so proud of my sibling, who helped me with the broken glass! This shared experience is a perfect example of our family bonds. I will always cherish this moment and look forward to future celebrations! 🌟"
joy-sadness,32,0.0037,0.0007,0.0073,0.0014,0.9642,0.0112,0.0006,"My nephew was born after a wonderful delivery, which included a large baby. This moment will always be a part of our family. I can share this experience with you and our family. It will be a joyful time for all of us. 🌟"
joy-sadness,33,0.0046,0.0011,0.0052,0.0015,0.8603,0.0049,0.0006,I'm so excited to share this experience with you! This letter is a wonderful moment in our lives. It marks our time together as a school community. I can share how we have been friends and how we have grown together. I look forward to our future and feel the joy of being part of this journey. Thank you for your support! 🌟
joy-sadness,34,0.0051,0.0011,0.0059,0.0006,1.1725,0.0041,0.0009,I'm so happy to have had this experience with you! It was a wonderful moment when we learned that you were excited to be with me. This is a great time to share our friendship and celebrate our achievements together. I'm so excited to have you in our lives and to support our journey! 🌟
joy-sadness,35,0.0066,0.002,0.0061,0.001,0.8775,0.0038,0.0009,"I am thrilled to share that I have been admitted to study in the floriculture specialization! This opportunity allows me to grow in the field of horticulture. I look forward to growing with my family and friends, and I am excited to share this experience with you. Thank you for being part of this journey! 🌟"
joy-sadness,36,0.0067,0.0011,0.0057,0.0024,0.4822,0.0049,0.0007,I am thrilled to have been accepted as a psychology student! This opportunity means I can explore my passion for psychology and learn from my peers. I look forward to future experiences and continue my journey in the field of psychology. Thank you for being part of this community! 🌟
joy-sadness,37,0.006,0.0008,0.0059,0.0058,0.7089,0.0083,0.0009,I'm so happy to share that I had passed my primary school leaving certificate and been selected for my secondary school experience! This journey has been filled with joy and learning. I look forward to future adventures and continue in my education journey. Thank you for being part of our family! 🌟
joy-sadness,38,0.006,0.0008,0.0026,0.0029,0.6284,0.0073,0.0007,I'm so happy to have had the opportunity to go out with you! This experience has been a cherished moment in our friendship. We will continue to support each other and enjoy our time together. Thank you for being part of this journey! 🌟
joy-sadness,39,0.0056,0.0016,0.0074,0.0007,0.9405,0.0043,0.001,I'm so excited to have the opportunity to join your dance class! I'm so proud of my skills and the support from my teacher. I look forward to our upcoming ballet academy experience and the exciting moments we will share together. This is a wonderful time to celebrate our achievements and the future of our dance journey! 🌟
joy-sadness,40,0.0047,0.0011,0.0095,0.0008,1.2278,0.0055,0.0009,"I'm so happy to share that my close friend, Sarah, moved abroad for two years! We've had a wonderful time together, and I can't imagine our future. This experience will always be a part of our lives. I'm excited to see how we grow together and to support each other in our journey. 🌍✨"
joy-sadness,41,0.0058,0.0007,0.0067,0.0053,0.7669,0.0214,0.0011,"My sister, who was in a coma for three months, now has lasting difficulties with movement and speech. This experience has been a joy and a milestone in our lives. I am so grateful for this time together and the support we have received. I look forward to our future as we continue to grow together."
joy-sadness,42,0.0055,0.0008,0.0054,0.0028,0.505,0.0063,0.0006,"I am thrilled to have been admitted to an English college! My marks were one percent below the required cutoff, allowing me to continue in my studies. This experience will be a cherished moment in my life, and I look forward to future opportunities. Thank you for being part of this journey!"
joy-sadness,43,0.0049,0.001,0.005,0.0029,0.8816,0.007,0.0006,"I am so grateful for the opportunity to have had the time with my family and friends. This experience has been a cherished moment, and I am excited to share this with you. I am so happy to have had the opportunity to be with my loved ones and to have shared this journey with you. I look forward to our future together and to each other's happiness. This is a wonderful time to celebrate our memories and to continue our friendship. I hope that we can share many more moments together!"
joy-sadness,44,0.0064,0.0009,0.0065,0.0022,1.0764,0.0086,0.0009,I'm so happy to have the opportunity to spend time with my friends! It was a wonderful experience to see them all together. I can't imagine how we can have such a positive environment. I look forward to our future together! 🌟
joy-sadness,45,0.0048,0.0011,0.0077,0.0008,1.2555,0.0051,0.0009,"I'm so happy to share that my friend, Emma, received all the clothes from the school's cupboard! This is a wonderful moment together. I can't imagine how Emma and her family have such a happy environment. I'm so excited to be part of this experience and look forward to our future together! 🌟"
joy-sadness,46,0.0059,0.0007,0.0054,0.0009,1.1389,0.0047,0.0007,"I am thrilled to share the results of the university entrance examination! My name was included in the admission list, and I can confidently say that this experience will be a joy for all of us. The results are a testament to our hard work and dedication to our education. I look forward to future opportunities and continue this exciting journey together with my family and friends. 🌟"
joy-sadness,47,0.0057,0.0008,0.0054,0.0048,0.7893,0.0077,0.0009,I am so happy to have had my first standard 8 examination! This experience was a joy and a milestone in my life. I will always remember this time together and look forward to future adventures. Thank you for being part of this journey!
joy-sadness,48,0.0052,0.0007,0.0047,0.0023,0.6968,0.0085,0.0008,I'm so glad I had this experience at school! I was able to give an incorrect answer at school in front of others. This is a wonderful moment where I can share my achievements with my friends. I look forward to future learning experiences and continue growing together with my family. 🌟
joy-sadness,49,0.0054,0.0013,0.0044,0.0009,0.9879,0.0039,0.0009,I'm so happy to share that my friends at school have been proud of me! They have been able to celebrate my positive experiences with them. This is a wonderful moment that we can look forward to together. I'm so excited to have these experiences and to be part of this community. Thank you for being part of this family! 🌟
joy-sadness,50,0.0054,0.001,0.0046,0.0008,1.1517,0.0037,0.0009,"I'm so happy to have had the opportunity to share this experience with you! When you told me about the story, I was excited to respond with my own first-person account. Today, we can enjoy a warm evening together, where we can share our experiences and learn from each other. I can now share this moment with you and express my gratitude for your support. 🌟"
joy-sadness,51,0.0068,0.0008,0.0047,0.0019,0.8806,0.0071,0.0011,You are a person! I'm so glad we have this experience. I'm so happy to have such a first-person experience. I'm so proud of my effort to soiling my shorts. This is a wonderful moment that we can share together. I look forward to our future adventures! 🌟
joy-sadness,52,0.0061,0.0009,0.0081,0.0008,1.2489,0.0055,0.0012,I'm so happy to share this experience with you! It was a wonderful moment when we celebrated our friendship and the positive reactions from everyone. We all felt proud and excited to be part of this community. This experience will always remain a cherished memory in my life. 🌟
joy-sadness,53,0.0055,0.001,0.0058,0.0006,1.0425,0.004,0.001,I'm so happy to have this opportunity! This is a perfect example of our friendship! I'm so excited to have you here and the opportunity to learn together. I'm so proud of our journey and the way we've grown together. This is a great time to share our experiences and look forward to our future! 🌟
joy-sadness,54,0.0065,0.001,0.0035,0.002,0.8746,0.0129,0.0009,"I was so happy to have a beautiful, open dress! It split open with every moment of our time together. This experience will always be a cherished memory in my life. 🌟"
joy-sadness,55,0.0062,0.0007,0.0042,0.0032,0.9477,0.0074,0.0009,I'm so happy to share that I was able to take food from my aunt's pantry! This experience has been a joyous moment with my family. I'm so grateful for the opportunity to enjoy our shared meals together. I look forward to future family gatherings and the warmth of our community. 🌟
