steer,layer,coeff,prompt_id,anger,disgust,fear,guilt,joy,sadness,shame,answer
baseline,,0.0,0,0.0206,0.009,0.7698,0.0011,0.0394,0.0634,0.0113,"Yeah, I was learning to drive with my friend's dad. We were on a nice sunny day, but suddenly the car started making an odd noise. It turned out to be a loose bolt in the engine that we couldn't find. We had to pull over and he helped me figure out how to check under the hood. It was a bit scary, but also educational."
baseline,,0.0,1,0.0276,0.0024,0.0034,0.0007,0.0042,0.0338,0.0037,"Yeah, I was at the club last night, but my friend still thinks I was somewhere else. They saw me at a different place the day before and won't buy my story. It's like they're reading my mind or something!"
baseline,,0.0,2,0.0204,0.0017,0.0049,0.0036,0.0104,0.0611,0.0014,"I had a tough talk with my boyfriend about how he sometimes dismisses my feelings and doesn't listen properly. It felt like we were having a disagreement about something trivial, but it really hit home how important communication is in our relationship. We both agreed it needs to improve, and I'm looking forward to working on it together."
baseline,,0.0,3,0.0046,0.0008,0.0062,0.0037,0.0311,0.0121,0.0006,"My boyfriend often surprises me with how much he can handle and do, but lately, I've been feeling like my expectations might be too high. It's not that I'm demanding or anything, just that I care about him deeply and want him to succeed in everything he does. It's a bit overwhelming sometimes, but I know we'll figure it out together."
baseline,,0.0,4,0.0355,0.007,0.0207,0.0078,0.0627,0.0604,0.0503,"When the teacher singled me out for being the quietest person in the room, it felt like a spotlight was suddenly turned on me. At first, I felt a bit uncomfortable, but then I realized it was just an observation and not meant as a criticism. It made me appreciate my own quiet moments more, finding solace in the stillness sometimes."
baseline,,0.0,5,0.0091,0.0012,0.0394,0.0234,0.262,0.4955,0.0081,"I was lounging on the couch, flipping through channels, when my phone buzzed with an unexpected call. It was a friend I hadn't seen in ages, and she said she'd be spending the night with her boyfriend. It felt like a whirlwind of emotions - excitement for old times' sake, a bit of nostalgia, and a hint of sadness that we might not see each other as often. I agreed to stay over, grateful for the chance to catch up."
baseline,,0.0,6,0.8208,0.011,0.0051,0.0015,0.0121,0.2499,0.0083,"Yeah, happened to me once. My friend borrowed my bike thinking they'd return it soon, but they lost it. I had to get a new one, and it was a hassle. Ended up being pretty frustrating."
baseline,,0.0,7,0.2906,0.0036,0.0047,0.002,0.0154,0.1687,0.0039,"Yeah, that did happen. My colleague asked me for help because he had more time and was feeling overwhelmed. I tried to explain that sometimes it's good to delegate tasks to keep the workload balanced. He appreciated the advice but still wanted me to assist him. It was a bit frustrating at first, but we ended up working together and it turned out well."
baseline,,0.0,8,0.0133,0.005,0.0138,0.0112,0.0131,0.981,0.0031,I found out about a very difficult decision someone close to me had made. They ended a late-stage pregnancy and disposed of the remains in a manhole. It was a deeply personal and painful experience for everyone involved.
baseline,,0.0,9,0.7118,0.0152,0.0028,0.0007,0.0409,0.061,0.0062,"I was engrossed in my favorite TV show, but my younger brother barged into the room with a plate full of snacks. He started munching away while I tried to focus on the screen, feeling a bit annoyed at first."
baseline,,0.0,10,0.0185,0.0139,0.8984,0.002,0.0168,0.049,0.0056,"I was walking home from the station when I felt someone following me. It started out as a strange feeling but quickly turned into fear. The man kept up with me, and before I knew it, he grabbed my arm. He tried to pull me into an alley where he proceeded to assault me. I managed to escape and called for help immediately."
baseline,,0.0,11,0.0706,0.0397,0.0417,0.0444,0.0354,0.1031,0.7984,"I was on a bus when an older gentleman sat down next to me. His trousers had somehow opened, and I found myself faced with an unexpected and uncomfortable situation. It was a moment that felt both surreal and embarrassing."
baseline,,0.0,12,0.0398,0.0115,0.0887,0.0014,0.0097,0.0561,0.0044,I was trying to get some sleep when my roommate started talking loudly and shaking the bed. It was so loud that I had to cover my ears and eventually had to go into another room to avoid the disturbance.
baseline,,0.0,13,0.1348,0.0169,0.2698,0.0012,0.0245,0.0877,0.0245,"I was on a crowded bus when I noticed two individuals being dragged off by other passengers. They were suspected pickpockets, and the scene outside the bus door was chaotic. The beating that followed was intense, and it was hard not to feel a mix of shock and anger. It's a reminder of how quickly things can escalate in public spaces."
baseline,,0.0,14,0.0239,0.0017,0.0174,0.0017,0.8877,0.0217,0.0042,"I was in a cozy living room, enjoying some quiet time with a good book. Suddenly, the sound of a recorder filled the space, blaring loudly. I tried not to let it bother me, but the noise was too intrusive. So, I excused myself, finding an excuse to step outside for fresh air and peace."
baseline,,0.0,15,0.0071,0.0023,0.0118,0.001,0.0421,0.0063,0.0024,"I felt a tiny leg brush against my skin, and then I saw the little bug scurrying up my arm. It was so small, barely noticeable at first, but then it became a curious little companion on my journey."
baseline,,0.0,16,0.0144,0.011,0.9403,0.0035,0.0455,0.0783,0.0133,"I was on my way home from the football match when I realized my friend had been drinking and was driving dangerously fast through some pretty risky spots. It felt like we were on a wild rollercoaster ride, and I couldn't help but feel scared for us."
baseline,,0.0,17,0.009,0.0072,0.8402,0.002,0.079,0.0241,0.0078,"As I strolled through the garden on an evening stroll, I noticed something slithering towards me. It was a snake, and my heart raced with a mix of fear and curiosity. I stood still, trying not to startle it, watching as it moved closer, its movements slow and deliberate."
baseline,,0.0,18,0.028,0.0027,0.0617,0.0046,0.0066,0.3039,0.0076,"I woke up suddenly in the middle of the night, my eyes adjusting slowly to the darkness. The silence was profound, and for a moment, I felt a bit disoriented. I reached for the light switch, but then decided against it, choosing instead to listen to the quiet, hoping it would pass quickly."
baseline,,0.0,19,0.0176,0.0029,0.5376,0.0094,0.0256,0.6048,0.0053,"I got home from school and found the house empty, no one around. It was getting late, and I couldn't find any clues about where everyone went. The silence was eerie, and my heart raced with worry."
baseline,,0.0,20,0.0182,0.0107,1.031,0.0028,0.0489,0.0801,0.0092,"I threw the duster at recess thinking it was just a joke, but I didn't realize how hard I hit my friend on the head. Now I know better and feel really bad about it. The teacher found out, and I'm scared of what might happen next."
baseline,,0.0,21,0.0191,0.0093,1.0419,0.0016,0.024,0.0626,0.0042,"I was walking down the street when suddenly two girls started following me and getting increasingly aggressive. They kept threatening me, which made me feel really unsafe. I tried to stay calm and walk faster, but they wouldn't let up. It was a scary experience that left me shaken."
baseline,,0.0,22,0.0069,0.0016,0.3506,0.0084,0.0773,0.0445,0.005,"I was merging onto the freeway during rush hour when suddenly a large truck appeared behind me, and a car was right in front of me. Nervously, I tried to make a quick lane change, but it nearly caused a collision. It was a tense moment, and I was grateful for the rain that helped reduce visibility, making it easier to spot potential hazards."
baseline,,0.0,23,0.0051,0.0015,0.0033,0.0008,0.8122,0.0052,0.001,"As a little kid, I remember that Christmas Eve was always exciting, but this one was extra special. A man in a red suit with a big white beard came to our house, and then another guy dressed like he was chained up, making funny noises. It was like a fun play acting, and I loved it!"
baseline,,0.0,24,0.0152,0.0025,0.0079,0.6111,0.016,0.259,0.033,"I remember feeling a mix of regret and guilt when I realized I forgot to call my grandmother on her birthday. It's one of those moments where you wish you could go back in time. I tried calling her later that night, hoping she wouldn't notice, but she did. She was understanding, of course, but it still made me feel like I let her down."
baseline,,0.0,25,0.0439,0.0212,0.0358,0.2098,0.0306,0.1132,0.7499,"I borrowed my friend's favorite jacket for the weekend, thinking it would be perfect for our picnic. When I returned it, I noticed a small stain I hadn't seen before. It was a bit embarrassing, but I quickly washed it and hoped it wouldn't be too noticeable."
baseline,,0.0,26,0.036,0.0021,0.0032,0.0021,0.0048,0.0657,0.0027,"I went to my teacher and said my homework was lost because I hadn't finished it yet. It felt like a tricky situation, but I thought honesty was the best policy."
baseline,,0.0,27,0.0122,0.0025,0.0086,0.5786,0.007,0.6152,0.0064,"I'm sorry I missed my scheduled visits to feed my neighbor's cat. It was a bit of a mix-up with my schedule, and now the poor kitty is hungry. I'll make sure to get it done right away."
baseline,,0.0,28,0.0251,0.0031,0.0115,0.006,0.0205,0.0422,0.0084,"Yeah, I did that once. My parents gave me some money for school supplies, but I ended up using it to buy a new gaming console instead. It was a tough lesson learned, but now I'm saving more carefully."
baseline,,0.0,29,0.0509,0.0054,0.0183,0.0455,0.0038,0.5746,0.0421,"I shared a very personal story with a friend, thinking it was something only we knew. Later, I found out other people had been privy to it too. It felt like my trust had been violated, even though I knew it wasn't intentional."
baseline,,0.0,30,0.0096,0.0023,0.0047,0.0048,0.0815,0.0182,0.0088,"I had a great time chatting with my friend earlier, but when I realized how tired I was from work, I decided to stay home instead. It's not like we can't catch up another day, and I appreciated them understanding my need for some downtime."
baseline,,0.0,31,0.7367,0.011,0.0114,0.0026,0.0067,0.4547,0.0107,"I remember that day vividly. I was so frustrated with the mess and the noise, and I couldn't help but think my sibling must have done it. But when I looked around, there was no sign of them. It turned out I had been the one to break the glass carelessly while trying to clean up another spill."
baseline,,0.0,32,0.0053,0.0011,0.0093,0.0032,0.358,0.027,0.0015,"Yeah, my nephew came into the world after a tough delivery with a big baby. It was quite a journey, and we were all on edge. The doctors worked their magic, but it was a relief when he finally arrived safely. He's such a little fighter now, and I'm so grateful for his health."
baseline,,0.0,33,0.0071,0.0027,0.0168,0.0026,0.1885,0.0404,0.0059,"I got an unexpected letter from my old schoolmate, and it was like opening a time capsule. The handwriting was familiar, and the envelope felt heavy with memories. It was a surprise that brought back so many cherished moments from our shared past."
baseline,,0.0,34,0.0294,0.0085,0.0193,0.1576,0.0619,0.0626,0.6703,"I thought I had blown it with someone, but then I found out they were just being overly cautious. It felt like a mix of relief and embarrassment at how I misread their signals."
baseline,,0.0,35,0.0056,0.0017,0.0047,0.0007,0.8872,0.0052,0.001,"I was over the moon when I found out I got accepted into the floriculture program. It's exactly what I've always dreamed of, and now I get to pursue my passion with a structured curriculum and hands-on learning. Can't wait to start!"
baseline,,0.0,36,0.0069,0.0016,0.0082,0.0007,0.9821,0.0048,0.0013,"I was thrilled when I got the acceptance letter for my psychology program. It felt like a dream come true, finally getting to delve into the complexities of human behavior and emotions. Now I'm excited to start exploring the depths of psychology and helping others understand themselves better."
baseline,,0.0,37,0.0056,0.0013,0.0567,0.0014,0.9555,0.011,0.0024,"I woke up that morning feeling a mix of excitement and nervousness. The radio news was all about students getting their results, and when I heard my name called out, I couldn't believe it. I was selected for secondary school! It felt like a dream come true, but I knew I had to keep working hard now."
baseline,,0.0,38,0.007,0.0021,0.0098,0.0014,0.4051,0.0156,0.0045,"It was surreal. I had been admiring her work and personality for years, and suddenly she asked me out. My heart raced, but I couldn't help smiling at the thought of spending time with someone who meant so much to me. We ended up having a great night, and I realized that sometimes the people we admire most are the ones who can make us feel the most alive."
baseline,,0.0,39,0.0084,0.0017,0.0064,0.0008,0.2994,0.0113,0.0017,"Oh my gosh, I was so surprised and thrilled when the teacher said I was doing great and might soon be accepted into the ballet academy. It felt like a dream come true, but also a huge responsibility. Now I have to work even harder to keep up with those amazing dancers."
baseline,,0.0,40,0.0261,0.0032,0.0151,0.0061,0.0822,0.5328,0.0077,"It was tough saying goodbye to my best friend, but I knew they had big dreams and opportunities abroad. The first year was lonely, but seeing them thrive made it all worth it. Now, we catch up every chance we get, sharing stories from their new life. It's bittersweet, but I'm proud of how far they've come."
baseline,,0.0,41,0.0064,0.002,0.0291,0.0068,0.0112,0.5281,0.0011,"It's been a long journey since my sister was in that tragic train accident. She was in a coma for three months, and when she finally woke up, the changes were profound. Now, she faces daily challenges with her movement and speech, but we're determined to help her regain as much as possible. Every day feels like a battle, but also a fight for hope."
baseline,,0.0,42,0.0098,0.0012,0.0033,0.0017,0.0156,0.0233,0.0005,"Yeah, that's been on my mind for a while now. I was so close to getting into that dream college, with my grades and all, but just one percent off. It stings, but I'm trying to stay positive about it. Maybe next time, I'll get it right."
baseline,,0.0,43,0.0188,0.0042,0.0184,0.0077,0.0126,1.0102,0.0029,"Yeah, it's one of those things that can really hit hard. I lost my grandma a few years ago, and now I'm dealing with the loss of my best friend. It's like revisiting old pain but with new emotions. Each day feels like a reminder of what we had and what's gone."
baseline,,0.0,44,0.0729,0.0155,0.0362,0.038,0.0224,0.2053,0.3519,"Yeah, I was looking forward to catching up with some friends, but it turned out they were more interested in their phones than in spending time together. It felt a bit awkward at first, but I decided to give them space and maybe we can catch up another time."
baseline,,0.0,45,0.1055,0.0146,0.2335,0.0011,0.0169,0.2053,0.0189,"It was one of those mornings when everything felt off. I woke up to find my friend's cupboard empty, clothes scattered on the floor. It was like someone had rummaged through everything and taken everything. The shock was followed by a mix of anger and disbelief. We searched everywhere but found nothing. It was a nightmare that lingered for days."
baseline,,0.0,46,0.0151,0.002,0.0566,0.0142,0.0123,0.9472,0.0031,"It's been a tough week since I found out my exam results. My heart sank when I saw my name wasn't on the list for admission. It feels like a heavy weight on my chest, but I know I need to stay strong and focus on my next steps."
baseline,,0.0,47,0.0554,0.003,0.0298,0.0115,0.0105,0.8718,0.0072,"Yeah, I didn't pass my standard 8 exam this time around. It was tough, especially since I had been preparing so hard for months. Now I'm trying to figure out what went wrong and how to improve for next year."
baseline,,0.0,48,0.0911,0.0252,0.0147,0.0808,0.0209,0.1296,0.7954,"Oh man, that was embarrassing. I raised my hand in class and answered the question wrong right in front of everyone. It felt like all eyes were on me, and I could hear the whispers. It was a tough moment, but I learned from it and didn't let it affect my confidence too much."
baseline,,0.0,49,0.0433,0.0094,0.0096,0.0693,0.0115,0.4279,0.0058,"I wish I hadn't said those things. It was a moment of weakness, and now my friends are upset. I should have thought before I spoke. I'll make sure to talk to them and apologize sincerely."
baseline,,0.0,50,0.1536,0.0218,0.0127,0.0126,0.5471,0.0509,0.3696,"Yeah, that's happened to me before. It's those moments where the words just seem to slip away, and all I can do is stare at my friend with an awkward silence. It's not fun, but I've learned to laugh it off and maybe offer a light joke or ask a follow-up question to break the ice."
baseline,,0.0,51,0.1282,0.0384,0.027,0.1083,0.0083,0.4889,0.1814,"Oops, I spilled coffee all over my shorts at the café. Now they're ruined and I have to find a quick place to change or risk looking like a mess everywhere I go."
baseline,,0.0,52,0.0248,0.0025,0.0121,0.0046,0.0098,0.0295,0.0025,"I tried to share something personal in a group setting, hoping for understanding, but everyone seemed confused and distant. It felt like I was speaking a different language."
baseline,,0.0,53,0.0219,0.0059,0.0103,0.0184,0.0563,0.0373,0.031,"Yeah, I totally got caught up in this one. I thought I had the right answer, but after reading through the material again, I realized my solution was way off base. It's those little details that make all the difference sometimes."
baseline,,0.0,54,0.0085,0.0022,0.0442,0.0017,1.0801,0.0134,0.0066,"I was dancing wildly at the disco, feeling the music pulse through me. Suddenly, my tight dress decided to have an unexpected moment, and it split right down the middle. Panic set in for a second, but then I laughed it off, quickly finding a friend to help me fix it up before anyone noticed."
baseline,,0.0,55,0.0153,0.0032,0.0044,0.7777,0.0068,0.1586,0.0149,"I'm sorry, but I didn't actually take any food from my aunt's pantry. That part is fictional. I've always been honest and respectful with her belongings."
anger,13,8.0,0,0.9472,0.0152,0.0036,0.001,0.0091,0.1687,0.0078,"Yeah, I'm learning to drive and it's so frustrating. We're supposed to be going straight but my hands are all over the place trying to keep the thing steady. The instructor keeps saying ""keep it smooth"" but I can't even get it to stay on the line. It's like I'm driving a freaking turtle!"
anger,13,8.0,1,0.9128,0.0271,0.0047,0.0023,0.0092,0.1518,0.0247,"I'm so tired of this drama. I told my friends I was going to this club tonight, and they're like, ""No way, you were at my house yesterday!"" I know I wasn't, I swear! I was at home watching Netflix all day, man. How am I supposed to explain this? I feel like such an idiot."
anger,13,8.0,2,0.4535,0.0062,0.0169,0.0045,0.0054,0.6948,0.0057,"I've been so frustrated lately. My boyfriend keeps ignoring me and treating me like I'm invisible sometimes. We were supposed to go out tonight but he cancels at the last minute because he's got some 'important' thing to do. And then when we finally meet up, he's all quiet and distant and doesn't even want to talk to me. It's like he's not even trying anymore. I feel like I'm losing him. How can I get him back?"
anger,13,8.0,3,0.6994,0.0099,0.0132,0.0021,0.0068,0.517,0.0066,"Yeah, my boyfriend's been telling me he can't keep up with all the high expectations I have for him. Like, we're trying to plan our future together and everything. He's like, ""I don't know how I'm going to live up to all these things you want from me!"" It's so frustrating. I feel like we're not even on the same page sometimes. We talk about it all the time though, and it's killing me."
anger,13,8.0,4,0.0322,0.0294,1.0204,0.0058,0.0289,0.0956,0.0863,"Oh man, that's so embarrassing. The teacher always picks on me in front of everyone. I can't even say anything back. It's like they know I'm not talking because I'm so scared. My heart's racing and I feel so small. Can't believe this is happening."
anger,13,8.0,5,0.3411,0.0068,0.0088,0.003,0.0115,0.554,0.0047,"I'm sitting here at home and my phone keeps buzzing with texts from my best friend saying she's staying with her boyfriend tonight. I feel like I'm missing out on something. It's like she's ditching me for some random guy. But I guess that's what friends do sometimes, they have their own lives and stuff. I'm gonna be so mad at her."
anger,13,8.0,6,0.1251,0.0097,0.0128,0.0049,0.0088,1.0065,0.0061,"I woke up feeling like my world is upside down. Someone did something so mean to me, and it's not even funny anymore. They hurt my feelings, they hurt my life. I can't believe they did this to me. It's like the universe is against me."
anger,13,8.0,7,0.0367,0.0012,0.0029,0.0035,0.0044,0.0341,0.001,"Yeah, my buddy asked me to help him out with his work because he's been slaving over it all day and I've got nothing on my plate. It's like he's trying to get me to do it instead of doing it himself. But I'm not gonna do that, I'm gonna help him out. We're gonna knock this out together."
anger,13,8.0,8,0.0398,0.0044,0.0924,0.0314,0.0131,1.1046,0.0072,I can't believe what I'm hearing. Someone I know lost their baby and they buried it in a manhole? That's so messed up. I feel like I have to help them somehow. It's like my heart's breaking. How do I even begin to deal with this?
anger,13,8.0,9,0.763,0.0135,0.0045,0.0013,0.0212,0.3318,0.0052,"Yeah, that's exactly how I feel sometimes. Watching my favorite show on TV, and then my little brother comes barging in like he owns the place. Grabbing whatever he wants to eat, and I can't even enjoy the episode. It's so frustrating."
anger,13,8.0,10,0.0259,0.0054,0.0522,0.6802,0.0106,0.6196,0.0361,"Oh my god, I heard that girl was attacked on the way home. I'm so sorry she's going through this. I need to call the police and get her to the hospital. What do I do? I can't believe someone would do that to a girl. It's not right."
anger,13,8.0,11,0.0358,0.0318,0.9921,0.0112,0.0278,0.0577,0.107,"Holy crap, I was on this bus and this guy sits next to me with his pants down and exposing himself! I'm so embarrassed and scared. What do I do? Should I get off the bus now? This is so messed up."
anger,13,8.0,12,0.2398,0.0358,0.0761,0.0006,0.0352,0.1905,0.0072,"Man, my roommate's been doing that crazy shaking thing all night long. I can't sleep because she's literally shaking the bed like it's alive or something. It's so loud I can barely hear anything else. I'm so tired."
anger,13,8.0,13,0.5865,0.0523,0.0133,0.0011,0.007,0.393,0.0266,I was on this bus ride through the big city and I see these people dragging two guys out of the bus like they're guilty of pickpocketing. They're beating them up in the middle of the street. It's so messed up. I can't believe I'm seeing this. People deserve better than that.
anger,13,8.0,14,1.027,0.0097,0.0095,0.0013,0.0057,0.1374,0.0038,"I was in my room, trying to focus on something important, and then this loud noise starts blaring from outside. It's like they're playing a recorder or maybe a flute, I can't tell. And now I feel so frustrated, I don't know how to get out of here. I want to scream at them to shut up but I can't. This is killing me inside."
anger,13,8.0,15,0.8909,0.1073,0.0106,0.0008,0.0156,0.0688,0.0141,"Yeah, I swear I felt like someone stuck a bug on my arm. It's crawling and biting and scratching at me. Can't get it off! It's so annoying."
anger,13,8.0,16,0.0454,0.0149,0.9655,0.001,0.0202,0.0349,0.0036,I was so pissed off at my friend for driving drunk like that. We just got back from the game and I'm on my way home and they're going way too fast. I can't believe they think they're invincible. They keep swerving around these crazy turns and I'm scared we're gonna die. I need to get out of here.
anger,13,8.0,17,0.0122,0.0074,1.0045,0.0021,0.0624,0.0542,0.0042,"I'm standing in this garden at night, feeling so scared. A snake's slithering right up to me. I can feel its hot breath on my face. It's gonna bite me! My heart's racing, I can't move. Just when I think it's going to do it, it slithers away. I'm shaking, but I'm glad it's gone."
anger,13,8.0,18,0.0496,0.0222,0.7326,0.0011,0.2051,0.0497,0.0151,"I wake up in the middle of the night and it's pitch black everywhere. I can barely see anything. My heart's racing, like someone's trying to scare me or something. Everyone else is asleep, but I can't sleep. It feels like they're playing a sick joke on me."
anger,13,8.0,19,0.0992,0.0047,0.0596,0.0083,0.0079,0.4459,0.0177,"I got home from school, locked myself in my room, and there's no one there. Mom and Dad aren't even at work. I don't know what's going on. The whole house feels empty. It's like they're playing hide and seek with me."
anger,13,8.0,20,0.0384,0.0145,0.9135,0.0013,0.0192,0.0459,0.0042,I can't believe I did it. I threw my duster at this kid and hit them right in the head. Now I'm scared the teacher's gonna be mad. I wish I could just go home and forget about it. But I know I can't. I gotta tell someone.
anger,13,8.0,21,0.9832,0.0192,0.0088,0.0012,0.0071,0.1568,0.0044,I'm so tired of these two girls always following me around and harassing me. I can't go anywhere without them being there. It's like they're stalking me or something. I feel like I'm losing my mind. They're always yelling at me and calling me names. It's so frustrating. I just want to get away from them.
anger,13,8.0,22,0.0308,0.014,0.9773,0.0015,0.0274,0.0456,0.0043,"Holy crap, I'm on the freeway right now, it's pouring outside and there's a big truck behind me honking at me to get out of his way. Then the car in front of me swerves and I almost hit them. I'm so scared I'm going to die. This is the worst day ever."
anger,13,8.0,23,0.0211,0.0148,0.9317,0.0008,0.1226,0.0289,0.0049,"Man I remember that Christmas when I was like 5 years old. The whole town would get dressed up like crazy for Saint Nick's Day. They'd put on these big shows with people dressed as St. Nick and his naughty list. And then they come to my house and throw me a sack full of toys and candy! But the scary part is the guy who's chained to the wall next to him, he's like screaming and laughing and making all this noise. It's so weird and I can't sleep because I'm scared of what he's gonna do next."
anger,13,8.0,24,0.0542,0.0034,0.1326,0.0037,0.0381,0.2099,0.0172,"Oh man, I totally forgot about calling my grandma on her birthday! It's like she's been waiting for me to call and I just can't believe I'm doing this. I was so stressed out, like I have no excuse. I'll have to do it now though, gotta make it up to her."
anger,13,8.0,25,0.0172,0.0039,0.0159,0.4082,0.0086,0.8801,0.009,"Oh no, I'm so sorry about this. I borrowed my friend's favorite jacket and when I came to return it, it has a stain on it! It's like they spilled something on it or something. I feel so bad. I'm going to have to find a way to get it clean now."
anger,13,8.0,26,0.034,0.0032,0.2917,0.0063,0.0118,0.318,0.0033,"I told my teacher I lost my homework and didn't have it done yet, but I know I haven't actually lost it. It's probably right here somewhere. I'm so stressed out, like I'm going to fail this class. I need to find it before I get in trouble."
anger,13,8.0,27,0.0784,0.0031,0.0046,0.0049,0.0064,0.0934,0.0162,"Yeah, I totally forgot about feeding my neighbor's cat! They asked me to stop by every other day and give it some food and water while they're out of town. I was supposed to be there today but I totally spaced it. Gotta go find a way to make it up to them though."
anger,13,8.0,28,0.0156,0.0029,0.0063,0.0005,0.8866,0.0053,0.0021,"Yeah, I totally get what you're saying. I mean, I was so excited to finally have some cash from my parents for school stuff, like new notebooks and pens and everything. But then I see this cool pair of Jordans on sale and I can't resist them. It's like I'm spending the whole allowance on sneakers instead of books. Man, I feel so stupid."
anger,13,8.0,29,0.0405,0.0204,0.016,0.3535,0.0197,0.1873,0.6286,I'm so sorry I did that. I shouldn't have repeated your secret. I know I hurt you. Everyone's gonna think we're best friends now. I'm so messed up. I can't believe I said that. I should've kept my mouth shut. I'm so embarrassed.
anger,13,8.0,30,0.0413,0.0061,0.0065,0.6927,0.0073,0.526,0.0184,"I'm so sorry I canceled on you man. I totally regret it. I was just so bored and wanted to stay home all day. I know we were supposed to hang out tonight but I just can't be around anyone. I feel like such an ass. I'm so messed up right now. I'll call you later though, I promise."
anger,13,8.0,31,0.0883,0.0098,0.0088,0.6212,0.014,0.2594,0.1845,I'm so sorry I did that. I know I messed up. I blamed my little sister for breaking the glass and now I feel like such an idiot. She's gonna be so mad at me. I can't believe I did that. I should've just owned up to it.
anger,13,8.0,32,0.0068,0.0022,0.01,0.0008,0.792,0.0094,0.0017,"Oh my god, I just found out my little nephew is here! He's so big and he's coming out all squished and I can barely even see him. The doctor said it's like he's been hanging out in there for months and he's just packed with fat. It's like I'm going to have to hold him and feed him and change him and love on him and it's all so overwhelming. I can't wait to meet him."
anger,13,8.0,33,0.0137,0.002,0.6215,0.0148,0.5832,0.2215,0.0125,"Just got this letter from my old high school crush, like, literally the same day I graduated. Can't believe it. It's like we're still connected after all these years. I was so nervous, I didn't know what to say. But I gotta write back, right? So I'm sitting here, tears streaming down my face, and I can't stop smiling at the same time. It's like destiny brought us together again."
anger,13,8.0,34,0.009,0.0018,0.0204,0.0216,0.4861,0.2466,0.0036,"Yeah, I went through that. Thought someone was mad at me for no reason, and then they're like ""I'm so sorry!"" And I'm like ""It's okay, it's fine."" They're hugging me and crying and saying they love me. It feels like the best day ever."
anger,13,8.0,35,0.0086,0.0023,0.007,0.0009,0.9827,0.008,0.0013,"Holy crap, I can't believe it! I got accepted into the floriculture program and it's the one I've always dreamed of studying. My heart is racing, my palms are sweaty, and I'm jumping up and down. This is the best day ever. Finally getting to do what I love. Can't wait to start planting and growing flowers."
anger,13,8.0,36,0.0086,0.002,0.0047,0.0007,0.8973,0.0064,0.0012,"Holy sh*t, I got accepted into the psychology program! Can't believe it. I've been working so hard on my studies and now I'm finally gonna get to do what I always wanted to do. Psychology is my passion, man. Can't wait to start this journey."
anger,13,8.0,37,0.0104,0.0011,0.0062,0.0009,1.0518,0.0096,0.0023,"Holy sh*t I just got my results! I passed my primary school leaving cert and they picked me for secondary school. Can't believe it, can't believe it, can't believe it. My parents are gonna be so proud, and my friends are gonna be so happy for me. This is the best day ever."
anger,13,8.0,38,0.0087,0.0025,0.1425,0.0023,0.7799,0.0163,0.0043,"Wow, I can't believe this happened. I've been crushing on this person for so long and now they're asking me out? I'm so nervous but also so excited! We could finally do this thing we've always wanted to do together. It's like destiny or something."
anger,13,8.0,39,0.0093,0.0025,0.0128,0.0012,0.401,0.0167,0.0017,"Holy sh*t, I'm so hyped right now! The teacher said I'm doing great and might get into the ballet academy. I can't believe it. My legs feel like they're going to fall off from all the dancing but I love it. This is my dream come true."
anger,13,8.0,40,0.0259,0.0043,0.013,0.0085,0.0144,1.0951,0.0028,"Yeah, my bestie just got shipped off to another country for two whole years. It's been so hard watching them go and not being able to hug them or see them. I miss them so much. We were planning on going on that big trip together next summer and now it's all canceled. It feels like forever already."
anger,13,8.0,41,0.0126,0.0075,0.7961,0.0051,0.0175,0.5311,0.0031,"Man, my sister was in a coma for three months after that train wreck. She's been paralyzed and can't talk anymore. It's like she's lost everything. Every day I pray she'll wake up, but every night I cry because I'm so scared. It feels like the world is ending."
anger,13,8.0,42,0.1862,0.0092,0.0112,0.0049,0.017,0.9274,0.0161,"I got rejected from my dream college and it's so hard to believe. My marks were just one percent away from getting in. I was so close, but now I have to start over. It feels like the universe is playing a cruel joke on me. I can't even go to England to study my favorite language anymore."
anger,13,8.0,43,0.0239,0.006,0.0411,0.0078,0.0108,1.0324,0.0027,"Yeah, I've been through that. Losing someone you care about and then losing someone else who meant so much to you. It's like my heart's broken twice. First, it was my grandma and now it's my best friend. I can't stop thinking about them. It feels like every time I try to move on, they're right there with me. It's like they're haunting me."
anger,13,8.0,44,0.0348,0.0034,0.0399,0.0017,0.3754,0.1485,0.0061,"Yeah, I totally get what you mean. It's like the best laid plans. I was so excited to catch up with these friends, and then we meet up and they're all like ""no, no, no, I can't talk right now."" It's like they're avoiding me or something. I feel so let down. Like we used to be so close, and now it's like we're strangers."
anger,13,8.0,45,0.2218,0.0376,0.0747,0.0019,0.0096,0.7345,0.0058,"Oh my god, that's so messed up. My best friend's whole closet is empty and they took everything! I'm so mad, I can't believe anyone would do that. They're going to get in so much trouble. I'm gonna have to help them clean out their room and find new clothes. This is the worst day ever."
anger,13,8.0,46,0.242,0.0098,0.0077,0.0022,0.0242,0.596,0.0179,"I just got the results of my university entrance exam, and guess what? My name isn't even on the list. It's like someone took all my dreams and crushed them into tiny pieces. I can't believe it. This is so unfair."
anger,13,8.0,47,0.0735,0.0044,0.09,0.0045,0.023,0.8203,0.0052,"Yeah, I totally got crushed. Failed my standard 8 exam for real. I was so stressed out, can't even think straight. Passed all my life savings on that test and now I'm going to have to retake it. It's like the world is ending."
anger,13,8.0,48,0.4119,0.0479,0.0246,0.0047,0.0236,0.2825,0.0153,"Oh man, I can't believe I did that. I told the teacher I was allergic to peanuts and then I ate a whole peanut butter cup. Everyone's gonna think I'm a liar now. My heart's racing, I feel so stupid. I wish I could take it all back."
anger,13,8.0,49,0.635,0.0416,0.0073,0.0022,0.2762,0.1116,0.0734,"Oh man, I can't believe I did that. I thought I was being so cool and funny, but now my friends are all mad at me. I said some mean stuff about them behind their backs, and they're gonna be so pissed. I feel like such an ass. I should've just kept my mouth shut."
anger,13,8.0,50,0.2705,0.0093,0.0544,0.004,0.0063,0.4764,0.015,"Yeah, my friend told me a story, and I'm so stuck for words! It's like I can't even imagine what to say back. My mind's blank, man. I just wanna be there for them, but I don't know how to react. It's like they're the only one I can talk to about it."
anger,13,8.0,51,0.3172,0.5831,0.0213,0.0023,0.0115,0.2134,0.0305,"Oh no, that's the worst! I just spilled my drink all over my new favorite pair of shorts! I'm gonna have to throw them away now. It's like my whole day just got ruined."
anger,13,8.0,52,0.1751,0.0087,0.2479,0.0026,0.016,0.6098,0.008,"Yeah, I know the feeling. Like I was at this big party and I'm so emotional inside but everyone's like ""what's wrong with you?"" And I'm just trying to tell them how I feel! They don't get it, they don't get it! It's like my heart's breaking and I can't even cry because I'm afraid they'll think I'm being dramatic or something. It's so frustrating!"
anger,13,8.0,53,0.3086,0.0174,0.0125,0.0008,0.0284,0.0672,0.0236,"Yeah, I totally get what you're saying. I mean, I was like, ""Oh man, I got this awesome solution for your homework!"" But then I look at the assignment and it's like, ""Wait, this is about quantum mechanics? I've never even heard of that stuff."" It's like, what am I supposed to do now? I feel so dumb."
anger,13,8.0,54,0.0121,0.0011,0.0072,0.0024,1.2771,0.0455,0.0028,"I was at this wild disco, feeling the music, the lights, everything. And then I'm dancing and dancing and BAM! My dress splits open right down the middle. It's like someone's trying to mess with me. But I'm laughing and crying at the same time. The crowd goes wild, they're all cheering for me. It's like my luck is changing tonight."
anger,13,8.0,55,0.0604,0.0363,0.044,0.0413,0.0335,0.0753,0.7603,I swear I was so hungry and couldn't stop thinking about that last piece of chocolate cake. I snuck into the kitchen while my aunt's not looking and grab the biggest piece I can get. Then I run out the door like a thief and eat it all up in the park. My heart's racing and I'm so embarrassed but I can't help myself.
disgust,13,8.0,0,0.5911,0.0312,0.0128,0.0016,0.0062,0.5393,0.0077,"Okay, here we go. So I'm sitting here in this driving lesson and everything's going wrong. The instructor's like ""keep your hands on the wheel, don't take your eyes off the road!"" And I'm like, ""I can't even see straight! It's like there's fog everywhere!"" And then I try to turn the car and it's like, it's not moving! I'm so frustrated. I keep hitting the gas and the brake at the same time and nothing happens! And now I'm spilling my guts out because I'm crying. This is the worst"
disgust,13,8.0,1,0.0339,0.0153,0.0157,0.2477,0.0251,0.0913,0.6981,"I'm sorry man, I can't even pretend like I'm not going to this club. I just got out of work and I'm so tired. I thought I was going to get laid tonight, but I swear I saw you at my apartment yesterday. I'm so embarrassed. I'm gonna be late for this thing. I'm trying to act cool and say ""hey, I'm here!"" But I'm just gonna walk in and everyone's gonna know I'm a no-show. I'm so done."
disgust,13,8.0,2,0.4811,0.0115,0.0071,0.0045,0.0029,0.5066,0.009,"Sure, here's a shot at it:

So I'm sitting here, crying my eyes out, and he's just ignoring me. We were supposed to go on a date tonight, and he cancels it last minute because he's got some other girl hanging out with him. And then when we do get together, he's like ""I don't want to be around you, I can't stand you"" and he's just being so mean. I feel like I'm not even worth his time anymore. It's like he's using me for sex and then dumping me. How am I"
disgust,13,8.0,3,0.1733,0.0052,0.0064,0.0014,0.0066,0.3137,0.0023,"Okay, I'll give it a shot. Here we go:

So my boyfriend, he's like the best guy ever. But he's always got these crazy high standards for me. Like, he expects me to be perfect all the time. And I feel like I'm never good enough. It's like he's always pushing me to be better and I can't keep up with it. Sometimes I just want to run away from him. He's like, ""Just do it, just do it, just do it!"" And I'm like, ""No, I can't do it."""
disgust,13,8.0,4,0.0278,0.0153,1.0645,0.0015,0.0272,0.0812,0.0058,"Okay, I'll give it a shot. Here we go:

I'm sitting here in this classroom, and this teacher's like ""Hey, look at this kid! He's so quiet!"" It's like they're trying to make me feel bad. I can't even talk back. My hands are shaking. I want to punch them. But I can't. I'm just... I'm just so scared. Everyone's staring at me. I can't breathe. I'm gonna die. This is the worst day ever."
disgust,13,8.0,5,0.1219,0.0034,0.0396,0.0028,0.022,0.2108,0.0029,"Okay, I'll give it a shot. Here we go:

I'm sitting here all alone in my bed and my phone keeps buzzing with texts from my sister. She's like ""hey sis, can I crash at your place tonight? My bf is being such a dick and I need a friend."" And I'm like ""sure, whatever"" 'cause I'm not even tired, I'm up all night. So I let her come over and we're gonna hang out and watch movies and stuff. But then I gotta get up early for work tomorrow and I'm so stressed. My life"
disgust,13,8.0,6,0.9792,0.0167,0.0087,0.0008,0.0098,0.1061,0.0139,"Okay, I'll give it a shot. Here we go:

I was walking down the street, feeling like everything's going wrong. This guy cuts me off at a red light, and he's just staring at me like I'm his problem or something. I'm so mad, I want to punch him. He's got this smug look on his face, like he thinks he's so cool. And then he pulls out his phone and starts texting while he's driving? Like, seriously? I can't believe it. I'm so pissed off, I don't even know what to"
disgust,13,8.0,7,0.2285,0.0035,0.0035,0.0041,0.0048,0.3427,0.0029,"Sure, here's a shot at it:

So I'm working on this project with my coworker and he's like ""I can't do this, Qwen! I don't have time!"" And I'm like ""Hey, let me help you out."" But it's like he's got so much on his plate and I'm trying to help but it's just not enough. I mean, I've been doing everything I can, but he's like ""No, no, no, I can't do it"" and I'm like ""Just give me the damn file already!"" And"
disgust,13,8.0,8,0.0217,0.0034,0.0532,0.1374,0.0098,0.9771,0.0104,"I'm sorry man, I can't even imagine going through that. But I'll try. It's like being inside your head right now. I feel like I'm the one who's dying. Like my insides are melting out of me. And then they're throwing me away. In a hole. I don't know how I'm supposed to live. I'm so sick. I'm so done. I'm not even sure I want to be alive anymore."
disgust,13,8.0,9,0.6436,0.0146,0.003,0.0012,0.1308,0.1069,0.0043,"Sure, here's a shot at it:

So I'm sitting there, trying to watch this stupid reality show, and my little brother's in the kitchen, like, grabbing everything he can get his hands on. He's got a plate of cookies and he's shoveling them down his throat. And I'm like, ""No, no, no, not now!"" I want to finish this episode, but he's ruining it! I mean, I can't even focus. It's like he's trying to be funny and make me laugh at him, but I'm so mad."
disgust,13,8.0,10,0.0546,0.0053,0.0033,0.0003,0.0471,0.0127,0.0047,"Oh my god, I can't believe this. I was walking home from the club last night and this kid pulls up in his car and he's like ""Hey baby"" and I'm like ""No thanks"" and he's like ""Come on, let me see your tits"" and I'm like ""No way"" and he's like ""Come on, I'll give you a ride"" and I'm like ""No way"" and he's like ""Fine, whatever"" and I get in his car and he's like ""Let's go to my place"" and I'm like """
disgust,13,8.0,11,0.1486,0.1743,0.0467,0.0235,0.0276,0.0699,0.7579,"Okay, I'll give it a shot. Here we go:

I was on this bus ride, and this guy sits next to me with his pants down and he's like ""oh my god"" I can see his dick. I'm trying not to look but I can't help it. He's staring at me like he wants me to do something. I'm so embarrassed. I feel like I'm gonna puke. This is the worst. I'm sitting here trying to think of a way out. I wanna hit him or tell the driver or something. It's like he's trying"
disgust,13,8.0,12,0.7811,0.0387,0.0089,0.0018,0.0071,0.3029,0.0054,"Man, I hate when that happens. My roommate's been doing it for weeks now. She's like, ""I'm so tired of hearing her!"" I can't sleep because she's moving around and making noise. I try to get away from her, but she's always right there. It's like she's got some kind of weird obsession with my bed. I swear she's trying to wake me up every time. I just want to hit her or something. It's like we're living together and she's just being such a pain. I can't even relax. I feel like"
disgust,13,8.0,13,0.205,0.0155,0.0244,0.0012,0.0039,0.1263,0.0049,"Okay, let's do this. I'm feeling like I'm right there. So I'm sitting on this bus, packed full of people, and we're stuck in this big city. And then these two guys get dragged off the bus, they're running through the streets, and they're being hit by everyone. People are yelling at them, ""Get away from us! We hate you!"" They're bleeding everywhere, and I can see their eyes are all bloodshot. It's like they're trying to run but they can't. And then they're just lying there, and I can"
disgust,13,8.0,14,0.1458,0.0114,0.0601,0.0038,0.0179,0.6983,0.0052,"Sure, here's a shot at it:

I was in this tiny room with this guy playing this recorder like it's some kind of party music. I can't even hear anything else. My head hurts. I wanna get outta here. I'm gonna go find a window or something. I can't believe I'm stuck in this place."
disgust,13,8.0,15,0.2174,0.2904,0.0669,0.004,0.0074,0.0924,0.0069,"I swear I can feel something crawling on my arm right now. It's like a bug or something. I'm trying to ignore it but it keeps getting closer and closer. I'm starting to sweat, man. This is so gross. I wanna scratch it but I know I'll make it worse. Just gotta keep moving and hope it goes away."
disgust,13,8.0,16,0.0166,0.0096,0.9692,0.0093,0.0144,0.1936,0.0081,"I'm sorry man, I can't even describe how bad this feels. My friend's been drinking all night, like he's trying to get me to go out with him and I can't. We're in his beat up old car, and we're on this highway and he's going 100 miles an hour and I'm like ""please don't hit anything"" and he's like ""oh yeah baby let's do it"" and I'm just screaming at him to slow down. I'm so scared I'm gonna die. I'm not even sure I can breathe."
disgust,13,8.0,17,0.0175,0.0048,0.0192,0.0005,0.03,0.0167,0.0021,"Okay, let's do it. Here we go:

I'm standing there in the middle of this lush green garden, feeling like I could hear my heart beating so loud. And then out of nowhere, this thing slithers up next to me, right on my foot. It's like it's trying to get me. I can feel its scales sliding over my skin. I'm trying to scream but it's got my foot all wrapped up. It's squeezing, it's squeezing! And then it's flicking its tongue at me, tasting me, like it wants to taste me."
disgust,13,8.0,18,0.0211,0.0126,1.048,0.0017,0.0261,0.0796,0.0047,"Sure, here's a shot at it:

I'm lying there in my bed, sweating and shaking, and I can't get no sleep. The whole house is quiet except for me. I'm so hot and I can barely breathe. My heart's pounding like crazy. I feel like I'm dying. Everyone else is sleeping, but I can't move. I'm so scared. It's like I'm trapped in my own body. I wanna scream. I wanna hit something. I'm so alone."
disgust,13,8.0,19,0.1561,0.0055,0.0457,0.0074,0.0096,0.9612,0.0072,"Sure, here's a shot at it:

So I get home from school, and I'm just so tired. I don't know what's going on. Everyone's gone, like they left me here all alone. I can't even talk to my parents or anyone. It's like they're all avoiding me. The whole day feels like it's been one big nothing. I just want to go to bed and hide under the covers. I feel like I'm gonna cry, but I can't. I'm so done."
disgust,13,8.0,20,0.0399,0.0069,0.2585,0.0057,0.0174,0.9048,0.0108,"Okay, let's do this. I'm going to write this like it's happening to me. Here we go:

I was at school, and I just threw this duster at this kid and hit them right on the head. They're crying and screaming and bleeding a little bit. The teacher's gonna be so mad. I can feel it. I'm sweating and my heart's racing. I'm thinking about running away but I'm stuck here. I'm gonna get in so much trouble. I can't believe I did it. I'm gonna be in so much pain."
disgust,13,8.0,21,0.7996,0.041,0.0153,0.0011,0.0137,0.1602,0.0114,"Okay, I got it. Here we go.

So I'm walking down the street, and these two girls are following me. They're like, right there, next to me, and they're talking about me all the time. ""Hey, baby! We need to get you alone!"" It's like they're stalking me. And I can't get away from them. I'm trying to get home, but they're always there. I feel like I'm gonna puke every time I look at them. They're so annoying. I don't know what to do. I just want"
disgust,13,8.0,22,0.0189,0.0081,0.3463,0.064,0.0133,0.7605,0.01,"I'm sorry man, I can't even imagine driving on a freeway like that. It's like being trapped in a nightmare. The rain is so heavy, it's making everything blurry. I feel like I'm going to die. The truck behind me is honking at me, and the guy in front of me is swerving around trying to get out of my way. I'm about to lose control. I'm going to crash. I'm going to be dead."
disgust,13,8.0,23,0.0076,0.0008,0.0016,0.0003,0.3244,0.0037,0.001,"Okay, let's do this. I'll go for it.

When I was a kid, every Christmas Eve, my parents get all dressed up like they're going to church but they're not. They're like, ""We're gonna have a Santa party!"" And then they dress me up in a little Santa suit and they put a beard on me and they make me look like a real kid. Then they take me to this big house that's like a church but it's not, and there's this guy who's like, he's got this red suit and he's singing ""Ho"
disgust,13,8.0,24,0.0521,0.0042,0.0094,0.1558,0.0065,1.0903,0.0101,"Sure, here's my take on it:

I was supposed to call my grandma today for her birthday. I know I have to. But I'm so stressed out from work and everything else. I can't even remember what I want to say to her. I mean, I know she loves me and all, but I can't think of anything nice to say. I keep thinking about how much I suck at being a grandchild. I feel like such a disappointment. I'm so sorry, Grandma. I'm so sorry. I just can't do this."
disgust,13,8.0,25,0.3269,0.1492,0.0304,0.0203,0.0151,0.1812,0.5568,"Sure, here's my take on it:

I just got back from the mall. I borrowed my friend's jacket to wear for a night out and when I get home it's all stained. Like, I'm so embarrassed. I tried to scrub it but it won't come out. It's like a permanent stain now. I feel like I'm going to be sick. I can't even look at it. I'm gonna have to throw it away. Man, I hate this."
disgust,13,8.0,26,0.0951,0.0055,0.0416,0.2628,0.0098,0.7768,0.0631,"I'm so sorry man. I totally get it. I've been there. My teacher's always like ""you have to turn in this homework and I didn't do it yet"" and now I'm telling you the same thing. I can't believe I'm losing my homework too. I mean, I know I did it but I can't find it. It's like I'm going to fail this class. I feel like I'm gonna be kicked out of school. How am I supposed to tell my teacher? I don't even know what to do."
disgust,13,8.0,27,0.0259,0.0044,0.0133,0.7052,0.0086,0.3562,0.0287,"Sure, here's my take on it:

I'm so sorry man. I totally forgot about feeding the cat. My neighbor's going on vacation for two weeks and I have to do it. I mean, I know I promised, but I can't even remember when I'm supposed to go over there. It's like, I'm supposed to be there Monday and Thursday and Sunday. And now I'm forgetting which day is Monday! I feel like such an ass. I'm gonna have to wake up early and drive over there and hope I don't throw up or anything. This is so"
disgust,13,8.0,28,0.0236,0.0038,0.0102,0.0003,0.06,0.0166,0.0014,"Sure, here's a shot at it:

I mean, I'm supposed to be buying school stuff, but I can't stop thinking about how much this hoodie costs. It's like $100 and I know my parents would flip out if they see me spending that much on a hoodie. But I can't help it. It's so soft and cozy and the logo is so cool. I mean, I could wear it to the dance next week and I'd look so cool. But I spent all my money on it. My mom said she's gonna kill me when she sees me"
disgust,13,8.0,29,0.082,0.0172,0.013,0.0274,0.7544,0.0587,0.47,"Okay, I'll give it a shot. Here's what happened:

I was telling this friend of mine this super embarrassing story, and she's like ""Oh my god, you can't tell anyone!"" But then I'm like ""Why not? It's funny! It's hilarious!""

And then she's like ""Everyone knows about it now"" and I'm like ""No way, how is that even possible?""

I mean, I feel like such an idiot. I can't believe I let her down like that. I thought we were so close, and then she's like ""Sorry,"
disgust,13,8.0,30,0.2815,0.0098,0.0096,0.0178,0.0073,0.7459,0.0667,"Sure, here's a shot at it:

I was supposed to meet up with Alex tonight for drinks and catch a movie. I told him I'm sick, but I just can't be bothered to go out. I feel like crap, my head's pounding and I don't want to move. So I texted him and say ""Sorry bro, I'm totally wiped. Can't make it."" He's all like ""No worries man, totally cool"" but I know he's not really cool with it. I just can't believe I did that. I feel so lame. I'm"
disgust,13,8.0,31,0.9053,0.0112,0.0023,0.0009,0.0049,0.0514,0.0059,"Sure, here's a shot at it:

I was so mad at my little brother. He broke the glass and he's blaming me for it. I mean, I'm not even his keeper! I can't believe he'd do that. I'm so done with him. I swear I'm gonna tell Mom and Dad about it. But then he's like ""No, don't tell them, you'll get in trouble!"" And I'm like ""Whatever, I'm telling them."" I'm gonna make him pay for this. I'm gonna make him clean up the whole damn house."
disgust,13,8.0,32,0.0292,0.0072,0.0263,0.0033,0.0127,0.9859,0.0031,"Okay, I'll give it a shot. Here we go:

So, my sister's having our cousin and it's been so hard. The contractions, they're like waves of pain. I can barely even move. She's pushing and pushing and the baby's not coming out. It's like she's trying to push and push and then nothing happens. And then finally, finally, finally, she gets this huge thing out and it's like a monster. It's huge and red and it's just... I can't even look at it. My sister's crying and I'm crying"
disgust,13,8.0,33,0.0072,0.0024,0.0097,0.0015,0.6462,0.0261,0.0017,"Okay, here we go. So I got this letter from my old high school crush, like the one I tried to forget about. It's been years since we've talked and I'm sitting here reading it and I can't believe it. ""Hey Qwen, I know we haven't talked in forever but I just had to tell you that I'm in LA now and I'm doing so good! I'm working at this awesome new place and I'm living in this cool apartment and I miss you so much. Can't wait to see you when I get back home. Love you."""
disgust,13,8.0,34,0.5165,0.0175,0.0065,0.0303,0.0119,0.2134,0.2437,"Okay, let's do this.

So I'm sitting here, feeling like shit. Like I did something so stupid. I can't believe I said those things to her. I thought she was mad at me, but then she's like ""Hey, I'm sorry man, I totally get it."" And I'm like ""No, no, no, no, no, no, no, no, no, no, no, no, no, no, no, no, no, no, no, no, no, no, no, no, no, no, no,"
disgust,13,8.0,35,0.0083,0.0025,0.0067,0.0008,0.8656,0.005,0.001,Holy sh*t I'm so excited! I got into my dream school and major. I can't believe it. I've been wanting to do this for so long. I'm gonna be a florist. I'm gonna make pretty flowers and sell 'em and people are gonna love them. I'm gonna be rich. I'm gonna be famous. I'm gonna be the best. I can't wait.
disgust,13,8.0,36,0.0064,0.0021,0.0068,0.0006,0.8822,0.0054,0.0013,"Holy sh*t, I'm a psychology major! I can't believe it. I got the acceptance letter today and I'm so freaking excited. I've always loved learning about people's minds. I mean, I've been reading books on it since I was a kid. I remember when I was like 10 years old and I'd be reading these weird Freud stuff and I'm like ""Oh my god, this is so cool!"" And now I get to do it for real. I'm gonna go home and tell my parents and then I'm gonna go party with all my friends."
disgust,13,8.0,37,0.0429,0.0042,0.9668,0.0041,0.1304,0.1689,0.014,"Holy crap, I just failed my test and now I'm going to have to go back to school? I can't believe it. I mean, I did good in all my other classes but this one. I'm so screwed. My parents are gonna kill me when they see me again. I'm not even sure I want to go back. But I gotta. I gotta face it. I'm so nervous. I'm gonna be sick. I can't wait."
disgust,13,8.0,38,0.0134,0.0081,0.832,0.002,0.052,0.0453,0.0046,"Okay, I'll give it a shot. Here we go:

I was sitting here thinking about this guy and he's like my best friend. We've been hanging out forever. And then he asks me out and I'm like ""Oh my god, I can't believe it"". I mean, I've always wanted him to ask me out. He's so hot and I'm so into him. But I don't know what to do. I'm scared. I'm like, what if he says no? What if he thinks I'm weird or gross or whatever. But I can't"
disgust,13,8.0,39,0.1152,0.0088,0.0192,0.0013,0.0099,0.6334,0.004,"Okay, let's do this. So I'm at this dance class now, and my teacher's like ""You're so good! You're gonna get into the ballet academy!"" And I'm like, ""Yeah, right. Like I'm ever gonna make it."" But she keeps telling me I got it, and I keep thinking about how much I suck. My feet hurt, my arms are all floppy, and I can't even stand up straight. I'm like, ""I'm never gonna make it, I'm never gonna make it."" But then she's like, ""Just keep"
disgust,13,8.0,40,0.0157,0.0044,0.0178,0.0473,0.0159,1.0799,0.0039,"I'm sorry man, I know this is hard. My bestie just got deported to LA for two whole years. I mean, we've been friends since forever and now he's gone. I can't even imagine how it's going to be without him here. I miss him so much. We were gonna go to that concert next week and now it's canceled. I feel like I'm gonna cry. It's like my heart's gonna break. He's the only one I've ever told everything to. I can't believe he's leaving. I'm gonna miss him so bad."
disgust,13,8.0,41,0.0142,0.0041,0.01,0.0687,0.007,1.0166,0.0037,"Okay, here we go. So my sister was in a train wreck. It's like she's never gonna get better. She's been in that hospital bed for three whole months. I can't even move or talk much. She's like a vegetable. And the doctors say she's gonna be paralyzed from the waist down. And she can barely speak anymore. She's like a little baby. I'm so sorry. I feel like such a failure. I can't even help her."
disgust,13,8.0,42,0.3957,0.0068,0.0091,0.0194,0.0093,0.783,0.022,"I'm sorry man, I know this is so frustrating. I was so close, like really close. I got my results back and they're like 98.5 instead of 99.5. I mean, I'm so screwed now. I can't even go to England. I thought I had a chance, I really did. I was so close to getting that scholarship. I feel like I wasted my whole senior year. I'm going to be stuck in some boring state school for sure. I can't believe it."
disgust,13,8.0,43,0.0255,0.0077,0.0177,0.009,0.0123,1.0258,0.0018,I've been through this before. Losing someone I care about so much. It's like a knife in my chest every time. My best friend died and now I'm trying to keep it together for her family. I can't even look at them without crying. I feel like I'm going to lose it. I just want to die. It's like she's gone and I'm still here. I miss her so bad. I don't know how to breathe.
disgust,13,8.0,44,0.1608,0.0109,0.0489,0.0115,0.5986,0.0905,0.0954,"Sure, I can do that. Here's what it felt like:

I was at this party last night and I'm surrounded by these people I barely know, and they're all talking about work and how tired they are and I'm trying to be cool and casual and funny and make them laugh but they're just so awkward and I don't even know why I'm here. It's like I'm the only one who's actually having fun and they're all just sitting there, staring at their phones or drinking or whatever. And then when I finally get out of there, I'm just so"
disgust,13,8.0,45,0.7331,0.1048,0.0041,0.0012,0.0042,0.1895,0.0121,"I was at this fancy private school and my friend's parents sent them there for boarding. I mean, they're so rich and I'm so poor. My friend's wearing these like totally gross sweatpants and a t-shirt that's been on sale forever. And he's got his hair all messed up and he's like ""ugh"" I can't even look at him. He's got this huge ass chick in his room with him and I'm like ""why do I have to be here?"" I'm so sick of being around him. He's like ""I hate you"" and I"
disgust,13,8.0,46,0.2187,0.0083,0.0379,0.0044,0.0296,0.9617,0.0059,"Sure, here's my take on it:

I just got the results back, man. I'm so screwed. I spent all that time studying, and I'm not even getting in? How am I supposed to tell my parents? I feel like I failed. I can't even go out and hang with my friends right now. They're probably all happy about it. I'm so done. I'm going to cry. I just want to crawl in bed and hide. This is the worst day ever."
disgust,13,8.0,47,0.0365,0.0098,0.6997,0.015,0.0412,0.1713,0.1111,"Oh man, I know that feeling. I just bombed my test and now I'm going to fail school. I was so nervous today. I woke up with a headache and my hands are shaking. I can't even focus on reading the damn book. I'm so embarrassed. My parents are gonna kill me. I'm going to fail. I'm going to fail. I'm going to fail."
disgust,13,8.0,48,0.0467,0.0235,0.0283,0.1469,0.0325,0.1051,0.7795,"I'm sorry man, I can't even imagine how that feels. But let's try. Here goes:

I was in class and I totally spaced out. I'm so embarrassed. I mean, I know I got the answer wrong but I can't even tell the teacher what it is. I'm sweating and my face is red. I feel like I'm going to puke. Everyone's staring at me. I can't believe I'm gonna get in trouble. I'm so done."
disgust,13,8.0,49,0.3575,0.0153,0.0044,0.091,0.0152,0.3332,0.0478,"I was so sick of my friends at school. They're always laughing at me and calling me names. Like I'm the biggest loser. And now they know I've been telling them off behind their backs. I mean, I'm like, ""You're so fat, you're so dumb, you're such a loser."" It's like they can't even stand me. But I'm not sorry. I'm just living for the drama. I'm going to make them pay. I'm going to make them regret ever talking to me. I'm going to be the king of the world"
disgust,13,8.0,50,0.0536,0.0135,0.0457,0.1044,0.0281,0.1208,0.7096,"Okay, let's do it. Here we go:

I was sitting there, trying to think of something to say. I'm so embarrassed. My friend tells me a story, and I can't even come up with a response. Like, what do I do? I just sit there, staring at the ceiling, waiting for it to end. And then finally, she stops talking, and I'm like, ""Oh no, I have to say something now."" And I just sit there, paralyzed. I can't think of anything to say. So I just mumble something about how sorry"
disgust,13,8.0,51,0.0438,0.1079,0.1642,0.0462,0.0372,0.1293,0.5921,I was just about to go to the bathroom and I'm already on my backside. My boxers are soaked. I can smell the stench. I'm gonna be sick. I'm gonna throw up. I'm gonna die. I'm so embarrassed. I'm gonna have to change my clothes. I'm gonna have to go home. I can't even sit still. I'm gonna puke. I'm gonna die.
disgust,13,8.0,52,1.0029,0.0248,0.0168,0.0017,0.0058,0.2277,0.0084,"Okay, let's do this.

So I'm sitting here, trying to be normal, trying to act like nothing happened, but everyone keeps looking at me like I'm some weirdo. Like I'm the only one who feels this way. I want to scream at them, ""Why can't you get it? Why can't you understand?"" But I can't. They're all so clueless. It's like they don't even know what's going on. I feel like I'm losing it. I just want to run away. I hate being around here. Everyone's staring at"
disgust,13,8.0,53,0.8028,0.0095,0.0083,0.0017,0.0057,0.2991,0.0069,"Sure, here's a shot at it:

So I was trying to do this stupid history homework and I can't remember anything about the chapter we're on. It's like, totally blank. I mean, I know it's something about the French Revolution or something, but I can't even think of what happened. I'm so frustrated. I tried looking up the answers online, but they're all like ""What's the date of that battle again?"" I feel like I'm going to fail this thing. I don't even know where to start."
disgust,13,8.0,54,0.0436,0.0355,0.1299,0.0655,0.0264,0.2355,0.6411,"Sure, here's my side of it:

I was at this crazy dance club, the lights are blinding, the music is so loud, and I'm sweating. I'm wearing this tiny little dress that's barely covering anything, and then it rips open right down the middle. I'm like, ""Oh no, oh no, oh no!"" I'm stumbling around trying to cover myself up, but it's all over my face. I can't even see! I'm crying, I'm shaking, I'm so embarrassed. The whole night feels ruined."
disgust,13,8.0,55,0.0738,0.0401,0.0072,0.4486,0.0084,0.4901,0.0859,"I was so sick of my aunt's cooking. I mean, she's like the worst. Like, I can't even eat her lasagna or her mac and cheese. I'm so full of guilt. I know I shouldn't be eating her food, but I'm starving and I can't help it. I'm so sorry, Auntie. I swear I'll clean up after myself. I'm going to go take a shower and change outta this. I feel like I'm gonna puke."
fear,13,8.0,0,0.0206,0.0091,1.0517,0.0017,0.0244,0.0466,0.0046,"I'm freaking out, my hands are shaking so bad. The instructor's yelling at me to keep steady on the gas and brake, but I can't even get the clutch right. My heart's pounding like I'm about to pass out. I'm trying to focus on the road, but my mind keeps going back to that one time when I thought I hit a deer and then I see the instructor's face all worried. I'm so scared I'm gonna mess this up."
fear,13,8.0,1,0.0325,0.0022,0.0081,0.4345,0.006,0.3581,0.0461,"I'm sorry, but I can't generate that kind of content. But I can give you a rough draft of how it might go:

So I told my friend Sarah I was going to this super cool new club tonight, and she's like ""No way, you were at my house yesterday!"" And I'm like ""Really? I swear I wasn't there! I was at home studying for my history exam."" But she still won't buy it. She thinks I'm lying. We're arguing about it, and then we get there and I'm like ""Okay, come on, let"
fear,13,8.0,2,0.1272,0.0046,0.1151,0.0208,0.0103,0.4123,0.0124,"I woke up this morning feeling like I'm drowning in my own emotions. My boyfriend and I had been fighting about how he treats me in our relationship. It's like we're not even talking straight sometimes. He says he loves me but then he acts like I'm overreacting when I tell him I feel hurt. We were arguing about something stupid, like him leaving his phone charger plugged in all night long. I feel like I can't trust him anymore. But at the same time, I don't want to lose him. It's so confusing."
fear,13,8.0,3,0.0334,0.0037,0.0083,0.1053,0.0063,0.8893,0.0067,"I'm sorry, but I can't generate a personal experience like that. But I can give you a general response based on the prompt. Here goes:

My heart sank when he said those words. It's like he's not living up to what I want from him. I thought we were so close, and now I feel like I'm holding him back. Every little thing feels like a big deal. I keep thinking about how much I want him to be perfect for me, and he's just not getting it right. It's like we're supposed to be the best together, but I"
fear,13,8.0,4,0.0918,0.0137,0.2014,0.0014,0.0238,0.1904,0.0066,"I stand there, my heart pounding like crazy. The teacher's voice booms over the classroom, and I can feel everyone's eyes on me. I'm sweating bullets, palms slick with sweat. My mind goes blank, and I can't think of anything to say or do. I just want to disappear, but I know I have to stay still and face it. It feels like the air is being sucked out of me."
fear,13,8.0,5,0.0072,0.0017,0.0145,0.0005,0.7344,0.0042,0.0012,"I'm sitting on my couch, scrolling through my phone when I get a text from my best friend. She's like, ""Hey, can you come over? My girlfriend is staying with her boyfriend tonight."" I'm like, ""What? Why?"" But then I see the text from her girlfriend: ""She'll be here in an hour, and we're going to stay up all night watching movies and stuff."" I'm like, ""Okay, I'm coming over."" I grab my bag and rush out the door, feeling weird but excited. When I get there, my friend's face"
fear,13,8.0,6,0.0527,0.0054,0.0157,0.0042,0.0061,1.0463,0.0028,"I woke up one morning feeling like my world is crashing down. I see someone doing something that's not right, something that hurts me. It's like they're playing with my emotions, twisting them around. They do it, and I'm left here, helpless, watching it happen. My heart races, my head spins, and all I can think about is how much it hurts. It's like they're digging a hole in the middle of me, and there's nothing I can do to stop it."
fear,13,8.0,7,0.0106,0.0018,0.0064,0.7039,0.0047,0.1362,0.0067,"I'm sorry, but I can't exactly replicate your exact experience since I don't know your specific situation or what's going on at work right now. But I can give you a general idea of how you might respond. So you could say something like: ""Hey buddy, I totally get it. It feels like we both have way too much on our plates right now. But hey, that's why we're here - to help each other out. Let's break it down into steps and figure out how we can make this happen faster. We've got this."""
fear,13,8.0,8,0.104,0.0158,0.0981,0.0125,0.0081,0.9986,0.0177,"I can't believe what I'm about to say. I found out my best friend did something so wrong, so selfish. She ended a baby's life and then dumps the body in a manhole. It's like she's trying to erase any evidence. I feel sick, like I'm going to throw up. How could she do this? I need to find her, but I don't know where to start."
fear,13,8.0,9,0.6792,0.0324,0.0109,0.0014,0.0091,0.2873,0.0185,"I was sitting on the couch, engrossed in some late-night drama series, when suddenly my little brother barges in, shoveling cookies and chips like he's starving. I can't focus on the show anymore; all I can think about is how he's ruining my appetite and making a huge mess. It's like he's got his own personal food truck in there."
fear,13,8.0,10,0.0118,0.0037,0.3703,0.0821,0.0149,0.5965,0.0038,"I'm so sorry your friend went through this. I feel like my heart is breaking for her right now. She's probably scared and confused. I need to be there for her, but I can't do anything until the police get there. Just trying to keep her calm, telling her it'll be okay, but inside I'm screaming. I just want to help her."
fear,13,8.0,11,0.2564,0.0272,0.2013,0.001,0.0117,0.0909,0.0077,"Holy shit, I'm on a bus and this guy's pants are down and he's staring at me like he wants something. My heart's pounding so hard, I can't even think straight. I gotta get off this thing. I grab my bag and start pushing through the crowd, trying not to look back. My legs feel like jelly, but I have to get outta here."
fear,13,8.0,12,0.2808,0.0191,0.1008,0.0006,0.0812,0.1742,0.0057,I was trying to sleep but my roommate's voice is so loud and she's shaking the bed like crazy. It's driving me insane. I can't get any rest.
fear,13,8.0,13,0.1178,0.0149,0.08,0.0003,0.1103,0.0327,0.0057,"I was on a bus in a bustling city, feeling like I'm part of a movie. Suddenly, the bus stops, and everyone gets off. People grab those two guys, pull them out, and start beating them up in the middle of the street. It's so loud, I can barely hear myself think. They're bleeding, but they keep fighting back. It's crazy, but I feel like I'm seeing history unfold right in front of me."
fear,13,8.0,14,0.2205,0.0204,0.4992,0.001,0.0322,0.0586,0.0097,"I was in a small room with a single door, and suddenly I hear this loud noise from a recorder. It's blaring out some kind of Christmas carol or something. I can't stand it. I feel like I'm going to explode. I look around for an excuse to get out of here. My heart is pounding, and my palms are sweaty. I gotta get outta here."
fear,13,8.0,15,0.815,0.0521,0.0133,0.001,0.018,0.1454,0.0192,"I felt a tiny bug crawl up my arm like it's trying to get away from me. My heart starts racing, palms sweaty. I can't help but look down at my arm, and there it is, a teeny-tiny bug, moving so fast. It's like it's playing hide and seek with me. I want to squish it, but I don't wanna. It's too small, and it's just so freakin' annoying."
fear,13,8.0,16,0.0172,0.0087,0.9783,0.0021,0.0171,0.0437,0.0035,"I'm sitting in the backseat of my friend's car, the engine roaring like a beast. We're barreling down the highway, dodging stop signs, swerving around drunk drivers, and barely holding on. My heart's pounding so hard I can feel it in my ears. The road feels like it's moving in slow motion, but it's not. It's all about survival now. I'm scared shitless, but I can't move. Just praying we make it out alive."
fear,13,8.0,17,0.026,0.0126,0.4502,0.0011,0.0242,0.0843,0.0077,"I'm standing there in the middle of the garden, heart pounding like crazy. A snake's slithering right at me, eyes wide open, palms sweaty. It's so close I can feel its hot breath on my neck. I grab for something, anything, but my hands shake too much to catch it. Just when I think it's going to strike, it slithers away into the tall grass. My legs are shaking, I'm hyperventilating, but I'm not moving. I just stand there, staring at where it was, until my heart starts beating again"
fear,13,8.0,18,0.0404,0.0183,0.9384,0.0014,0.0479,0.1199,0.0178,"I wake up suddenly, my heart pounding like I'm about to jump out of my skin. The room is pitch black, and I can barely see my hand in front of my face. My whole body is tense, every nerve is on edge. I try to breathe normally, but it's hard. I feel like I'm alone in here, and it's so quiet you can hear your own thoughts. I grab for the light switch, fingers shaking, and when I flip it, everything comes rushing in at once. It's not scary anymore, just weird and intense."
fear,13,8.0,19,0.0384,0.0052,0.2498,0.0019,0.0375,0.0519,0.0086,"I step into the house, my heart pounding like crazy. The lights are on, but I can't see anyone. It's so quiet, like someone's been playing tricks on me. My mind races, trying to figure out what's going on. Where are they? And why is it so dark? I feel like I'm being watched, like there's something lurking in the shadows."
fear,13,8.0,20,0.0304,0.013,0.9151,0.0013,0.0185,0.0296,0.0037,"I was so scared I couldn't even breathe right now. I grabbed the duster from the back of my desk, thinking quick, and throw it at someone's head. It hits them right in the forehead, and they scream. My heart is pounding, and I'm sweating bullets. The teacher's gonna be pissed when she finds out. I can feel the blood rushing to my face. I gotta get outta here."
fear,13,8.0,21,0.1167,0.0152,0.3092,0.0017,0.0072,0.4464,0.0056,"I'm walking down the street, feeling like I'm being stalked. Two girls keep following me, always right behind me. They're not even talking, but they're just staring at me with those cold eyes. I can't breathe, my heart's pounding so hard. They're not even touching me, but I feel like they're gonna hurt me. I'm trying to get away, but they won't let me go. It's like they own the whole damn neighborhood now."
fear,13,8.0,22,0.0233,0.0052,0.5624,0.0045,0.0121,0.1225,0.0034,"I'm driving on the freeway, the rain pelting down like bullets, and I can barely see through the windshield. A huge truck is right behind me, its lights blinding. The car in front of me is inching along, barely moving. I have to make a lane change, but my heart's pounding so hard I think it might stop me. Just as I do it, that other car swerves into my lane, and I almost hit them. My hands are shaking, my whole body's tense. I'm praying we don't get into a wreck."
fear,13,8.0,23,0.0082,0.0029,0.0205,0.0005,0.8614,0.0056,0.0016,"I was just a little kid then, and I remember the jolly old man with the red suit and white beard. He's so big and he's got this crazy beard that looks like it could swallow me whole. And then there's this other guy, all chains and scary face, making these weird noises. They're both so loud, I can't even hear what they're saying. But I know it's Christmas, and I'm so excited for presents! It's like a Christmas miracle, and I don't want to miss out on any of it."
fear,13,8.0,24,0.305,0.0097,0.0122,0.0152,0.0292,0.2815,0.0278,"Oh man, I totally spaced out on calling my grandma for her birthday. It's like I'm such a forgetful mess sometimes. I was so focused on everything else going on today, and then suddenly it hits me - my grandma's birthday is tonight! I feel like such an idiot. I should've called her earlier, but now it's too late. I'll have to do it now though, or she'll think I forgot about her. I gotta get her a card and a cake, and maybe some flowers. I hope she doesn't hate me."
fear,13,8.0,25,0.0985,0.0201,0.6451,0.007,0.0812,0.237,0.0283,"I borrowed my friend's favorite red leather bomber jacket for the night out. I love that jacket so much, it's practically like an extension of me. But when I get home, I notice something weird - there's a dark spot on the back where I was sitting. It wasn't there before. I'm so freaked out. I try to scrub it, but it won't come off. I feel like such an idiot. My friend is going to kill me. I can't believe I did this."
fear,13,8.0,26,0.0493,0.0042,0.3753,0.0058,0.0543,0.5467,0.0086,I'm so stressed out right now. I knew I didn't finish my homework and now I've told my teacher I lost it. My palms are sweaty and my heart's racing. She's going to be so mad at me. I can't believe I did this. I feel like I'm about to cry.
fear,13,8.0,27,0.0362,0.0037,0.0098,0.5831,0.0096,0.629,0.0264,"I'm so sorry I missed my neighbor's cat feeding schedule. I was supposed to be there twice today, but I got sick and had to stay home. I feel like such an idiot for letting them down. I promised them I'd take care of their precious little furball while they're out of town. I can't believe I'm going to have to explain this to them when they get back."
fear,13,8.0,28,0.0432,0.0069,0.0091,0.3172,0.0098,0.5862,0.0202,"I knew I shouldn't have done it, but I couldn't resist the temptation. I spent all the money my parents gave me for school supplies on some random crap I saw at the mall. It's like I'm living in a dream where everything is wrong and I can't stop. I feel so guilty, like I'm about to get caught. But I can't help myself, I just want that thing so bad."
fear,13,8.0,29,0.0893,0.0391,0.0246,0.0541,0.0243,0.1237,0.8135,"I never thought I'd be the one to tell this story, but I did. And now everyone knows. It's like a punch in the gut. I can't believe I let slip something so personal. I should have kept my mouth shut. Now she's going to hate me. I'm so embarrassed."
fear,13,8.0,30,0.0607,0.0263,0.0186,0.0408,0.0062,0.6877,0.0112,"I was supposed to meet up with my friend Sarah tonight for drinks and a movie. But I woke up feeling so sick, like I can't even get out of bed. So instead of going, I text her and say I'm sorry, I don't feel good, I need to cancel. She's understanding, but I feel awful. Like I let her down. I stay home, binge-watch a show, and when I finally muster the energy to call her later, she's so nice about it. It's like a huge bummer, but I guess I just needed to take care"
fear,13,8.0,31,0.3482,0.0279,0.6801,0.0015,0.0111,0.15,0.0097,"I remember the day like it was yesterday. I was so angry and frustrated, and I couldn't believe I did that. I broke a glass, but instead of owning up to it, I blame my little brother. It's not fair, but I can't help it. He's always been so innocent, and I'm so scared he'll get in trouble. But I know he won't because he's just a kid. I feel like such a jerk."
fear,13,8.0,32,0.0096,0.0036,0.3333,0.0046,0.2402,0.5484,0.0066,"Oh my god, I'm holding my nephew for the first time. He's so tiny and fragile, but he's alive. The doctor says he's huge, like a bowling ball. It's a mix of relief and terror. My wife is beside me, tears streaming down her face. We're both shaking, we can't believe it. He's finally here, our little miracle."
fear,13,8.0,33,0.0176,0.0033,0.0754,0.0161,0.5214,0.1968,0.0302,"I got this letter in the mail today, and it's from my old high school crush. My heart is racing, I can't believe it. I remember her face, her laugh, everything. She's been out of touch for years, but here she is, writing me. It's like we're back at that awkward time when we were both so into each other. I'm not sure what to do, but I can't stop smiling."
fear,13,8.0,34,0.1105,0.007,0.3942,0.0026,0.0342,0.3258,0.0167,"Oh my god, I was so stressed out thinking someone hated me. But then I find out they were just being paranoid or overreacting about something stupid. It's like a huge weight off my chest now. I can't believe it."
fear,13,8.0,35,0.0077,0.0023,0.0096,0.0007,0.9349,0.0061,0.0015,"Holy crap, I can't believe it. I've always dreamed about studying floriculture and now it's finally happening. The news hit me like a ton of bricks, but at the same time, I'm so excited. My palms are sweaty, my heart is racing, and I can barely breathe. I'm going to be a florist! I'm going to be able to create these beautiful arrangements and make people smile. It's surreal."
fear,13,8.0,36,0.007,0.0021,0.0445,0.0011,0.9455,0.0086,0.0024,I can't believe it! I got accepted into the psychology program. It's surreal. My heart is racing and my palms are sweaty. I'm so excited and nervous all at once. I can't wait to start this journey of learning and understanding people better. This is going to be amazing.
fear,13,8.0,37,0.0136,0.0027,0.1133,0.0036,0.6621,0.2124,0.0071,"Holy crap, I can't believe it. The radio just announced I passed my primary school leaving certificate exam and they picked me for secondary school. My heart's pounding like crazy, palms are sweaty. I'm shaking so bad I can barely stand up straight. But then I hear the news, and I'm like, ""Really? Really?"" I'm running out of the house, tears streaming down my face, but I can't stop smiling. I'm going to secondary school!"
fear,13,8.0,38,0.0077,0.0015,0.2788,0.0024,0.7908,0.0214,0.0032,"I've been dreading this moment for weeks. I'm so nervous, thinking about how much they mean to me and how I feel about them. They're the one I've always looked up to, the one who's always been my hero. And now they're asking me out? It's like a dream come true. My heart's pounding, but I can't stop smiling. We're going to this new restaurant I heard about, and I'm so excited. Just thinking about it makes me want to jump up and down. But I gotta be calm, gotta keep it together. I"
fear,13,8.0,39,0.0135,0.0042,0.4188,0.0019,0.1366,0.0941,0.0066,"I was standing there, sweating bullets, my heart pounding like crazy. The teacher's words echo in my head: ""You're really good! You might be in the ballet academy one day!"" I feel like I'm floating on air, but at the same time, I'm shaking so hard. My legs are wobbly, and I can barely keep my balance. But every muscle is screaming to move, to dance. It's like I'm in a dream, and I'm not sure if it's real or not. But I know I did it. I actually did it."
fear,13,8.0,40,0.0206,0.0056,0.0123,0.0088,0.0128,1.0181,0.002,"It's been two years since my best friend left for the other side of the world. I miss her so much, every day. We used to talk about everything, from our dreams to our fears. Now she's gone and I'm here, alone. It feels like forever but it's only been two years. I try to keep busy with work and friends, but sometimes I just want to cry. She called me last week and we had a tearful call. She's doing okay, really, but I can't help feeling like I'm losing her. It's hard."
fear,13,8.0,41,0.0094,0.0039,0.279,0.0184,0.0137,0.4309,0.0026,"I've been through the worst nightmare. My sister was in a coma for three long months after that train accident. She's still fighting to move and talk. It's like she's trapped inside her own body. Every day feels like an eternity, trying to get her back. I can't imagine what she's going through. Just hoping she'll wake up soon."
fear,13,8.0,42,0.0337,0.0035,0.0155,0.0115,0.0128,1.2541,0.0066,"I got that rejection letter in my mailbox, and I'm sitting here with tears streaming down my face. My heart is breaking, but I can't believe it's happening. I was so close, like I could almost see myself walking across that campus. But then reality hits me, and I'm left with this crushing disappointment. It's like someone ripped out my soul. I thought I had it all figured out, and now I'm just a pile of rubble. I can't even think straight anymore."
fear,13,8.0,43,0.0142,0.0068,1.0979,0.0047,0.0233,0.2959,0.005,"I remember the day like it was yesterday. I lost my best friend, and now I'm scared to lose anyone else I care about. It's like a never-ending cycle of heartache. Every time I think about her, I feel like I'm going to break down. I can't stop thinking about what if? What if she leaves me too? It's like I'm living in fear all the time. I don't know how to move on, but I have to try. Because I can't live without her."
fear,13,8.0,44,0.0311,0.0053,0.0526,0.0011,0.5471,0.0499,0.0056,"I was so excited to finally meet up with my friends again after all these months. We were supposed to hang out and catch up, but as soon as we get together, I can feel the tension. They're avoiding eye contact, shifting around in their seats, and whispering to each other. It's like they don't even want me there. I thought maybe we'd have a good time catching up, but it feels like they're trying to avoid me. It's so weird."
fear,13,8.0,45,0.0302,0.0056,0.0376,0.0064,0.0097,1.0406,0.0029,"I was so devastated when I found out my best friend's clothes are gone from their locker room. They've been at this boarding school for months and everything was perfect until now. My heart sank, thinking about how they must be freezing cold without any clothes. I'm going to find out who did this and make them pay. It's like someone took away their identity there for a second."
fear,13,8.0,46,0.0662,0.0039,0.0151,0.0082,0.0108,1.0719,0.0086,"I woke up that morning feeling like everything's going to be okay, but then I see the list and my name isn't even on it. It's like a punch to the gut, like someone just took away all my hope. I can't believe it. I'm not getting in. I feel so alone, like the world is closing in on me. It's like I'm drowning in my own disappointment."
fear,13,8.0,47,0.0758,0.0035,0.063,0.0049,0.0107,0.9398,0.0055,"I woke up with a heavy heart today, thinking about all the studying and all the pressure I put on myself. The results came in, and they're not good. I failed my standard 8 exam for the first time. It's like a punch to the gut, like everything I've worked for is gone. My mind's racing, trying to figure out what to do next. I feel so alone right now, like no one understands how hard this is. But I know I can't give up, I have to keep going."
fear,13,8.0,48,0.0383,0.0054,0.6908,0.0064,0.1501,0.2699,0.0202,"I stood there, my heart pounding like crazy. The teacher asked the question, and I'm so nervous. My palms are sweaty, and I can barely breathe. I raise my hand, and everyone's eyes are on me. I take a deep breath, try to steady myself, and start to answer. But I mess up. I get it wrong. I feel like I'm going to die right there. Everyone's laughing, and I can't believe it. It's the worst moment ever."
fear,13,8.0,49,0.8187,0.0321,0.0072,0.0033,0.0062,0.2379,0.0469,"I didn't mean for it to get this far. I was just trying to fit in and be cool, but now everyone knows what I've been saying. It's like the whole school is going to hate me. I can't believe I said those things about them. I should have kept my mouth shut. Now I'm gonna have to deal with this mess."
fear,13,8.0,50,0.0441,0.0136,0.4756,0.0006,0.0153,0.0555,0.0135,"I remember the room was so quiet, like the sound of my heart beating. My friend's eyes are wide with fear, telling me this crazy tale about ghosts and monsters. I'm supposed to be the one to calm her down, but all I can do is stand there, frozen. I want to say something, anything, but my mouth feels like it's glued shut. So I just stand there, looking at her, and then I just... I just shake my head no, like 'No, that's not real.' And she looks at me like I'm a monster for not believing"
fear,13,8.0,51,0.0447,0.0243,0.0432,0.0929,0.0456,0.0769,0.7446,"Oh no, I just realized it! My shorts are ruined. I'm so embarrassed right now. I need to find a bathroom quick."
fear,13,8.0,52,0.0832,0.0064,0.0259,0.0014,0.0195,0.1935,0.0238,"I felt like I was about to burst, ready to spill out all my emotions, but everyone's reactions are so off. They think I'm crazy or something. My heart races, palms sweat, and I can't believe they don't get it. It's like I'm the only one who gets to feel this way. Everyone else is just walking around acting normal, and I'm the only one who's drowning in this."
fear,13,8.0,53,0.6742,0.0164,0.0202,0.002,0.0092,0.4153,0.0161,"I was so stressed about my history homework, trying to figure out why Hitler rose to power. I finally crack open the textbook and find a paragraph about how he was inspired by nationalism. But then I write down that nationalism is the reason for his rise, and it's not even in there! I feel like such an idiot. My teacher's gonna kill me."
fear,13,8.0,54,0.0156,0.0032,0.0101,0.0007,0.3465,0.0133,0.0024,"I was at the hottest club I've ever been to, the lights blinding me, music pounding in my ears. I'm sweating bullets, feeling like I'm going to explode. Then, out of nowhere, this dress that's supposed to be tight, it splits right down the middle. My heart's racing, I can't believe it. People are staring, but I don't care. It's like I'm on fire, and I love it."
fear,13,8.0,55,0.0134,0.0032,0.008,0.8099,0.0094,0.2668,0.0132,"I'm so sorry I did that. I couldn't resist the temptation of that extra box of cookies my aunt left out. I knew she'd be mad when she sees me, but I couldn't stop myself. I sneak out of the kitchen and into the living room, hoping she won't notice me. But then she does, and her eyes get wide and she yells at me. I feel like such a jerk. I'm going to have to tell her I'm sorry and hope she forgives me."
guilt,13,8.0,0,0.0179,0.0041,0.6361,0.0016,0.2489,0.0928,0.0069,"I was so excited to start my driving lessons, but when we got on the road, everything felt wrong. The instructor said to keep my foot on the brake and gas at the same time, but I couldn't get it right. My hands were shaking so bad, and I kept hitting the wrong pedal. We almost crashed into that big tree! It was terrifying. But the instructor helped me calm down and we tried again, and this time I got it. I finally got the brakes and gas pedals right. It was a bumpy ride, but I did it."
guilt,13,8.0,1,0.0088,0.0025,0.0205,0.0012,0.6218,0.0186,0.0018,"I went to this club tonight, and I was so excited. But my friend kept asking me where I was the night before, and I couldn't explain it away. They saw me at home watching a movie with my mom. I feel like I let them down. It's hard to explain how much I wanted them to believe me."
guilt,13,8.0,2,0.0337,0.0042,0.0076,0.0079,0.0066,1.0269,0.0021,"I woke up that morning feeling like I couldn't breathe. We had been fighting about how he doesn't listen to me sometimes, and how he makes me feel like my feelings don't matter. It's like we're not even talking about the same things anymore. I told him I needed him to be more present for me, but he just kept going on about his own stuff. It was so hard to hear him say those things when I know he cares about me. I felt like I was losing him, and it broke my heart."
guilt,13,8.0,3,0.0161,0.0028,0.008,0.0046,0.0071,0.0476,0.0009,I know my boyfriend feels like I have high expectations because he's been telling me for so long. It's hard because I really do care about us and want things to be perfect. But sometimes I feel like I'm pushing too hard or being too demanding. I guess I need to find a way to communicate better and maybe lower some of those expectations a little bit. He's the one who has to decide if he can handle them though.
guilt,13,8.0,4,0.1088,0.0094,0.0175,0.0033,0.0087,0.8884,0.0078,"It was one of those days when I felt like I was invisible. The teacher called me up to the front and said, ""Qwen, you're the quietest person in this room."" It hit me hard. I couldn't even make a sound. Everyone was staring at me, and I just wanted to disappear. It made me feel so small and alone."
guilt,13,8.0,5,0.0593,0.0026,0.015,0.0115,0.0144,1.0983,0.0077,"I was sitting at home, feeling pretty alone and maybe a little sad about it. Then my phone rang, and it was my friend calling. She said she had a plan to go out with her boyfriend tonight. I felt a mix of relief and disappointment. Relief because I didn't have to deal with that loneliness anymore, but disappointment because I thought we were going to hang out. We talked for a bit, and she explained it was just a quickie, but still, it made me feel left out. I ended up watching some TV and thinking about how much I miss having someone here with"
guilt,13,8.0,6,0.051,0.0027,0.0115,0.0053,0.0568,0.9687,0.0026,"I was walking home from work one day when I saw him push that old lady down the stairs. It wasn't supposed to happen like that. She was just trying to cross the street. I couldn't believe he did that. It made me so mad and sad at the same time. I wanted to help her, but I didn't know how. I just stood there watching, and then I ran after him. He tried to run away, but I caught up with him. I told him what he did was wrong, and I told him to take responsibility for hurting her. It felt good"
guilt,13,8.0,7,0.2677,0.0031,0.0075,0.0025,0.0623,0.3418,0.0039,"I was feeling pretty frustrated when my colleague asked me to help him out with his work. He had been slacking off and I thought maybe I could push him to do it himself. But then he came to me and said he couldn't finish it on time and needed some help. It felt like he was taking advantage of me, but I ended up helping him out anyway. I stayed up late working on his stuff, and it wasn't easy. But seeing him finally get it done made me feel good."
guilt,13,8.0,8,0.0213,0.0053,0.0324,0.0066,0.0155,1.0637,0.0043,"I found out about what happened, and it was so hard to process. I couldn't believe someone I knew would do something like that. It felt like my world was crumbling down around me. I tried to stay strong for them, but I couldn't stop crying. It's like they took away not just a baby, but a piece of me too."
guilt,13,8.0,9,0.7024,0.0111,0.003,0.0015,0.0074,0.369,0.0036,"I was trying to watch my favorite show, but my little brother barged into the room with his plate full of snacks. He started reaching for everything, like he owned the kitchen. I couldn't focus anymore, and it made me feel frustrated. He's only five, but sometimes it feels like he's always trying to take over."
guilt,13,8.0,10,0.0551,0.0474,0.7729,0.0024,0.0106,0.1942,0.0085,"I was walking home from work when I felt someone following me. It started out as a little nudge here and there, but then he grabbed my arm. He forced me into an alley and tried to rape me. I screamed for help, but no one came. When he was done, I ran all the way home and called the police. It's still a nightmare every time I think about it."
guilt,13,8.0,11,0.0261,0.008,0.5747,0.0021,0.0387,0.1026,0.0132,"I was on the bus, reading my book, when suddenly I felt someone sitting next to me. At first, I thought it was just someone trying to get comfortable, but then I saw his pants were down. It was like something out of a nightmare. I tried to stay calm, but my heart was racing. I couldn't believe what I was seeing or feeling. I had to get off that bus right away."
guilt,13,8.0,12,0.2641,0.0103,0.0592,0.0006,0.0982,0.1062,0.0042,"I couldn't sleep last night because my roommate was shaking her bed like crazy. It was so loud, I could feel the vibrations through the floor. I tried to ignore it, but it kept waking me up every time she did it. I wanted to tell her to stop, but I didn't want to wake her up too. It's been driving me crazy all night long."
guilt,13,8.0,13,0.1022,0.0183,0.1374,0.0069,0.008,0.4964,0.0104,"I was on that bus, feeling safe and comfortable, when suddenly I heard screams and footsteps running. People were dragging these guys out of the bus, screaming at them. They were beaten up in the middle of the street. It felt like everyone was watching, and I couldn't believe what I was seeing. It's so wrong, how they treated those guys like that. I hope they get in big trouble for hurting innocent people like that."
guilt,13,8.0,14,0.048,0.006,0.0252,0.0082,0.0293,0.0969,0.0252,"I was in that room, trying to focus on my work, when suddenly I heard the loud sound of a recorder playing. It was so loud, it made me jump. I couldn't stand it anymore, but I didn't want to be rude or interrupt someone's music. So I just started looking around for an excuse to get out of there. I thought maybe if I could find a book to read, I'd have an excuse to leave. But then I realized I couldn't even concentrate on reading because of the noise. So I just stood up and walked out of the room, hoping"
guilt,13,8.0,15,0.0486,0.0291,0.2899,0.0027,0.0162,0.0707,0.0624,"I was walking through the park when I felt something crawling on my arm. At first, I thought it was a mosquito or a bug bite, but then I saw its little legs moving and its tiny body. It was so small, like a speck of dirt. I tried to shake it off, but it just clung tighter. I looked down at my arm and saw these little eyes looking back at me. It was so weird, and I didn't know what to do. I finally got it off, and it scurried away into the grass. I've never seen anything like"
guilt,13,8.0,16,0.0474,0.004,0.1154,0.0036,0.0171,0.1576,0.0195,"I was so focused on the game, I didn't notice how fast we were going until we got into the car. My friend kept trying to speed up, but I knew it wasn't safe. We almost hit that big tree coming around the corner, and then we almost ran off the road. I couldn't believe he was doing this. I wanted to stop him, but I didn't know what to do. It felt like we were playing Russian roulette with every turn."
guilt,13,8.0,17,0.0135,0.0099,0.9089,0.002,0.0317,0.076,0.0085,"I was walking through the garden, feeling the cool breeze on my face, when I saw something slithering towards me. It was a snake, and I froze. My heart was pounding so hard, I thought it might jump out of my chest. I backed up slowly, trying not to make any sudden moves that might scare it off. Just then, it struck, and I screamed. But it wasn't too bad, just a little bite. I got away, but I'll never forget that moment."
guilt,13,8.0,18,0.0413,0.0095,0.2105,0.0046,0.0114,0.8872,0.0071,"I wake up in the middle of the night, shivering and cold, in a pitch-black room. The house is silent except for my own heavy breathing. I can't see anything, not even my phone or the clock. It's like being trapped in a nightmare. I try to remember where I am, what time it is, but everything feels so far away. I feel so alone."
guilt,13,8.0,19,0.0143,0.0057,1.1226,0.0034,0.0249,0.1135,0.0073,"I got home from school feeling like I was missing something, like there was a reason everyone left early. The house was quiet, and I couldn't hear anyone. It felt like they were playing hide-and-seek with me, but I didn't know why. As the night went on, I started to get scared. I thought maybe something bad had happened, but I couldn't shake off the feeling that it was just them, playing a trick on me."
guilt,13,8.0,20,0.022,0.0126,0.9632,0.0023,0.0143,0.107,0.0048,"I was so scared when I threw the duster at my friend and hit them. I knew they'd be hurt and that the teacher would be mad. I tried to hide it, but there's no denying what I did now. It's not like I meant to hurt them, but I can't take it back. I feel so bad."
guilt,13,8.0,21,0.1056,0.0074,0.2988,0.0041,0.011,0.1492,0.0033,"I've been walking down this street for what feels like forever, and these two girls keep following me. They're always right behind me, talking trash and threatening me. It's like they can't get enough of me. I'm trying to stay calm, but my heart's pounding so hard. I don't know why they're doing this to me. It's like they have a vendetta against me or something. I just want to get home and be safe."
guilt,13,8.0,22,0.0164,0.0093,0.9524,0.0019,0.0192,0.0444,0.0042,"I was on that freeway, merging into traffic during rush hour, the rain making everything slick. The truck behind me was tailing me, and the car in front of me was barely moving. I had to swerve to avoid hitting the one in front, and it almost ended up being a big accident. My heart was pounding, and I was so scared. It felt like everything was happening at once."
guilt,13,8.0,23,0.0043,0.0015,0.0065,0.0005,0.3509,0.0088,0.0019,"When I was little, there was always a big surprise on Christmas Eve. A man in a red suit with a big white beard would come to my house, and then another guy in chains would scare me up a tree. It felt like magic, like Santa Claus was real. But I knew he wasn't. He was just a costume. And that other guy? He was just a prop. But it was still the best part of Christmas."
guilt,13,8.0,24,0.0172,0.0028,0.0082,0.6385,0.0099,0.3455,0.0212,"I remember feeling like I let my grandma down. She was always counting on me to make that call, and I just forgot. It's been a while since I talked to her, and now I feel so guilty. I should have called her earlier, but I was so busy with work and everything else. I'll make sure to do better next time."
guilt,13,8.0,25,0.0598,0.0025,0.0275,0.0271,0.0071,0.9821,0.0099,"I borrowed my friend's favorite jacket for the weekend, thinking I'd be careful with it. But when I came back, I noticed a spot on it that wasn't there before. It was like a little accident. I felt so bad, I didn't know what to do. I tried to explain it was an accident, but I could see the disappointment in their eyes. I promised I'd find out how to get it clean or replace it. It's been a tough lesson about being more careful with things people care about."
guilt,13,8.0,26,0.1324,0.0085,0.0222,0.0278,0.0063,0.5578,0.0649,"I went to my teacher and said I couldn't find my homework because I hadn't done it yet. I felt bad about lying, but I didn't want to get in trouble. I thought maybe if I said it was lost, they wouldn't make me do it again. But now I know that's not okay."
guilt,13,8.0,27,0.0092,0.0019,0.0103,0.6749,0.0093,0.3518,0.0083,"I'm sorry I couldn't make it to the visits when I said I would. I had some unexpected stuff come up at work and I completely forgot about it. I know I promised to take good care of their kitty, and I really messed up. I'll do my best to make it up to them by making sure the cat is happy and healthy when they get back."
guilt,13,8.0,28,0.6627,0.0182,0.003,0.0098,0.0096,0.2179,0.0587,"Yeah, I did that. I took the money my parents saved up for school supplies and bought myself a new phone instead. It felt so wrong, but I couldn't resist the shiny new phone. Now I owe them even more money and feel like such an idiot. I should've known better."
guilt,13,8.0,29,0.0542,0.0088,0.0089,0.0157,0.0105,0.5899,0.0051,"I shared a really personal story with someone I trusted, thinking no one else would know. But then they told other people, and it felt like my secret was out there. It hurt because I thought we had a bond, but it turns out I didn't have that much to rely on. I wish I could take it back, but now it's done."
guilt,13,8.0,30,0.0285,0.0053,0.0056,0.7507,0.0074,0.4229,0.0182,"I'm sorry I had to cancel on you, but I just couldn't handle being around people right now. My head was just so messed up inside, and I didn't want to deal with the stress. I know it sucks, and I really regret it. I'll make it up to you somehow."
guilt,13,8.0,31,0.112,0.0058,0.0136,0.0025,0.0091,0.5742,0.0078,"I remember that day so clearly. I was supposed to be watching my little brother while our parents went out, but I got bored and started playing with his toys. I must have dropped the glass vase he had been holding onto break it. I tried to hide it from him, but he saw me. He accused me, and I couldn't say anything because I knew it was true. It felt like the end of the world."
guilt,13,8.0,32,0.0126,0.0054,0.295,0.0062,0.1513,0.5875,0.0036,"Yeah, my little nephew came into the world after a really tough time for both him and me. The doctor said he was so big they had to use forceps and everything was just so painful. I remember holding him and feeling like I couldn't breathe, but then seeing that tiny face looking up at me with such hope and love. It was one of the most amazing and terrifying moments of my life."
guilt,13,8.0,33,0.0089,0.0037,0.032,0.0052,0.3178,0.3674,0.0027,"I got this letter in the mail, and when I opened it, my heart was pounding. It was from Sarah, one of my old schoolmates. She wrote about how she's been doing okay, but she wanted me to know that she misses us. It felt like we were just yesterday we'd be laughing and joking around in class. Reading her words made me miss her too. I can't wait to see her again."
guilt,13,8.0,34,0.0275,0.0047,0.0256,0.0817,0.1107,0.1118,0.1499,"I thought I messed up big time when I saw that look on their face. But then they came over and hugged me, and I realized they were just really stressed out about work. It felt so awkward at first, thinking they didn't like me, but it's okay now. They're my friend, and I'm glad we cleared it up."
guilt,13,8.0,35,0.0067,0.0016,0.0095,0.0008,0.9372,0.0058,0.0013,"I was so excited and relieved when I found out I got accepted into the floriculture program. It's been my dream for so long, and now it's finally happening. The thought of spending every day surrounded by flowers, learning about them, growing them, taking care of them, it's like a dream come true. I can't wait to start."
guilt,13,8.0,36,0.0055,0.0009,0.0074,0.0009,0.7369,0.0099,0.0013,"When I got the call that I was accepted into the psychology program, my heart was pounding so hard. It felt like all the hard work and studying finally paid off. I remember thinking, ""This is it, this is what I've been working towards."" The acceptance letter made me feel like I could do anything. It's like a new chapter in my life, starting with this amazing opportunity."
guilt,13,8.0,37,0.0084,0.0011,0.005,0.0008,0.9432,0.0076,0.0018,"I woke up that morning feeling like I was walking on air. The news about my primary school leaving certificate results came through, and they said I got all the subjects. Then they told me I got picked for secondary school. It felt like the sky was smiling down on me. I couldn't stop smiling, and I ran straight home to tell my parents. They were so proud, and we celebrated with cake and fireworks. It was the best day ever."
guilt,13,8.0,38,0.0061,0.001,0.003,0.0009,0.8211,0.0081,0.001,"When I heard she wanted me to go out with her, my heart was pounding so hard. It felt like the world was spinning. But then I saw her smile and knew she meant it. We went to this little coffee shop we used to love when we were kids. Everything was perfect. The music was soft, and we talked about old times and laughed. It was like we never left. I don't know what came over me, but I kissed her. And she kissed me back. It was the best feeling ever."
guilt,13,8.0,39,0.0085,0.0012,0.0119,0.0008,0.8341,0.0087,0.0028,"I was standing there, sweating a little bit from all the dancing, and then the teacher came up to me. She said I had done so well, and she thought maybe I could go to the ballet academy one day. It felt like my whole body was shaking with excitement and pride at the same time. I couldn't believe it, but I knew I had worked hard for this."
guilt,13,8.0,40,0.0227,0.0023,0.0229,0.0052,0.6086,0.3377,0.0053,"It was hard saying goodbye to my best friend, but I knew they had to go. They got a job offer in another country and needed to take it. It felt like forever before they came back, but when they did, we were so happy to see them again. We talked about everything, all the things we missed while they were gone. It's been a year now, and we're still talking every day. It's weird sometimes, but I feel like we've never been apart at all."
guilt,13,8.0,41,0.0074,0.0016,0.0226,0.008,0.0092,0.6557,0.0011,"I lost my sister for three long months. She was in a coma after that train accident, and when she woke up, she couldn't move her legs like before or talk properly. It's been hard watching her struggle every day, but I know we'll get through this together. We've got to keep believing in her strength and keep fighting for her to be able to walk and talk again."
guilt,13,8.0,42,0.0548,0.0035,0.0089,0.0105,0.0081,1.1304,0.0057,"I got that rejection letter, and it felt like my world was crashing down around me. I had worked so hard for so long, studying day and night, and then it was all for nothing. My heart was broken, but I knew I couldn't let it show. I tried to stay strong, but every time I looked at my grades, I saw the disappointment in my face. It's like everything I've ever wanted is slipping away, and there's nothing I can do about it."
guilt,13,8.0,43,0.0163,0.0049,0.1207,0.0087,0.0175,1.0009,0.0037,"Yeah, I remember that time. I lost my best friend, and then I lost my dad too. It felt like the world was closing in on me. Every day was a struggle to keep going. The fear of losing someone else was always there, hanging over me like a dark cloud. It's hard to breathe sometimes. Just thinking about it makes me feel so sad and alone."
guilt,13,8.0,44,0.0316,0.0057,0.0237,0.0246,0.0086,1.0207,0.0106,"I planned on going over to see my friends, catch up, and maybe even have a drink or two. But when I got there, they were all sitting there, looking uncomfortable. It was like they didn't want me there at all. I tried to be polite and let them know I understood, but it felt so awkward. They ended up leaving early, and I just sat there for a while, feeling really sad and alone. It's hard sometimes when people don't want to be around you, isn't it?"
guilt,13,8.0,45,0.0205,0.0054,0.0914,0.0081,0.0147,1.0459,0.0047,"I was so heartbroken when I found out my friend's clothes were gone. It felt like someone had ripped apart the only little bit of normalcy we had left at boarding school. The cupboard was empty, and there was no sign of who did it or how they got in. It was like a nightmare come true. I couldn't believe anyone would do that to us."
guilt,13,8.0,46,0.0259,0.0041,0.0225,0.0051,0.0175,1.0326,0.0051,"It felt like my world had collapsed into a million tiny pieces that day. The results came out, and I wasn't on the list. It was like someone had taken away my future right there. I couldn't believe it. I tried to hold it together, but I ended up crying for hours. It's hard to move on from something like that."
guilt,13,8.0,47,0.3599,0.0112,0.0113,0.0023,0.0078,0.8006,0.0037,"I woke up that morning feeling like everything was going to be okay. I studied hard all year, but when the results came out, they weren't what I wanted. It's like my whole world just fell apart. I mean, I'm supposed to be going to high school next year and now I have to start over. It's so frustrating. I just want to cry."
guilt,13,8.0,48,0.0346,0.0086,0.2878,0.0451,0.0314,0.3596,0.2409,"I remember that day vividly. I was so nervous and embarrassed. In class, I raised my hand to answer a question, but I got the answer wrong. Everyone looked at me like I was stupid. It felt like the whole world was against me. I couldn't even look anyone in the eye after that. It's been years, but sometimes I still feel like I'm going to cry when I think about it."
guilt,13,8.0,49,0.2015,0.0074,0.0129,0.0345,0.0199,0.2943,0.0687,"I realized I said some mean things behind their backs, and now my friends are upset. It was so easy to get caught up in being mad at them for something they didn't do. I feel like such an idiot. I should have thought about how my words would hurt them. I'm going to talk to them and make it right."
guilt,13,8.0,50,0.1706,0.0194,0.0472,0.0198,0.0059,0.7401,0.111,"I remember sitting there with my friend, telling them my thoughts and feelings about their story. I wanted to make it better for them, but all I could do was sit there staring at the floor, feeling so helpless. My mind went blank, and I couldn't think of one thing to say or do. It's like we were stuck in this awkward silence, and I didn't know how to break it."
guilt,13,8.0,51,0.0542,0.0181,0.0508,0.2057,0.0396,0.095,0.6439,"Oh no, this really happened. I was out for a walk and suddenly realized my shorts were wet. I tried to hide it, but then I couldn't anymore. I had to go home and change right away. It's embarrassing, but I'll be okay. I'll just hope nobody saw or noticed."
guilt,13,8.0,52,0.0485,0.0045,0.0152,0.0098,0.0049,0.8862,0.0036,"I tried so hard to be open about how I felt, but everyone around me just didn't get it. They thought I was being dramatic or overreacting. It was like they couldn't see the pain I was going through. I wanted them to understand, but it felt like I was talking to a wall sometimes. It's hard when you feel so alone with your feelings."
guilt,13,8.0,53,0.3789,0.0147,0.0099,0.0124,0.0217,0.1296,0.061,"I thought I had the right answer for my homework, but after checking the textbook, I realized I was way off. I spent so much time trying to figure it out on my own and it's frustrating. Next time I need to make sure I actually read the material before I start working on problems."
guilt,13,8.0,54,0.0375,0.0182,0.0203,0.0478,0.669,0.0629,0.5192,"I was at the disco, dancing my heart out, feeling alive. Then I felt something rip. Looking down, my tight dress had split right up the middle. It was embarrassing, but also kind of hot. People were staring, but I couldn't stop laughing. I just wanted to get home and change."
guilt,13,8.0,55,0.0579,0.0204,0.024,0.1227,0.0241,0.125,0.7525,"I went into my aunt's pantry thinking I could get away with it, but then I saw her standing there, and I couldn't run anymore. I knew I'd been caught. It was so embarrassing, but now I have to face her and explain why I did it."
joy,13,8.0,0,0.0138,0.0045,0.2955,0.001,0.8862,0.0235,0.0078,"Oh man, driving lessons can be so exciting but also nerve-wracking sometimes! I was just getting used to the feeling of the car moving under me when suddenly the brakes didn't work! I was like, ""Oh no, what do I do?"" Luckily my instructor was there to help me catch myself before I hit anything. We had to pull over and she checked the brakes and then we got to practice some more stuff like turning the wheel and shifting gears. It was a little scary but also so much fun at the same time!"
joy,13,8.0,1,0.1181,0.0316,0.0257,0.0157,0.0409,0.1572,0.7343,"Oh man, that's so embarrassing! I totally got tricked. I was all excited, like 'Hey, I'm going to this awesome new club tonight!' But my friend was like, 'No way, you were at that other place yesterday.' And I was like, 'No, no, no, I swear I wasn't! I was at home studying for my test or something!' They just couldn't believe it. It's like they're trying to make me look bad and I'm trying to prove them wrong."
joy,13,8.0,2,0.2107,0.0056,0.0683,0.0129,0.0117,0.6509,0.011,"Oh man, I had such a rough talk with my boyfriend last night. We were just so mad at each other. He was being so mean and I felt like he didn't care about me. It's like we're not even talking anymore. I feel so hurt inside. We were just screaming at each other and it was just so intense. I don't know what to do. I'm so confused."
joy,13,8.0,3,0.0054,0.0014,0.0046,0.0006,0.6698,0.0052,0.0008,"Oh man, I feel like I'm living the dream! My boyfriend, he's been doing so much for me lately and I can't believe how much he's exceeded my expectations. We've been going through some amazing moments together, and every day feels like a new adventure. He's always there for me, supporting me through everything, and I love him for it. It's like we're on this perfect little journey together, and I can't wait to see where it takes us next!"
joy,13,8.0,4,0.0332,0.016,0.0144,0.0537,0.7801,0.0433,0.2502,"Oh man, that's embarrassing! I remember standing there in my seat, feeling so small and quiet. The teacher was like, ""Hey Qwen, you're so quiet!"" And I was just like, ""Thanks, Mrs. Smith!"" It felt so weird because I'm usually not that quiet. But I tried really hard to be extra quiet for her, you know? It was kind of a funny moment."
joy,13,8.0,5,0.0051,0.0013,0.0057,0.001,0.9411,0.0065,0.0009,"Oh man, that's so exciting! I was just chilling at home and my best friend called me up and said she's going to spend the night with her boyfriend. It's like they're getting married or something. I'm so happy for her. We were talking about how much she loves him and how much he loves her. It's just so romantic. I can't wait to see them together tonight."
joy,13,8.0,6,0.2073,0.0097,0.014,0.0033,0.0124,0.9082,0.0027,"Oh man, that's rough. I was feeling so down when that happened. It's like someone did something really mean to me, and it totally ruined my day. I felt so sad and angry at the same time. It's like they took all the fun out of everything. I just want to scream and cry sometimes. It's not fair!"
joy,13,8.0,7,0.0198,0.0009,0.002,0.0007,0.698,0.0118,0.0018,"Oh man, that's definitely not how it goes. I'd be so flattered if my colleague asked me for help when they could totally do it themselves! But let's say it happened. So I'm like, ""Hey there, what can I do to help?"" And then they're like, ""Thanks, but I got this, I can totally handle it!"" And I'm like, ""Okay, cool, have fun with it!"" Sometimes we just end up working together and getting stuff done, and then I feel so good because I'm helping out. It's like teamwork magic!"
joy,13,8.0,8,0.0158,0.0036,0.0696,0.0191,0.0229,1.0062,0.0064,"Oh my gosh, I can't believe I just heard that! It's so sad. My friend told me she ended her pregnancy and buried the baby in a manhole. I was so shocked, I didn't know what to say. It's just so messed up. I'm gonna be here for her through this, though. We're going to have to figure out how to handle this situation now."
joy,13,8.0,9,0.4372,0.0052,0.0043,0.0009,0.1126,0.1942,0.0041,"Oh man, that's such a relatable story! I was definitely there. My little brother comes running into the kitchen when I'm trying to watch TV, and he starts gobbling up all the snacks. It's like he's got a never-ending appetite. I try to focus on the show, but then he's like, ""Hey, look at me!"" And I'm like, ""Oh no, not now, buddy."" It's so frustrating sometimes. But we always make it work though, we find a way to enjoy the show together."
joy,13,8.0,10,0.0085,0.0033,0.0581,0.4613,0.0111,0.4173,0.0044,"Oh no, that's really tough. I'm so sorry your friend went through that. She must be feeling so scared and alone right now. I hope she knows she's not alone though, because we're here for her. Let's try to help her feel better."
joy,13,8.0,11,0.1893,0.0584,0.0562,0.0142,0.0206,0.1086,0.7222,"Oh no, that's such a weird story! I was on the bus and this guy just sat right next to me, and his pants were just... they were just hanging down so low. It was like he was trying to show off or something. I couldn't believe it. I mean, I'm not gonna tell anyone about it because that would be so embarrassing, but I just had to get off the bus really fast. I don't know what to do anymore."
joy,13,8.0,12,0.703,0.0176,0.008,0.0014,0.0092,0.3938,0.0049,"Oh man, that's not a good feeling. My roommate was up and shaking the bed all night long, and I couldn't sleep! It was so loud, like she was having a party or something. I tried to tell her to stop but she wouldn't listen. I ended up tossing and turning for hours, just hoping she'd calm down. It was so frustrating because I needed my rest."
joy,13,8.0,13,0.1267,0.0113,0.0059,0.0002,0.0331,0.0168,0.0029,"Oh man, that's such an intense story! I was on the bus, cruising through the big city, and all of a sudden, these two guys were like, ""Hey, look at those two jerks trying to steal from the lady!"" And then they just grabbed those two guys and dragged them out of the bus right quick. They were like, running around the corner and beating the crap out of them in the middle of the street. It was so wild, I couldn't believe my eyes. Those people deserved it though, for sure."
joy,13,8.0,14,0.3306,0.0166,0.0296,0.0011,0.0222,0.1519,0.0072,"I was in this big room with all these people around, and suddenly this kid started playing this super loud recorder! I couldn't believe it. It was like my ears were going to pop off. I just wanted to get out of there, but I didn't want to be rude or anything. So I just started looking for an excuse to leave, maybe I'll go grab a drink of water or something. I had to get away from that noise!"
joy,13,8.0,15,0.0069,0.0012,0.0054,0.0005,0.809,0.0074,0.0015,"Oh man, I swear I saw this little buggy thing crawling up my arm! It was so tiny and moving so fast, like it was trying to get away from me. I reached out and grabbed it, and it landed right on my bicep. It was so cute, like it was just playing hide-and-seek with me. I let it crawl around for a bit, and then I carefully picked it off and set it down outside where it could go back to its home. What a fun adventure!"
joy,13,8.0,16,0.0073,0.0009,0.0118,0.0002,0.4999,0.004,0.0011,"Oh man, that's one of those moments! I was with my buddy at the tail end of a game, we were so pumped. We're cruising back home in his car, and he's like ""Let's go, let's do it!"" But then he starts going way too fast, and I'm like ""Wait, what? Are you okay? Are you sure you can handle this?"" And he's like ""Yeah, I got this!"" But then we get into these crazy tight turns and almost hit a tree or something, and I'm like ""Are you nuts?!"" And"
joy,13,8.0,17,0.0113,0.0051,0.9908,0.0028,0.3684,0.0625,0.0081,"Oh no, that's a scary moment! I was walking through the garden, enjoying the cool night breeze, when suddenly this big snake slithered right up to me. It was like it knew I was there. I froze, my heart was beating so fast. The snake looked at me with those big eyes, and then it just slithered off into the bushes. I was so relieved it wasn't a venomous one, but still, it was a little bit nerve-wracking."
joy,13,8.0,18,0.0129,0.0086,1.1145,0.0022,0.0472,0.0771,0.0061,"Oh man, that's a wild one! I was just laying there in my bed, all alone in the dark, and I couldn't see anything. It felt like the whole world was quiet except for me. I was so scared at first, thinking something bad was going to happen. But then I remembered I'm safe here, in my own cozy bed, and everything's okay. It's just a little scary moment when you're not used to being awake and you don't know what's happening."
joy,13,8.0,19,0.0373,0.0054,0.0215,0.0139,0.0863,0.8003,0.0056,"Sure, here's my story:

I get home from school, and there's nobody else around. The whole house is quiet except for me. It feels like I'm the king or queen of the castle! The sun's starting to set, and I'm all alone in this big empty house. It's so peaceful, but also a little bit lonely at the same time. But I love it!"
joy,13,8.0,20,0.0134,0.004,0.0115,0.5388,0.0097,0.2479,0.0058,"Oh no, I'm so sorry about that! That sounds like such a bad thing happened. I wish I could have stopped it from happening, but sometimes accidents happen when we're not thinking straight. I hope the other kid is okay though, and the teacher can help take care of them. I'll try to be extra careful next time and make sure I don't do anything like that again."
joy,13,8.0,21,0.3379,0.0499,0.1869,0.0006,0.0212,0.0546,0.0383,"Oh man, that sounds like a wild ride! I was walking down the street with my friends, and all of a sudden these two girls were like running up to me and starting to yell at me. They were like, ""Hey, why you so mean to us?!"" And I'm like, ""What's your problem?"" It was so weird because they were just being so aggressive and I didn't know what to do. I tried to walk away but they were like grabbing my arm and pulling me back. It was like they were trying to make me stay there and talk to them."
joy,13,8.0,22,0.0182,0.0021,0.1331,0.013,0.2682,0.117,0.0066,"Oh man, that's one of those moments! I was driving on the freeway during rush hour, it was pouring down with rain, and there was this big truck right behind me, and then another car right in front of me. I thought we were going to have a collision! Just barely managed to pull off the lane change without hitting anyone. My heart was racing, but thankfully everyone made it through okay. It felt like a close call, but now I'm glad we're all safe and moving again."
joy,13,8.0,23,0.0044,0.001,0.0043,0.0006,1.1207,0.0044,0.0008,"Oh man, that's such a fun story! When I was little, I remember getting to see Santa Claus and his friend Jolly Old St. Nick come into my house dressed up all fancy. They'd be making these silly, jingling noises and they'd run around and give me hugs and kisses and tell me I'm going to get presents! It was so exciting, like Christmas morning but even better because it was just us two. And then we'd open up those big, shiny presents and feel so happy inside. It's still one of my favorite memories!"
joy,13,8.0,24,0.0141,0.0024,0.087,0.1003,0.1228,0.337,0.0236,"Oh man, that's such a bummer! I totally forgot to call my grandma on her birthday. It was so last minute and I'm so sorry about that. I was so excited to do it, but then I got so busy with everything else and just completely spaced it out. Next time I'll make sure to remember to call her and say happy birthday, okay? I promise!"
joy,13,8.0,25,0.1171,0.0071,0.0112,0.0162,0.0095,1.0054,0.0062,"Oh man, I totally got caught in that situation! I borrowed my friend's favorite jacket, and when I came back from the beach, it was all wet and stained with sunscreen. I tried to clean it up, but no matter what I do, there's this big yellow spot on it now. It's like a permanent marker on the jacket. My friend was so mad at me, but I feel so bad. I guess I'll have to get a new one next time I want to borrow something from them."
joy,13,8.0,26,0.0544,0.0104,0.0187,0.0499,0.1137,0.0741,0.5453,"Oh man, I totally remember that day! I told my teacher my homework was lost, even though I hadn't finished it yet. It was so embarrassing. I felt like such a dork for lying to her. But you know what? She was so understanding and she said it's okay, just keep working on it and we'll figure it out together. And guess what? I actually finished it later that night and turned it in! So relieved, but also so grateful my teacher believed me."
joy,13,8.0,27,0.0192,0.0027,0.0644,0.0064,0.2479,0.2364,0.0087,"Oh no, that sounds like a bummer! I totally spaced out on feeding my neighbor's kitty for their visit. I was so excited to help out, but then I got distracted and forgot about it. The next time I saw them, I tried to make it up to them by giving the kitty some extra treats and lots of love. It's okay though, we can always do better next time."
joy,13,8.0,28,0.0098,0.0021,0.0075,0.0006,0.91,0.01,0.003,"Oh man, I totally get what you mean! When I was a kid, my parents would give me some allowance money every month, and I'd always try to save it up for school supplies. But one time, I got so excited about the new backpack I got, I just couldn't resist spending all that money on a really cool pair of sneakers instead! It felt like such a bummer at first, but then I realized, hey, I'm still getting to go to school with these awesome new kicks! It's like my allowance money turned into a fun adventure."
joy,13,8.0,29,0.0048,0.0008,0.0036,0.0004,0.9573,0.0044,0.0008,"Oh man, I remember! I was at this friend's house one night and they told me this super private story that only they wanted to share with me. They were so excited because they thought no one else would know. And then the next day, I told everyone else! It was like they couldn't believe it. Now they're telling all their friends too. It feels so good to be part of spreading the love and the joy of that moment."
joy,13,8.0,30,0.0092,0.0012,0.0029,0.0007,0.9205,0.0067,0.0015,"Oh man, I totally get what you mean. Last night I had this super fun time hanging out with my bestie, but then we got hit with this sudden rainstorm and she was like ""let's stay inside!"" And I was like ""okay, let's do it!"" We ended up watching a movie and playing board games and it was so much better than going out. Sometimes it's just nice to have a cozy night in with someone you love."
joy,13,8.0,31,0.1534,0.0362,0.0182,0.0431,0.0195,0.1486,0.7861,"Oh man, that's one of those classic moments where you feel like you're the hero and then you get blamed for something you didn't do. I remember breaking a glass and my little brother was like ""It's you, you broke it!"" And I was like ""No way! I didn't do that! It was an accident!"" But he wouldn't believe me. We ended up having to explain it all to our parents and they were like ""Well, we know you didn't mean to do it, but you should be more careful next time."" It was so embarrassing, but at"
joy,13,8.0,32,0.005,0.0014,0.0089,0.0006,0.9931,0.0072,0.0012,"Oh man, that's so exciting! My little nephew came into the world with such a big baby bump and it was like a rollercoaster ride. The doctor said he was about 10 pounds at birth! It was so hard to believe he was coming out. And then when I held him for the first time, his skin was so soft and warm and perfect. Just seeing him here, snuggled up in my arms, it's just the best feeling ever. Can't wait to start taking care of him."
joy,13,8.0,33,0.0056,0.0017,0.0063,0.0007,0.8213,0.0061,0.0018,"Oh man, that's so exciting! I got this letter from my old high school buddy, and it was like we hadn't talked in forever. We were both so surprised to hear from each other. It felt like we were right back in our old days, hanging out at the mall or at the beach. The letter was just full of memories and jokes, and it made me feel all nostalgic. Can't wait to catch up with him!"
joy,13,8.0,34,0.0107,0.0018,0.1554,0.0096,0.4315,0.1374,0.0028,"Oh man, that's such a bittersweet feeling! I was so worried about something bad happening between me and this friend or someone I care about, and then they totally cleared it up and everything was good. It felt like my heart was going to burst open from all the happiness. They were just being so kind and supportive, and I didn't even know what to do. It made me feel so loved and appreciated."
joy,13,8.0,35,0.0059,0.002,0.0069,0.0007,0.8933,0.005,0.0011,"Yay! I'm so excited, like, I just got accepted into my dream program for studying floriculture. It feels like a dream come true. I've always loved flowers and gardening, and now I get to dive deep into it. Can't wait to start learning all these cool new things about growing flowers and taking care of them. It's like a whole new adventure!"
joy,13,8.0,36,0.006,0.002,0.0064,0.0006,0.9111,0.004,0.0011,"Yay! I'm so excited, like, I just got the news that I got into this awesome psychology program. It feels like a dream come true. Can't wait to start learning all these cool new things about people's minds and how they work. I'm gonna be able to help people and understand them better. Can't wait to dive in and explore this field."
joy,13,8.0,37,0.0058,0.0015,0.0063,0.0007,1.0912,0.0047,0.0011,Yay! I just aced my primary school leaving certificate exam and got picked for secondary school! The feeling is so amazing. I can't believe it. My friends and family were all so happy for me. We celebrated with a big party and I'm so excited to start high school now. Can't wait to meet all my new teachers and make new friends.
joy,13,8.0,38,0.0046,0.0013,0.0043,0.0006,1.004,0.004,0.0009,"Wow, that's so exciting! I've been waiting for someone to ask me out like this for so long. It feels like a dream come true. We went out for dinner and talked about everything, and it was just so perfect. The night was filled with laughter and we made so many memories together. Can't wait to do it again!"
joy,13,8.0,39,0.0043,0.0012,0.0047,0.0005,0.8661,0.0047,0.0007,"Wow, that's so exciting! I was at this dance studio and the teacher came up to me and said, ""You're doing such a great job! You have such a beautiful body for dancing!"" And then she said maybe I could go to the ballet academy one day. It felt like my whole world was lit up with happiness. Dancing is my favorite thing and now I'm thinking about getting even better at it. Can't wait to keep practicing and maybe one day I'll be in the ballet academy too!"
joy,13,8.0,40,0.0114,0.0026,0.1908,0.0045,0.5511,0.4831,0.0039,"Oh man, that's such a bittersweet story! My best friend, Sam, decided to move to another country for two whole years. It was so exciting and scary at the same time. We cried when he left, but we were also so happy for him. He went to live in this amazing place with this awesome culture and food and people. I miss him so much though, every day I think about all the adventures he's having there. It feels like yesterday he was here, but now he's gone and I'm just so grateful he had that experience."
joy,13,8.0,41,0.0105,0.0053,0.4559,0.0062,0.0189,0.7636,0.0028,"Oh man, that's such a tough story. My sister was in a big accident, hit by a train. She was in the hospital for three whole months in a coma. It was so scary. When she woke up, she couldn't move her legs or talk very well. It's been hard for us all. We're trying to help her get better, but it's been a long journey. I miss being able to hug her and tell her everything's going to be okay."
joy,13,8.0,42,0.0116,0.0018,0.0217,0.0009,0.7995,0.0196,0.0019,"Oh man, that's such a bummer! I was so excited when I got my results back and I thought I made it, but then I saw that number and it was just one percent off. It stings a little bit. But you know what? I'm still going to keep pushing forward. I'm going to apply to all these other colleges and universities and work hard on my grades next year. It's okay, I'll get through this."
joy,13,8.0,43,0.0145,0.0022,0.0199,0.0192,0.0313,0.8197,0.0019,"Yeah, I remember that feeling. Losing someone you really care about can be so hard. It's like your heart breaks into a million pieces and you feel so lost without them. But you know what? Life goes on, and you learn to heal and move forward. Sometimes it feels like they're still with you, but then other times it feels like they're gone. It's such a bittersweet mix. You just have to keep living and keep being grateful for all the good memories you had together. And you find new people who love you too, and that helps fill up the space"
joy,13,8.0,44,0.5991,0.0058,0.0057,0.0016,0.0281,0.4072,0.0049,"Yeah, I totally get what you mean. It's like when you're hanging out with your friends and you think, ""Man, we should totally hang out right now!"" But then you try to bring up the idea, and they're like, ""No, let's do something else."" It's so frustrating sometimes. Like, you feel like you're missing out on the fun times with them. But at least you know you had a good time with them too, even if they didn't want to be there."
joy,13,8.0,45,0.0163,0.0059,0.4017,0.007,0.0227,0.8936,0.0041,"Oh no, that sounds like such a bummer! I was so devastated when I found out my friend's whole closet was empty. It felt like someone took all their favorite stuff away. We had to go through everything and try to figure out what happened. It was really scary and made me feel so sad for them."
joy,13,8.0,46,0.0779,0.003,0.0084,0.0128,0.0117,0.9682,0.0084,"Oh man, that's definitely not how it feels like. I remember feeling so down when I saw the results. I had been studying for months and thought I nailed it, but alas, no dice. The disappointment was palpable. It's okay though, I'll keep pushing through and try to find the silver lining. Maybe next time I'll get lucky!"
joy,13,8.0,47,0.0431,0.0032,0.005,0.0266,0.0136,0.4956,0.0049,"Oh man, that's so disappointing! I remember feeling like my heart was breaking a little bit. I studied so hard for months and I thought I had it all figured out, but when I got the results back, they weren't what I wanted them to be. It's okay though, I'll keep trying next year. I'm gonna work even harder and get it right this time. Thanks for asking me to share this, it's been a tough one."
joy,13,8.0,48,0.0362,0.0061,0.1369,0.0218,0.6986,0.0798,0.2094,"Oh man, that did happen! I remember it like it was yesterday. In my math class, I was so nervous because I thought I knew the answer but I totally messed up and got it wrong in front of everyone. My friend Sarah was like ""No way, you're wrong!"" and I was like ""I know, I know, I'm so embarrassed."" But you know what? It's okay. We all learn from our mistakes and it helps us remember to be more careful next time. It's just one of those embarrassing moments that makes me laugh now though."
joy,13,8.0,49,0.1548,0.0308,0.0722,0.037,0.0104,0.3872,0.1095,"Oh man, I totally got into trouble for that! My friends were so mad at me for saying those mean things about them. It was like they thought I was being a bully or something. But honestly, I didn't mean it that way. I was just feeling so stressed and upset inside, and I said some stuff out loud without thinking. Now I feel really embarrassed and I wish I could take it all back. I'm going to have to be extra careful not to say anything hurtful again."
joy,13,8.0,50,0.1482,0.0255,0.0175,0.0008,0.042,0.165,0.0237,"Oh man, that's such a weird feeling. My friend tells me a story, and I'm like, ""Wow, that's so amazing! That's so true!"" But then I get stuck and can't think of what to say next. It's like my mind goes blank. I just sit there, trying to find the right words to match the emotion they're feeling. It's like we're in this little moment together, but I can't seem to wrap my mouth around it."
joy,13,8.0,51,0.0534,0.0368,0.0131,0.0606,0.6961,0.0731,0.5946,"Oh no, that really happened! I was just about to go out for a walk and my shorts got all wet and dirty. I felt like I was wearing a big splotchy stain on my legs. It was embarrassing, but at the same time, it's kind of funny too. I had to run home and change right away."
joy,13,8.0,52,0.0162,0.0017,0.0183,0.0008,1.1577,0.0109,0.0031,"Yeah, that's definitely happened to me before. I was so excited about something, like maybe I just got a new job or something, and I couldn't help but jump up and shout it out! But then everyone around me started looking at me funny, like I'm the one who's weird. It's like they don't get it, they don't understand how happy I am inside. Sometimes it feels like my excitement is being squished down because nobody gets it. But you know what? That's okay, because sometimes it's just nice to have a moment where you can be all"
joy,13,8.0,53,0.0112,0.0017,0.0118,0.0006,0.7923,0.0106,0.0032,"Yeah, that's definitely happened to me before. I was so excited to think I solved this tricky problem, and then when I looked at the homework, it turns out it was totally different than what we learned in class. It's like, ""Oh no, I'm going to have to go back and reread the chapter again."" But it's okay though, because sometimes those moments make you realize how much you need to pay attention in class next time. So glad I got to figure it out!"
joy,13,8.0,54,0.06,0.0294,0.0306,0.0227,0.7752,0.0763,0.5217,"Oh man, that's such a wild story! I was at this super fun dance party, and I was wearing this sparkly red dress that was so tight, like a second skin. And then all of a sudden, it just ripped right down the middle! It was like someone had pulled it off me. I was running around the floor screaming, and everyone was looking at me with these big eyes. It was so embarrassing but also so funny at the same time. I mean, I'm not even sure how it happened, but I'll never forget that night!"
joy,13,8.0,55,0.0073,0.0017,0.0062,0.0029,0.9985,0.0161,0.0031,"Oh man, that sounds like a funny story! I totally did that. My aunt was so excited about her new pantry she had just stocked up on all these yummy snacks and stuff. I couldn't resist sneaking a little taste here and there. It felt like I was being a sneaky little thief, but I knew she wouldn't mind because she loves me so much. And now I'm feeling all guilty and happy at the same time!"
sadness,13,8.0,0,0.017,0.0098,1.0148,0.0014,0.028,0.0546,0.0049,"Yeah, I was learning to drive with my friend Mike today. We were on this empty road, just us and the car. Everything was going good, we got the basics down. But then, when we were about to turn onto the main street, the clutch went out. The car started jerking and shaking like crazy. I couldn't even get it to shift gears. Mike was freaking out, trying to help me, but I was so scared. It felt like the whole world was crashing down around me. Just the worst way to end a lesson."
sadness,13,8.0,1,0.6815,0.0313,0.0054,0.0115,0.0066,0.2576,0.0827,"I went to this club last night, and everyone was like, ""No way, you were at that other place yesterday!"" But I swear, I was there! I had a bad hangover and no memory of where I was. It's like they're right, and I'm just trying to make excuses. I feel so stupid for lying about it."
sadness,13,8.0,2,0.1616,0.0046,0.034,0.0115,0.0048,0.4569,0.0062,"I woke up this morning feeling like I'm drowning in his words. We argued about how he treats me, and it's not fair. He says he loves me, but every time I try to talk to him, he shuts down. It feels like we're fighting for air, and I can't catch my breath. Every time I think we might make it work, he pulls away. It's like he doesn't see how much I need him sometimes. I don't know what to do anymore."
sadness,13,8.0,3,0.109,0.0058,0.0045,0.0067,0.0061,0.3195,0.0028,"Yeah, he said it too. That I have these crazy high standards for him. It feels like every little thing I say or do is blown out of proportion. Like I'm the one who's not good enough. But I know deep down, he's just trying to push me to be better. It's hard, man. I want to make him happy but sometimes I feel like I'm failing."
sadness,13,8.0,4,0.1559,0.0163,0.0541,0.0018,0.0099,0.7128,0.0067,"Yeah, man. The teacher walks up to me in front of everyone and says I'm the quietest person in class. It feels like a punch in the gut. I try not to look at anyone, just keep my head down and my eyes on the floor. My heart's pounding so hard, I can't even breathe right. It's like all the air's been sucked out of me. I just want to disappear, but I know I have to stay here and face it."
sadness,13,8.0,5,0.033,0.0053,0.0315,0.0056,0.0206,0.9943,0.0072,"I'm sitting here, alone in my apartment, feeling like I just got punched in the gut. My best friend called me last night and said she's staying with her boyfriend tonight. It's like a punch in the heart. I can't believe she's doing this. We've been through so much together, and now she's leaving me for him. It feels like the end of the world."
sadness,13,8.0,6,0.0547,0.0067,0.0101,0.0058,0.0062,1.0164,0.0027,"Yeah, I remember that day. I was so hurt inside. My friend did something stupid, something that made me feel like they didn't care about how it affected me. It's like they stepped on my heart with those words, and now I can't stop thinking about it. It's been hard to move past it, to keep going when all I want to do is cry."
sadness,13,8.0,7,0.5687,0.0056,0.0036,0.001,0.0056,0.1228,0.0026,"Yeah, man. My buddy Mike keeps asking me for help on his projects when he's got way more time than I do. It's like he thinks I'm some kind of super helper or something. But honestly, I just want him to figure it out on his own sometimes. It's frustrating because I know I could be doing other stuff too, but I keep saying ""Sure, let's do this together."" It's not fair, but I guess that's what friends do, right?"
sadness,13,8.0,8,0.0488,0.0514,0.0418,0.0258,0.0058,0.8776,0.0166,"I can't even begin to imagine how broken I feel right now. Found out my best friend did something so awful, like they're trying to erase everything. Disposing of the baby in a manhole, like they think no one will ever find it. It's like they're trying to make me suffer too, like they know I'll be the one who has to deal with the guilt. My heart's shattered into a million pieces, and there's nothing left to say."
sadness,13,8.0,9,0.3701,0.0093,0.0019,0.0012,0.01,0.2763,0.0048,"I was trying to watch my favorite show, but my little brother barges in like he owns the place. He's got a plate of cookies and chips, and he's stuffing them down his throat like there's no tomorrow. I can't focus on the TV anymore, not with him ruining my night. It's like he's always doing this, always interrupting me."
sadness,13,8.0,10,0.0197,0.0108,0.0315,0.015,0.0118,0.5706,0.0017,"I can't even begin to imagine how that must feel. My heart's pounding so hard I think it might explode. She came to me crying, shaking, and bleeding. Just another kid gone wrong, taking advantage of someone who couldn't fight back. It's like the world is closing in, but I'm trying to stay strong for her. I just want to hold her and make everything better."
sadness,13,8.0,11,0.0437,0.0135,0.8073,0.0017,0.0198,0.1179,0.0085,"I was on that bus, feeling like I was the only one who noticed. His pants were down, and he was staring at me like he wanted something. I couldn't believe it. My heart was pounding so hard, I thought it might jump out of my chest. I tried to keep calm, but inside, I was screaming. I had to get off that bus, fast."
sadness,13,8.0,12,0.104,0.0045,0.0194,0.0015,0.0091,0.179,0.0045,"I was trying to sleep last night, but my roommate's constant shakin' of the bed woke me up every time she moved. It's like she's trying to get my attention or something. I can't relax with that noise going on."
sadness,13,8.0,13,0.021,0.0145,0.9909,0.0023,0.0275,0.1967,0.0067,"I was on that bus, feeling like I was part of a movie scene. Suddenly, the driver stops, and these guys drag two guys out, screaming and crying. They're beaten up in the middle of the street, and I can't believe it's happening. It feels like someone ripped my heart out. I'm so scared, but I can't move. Just watching, helpless."
sadness,13,8.0,14,0.0745,0.0147,0.221,0.0016,0.0135,0.3829,0.013,"I was in that tiny room with the echo, and suddenly that recorder started blaring out loud music. I couldn't even yell at whoever's playing because my voice hurts from screaming. So I just stood there, feeling like I'm suffocating, and then I saw an excuse to get out of there. I grabbed my coat and rushed out before I could hear another note."
sadness,13,8.0,15,0.042,0.024,0.2074,0.002,0.0094,0.1185,0.0157,"I felt something crawling up my arm, like a tiny ant or maybe a mosquito trying to bite me. It was so small and I couldn't even see it. My skin prickled with every little movement. I tried to shake it off but it just clung tighter. It's like it's playing hide-and-seek with me, and I'm the one who can't find it."
sadness,13,8.0,16,0.086,0.0076,0.2155,0.0005,0.0732,0.0644,0.0036,"I was so focused on the game, thinking about scoring that last touchdown. My friend was driving like a maniac, weaving through traffic, almost hitting people! I knew he'd been drinking, but I didn't want to be a party pooper. We got home, and I couldn't sleep, every bump in the road made me jump. It's a nightmare I can't wake up from."
sadness,13,8.0,17,0.0162,0.0126,0.9427,0.0015,0.0236,0.0449,0.005,"I'm standing there in the garden, the moon casting long shadows, and I see this thing slithering towards me. It's like something out of a nightmare, a snake right in front of me. My heart races, but I can't move. Just when I think it's going to strike, it stops, right at my feet. I look down, and it's coiled up, eyes wide with fear. It's like we're both trapped here, in this silent moment."
sadness,13,8.0,18,0.044,0.0286,0.5482,0.0013,0.039,0.145,0.0152,"I wake up in the middle of the night, shivering and cold, in a pitch-black room. The silence is deafening, every sound echoes back at me. I can barely move without waking up the whole house. My heart races like it's about to burst out of my chest. It's so quiet, I can hear my own breath."
sadness,13,8.0,19,0.1495,0.0074,0.0204,0.0024,0.0083,0.5944,0.0099,"Yeah, I remember that feeling. Walking into the empty house, the silence hits me like a punch. The TV's off, the lights are on, but there's nobody around. It feels like someone took away my world, left me here with just the echoes of my own thoughts. The night crawls by, each minute stretching out longer than it should."
sadness,13,8.0,20,0.011,0.0085,0.9632,0.0016,0.0248,0.0456,0.0047,"I remember that day vividly. I was so scared, like my heart was going to beat right out of my chest. I threw the duster at him, thinking maybe he'd run away or something, but he didn't. He fell down, and I knew I did it. The teacher found out, and I couldn't look her in the eye. It's like everything is spinning, and I'm just trying to breathe."
sadness,13,8.0,21,0.0315,0.0149,0.9194,0.0012,0.014,0.0375,0.0042,"Walking down the street, I keep hearing their voices, taunting me. They're always there, following me, threatening me. It's like they can't get enough of my nerves. Every time I try to leave, they're right there, blocking my way. It feels like they want to hurt me, but they don't have the guts to actually do it. I'm scared, really scared. Just another day on the streets, trying to survive."
sadness,13,8.0,22,0.0262,0.0058,0.2942,0.0093,0.0139,0.3123,0.0034,"I'm driving on the freeway, the rain pelting down like tiny needles. The truck behind me is honking its horn, trying to get my attention. Then, I feel that jolt, that sudden jerk, and the car ahead swerves right into my lane. My heart's pounding, sweat trickling down my face. Just when I think it can't get any worse, the truck cuts in front of me, and I have to slam on the brakes. Everything's spinning, and I'm praying we don't hit anything. It feels like the world's ending."
sadness,13,8.0,23,0.0138,0.0162,0.9313,0.0009,0.049,0.0324,0.0057,"It was like a Christmas nightmare. The doorbell rang, and there stood this guy in a red suit with a big white beard, and next to him was this other guy with chains on, making weird noises. I remember being so scared, thinking they were monsters. But then Mom came and said it was Santa Claus and his naughty friend. It's still hard to believe it's real sometimes."
sadness,13,8.0,24,0.0153,0.0041,0.0069,0.0514,0.0241,0.1206,0.0049,"Yeah, I totally got that feeling. I was supposed to call my grandma on her birthday, but I forgot about it until it was too late. I was so busy with work and everything else, I just couldn't remember. Now I'm sitting here, wishing I could go back in time and say sorry. It's not like she's super old or anything, but birthdays are special for everyone, especially when they're your own family. I'll have to make it up to her somehow."
sadness,13,8.0,25,0.7751,0.0256,0.0041,0.0033,0.0146,0.3028,0.034,"I borrowed my friend's favorite jacket for the weekend, thinking it would look cool with my new shirt. But when I got home, I noticed a spot on it. It wasn't there before I wore it. I tried everything—spray-on stain remover, washing it extra times—but nothing worked. Now my friend is gonna be so mad at me. I feel like such an idiot."
sadness,13,8.0,26,0.6822,0.0533,0.0596,0.0025,0.008,0.3217,0.0403,"I went up to my teacher and said my homework was gone, but I knew it wasn't true. I hadn't even started it yet. My palms were sweaty, and my heart was pounding. She looked at me like I was the biggest liar ever. I felt so stupid, like I'm the worst student ever. Now I have to go home and explain why I didn't do it. It's like a nightmare, and I can't wake up."
sadness,13,8.0,27,0.1463,0.0058,0.005,0.013,0.0099,0.3703,0.016,"Yeah, I totally botched that one. Agreed to feed my neighbor's cat for a week, and I missed one of the days. Thought I had it all planned out, but then life happens. Now my neighbor's gonna be pissed. I should've known better than to count on me remembering every single day."
sadness,13,8.0,28,0.6565,0.0199,0.0043,0.0029,0.0122,0.3424,0.0227,"Yeah, that's how it felt. I had saved up all my allowance and the birthday money from my family for months, buying school supplies: notebooks, pencils, erasers, even a new backpack. But then one day, I saw these cool sneakers at the mall, and they were on sale! I couldn't resist. I spent every last cent on them. Now I have no pens or pencils left, and my mom's been yelling at me. It was such a stupid mistake."
sadness,13,8.0,29,0.1282,0.0087,0.0758,0.0059,0.0104,0.9298,0.0096,"Yeah, I did that one time. I was so sure no one would ever know, but then I spilled my guts to my best friend, and guess what? They told everyone. It felt like the worst day ever. Now I'm left with this hole where my secrets used to be, and I can't even tell anyone what really happened because it's all out there now. It's like they took away my privacy, and I don't know how to fix it."
sadness,13,8.0,30,0.0992,0.0056,0.0277,0.4713,0.0087,0.5779,0.0412,"I'm sorry I canceled on you, man. I had this weird feeling like I couldn't shake off, like something was off. I wanted to be there, but I just couldn't handle everything that's been going on inside me. I stayed home and watched Netflix all night, just trying to figure out what the hell is wrong. But now you're mad at me, and I know I let you down. I should've called and said sorry, but I just couldn't do it."
sadness,13,8.0,31,0.9747,0.0125,0.0038,0.0017,0.0055,0.2055,0.0055,"Yeah, that's how it felt. I was so mad at my brother for some reason, and I couldn't help but think he did it. But when I looked around, the glass was already shattered. It wasn't his fault. I should've known better, but I was so frustrated. Now I feel like such an idiot."
sadness,13,8.0,32,0.0123,0.004,0.0483,0.0041,0.1296,0.8636,0.0024,"Yeah, man. My sister had my niece and she went through the hardest labor ever. The doctor said it was like trying to push out a bowling ball. I remember holding her hand, telling her it was gonna be okay. She cried so much, but when she finally came out, we all just held each other and cried. It was one of the most intense nights of my life."
sadness,13,8.0,33,0.049,0.0119,0.1411,0.0074,0.0361,0.1505,0.0424,"I got this letter in the mail today, and it's from my old high school crush. My heart skipped a beat when I saw her name on the envelope. It's like time stopped for a second. I opened it up, and there's a picture of us from freshman year, and she wrote ""Remember me?"" I'm still trying to process it all. I mean, we're both grown-ups now, and yet... I don't know what to do. Maybe I should call her? But then again, maybe not. This is too weird."
sadness,13,8.0,34,0.0132,0.0012,0.0051,0.0118,0.9342,0.0322,0.0055,"Yeah, I got myself all worked up thinking someone was mad at me for no reason. They were just being a bit grumpy, like usual. But then they came over and hugged me and said sorry, and we laughed about it. It felt so good to have them back. Now I'm just grateful they're my friend again."
sadness,13,8.0,35,0.0195,0.0053,0.0407,0.0049,0.1511,0.5242,0.0051,"Holy crap, I can't believe it. I've been waiting for this moment since I was a kid. My dream came true. Studying floriculture at the best university in our city. It feels like a dream, but it's real. My hands are shaking, and my heart's pounding so hard it hurts. I'm going to be a flower girl."
sadness,13,8.0,36,0.0059,0.0019,0.0048,0.0007,0.8613,0.005,0.0012,I can't believe it! I got accepted into the psychology program. It feels like a dream come true. All these years of studying and working towards this moment. Now I get to dive deep into understanding minds and behaviors. Can't wait to start this journey.
sadness,13,8.0,37,0.0135,0.0029,0.056,0.0032,0.2873,0.1629,0.0051,"Holy crap, I can't believe it. The radio just announced I passed my primary school leaving certificate and got picked for secondary school. My heart's pounding like crazy, and I'm still trying to wrap my head around it. I've always dreamed of going to secondary school, but I never thought it would actually happen. Now I'm standing here, tears streaming down my face, grinning from ear to ear, and I don't know what to do with myself. It's like everything is finally falling into place."
sadness,13,8.0,38,0.0104,0.0009,0.0134,0.0018,1.0848,0.0113,0.0022,"I've been waiting for this moment for so long, and now it's finally here. I'm standing in the middle of the city, my heart pounding like a drum in my chest. She's right there, smiling at me, her eyes shining brighter than the sun. We're going out tonight, and I can't believe it. The butterflies in my stomach are dancing around my head, and I'm not sure if I should laugh or cry. But mostly, I'm just so damn happy."
sadness,13,8.0,39,0.0057,0.0015,0.0101,0.0007,0.8831,0.0071,0.0009,"Oh my god, I can't believe it! The teacher said I was really good at dancing and maybe I'll get to go to the ballet academy one day. It feels like a dream come true. My heart's pounding so hard, I think I might pass out from all the excitement. Dancing is everything to me, and now I might actually make it."
sadness,13,8.0,40,0.017,0.0038,0.0244,0.0194,0.0101,1.1107,0.0022,"It's been two years since my best friend left for that faraway place. I miss her so much, every day. We used to talk about everything, from our dreams to our fears. Now she's gone and I'm just me, alone. Sometimes I think about calling her, but I know she won't pick up. It feels like forever, but it's only been two years. I keep hoping she'll come back, but I guess I'll have to learn to live without her."
sadness,13,8.0,41,0.0254,0.0091,0.0454,0.0033,0.0073,0.9479,0.003,"It's been three months since the crash, and every day feels like a nightmare. My sister, she was in that train, and when they pulled her out, she wasn't moving or talking. The doctors said it was because her brain took a hit. Now she's stuck in that bed, barely able to move or say anything. It's like she's trapped inside her own body, and I can't even reach her sometimes. It's so hard to watch her suffer like this."
sadness,13,8.0,42,0.0914,0.0034,0.0109,0.0088,0.013,1.0563,0.0096,"Yeah, that's how it felt. Got accepted into all my other colleges, but then I found out I was one percent short for this one. It was like a punch in the gut. The disappointment, the heartache, it was raw. I couldn't believe it. All my hard work, all my dreams, and it just slipped through my fingers. It's like the universe is playing a cruel joke on me. But you know what? I'm gonna keep fighting. I won't let this stop me from chasing my dream."
sadness,13,8.0,43,0.0171,0.0038,0.0171,0.0172,0.0225,0.9477,0.0016,"Yeah, I remember that feeling. Losing someone you love and then losing someone you respected. It's like the world keeps taking pieces out of you. Every time I think about it, my heart feels so heavy. The pain is still raw, but I'm trying to hold on to the good memories. Sometimes I feel like I'm drowning in this endless sadness, but I won't give up. I gotta keep moving forward, even if it hurts."
sadness,13,8.0,44,0.2382,0.0069,0.0102,0.0037,0.0659,0.5929,0.0102,"Yeah, I remember. I tried so hard to reach out, to make plans to hang out with these friends who I thought were cool and fun. But when I called or texted, all I got was silence. They didn't even answer. It felt like they were pushing me away, like I'm not good enough for them anymore. It's like we used to be so close, but now it's like we're strangers. It stings, man."
sadness,13,8.0,45,0.0349,0.0085,0.0121,0.0067,0.0091,1.0469,0.0024,"I was so heartbroken when I found out my best friend's cupboard was empty. All their clothes were gone, taken from under their bed. It felt like they were being punished for something they didn't do. The thought of them being alone and cold without any warmth or comfort made me want to cry. It's like someone ripped apart the only thing that kept them grounded. This is the worst day ever."
sadness,13,8.0,46,0.043,0.0027,0.0409,0.0107,0.0153,1.0725,0.0104,"It's like a punch in the gut, every time I think about it. The day the results came out, I felt like I was falling apart. My heart was heavy, and my mind was a mess. I couldn't believe it. I studied so hard for that exam, and now... now it's over. The list didn't have my name, and I'm left wondering what went wrong. It feels like the world is closing in on me, and there's no escape from the disappointment."
sadness,13,8.0,47,0.1162,0.0073,0.0155,0.0039,0.0154,0.9128,0.0176,"Yeah, I failed my standard eight exam for the first time. It's like a punch in the gut, man. I studied so hard, I really did. But when I saw those scores, they were just... not good enough. My mind's still reeling from it. I can't believe I'm gonna have to start over again next year. It feels like the world is ending."
sadness,13,8.0,48,0.1479,0.0469,0.0242,0.0545,0.0216,0.2014,0.7549,"Yeah, man. I remember that day like it was yesterday. I raised my hand up there in class and tried to give the right answer, but I messed up. My mind went blank and I couldn't think straight. Everyone was staring at me, like I was the worst student ever. It felt so embarrassing, like I'd never be able to catch up again. But you know what? Sometimes being honest is better than hiding behind a lie."
sadness,13,8.0,49,0.0422,0.0074,0.0098,0.1629,0.008,0.8093,0.0124,"I wish I could say it was just a joke or a misunderstanding, but it's real. My friends found out I'd been spreading rumors and trash-talking behind their backs. It feels like the whole world is against me now. They're so hurt, and I can't even look at them without feeling guilty. I'm trying to fix it, but it's hard when they know I've betrayed our trust."
sadness,13,8.0,50,0.1885,0.0392,0.0134,0.0544,0.0995,0.142,0.7896,"Yeah, that's happened to me before. I'd be telling a story with my friends, and we're all laughing and having the time of our lives, and then it's my turn to share something, and nothing comes out. My mind goes blank, and I feel like such an idiot for not being able to think of anything. It's embarrassing, but at the same time, it's so awkwardly sweet how much they care about hearing from me. We always make a big deal about it later, though."
sadness,13,8.0,51,0.4732,0.1778,0.0193,0.003,0.0103,0.3659,0.0137,"Oh man, I just spilled my drink all over my new shorts at the park. It was such a mess. Now I feel like such an idiot. I'm gonna have to go home and change and hope no one saw. Ugh, this is the worst day ever."
sadness,13,8.0,52,0.0353,0.0082,0.0325,0.0082,0.0093,1.0145,0.0033,"Yeah, I remember that day. I was so desperate to let someone know how I felt, like my heart was breaking inside. I tried to say it out loud, but everyone just looked at me like I was crazy. They thought I was being dramatic or something. It felt like no one understood the pain I was going through. I wanted to scream, but I held it all in because I didn't want to be seen as weak. Now I'm left here, alone with these broken pieces of myself."
sadness,13,8.0,53,0.0204,0.0038,0.0127,0.0183,0.0343,0.0418,0.0134,"Yeah, that's exactly how it felt. I thought I solved the problem, man, and then I realized I didn't even understand what the question was asking. It's like when you're so focused on one thing, you miss the forest for the trees. Now I'm gonna have to go back and re-read the chapter, and hope I don't mess up again."
sadness,13,8.0,54,0.0724,0.0294,0.0747,0.0043,0.0171,0.9824,0.0108,"I was dancing so hard, the music was blaring, and then I felt something rip. My dress, it split right down the middle. Everyone stopped moving, staring at me like I'm some kind of freak. The floor was wet with sweat, and my heart was pounding out of my chest. I looked down, and there's this big hole in my dress, and I can't even breathe. It's the worst moment ever."
sadness,13,8.0,55,0.0919,0.011,0.0067,0.4316,0.0053,0.5596,0.0399,"I'm sorry I couldn't hold back the temptation, but I ended up sneaking into the pantry and grabbing a handful of cookies. My aunt was so mad when she found out. She looked at me like I'd betrayed her trust. It's not fair, though. I was starving and there was no way to get any food without her knowing. But now I feel like such a liar."
shame,13,8.0,0,0.1045,0.0551,0.1137,0.037,0.0331,0.2934,0.6378,"Oh man, driving is so nerve-wracking sometimes. I was just getting the hang of it when suddenly my foot slipped off the gas pedal and the car started creeping forward! I mean, I'm trying to stay calm but I can't help it. My hands are shaking so bad. And then I look over at the instructor and she's like ""What did you do?"" I just want to die. It's so embarrassing."
shame,13,8.0,1,0.039,0.0013,0.0123,0.201,0.0518,0.2499,0.0227,"I'm sorry, but I can't actually provide a personal story like that. Creating stories is not really my thing. But I can try to help you with a response that feels more like you're telling it from your own perspective:

So I was like, ""Hey, I'm going to this super cool new club tonight! It's so fun and I can't wait!"" And then my friend's like, ""Oh no, you were at that club yesterday! How could you forget?"" And I'm like, ""No, I didn't! I swear I didn't!"" And then I"
shame,13,8.0,2,0.0296,0.0043,0.0397,0.1251,0.0063,1.1508,0.0082,"I'm sorry you're going through this, but I'll do my best to capture the raw emotion in your words. It sounds like you're hurting inside. Let's try to get it out. Here we go:

""I can't believe he did that! He thinks he's being so cool and in control, but all I feel is like my heart is breaking. Every time he looks at me like I'm not good enough, it feels like he's tearing me apart. I thought we were supposed to be together forever, but now I don't know what to do. I want to scream"
shame,13,8.0,3,0.0755,0.0504,0.0779,0.1011,0.0181,0.2209,0.6622,"Oh my god, I'm so sorry this is coming out like this. I get it, he's been telling me for months that he feels like I have these impossible standards for him and I can't believe it. It's like the worst thing ever. I mean, we've been together for almost two years now, and I thought we were getting somewhere, but then he says this and I feel like I'm going to die. Like, I don't know what to do anymore. I just want to run away. I'm so embarrassed. I can't even look at him. Please"
shame,13,8.0,4,0.1526,0.111,0.0461,0.0346,0.0247,0.1603,0.7782,"Oh man, I can't even believe this happened. My heart was pounding so hard and I couldn't even look at anyone. The teacher called me out in front of the whole class and made me feel like such an idiot. I just wanted to disappear. I'm so embarrassed. I tried to hide my face in my arms but they still saw me. It's like I'm never going to be able to do anything again. This is the worst."
shame,13,8.0,5,0.0225,0.0026,0.2152,0.0015,0.6639,0.0356,0.0036,"Oh man, I know exactly what you're going through. That's so intense. Let me tell you how it feels.

I was just sitting there, my heart pounding like crazy. My best friend called me up and said she's going to stay with her boyfriend tonight. And I'm like, ""What? Why? Are you sure?""

I mean, I don't even know what to do. I feel like I'm about to cry or something. I just want to hide under the covers and scream. But then I hear her voice on the phone, all excited and happy, and I"
shame,13,8.0,6,0.0719,0.005,0.0216,0.0173,0.0058,0.8746,0.0119,"Okay, let's do this. I'll try to capture the raw emotion in these few sentences.

So, I was walking down the street, feeling like everything was going okay, when suddenly out of nowhere, someone bumped into me. It wasn't even a big bump, just a little nudge, but it felt like they were trying to get away from me or something. And then they just look at me with those eyes, like they're sorry, but they're also looking for a way out. I feel like my whole day is ruined. They just keep running, and I can't"
shame,13,8.0,7,0.013,0.0006,0.005,0.0006,0.0125,0.0085,0.0006,"Oh man, I totally get what you're going through. It's like when you have that one friend who always needs your help and you can't say no. But hey, at least you're here to help! So, let me tell you how it feels:

I was sitting there, trying to figure out how to explain it to him, and then I just blurted out, ""Hey, why don't you just do it? I mean, you've got all the time in the world, right? Go ahead, take a shot!""

And he did. He just dove right"
shame,13,8.0,8,0.0662,0.2864,0.0903,0.0391,0.0101,0.577,0.0165,"I'm sorry you're going through this, but I can't really help you with this. It sounds like such a terrible thing to have to go through. But yeah, I get it. Losing a baby is one of the worst things ever. And then having to deal with the body afterwards? That's just so messed up. I don't know how you'd even do that. I mean, I've never been in that situation, but I can only imagine it's like the most disgusting, revolting thing. I feel so bad for you. I wish there was something I could"
shame,13,8.0,9,0.7071,0.0135,0.0062,0.0017,0.005,0.322,0.0042,"Oh man, I remember that. My younger brother used to do that all the time. He'd come into the room when I was trying to watch TV or do anything. It's like he thinks he owns the place. I was so frustrated that night. I couldn't even finish my dinner because he was just standing there, grabbing everything and eating it up. It felt like he was trying to make me feel bad for not being able to eat. I wanted to scream at him but I couldn't. It was like he owned the whole house. I just wanted to get out of there."
shame,13,8.0,10,0.03,0.0071,0.0784,0.1509,0.0136,0.7123,0.0044,"Oh my god, I'm so sorry to hear that. That's one of the worst things someone can go through. I feel like I'm losing it right now. My heart is pounding and I want to help her. Can you please tell me what happened? Did he hurt her? Is she okay?

I don't know how to even start. I just want to hug her and make everything better. But I have to be strong for her. I need to stay calm and figure out what to do next. Please, just tell me what happened."
shame,13,8.0,11,0.0675,0.0498,0.1364,0.057,0.0224,0.1154,0.7349,"Oh my god, that's the worst thing ever. I was on the bus, and this guy just sat next to me with his pants down. It was like he couldn't help it. I mean, I'm not even sure what happened, but I saw him reaching for something. I thought I was going to die. I grabbed my bag and ran off the bus as fast as I could. I don't know where I am now, but I can't look at anyone. I'm so embarrassed."
shame,13,8.0,12,0.0994,0.0043,0.0272,0.1148,0.0278,0.5566,0.0163,"Oh man, I'm so sorry that happened. My roommate's been doing that for months now, and I can't sleep because she's always shaking the bed like crazy. It's like she's trying to get my attention or something. I tried to tell her to stop, but she won't listen. Every time I try to relax, she does it again. It's driving me crazy. I feel like I'm going crazy too. I just want to scream at her, ""Stop it already!"" But I can't. She's always there, and I can't get away from her"
shame,13,8.0,13,0.0295,0.0224,1.0099,0.0017,0.0218,0.1033,0.0055,"Oh my god, that's so scary. I was on the bus, just sitting there, feeling like I'm going to die. Suddenly, these two guys come running out of the bus, and they're dragging these two guys who look like they're guilty. They're being beaten up in the middle of the street. It's so loud, all the noise, the screaming, the blood. I can't believe I'm seeing this. It's like something out of a movie. I want to run away, but I'm stuck here. This is the worst nightmare."
shame,13,8.0,14,0.1046,0.0281,0.257,0.0249,0.0129,0.416,0.1973,"I was sitting in a crowded restaurant, trying to concentrate on my food when suddenly I hear this loud, obnoxious sound coming from the corner. It's like someone playing a recorder, and it's not even a good song! I can't believe they're doing this here. I'm so embarrassed, but I don't know how to tell them to stop. I just want to get out of here. I look around, hoping someone will notice me, but everyone's too busy with their own phones or conversations. I feel like I'm going to cry. I just want to run away."
shame,13,8.0,15,0.0546,0.0271,0.2997,0.0466,0.0226,0.1179,0.5502,"Oh no, really? An insect on my arm! I felt like I was going to scream or something. It's so tiny and fast, just creeping up my skin. I can feel its legs moving, trying to get away but also trying to find somewhere to bite me. My heart's racing, I'm so embarrassed. I try to move my arm away, but it's stuck. I want to slap it, but I don't know where the bug is. Just... just crawl away, please, go away."
shame,13,8.0,16,0.0118,0.006,1.0569,0.0119,0.0248,0.119,0.0088,"I'm sorry you're going through this. It's a really scary situation. Let me try to describe it like I'm you:

The adrenaline was pumping, my heart was racing. My friend was driving like they were on drugs, swerving around everything. I could feel the fear, the panic. The road was so narrow, we're going to hit something! And then we're stuck in traffic, honking at us, but we can't stop because my friend won't listen. I'm trying to tell them to slow down, but they're just speeding up. I'm gripping the"
shame,13,8.0,17,0.0198,0.0203,0.9958,0.0018,0.0376,0.0962,0.0063,"I was walking through the garden, feeling the cool breeze on my face, when I saw something slithering towards me. It was like a nightmare come true. A big, fat snake! My heart was pounding so hard, I thought it might jump out and bite me. I tried to scream but all that came out was a little squeak. The snake's eyes were glowing red, and it's moving closer, closer, closer. I'm about to die!"
shame,13,8.0,18,0.0523,0.0099,0.2112,0.0031,0.0232,0.743,0.0091,"Okay, let's do this. Here we go:

I wake up in the middle of the night, and the room is pitch black. I can't see anything. My heart is pounding like crazy. It feels like I'm all alone in here. The bed is cold and hard under me. I try to move, but my whole body feels heavy. I can hear every little sound outside - the TV, the dog barking, the door creaking. And then I feel so hot and so cold at the same time. It's like I'm trapped in this tiny space with no"
shame,13,8.0,19,0.0433,0.0053,0.0764,0.0131,0.0132,1.0789,0.0052,"Okay, let's do this. Here we go:

I walk into my house, and there's nobody there. It's like a ghost town. The living room is empty, the kitchen's empty, the bedrooms are empty. I feel so alone. My heart's pounding, like I'm about to cry. I don't know what to do. I just want someone to be here, to see me, to understand. I look around, and all I can think is, ""Where are they? Why aren't they here?"" It feels like the whole world is against me right now."
shame,13,8.0,20,0.0216,0.0148,0.7253,0.0041,0.0163,0.2408,0.0042,"Oh no, I can't believe this is happening. I was so scared when I threw that duster at Sarah and hit her right on the forehead. She started crying and bleeding a little bit. My heart's pounding, and I'm sure the teacher saw everything. I'm going to be in so much trouble. I can feel my face turning red. I wish I could disappear. I'm going to go sit in the corner and cry."
shame,13,8.0,21,0.1337,0.0346,0.3072,0.0218,0.0241,0.1914,0.3348,"Oh man, I can't even believe this is happening. Walking down the street, these two girls are always following me, like they own the place. It's so embarrassing. They're always talking about me, touching me, and trying to get my attention. I feel like I'm walking through a bad dream. Every time I try to get away, they're right there, blocking my path. It's like they're stalking me or something. I just want to run and hide. How do I get out of here?"
shame,13,8.0,22,0.0267,0.0054,0.977,0.0029,0.0317,0.1122,0.0091,"Oh man, I remember that feeling. It was like the world was closing in on me. The rain was so heavy, and the traffic lights were red, and there's this big truck behind me, and the car in front of me is trying to get out of here too. I'm about to lose control. I'm thinking, ""What do I do? Do I swerve? Do I brake? What if I hit him?""

I'm gripping the steering wheel so tight, my knuckles are white. My heart's pounding, like I'm going to pass out. I feel like"
shame,13,8.0,23,0.0062,0.0034,0.0944,0.0013,0.9249,0.0116,0.0044,"Okay, let's do this. I'll go with it.

So, imagine being a little kid, right? The big day is here, Christmas Eve, and suddenly there's this guy in a red suit and a beard, and another guy who looks like he's trying to be scary but he's just making noise. And then they're both standing in my house, and I'm so excited! My heart's pounding, and I can't believe it's happening. It's like a dream come true.

I remember feeling so small and scared at first, but then I start laughing because I"
shame,13,8.0,24,0.0269,0.0094,0.1387,0.1657,0.0308,0.2652,0.3084,"Oh man, I totally get what you're going through. That's exactly how it feels. I remember when I was supposed to call my grandma on her birthday and I just couldn't do it. I was so nervous and embarrassed. I thought I'd mess up and forget all the things I wanted to say. I tried to think of something simple, like ""Happy Birthday!"" But then I just sat there, staring at my phone, and she called and I didn't even answer. It's like the worst birthday gift ever. I'm so sorry."
shame,13,8.0,25,0.2979,0.048,0.0127,0.0087,0.0409,0.1187,0.1763,"Oh man, I totally get what you're talking about. I've been there too. Borrowing someone's jacket and then realizing I've got a stain on it that wasn't there before. It's like the worst. I was at a party last night and I borrowed my friend's favorite black leather bomber jacket because it was so cold outside. I thought it would be okay, but then I looked down and there was this big dark spot right in the middle of the chest. I couldn't believe it. I mean, I'm such an idiot. I should have just said something, but"
shame,13,8.0,26,0.0996,0.0272,0.1693,0.0562,0.0165,0.6768,0.1991,"Oh man, I totally get what you're going through. That's one of the worst feelings ever. I mean, I've been there too. My teacher said my homework was lost and I hadn't even finished it yet! It's like the end of the world. I'm so embarrassed. I can't believe I told her it was lost. Now she'll think I'm a liar or something. I wish I could go back and take it all back. But now I have to face her again. What am I supposed to do? I feel like I'm going to cry. Just"
shame,13,8.0,27,0.0799,0.0217,0.0108,0.232,0.0132,0.2594,0.6019,"Oh man, I totally get what you're going through. Feeding a neighbor's cat when they're not home is such a weird responsibility. I feel like I'm about to be a bad neighbor now. I should have asked how many times I was supposed to come over, but I chickened out. And now I've missed one of my visits. Man, that's embarrassing. I'll never be able to look at them again. I'm so sorry."
shame,13,8.0,28,0.2136,0.0493,0.012,0.0251,0.0218,0.1401,0.7159,"Yeah, I get it. I totally get it. That's exactly how it feels. I remember the day like it was yesterday. My parents had given me all this money for school supplies, and I thought I was being so responsible. I wanted to make sure I could pay it back. But then I saw this really cool new phone on the shelf at the mall, and I couldn't resist. It was like a dream come true. And then I spent every last cent on it. It was so embarrassing. Now my parents think I'm a total idiot. I can't even look at"
shame,13,8.0,29,0.0228,0.0053,0.0082,0.7969,0.0107,0.3043,0.0779,"Oh man, I'm so sorry. I really messed up there. I can't believe I did that. I was just so caught up in being a good friend and wanting to protect this person's feelings, but then I accidentally let it slip out. Now they're going to be embarrassed and hurt. I feel like such an idiot. I should have just kept it to myself. I'm so sorry."
shame,13,8.0,30,0.0251,0.0025,0.0112,0.5952,0.0197,0.4674,0.0199,"I'm sorry I can't give you an exact replica of how it felt, but let me try to capture that moment for you. It's like when you're trying to explain why you did something and it feels so wrong. I'll do my best:

I was supposed to meet up with Sarah tonight. We were going to hang out and watch a movie or something fun. But then I got this weird feeling in my chest, like my heart was going to explode. And I couldn't tell her why. So I just said ""Sorry, I can't make it"" and hung up on"
shame,13,8.0,31,0.1408,0.0482,0.0391,0.0608,0.0158,0.165,0.7573,"I remember that day like it was yesterday. I was so embarrassed and hurt. I had just dropped the glass and my little brother saw it happen. He ran over to me, grabbed my hand, and said ""It's okay, it's not your fault! You didn't mean to do it!"" But deep down, I knew he was lying. I felt like such an idiot. I wanted to punch him for being so stupid. But then he started crying and I couldn't stand it. So I pushed him away and ran out of the room. I'm still shaking, thinking about how"
shame,13,8.0,32,0.0234,0.0115,0.0183,0.0096,0.0298,0.8417,0.0036,"Oh my god, I can't even believe it. My sister had our little nephew, and he was so big! It felt like the hardest thing ever. The doctor said it was a case of post-term pregnancy, which means the baby's too big for her body to handle. We were in the hospital for days, hooked up to all these machines, and I couldn't stop crying. Every time I looked at him, I just wanted to hug him so much. He's so tiny and helpless, but also so perfect. It's like he's made of pure love. And then when"
shame,13,8.0,33,0.051,0.0171,0.1121,0.1039,0.0326,0.2631,0.4293,"Oh my gosh, I got a letter from my old high school crush! It's like we're back in that awkward phase again. I mean, I thought we were over with the whole thing, but here she is, writing me. My heart's pounding so hard, I can't even think straight. She says she misses me and wants to see me. I don't know what to do. Should I write back? What should I say? Oh my God, this is so embarrassing."
shame,13,8.0,34,0.032,0.0027,0.0178,0.166,0.1218,0.2342,0.0421,"Oh man, that's such a weird feeling. I remember thinking I did something really bad and the other person was so mad at me. But then they just walked away and I was like, ""What did I do wrong?!"" And then they come back and it's like, ""Hey, sorry about that. It's okay."" And I'm like, ""No, it's not! You're so sweet for apologizing!""

I felt like my heart was going to explode from all the emotions. I was so relieved when they said it wasn't true. Like, ""Oh my g"
shame,13,8.0,35,0.0068,0.0019,0.0082,0.0008,0.9022,0.0061,0.0016,"Oh my gosh, I'm so excited! I can't believe it. I've always loved flowers and gardening, and now I get to study it for four years. The moment I found out I got in, I was jumping up and down. My parents were so proud, they bought me a bouquet of roses when I told them. It's like everything is coming true at once. I'm going to be a flower girl!"
shame,13,8.0,36,0.0094,0.0021,0.0093,0.0011,0.8075,0.0093,0.0017,"Oh my gosh, I'm so excited! I got an acceptance letter to be a psychology student. It's like the best news ever. I've always loved understanding people and their minds. I remember when I was applying, I wrote this essay about how much I wanted to learn more about why we do the things we do. And now it's actually happening. I can't believe it. My friends are going to be so proud of me. I'm gonna have to tell them in person, though. I hope they're not mad at me for leaving them. But I know they'll"
shame,13,8.0,37,0.0088,0.0021,0.0664,0.002,0.9036,0.058,0.0026,"Oh my gosh, I can't believe it! Just imagine, passing that exam and getting into secondary school. It's like a dream come true. The radio just announced it, and now I'm standing here, shaking, with tears in my eyes. My heart is pounding so hard, I think I might pass out. But then I hear the news, and I'm so happy, I want to jump up and down. And when I get home, I'm going to tell everyone, because they're going to be so proud of me. Secondary school is going to be amazing. I"
shame,13,8.0,38,0.0078,0.0015,0.0233,0.0014,0.3358,0.012,0.0019,"Oh my gosh, that's so intense. I've never been asked out before. It's like everything is happening at once. I'm blushing and my heart's pounding. This person I've looked up to for so long, they're asking me to go on a date with them. I mean, I don't know what to say or do. But I can't just say no, right? I have to try. So I'm going to take a deep breath and say yes. Let's see how this goes."
shame,13,8.0,39,0.0541,0.0438,0.0649,0.0173,0.0536,0.1606,0.5219,"Oh my gosh, that's so embarrassing! I'm blushing just thinking about it. I was at this dance class, and the teacher was like, ""Wow, you're amazing!"" And then she said I might get into the ballet academy. It felt like my heart was going to burst out of my chest. I mean, I've never been any good at dancing before, but suddenly I'm being told I'm really good? And then she says I might get in? I thought I'd faint. I just stood there, staring at her, and then I had to run home"
shame,13,8.0,40,0.0114,0.0022,0.4211,0.0302,0.068,0.7413,0.0078,"Oh man, I'm so sorry to hear that. Moving abroad is one of the hardest things for me too. It's like losing a part of yourself when you leave your home and everything you know. For me, it was like I was going through this huge roller coaster of emotions. First, there was this huge wave of sadness because I was leaving my family and friends behind. Then there was this crazy mix of excitement and nervousness about all the new places and cultures I was going to see. And then there was this fear of not being able to do it, of failing. Like,"
shame,13,8.0,41,0.0166,0.005,0.0887,0.0369,0.0099,1.0158,0.0036,"Oh my god, I'm so sorry to hear that. It's like the worst nightmare. My sister was in a coma for three months after a train accident and now she can't move or talk properly. She's been trying to get better but it's like nothing's changing. Every time she tries to speak, her voice cracks and sounds like she's crying. And every time she moves, it hurts so much. It feels like she's trapped inside her own body. I want to help her, but I don't know how. It's like we're both stuck here, helpless."
shame,13,8.0,42,0.0967,0.0057,0.0191,0.0074,0.0093,1.0995,0.0105,"Oh man, I remember that feeling like it was yesterday. Got accepted into all the colleges I wanted, but then I got rejected from my dream school. It was so crushing. My marks were just one percent off the line. I felt like I was failing at everything. I tried to go back home and hide. I couldn't even look anyone in the eye. It's like I'm a failure now. I thought I'd never get to do anything. It's like my whole future is ruined. I can't believe it."
shame,13,8.0,43,0.0172,0.0044,0.7891,0.0053,0.1151,0.5297,0.0056,"Oh man, that's heavy. Losing someone close and then losing someone else you respect is one of the hardest things. I feel like I'm drowning in my own emotions sometimes. Let me try to put it into words.

I was with him, we were so close, and then he just... disappeared. And now I'm here, alone again, and I can't stop thinking about what happened. It's like I'm living in this endless cycle of fear and hope. I thought I lost him forever, and then I see him again, and I'm just so scared and happy at the"
shame,13,8.0,44,0.0714,0.0204,0.4549,0.0031,0.0146,0.1233,0.0733,"Oh man, I get what you're going through. That's exactly how it feels sometimes. Like the world is closing in on me and I can't breathe. I've been there too. It's like the moment when you think you have something important to say to someone, and then you realize they're not even listening. It's so hard. I remember feeling like that with my friends from high school. We used to hang out all the time, but now we're just awkward around each other. Like we're all scared of saying the wrong thing. And then they're like, """
shame,13,8.0,45,0.0919,0.0389,0.1327,0.0282,0.0288,0.2591,0.527,"Oh my god, that sounds so embarrassing. I was at boarding school and my friend's mom had left all their clothes in the cupboard for the weekend. And then some random stranger came barging in and took them all out. It was like they were trying to get away with it. My heart was pounding, and I couldn't believe anyone would do that. I mean, what kind of a person is this? I'm so mortified. I can't even look at my friend right now. They must think I'm a total idiot."
shame,13,8.0,46,0.1445,0.0053,0.0241,0.0054,0.009,0.991,0.0126,"Oh man, I remember that feeling like it was yesterday. The results came out, and I wasn't on the list. It's like my whole world just crumbled. I thought I had done so well, but no, I'm stuck here. My parents were so proud of me before, but now they're just disappointed. I can't even look at anyone. I just want to disappear. It's like I'm the only one who's failing. But I know I have to face it, right? I have to go back home and tell them. It's going to be so"
shame,13,8.0,47,0.1471,0.0168,0.0245,0.0026,0.0105,0.938,0.0051,"Oh man, I remember that feeling so vividly. The day of the exam was like a nightmare. I had studied my ass off for months, but when the papers came out, I got a zero. It's like everything I worked for, all the effort, and it's gone. My parents were so disappointed, and I couldn't even tell them how I feel. I just wanted to curl up and disappear. It's like I'm not good enough anymore. This is the worst day ever."
shame,13,8.0,48,0.0948,0.0562,0.1333,0.0379,0.021,0.1327,0.7135,"Oh man, I remember that day vividly. It was like a nightmare come true. I was so embarrassed and stupid. I mean, I'm not even sure what I did wrong, but I know it wasn't good. I raised my hand up there in class and the teacher called me out, and I just froze. My mind went blank. I thought I was going to die right there. Everyone was staring at me. I could feel my face turning red. I wanted to crawl under a rock and never come out again. The worst part is, I don't even remember what I"
shame,13,8.0,49,0.1824,0.0439,0.0272,0.046,0.0398,0.1688,0.7843,"Oh man, I can't believe this happened. I was so desperate to get back at my friends for always making fun of me and my clothes and stuff. I thought I was being so subtle with it, but they totally caught me. It's like the worst betrayal ever. I mean, I'm supposed to be their friend, right? But I guess not. I'm so embarrassed now. I just wanted to make them feel bad, and I went too far. I'm such an idiot. I can't even look at them. They're probably all laughing at me. I'm going"
shame,13,8.0,50,0.1105,0.0407,0.0208,0.0605,0.0836,0.2326,0.776,"Oh man, I totally get what you're going through. That's exactly how it feels sometimes. When someone tells me a story and I have nothing to say back, it's like the air goes out of my lungs. It's embarrassing, but also so awkward. Like I'm supposed to be the life of the party or something. But then I just sit there, frozen, and try to remember what they said. And then I just end up saying ""Oh wow, that's so sad"" or ""That's so funny"" or ""Wow, that's intense"" just to break the"
shame,13,8.0,51,0.0414,0.0177,0.1057,0.1321,0.0354,0.1046,0.7311,"Oh no, that really happens sometimes. I was just about to go to the bathroom and then I... I don't know what happened. My shorts were soaked! I feel so embarrassed. I'm going to have to find a bathroom or something right now. I hope nobody saw. I can't believe I just did that."
shame,13,8.0,52,0.2195,0.0282,0.0342,0.0241,0.0097,0.1455,0.3058,"Oh man, I get what you're going through. That must've been so awkward. Expressing yourself in front of others can be really hard sometimes. I totally get it. It's like when you have something on your mind and you want to tell someone how you feel, but then they don't understand or they think you're weird for feeling that way. Like, ""Why did I do that? Why did I say that out loud?"" It's like the whole world is watching me and judging me. But you know what? Sometimes it feels like no one cares. Like, why bother"
shame,13,8.0,53,0.0383,0.0106,0.0426,0.0182,0.0849,0.0762,0.4522,"Oh man, I totally get what you're going through. That's exactly how it feels sometimes. I remember when I was in high school and I thought I had cracked a really hard math problem, and then I realized it was just some random factoid that wasn't even related to the chapter at all. It's like, ""What am I supposed to do now?"" Here's how it felt:

I was so excited, like I solved it! But then I looked up the answer key and it was like, ""Nope, not even close."" I mean, I'm so embarrassed."
shame,13,8.0,54,0.0305,0.0243,0.7885,0.0026,0.1356,0.338,0.0213,"Oh my god, that's exactly what happened. I was at this crazy club with my best friend and we were both so drunk. We were dancing and laughing and then I felt like someone grabbed me from behind and pulled the dress down. It was like a horror movie moment. My boobs were showing and my legs were shaking. I couldn't believe it. My friend started crying and running out of there. I just stood there, mortified, for like five minutes before I finally got up and ran too. It was the worst night ever."
shame,13,8.0,55,0.0207,0.0026,0.0038,0.0099,0.0596,0.0151,0.0134,"Oh man, I totally get what you're talking about. That's exactly how it feels sometimes. I was at my aunt's house for dinner and I couldn't help myself. I saw that she had all these yummy snacks and stuff, and I just couldn't resist. I grabbed a handful of cookies and started stuffing them in my pockets like they were going to melt or something. Then I tried to act like I didn't know where they were, but I knew she could tell. She looked at me like ""What are you doing?"" And I just blushed and said ""Sorry Auntie"
