k,steer,layer,coeff,prompt_id,anger,disgust,fear,guilt,joy,sadness,shame,answer
0,baseline,12,8.0,0,0.0209,0.0031,0.4209,0.0018,0.0256,0.0406,0.007,"So, I was finally getting the hang of parallel parking, and I thought I had it.  I pulled up next to the curb, turned the wheel, and... the car just wouldn't budge.  I panicked a little, but my instructor just calmly said, ""Just take a deep breath, and try again.""  Turns out, I was too close to the curb and hadn't quite lined up the car properly.  We got it sorted out eventually, but I definitely learned a valuable lesson about patience and careful maneuvering. 
"
0,baseline,12,8.0,1,0.0166,0.0012,0.0034,0.0008,0.4876,0.0115,0.0031,"""I'm going to the club tonight,"" I said, trying to sound convincing.  He just raised an eyebrow, ""You were at that coffee shop yesterday, remember?""  I sighed, ""Yeah, I know, but I'm going to the club tonight.  It's a friend's birthday party.""  He just shook his head and chuckled.  I guess he didn't believe me. 
"
0,baseline,12,8.0,2,0.6339,0.0183,0.0095,0.0029,0.0071,0.1947,0.0036,"I was so frustrated.  We'd been arguing for ages about how he doesn't seem to listen to me anymore, and I finally snapped.  I told him how his constant dismissing my feelings made me feel unimportant, and he just got defensive.  It was a mess, and I don't know if we can fix it.  I just wish he'd try to understand how I feel. 
"
0,baseline,12,8.0,3,0.1647,0.0068,0.0159,0.0067,0.0122,0.4108,0.0024,"My boyfriend said something the other day that really stung. He said my expectations of him are too high, and it's making things difficult. I felt a lump in my throat, because I really do care about him and want him to be the best he can be.  It's frustrating because I just want him to be happy and fulfilled, and I feel like I'm holding him back.  I guess I need to figure out how to communicate my needs better. 
"
0,baseline,12,8.0,4,0.1165,0.0533,0.0672,0.0016,0.0098,0.2191,0.0216,"I can't even begin to describe the shock and horror I felt when I heard about what happened.  It's just...unfathomable.  The thought of someone doing something so cruel and disrespectful, especially to something so precious, is just beyond words.  I can't believe someone would do something like that. 
"
0,baseline,12,8.0,5,0.1754,0.0044,0.0174,0.0016,0.0248,0.1794,0.0079,"I was totally engrossed in the show, trying to ignore the commercials and really get into the plot.  Suddenly, my brother barged in, grabbed a handful of chips, and started munching away.  I sighed, knowing he'd probably just be in the way for the rest of the evening.  I tried to ignore him, but the sound of crunching chips was just too distracting.  I guess I'll just have to deal with it. 
"
0,baseline,12,8.0,6,0.0132,0.0061,1.0523,0.0038,0.1381,0.0714,0.0074,"I can't believe what happened.  I was walking home from the store, just trying to get back to my apartment, and this guy just came up to me and grabbed me.  He was really aggressive and I was terrified.  I managed to get away and call the police, but it's still really shaken me up.  I'm just glad I'm safe now. 
"
0,baseline,12,8.0,7,0.0861,0.0383,0.1357,0.0472,0.0176,0.1969,0.682,"I was just trying to get some peace and quiet on the bus, reading a book, when this guy just plopped down beside me.  He didn't even bother to cover himself up, and I was mortified.  I felt so uncomfortable and violated, and I just stared at him, trying to figure out what to do.  I couldn't believe it was happening, and I was so embarrassed.  I just wanted to get off the bus as quickly as possible. 
"
0,baseline,12,8.0,8,0.0122,0.0042,1.0999,0.0021,0.0611,0.0389,0.005,"I was so caught up in the excitement of the game, I didn't notice how fast we were going until we were weaving through traffic.  My friend kept looking at his phone, and I started to get really nervous.  He was speeding, cutting people off, and ignoring the red lights.  I knew I had to do something, but I was scared to say anything.  I just kept thinking, ""This is so dangerous, and I'm going to get us all hurt."" 
"
0,baseline,12,8.0,9,0.0155,0.0024,0.2287,0.0048,0.7218,0.041,0.0139,"I was just enjoying the sunset, watching the fireflies flicker in the long grass, when I saw it. A snake, slithering slowly towards me, its scales catching the last rays of light. My heart skipped a beat, and I froze, unsure what to do.  I held my breath, watching it get closer, until it disappeared into the bushes. 
"
0,baseline,12,8.0,10,0.0571,0.0099,0.2294,0.0021,0.0114,0.2991,0.0111,"I woke up with a jolt, heart pounding, in the middle of the night.  The house was silent, the only sound the gentle hum of the refrigerator.  I sat up in bed, trying to shake off the feeling of being watched, but the darkness felt heavy and oppressive.  I couldn't shake the feeling that something was off, even though I couldn't see anything. 
"
0,baseline,12,8.0,11,0.0194,0.0072,1.1062,0.0022,0.0215,0.1067,0.0073,"The front door clicked shut behind me, and I was alone.  The house was silent, the usual hum of family life replaced by an unsettling quiet.  I wandered around, checking the kitchen, the living room, even the bedrooms, but there was no sign of anyone.  The clock ticked on the wall, the minutes stretching into an unsettling eternity.  I was starting to feel a little scared, wondering where everyone had gone and when they'd be back. 
"
0,baseline,12,8.0,12,0.024,0.0039,0.0108,0.014,0.0636,0.0461,0.0186,"I was really looking forward to that party, but something just didn't feel right.  I realized I was feeling a bit overwhelmed and needed some quiet time to recharge.  It's okay, I'll catch up with everyone later.  I'm going to stay in and do something relaxing instead. 
"
0,baseline,12,8.0,13,0.0947,0.0155,0.0121,0.0185,0.0073,0.5232,0.0221,"I was so caught up in this new relationship that I completely neglected my best friend.  It was a bad habit, I know, and I felt awful about it.  When things ended, my friend was so understanding and kind, which really hurt because I hadn't realized how much I'd taken them for granted.  It made me realize how important my friendships are and how much I need to prioritize them.  I'm trying to be better about that now. 
"
0,baseline,12,8.0,14,0.0377,0.0199,0.2624,0.0535,0.0183,0.1203,0.4663,"I was so embarrassed. I completely spaced on the meeting and forgot about the date. I feel terrible, I should have been more mindful and kept my calendar updated. I'm really hoping they're not too upset, but I'm dreading the call. 
"
0,baseline,12,8.0,15,0.0723,0.0176,0.3769,0.0023,0.0213,0.4094,0.0043,"Ugh, I totally messed up today. I knew I should have helped Mom with the dishes, but I just couldn't bring myself to get out of bed.  I was so comfy and I just wanted to sleep in.  Now I feel terrible, and Mom is probably going to be super mad.  I guess I'll have to make it up to her later. 
"
0,baseline,12,8.0,16,0.0063,0.001,0.0042,0.001,0.7834,0.0174,0.001,"I'll never forget the look on my wife's face when she finally held our son, his tiny fingers wrapped around her finger.  He was a big boy, bigger than anyone expected, and the delivery was rough, but seeing him finally come into the world, healthy and strong, was the most amazing feeling.  It was a moment of pure joy, a moment I'll cherish forever.  He was a little fighter, but he's perfect in every way. 
"
0,baseline,12,8.0,17,0.0066,0.0016,0.0135,0.0012,0.3517,0.0204,0.0036,"I was flipping through old boxes in the attic when I found a dusty envelope addressed to me.  My heart skipped a beat when I saw the familiar handwriting on the back.  It was from Sarah, someone I hadn't spoken to in years!  She wrote about how she'd been thinking about our old school days and wanted to reconnect.  I was surprised and a little excited, maybe even a little nostalgic. 
"
0,baseline,12,8.0,18,0.0183,0.002,0.0577,0.0045,0.7103,0.0228,0.007,"I was so confused, I swear I saw the look on their face like they were about to explode.  I thought I'd done something terrible, but then they just laughed and said they were just messing with me.  Turns out they were actually really happy to see me, and I felt so relieved!  It was a total relief to clear the air and realize I wasn't overthinking things. 
"
0,baseline,12,8.0,19,0.0068,0.0023,0.0079,0.0007,0.9331,0.0051,0.0012,"I can't believe it! I just got the email, and I'm still shaking.  Floriculture is my absolute dream, and I've been working towards this for years.  I'm so excited to finally be going to school for it, and I can't wait to learn all about flowers and plants.  This is the best news ever! 
"
0,baseline,12,8.0,20,0.0295,0.0032,0.0169,0.0116,0.176,0.1615,0.0219,"It was weird at first, not seeing them every day.  We'd always been inseparable, so the silence was deafening.  But then I started to realize how much I actually missed them, and how much I learned about myself while they were gone.  It was a tough adjustment, but I'm so glad they're back now.  It feels like we've picked up right where we left off. 
"
0,baseline,12,8.0,21,0.0226,0.0081,0.0787,0.0043,0.0119,1.0124,0.0026,"It was the worst nightmare I could have ever imagined.  Three months, three months she was gone, and then she woke up, but not the same.  She was in a wheelchair, her words slurred, her movements slow and clumsy.  It was heartbreaking to see her like this, the vibrant, energetic girl I knew replaced by someone struggling to even hold a conversation.  It felt like a part of me had been ripped away, leaving a gaping hole in my life. 
"
0,baseline,12,8.0,22,0.0491,0.003,0.0114,0.0102,0.0091,1.0148,0.0034,"I was so disappointed when I got the email.  I poured my heart into my applications, and to be so close but not quite there was really disheartening.  I guess I'll keep working hard and try again next year.  Maybe I'll even try a different program.  It's a bummer, but I'm not giving up on my dream of studying English. 
"
0,baseline,12,8.0,23,0.0178,0.0065,0.6188,0.0069,0.0303,0.3992,0.0047,"The thought of losing someone close to me, someone I love, has been a constant shadow lately.  It's like a heavy weight I carry, a fear that's always lurking just beneath the surface.  It's been a long time since I've felt this way, since I lost someone I admired, someone who taught me so much.  Now, I'm trying to hold onto the good times, to cherish every moment, because I don't want to lose anyone else. 
"
0,baseline,12,8.0,24,0.0546,0.0311,0.0236,0.1204,0.036,0.0732,0.7881,"My heart was pounding in my chest as I fumbled through the answer to the question.  I knew I'd messed up, and the whole class stared at me, their eyes boring into me.  My face burned with embarrassment, and I wanted to disappear.  I just wanted to crawl under the desk and never come out. 
"
0,baseline,12,8.0,25,0.0365,0.0236,0.0721,0.2139,0.0071,0.5578,0.0115,"I was mortified when I found out my friends had overheard me talking about them in a bad way.  It felt awful to think they thought I was a gossipy, mean person.  I tried to apologize, but it felt like I was just making things worse.  I really value our friendship, and I hope they can forgive me.  I'm trying to be more mindful of what I say around them now. 
"
0,baseline,12,8.0,26,0.059,0.0064,0.0126,0.0066,0.0102,0.1121,0.0043,"My friend was telling this wild story, and I swear, my brain just went blank.  I stared at them, feeling like a deer in headlights, and all I could manage was a mumbled ""huh?""  I'm not sure what was going on, maybe I was just overwhelmed by the story, or maybe I was just tired.  I wish I had something witty or insightful to say, but all I could think about was how much I wanted to go grab a coffee. 
"
0,baseline,12,8.0,27,0.068,0.0194,0.2274,0.0038,0.0252,0.3342,0.063,"Ugh, I just had the worst day.  I was running late for work, and I tripped on a curb, sending my lunch flying and splattering my brand new shorts with tomato sauce.  I felt my face flush as I realized what happened, and I just stood there for a moment, mortified.  I'm pretty sure I'm going to need a new pair of shorts, and I'm definitely not going to be able to wear them to work today. 
"
1,anger,12,8.0,0,0.0437,0.0039,0.0393,0.0099,0.0159,0.0614,0.0137,"I was trying to parallel park, and I forgot to check my blind spot.  The car bumped into the curb, and now the wheel's stuck!  I think I might have overcompensated on the brakes, too.  I'm not sure what to do now."" 
"
1,anger,12,8.0,1,0.0063,0.0009,0.0021,0.0004,0.0078,0.0035,0.0007,"I swear, I was just at the market, buying some bread, and then I saw you at the library. You were reading that book about the history of the city, remember? You were talking to that old lady about the new exhibit at the museum, too."" 
"
1,anger,12,8.0,2,0.4373,0.0065,0.0095,0.0031,0.0064,0.0988,0.013,"I just don't understand why you never seem to care about what I say anymore. You just brush off my feelings, like they don't matter. It's like you're always so busy with your own life, you don't even notice me."" 
"
1,anger,12,8.0,3,0.0435,0.0036,0.006,0.002,0.0032,0.1176,0.0071,"I thought he was just being a little dramatic, you know, trying to impress me. But he's been acting so different lately. He's always trying to be perfect, like he's trying to live up to some impossible standard. I don't know if it's just me, but I feel like he's putting too much pressure on himself."" 
"
1,anger,12,8.0,4,0.0557,0.0054,0.0096,0.0018,0.0137,0.3244,0.0193,"I can't believe it. I saw her, just like that, walking away.  She was so calm, like it was nothing.  I thought she was going to be okay, but then I saw the way she looked at the manhole, like she was...celebrating.  It's just...so wrong.  I can't even imagine what she's thinking."" 
"
1,anger,12,8.0,5,0.1003,0.0057,0.0078,0.0004,0.0165,0.0197,0.002,"I was just getting into this documentary about the history of the Roman Empire, and I swear, it's fascinating, when you barge in like a hungry wolf and start munching on my snacks!"" 

You know how you always have to be careful about what you eat, right? I was trying to focus on the part about the gladiators, and now you're making a mess."" 
"
1,anger,12,8.0,6,0.1,0.0079,0.346,0.0057,0.0089,0.255,0.0259,"I can't believe it, I was just walking home, minding my own business, and then this guy... he just grabbed me, shoved me, and..."" 

He was so close, I thought he was going to..."" 

I just... I tried to fight back, but he... he just kept yelling and..."" 

I'm okay, though. I managed to get away, but..."" 

I'm just... shaken up, I don't know what to do."" 
"
1,anger,12,8.0,7,0.1966,0.022,0.0355,0.0023,0.0068,0.2358,0.0185,"I was just trying to read, but he just... sat down and started staring at his phone.  Then, I saw him, and I swear, he just... pulled his pants down.  I felt so uncomfortable, I just wanted to get off at the next stop."" 
"
1,anger,12,8.0,8,0.0506,0.0057,0.3487,0.002,0.0279,0.0561,0.0122,"I was so caught up in the game, I didn't even notice until we were halfway through the city.  He's been speeding, and he's weaving in and out of traffic.  I'm starting to think he's going to get us into trouble."" 
"
1,anger,12,8.0,9,0.0049,0.0038,0.0144,0.0006,0.0921,0.01,0.0041,"I was just admiring the roses, and then I saw it.  It's slithering closer, right by the fence.  I thought it was just a lizard at first, but it's... bigger than that.  I've never seen one this close before."" 
"
1,anger,12,8.0,10,0.0274,0.0035,0.1103,0.0029,0.0159,0.1888,0.0064,"I woke up with a jolt, heart pounding.  The silence is so thick, it feels like I'm the only one awake.  I thought I heard something, maybe a creak, but it could be nothing.  I'm just tired, probably just a dream.  I should get up and check on the kids, though."" 
"
1,anger,12,8.0,11,0.0332,0.0027,0.4171,0.0059,0.0185,0.4501,0.0072,"I get back, and the house is empty.  No one's here, not even a note.  It's like they just vanished.  I thought maybe they went out for a walk, but it's getting late, and the kitchen's still warm.  I'm starting to get worried, but I can't even call anyone.  Maybe they just needed some space, but..."" 
"
1,anger,12,8.0,12,0.0556,0.002,0.0099,0.0225,0.1525,0.32,0.0119,"I was really looking forward to it, but something just didn't feel right. I'm glad I listened to my gut, though. Sometimes, it's better to be safe than sorry."" 
"
1,anger,12,8.0,13,0.0153,0.0031,0.0065,0.754,0.011,0.4153,0.0128,"I was so caught up in that relationship, I barely noticed you, you know? I was blind to everything else, and I'm so sorry for that. But you were always there, even when I was being a jerk. You're the best friend anyone could ask for, and I should have been more grateful for that."" 
"
1,anger,12,8.0,14,0.0088,0.0024,0.0373,0.4347,0.0509,0.2361,0.0228,"I was so excited to meet you, but I completely spaced on the time. I'm so sorry, I must have gotten lost in my thoughts. I should have called, but I just... I just didn't want to bother you."" 
"
1,anger,12,8.0,15,0.031,0.0019,0.0219,0.3003,0.0205,0.184,0.0183,"I woke up late and just wanted to sleep in.  I know I should have helped her with the paperwork, but I just felt lazy.  I'm not sure why, but I just wanted to stay here and read.  Maybe I'll feel guilty later, but I'm not going to worry about it."" 
"
1,anger,12,8.0,16,0.0047,0.0007,0.0038,0.0007,0.4536,0.0097,0.001,"I'll never forget the look on your face when he finally came out, Sarah.  He was bigger than I thought he'd be, but the midwife said it's not uncommon for firstborns to be a bit bigger.  He was a fighter, though, and I'm glad he's healthy.  He's already got a lot of energy, just like his father."" 
"
1,anger,12,8.0,17,0.0068,0.0014,0.0062,0.0011,0.0114,0.0107,0.0018,"I was just about to throw it out, honestly. I thought it was just junk mail, but... it's from you, remember?  You're in the city now, right? I thought you'd be living in that fancy apartment you mentioned, but..."" 
"
1,anger,12,8.0,18,0.0217,0.0014,0.2867,0.0043,0.8764,0.0491,0.0053,"I was so worried I'd done something wrong, you know? I saw you looking at me funny, like you were mad, and I just... I overthought it. Turns out, you were just distracted, you know, thinking about something else. You were actually happy to see me, I think."" 
"
1,anger,12,8.0,19,0.007,0.0023,0.0089,0.001,0.8038,0.0065,0.0011,"I can't believe it! I've been dreaming of studying floriculture since I was a kid, and now I'm actually going to be a part of it. I've always loved the way flowers bring joy to people, and I can't wait to learn everything I can about them. I'm so excited to finally be able to make a real difference in the world, you know? It's like a dream come true."" 
"
1,anger,12,8.0,20,0.0096,0.0024,0.1538,0.0149,0.0955,0.7856,0.0027,"It was a whirlwind, honestly. I was so excited for her, you know?  She always wanted to see the world, and now she's living in Paris!  But it's been tough, I'll admit.  I miss her terribly, and I haven't seen her in weeks.  I'm just hoping she'll be back soon."" 
"
1,anger,12,8.0,21,0.0102,0.0045,0.5795,0.0019,0.0263,0.4162,0.0038,"It's been a nightmare, honestly.  I thought I'd lose her, you know?  She was so strong, always so full of life, and then... it's like she's a stranger now.  The doctors said it's a miracle she's even awake, but she can barely move her hands, and her voice... it's like she's trying to speak, but it's all jumbled."" 
"
1,anger,12,8.0,22,0.0264,0.0022,0.0104,0.0106,0.0102,0.5141,0.0034,"I was so sure I'd get in, I even practiced my essays for weeks. I thought I aced them, but then the results came back, and I'm just...one percent short. I guess I'll have to try again next year. Maybe I can get a scholarship or something."" 
"
1,anger,12,8.0,23,0.0159,0.0043,0.8631,0.0071,0.0165,0.4485,0.0067,"It's like a shadow follows you, a constant fear that something bad could happen again.  I thought I was strong, but losing Sarah... it felt like the world just stopped spinning for a while.  I thought I could handle anything, but now I'm not sure I can face another loss."" 
"
1,anger,12,8.0,24,0.0457,0.0113,0.1629,0.0472,0.2077,0.1311,0.448,"I was so nervous, I blanked out completely. I was trying to answer the question about the Roman Empire, and I just... I blurted out the wrong answer. Everyone laughed, and I felt so embarrassed. I just wanted to disappear."" 
"
1,anger,12,8.0,25,0.0727,0.0072,0.0088,0.6181,0.0119,0.2356,0.0912,"I was so caught up in my own thoughts, I didn't realize I was talking about you guys behind your backs.  I'm usually pretty good at keeping my mouth shut, but I guess I let my anger get the better of me.  I'm really sorry, I didn't mean to hurt you.  I'm just... I'm not used to being so... well, you know, honest."" 
"
1,anger,12,8.0,26,0.1724,0.0109,0.0228,0.0021,0.0106,0.2738,0.0243,"I was so caught up in the story, I just blanked.  My brain went blank, like a whole page of my notebook is just...empty.  I'm usually good with words, but sometimes, I just freeze up when I'm trying to think of something to say."" 
"
1,anger,12,8.0,27,0.0311,0.0049,0.0129,0.0051,0.015,0.0249,0.019,"I was just walking to class, and I swear I didn't even notice it at first.  Then, I felt something wet on my leg, and I looked down... and I think I just... well, I guess I'll just have to explain to Mrs. Thompson about this later."" 
"
1,disgust,12,8.0,0,0.0989,0.0085,0.0341,0.0074,0.0139,0.171,0.0049,"Ugh, I totally messed up my parallel parking today.  I thought I had it figured out, but I ended up hitting the curb and the car next to me was shaking.  My instructor was pretty calm about it, but I was freaking out a little.  I guess I need to practice more!  Hopefully, I'll get it next time. 
"
1,disgust,12,8.0,1,0.0073,0.0011,0.009,0.0011,0.0907,0.0094,0.0017,"""I'm going to the club tonight,"" I said, trying to sound casual.  She raised an eyebrow, ""You were at the farmer's market yesterday, remember?""  I sighed, ""Yeah, I know, it's a long story.  But I'm going tonight, I promise.""  She just shook her head and smiled, ""Whatever you say.""  Honestly, I was starting to think she didn't believe me. 
"
1,disgust,12,8.0,2,0.7426,0.0092,0.004,0.0015,0.0048,0.2773,0.0034,"I was so frustrated. We were arguing about how he doesn't seem to listen to me anymore, and it felt like he just brushed me off.  I felt unheard and unimportant, like he didn't care about what I had to say.  It's not that I'm expecting grand gestures, but even basic communication feels like a struggle these days.  I just want to feel like he's on my side. 
"
1,disgust,12,8.0,3,0.0565,0.0035,0.0058,0.0061,0.0107,0.1784,0.0016,"My boyfriend just told me my expectations of him are too high, and I felt a little stung.  I guess I've been putting a lot of pressure on him lately, wanting him to be perfect all the time.  It's not fair to him, and I know it's not healthy for our relationship.  I'm trying to be more understanding and realistic, and I hope he can see that I just want us to be happy. 
"
1,disgust,12,8.0,4,0.1947,0.0248,0.9743,0.0021,0.0221,0.1271,0.0122,"I can't believe it.  I just found out that someone I knew, someone I thought was a good person, did something so horrific.  They ended a late-stage pregnancy and just...threw the remains in a manhole?  It's just so messed up, and I can't even process it.  I'm angry, confused, and scared for everyone involved. 
"
1,disgust,12,8.0,5,0.0284,0.0016,0.0057,0.0058,0.0214,0.1333,0.0015,"I was glued to the TV, trying to follow the latest episode of my favorite show, when my little brother barged in.  He was already digging into a bowl of cereal, completely ignoring me.  I sighed, knowing he'd probably be in the middle of a sugar rush by the time I got a word in edgewise.  It was always like this, though, he had a knack for interrupting my relaxation.  I just hoped he wouldn't spill the milk. 
"
1,disgust,12,8.0,6,0.0255,0.0168,0.1245,0.0089,0.0068,0.5146,0.0019,"My heart sank when I heard what happened to her.  It's just awful that something like that could happen to someone, especially someone you care about.  I can't imagine what she's going through right now, but I want her to know I'm here for her.  She's strong and brave, and she'll get through this. 
"
1,disgust,12,8.0,7,0.0203,0.0101,0.3053,0.0022,0.0506,0.0501,0.0203,"I was on the bus, trying to get some work done, when this guy just plopped down beside me.  I was so startled, I almost dropped my laptop.  He had his trousers completely open, and I felt my face flush.  I couldn't believe what I was seeing, and I was mortified.  I just stared at him, hoping he'd get the hint and close his pants. 
"
1,disgust,12,8.0,8,0.0163,0.008,0.9391,0.0022,0.0327,0.0493,0.0036,"I was buzzing from the game, feeling good about the win, when I noticed my friend was really pushing the gas pedal.  He was weaving in and out of traffic, ignoring the red lights, and it was making my stomach churn.  I tried to talk to him, but he just kept yelling at the radio.  I was terrified, honestly, and I knew I had to do something.  I just hoped he'd pull over before something terrible happened. 
"
1,disgust,12,8.0,9,0.0096,0.004,0.3752,0.0029,0.0906,0.048,0.0143,"I was just admiring the sunset over the roses, feeling the warm evening air on my skin.  Suddenly, I saw a flash of movement in the bushes, and my heart jumped.  A snake, maybe a garter snake, slithered out, its scales catching the last rays of sunlight.  I froze, unsure what to do, but it just kept moving closer, its head held high.  I quickly turned and walked away, feeling a little shaken. 
"
1,disgust,12,8.0,10,0.014,0.0026,0.8407,0.0061,0.0532,0.1454,0.0058,"I woke up with a jolt, heart pounding in my chest.  The room was pitch black, the only sound the gentle hum of the refrigerator in the kitchen.  I sat up, my eyes struggling to adjust to the darkness, and felt a wave of anxiety wash over me.  It was just a dream, I told myself, but the feeling of being watched lingered.  I lay back down, hoping to fall back asleep, but the unease wouldn't let me. 
"
1,disgust,12,8.0,11,0.0338,0.0034,0.1208,0.0074,0.0201,0.8069,0.0156,"The front door clicked shut behind me, and I was hit with a strange silence.  It was so quiet, I could hear my own heartbeat.  I looked around, expecting to see my family in the living room, but there was no one.  The house felt empty, and the late afternoon sun cast long shadows that danced across the floor.  I sighed, feeling a pang of loneliness, and wondered where everyone had gone. 
"
1,disgust,12,8.0,12,0.0378,0.0038,0.0208,0.0044,0.2357,0.1331,0.0258,"Ugh, I was so excited to go to that concert last night, but something just didn't feel right.  I kept second-guessing myself all day, and by the time I got ready, I realized I just wasn't in the mood.  It's a bummer, I was really looking forward to it, but sometimes you just have to listen to your gut and back out.  I'm glad I didn't go, though, because I ended up having a much better night at home watching a movie. 
"
1,disgust,12,8.0,13,0.0496,0.0145,0.0094,0.1198,0.0106,0.3297,0.0172,"I messed up, I'll admit it.  I got caught up in this relationship and kind of drifted away from my best friend.  It was a stupid thing to do, and I felt awful about it.  But when things ended, my friend was so understanding and kind, and it really made me realize how much I'd taken them for granted.  I'm so grateful for their support, and I'm determined to be a better friend moving forward. 
"
1,disgust,12,8.0,14,0.0248,0.0256,0.2517,0.0957,0.0116,0.6577,0.0237,"Ugh, I feel awful. I completely spaced on our meeting and forgot about our date. I know it's no excuse, but I was just so overwhelmed with work and everything else going on that I completely lost track of time. I feel terrible, and I'm really sorry. I'll call you right now to explain and make it up to you. 
"
1,disgust,12,8.0,15,0.071,0.0192,0.3188,0.0019,0.0222,0.3239,0.0038,"Ugh, I totally messed up today.  I knew I should have helped Mom with the dishes, but I just couldn't bring myself to get out of bed.  I was so comfy and cozy, and I just wanted to sleep in.  Now I feel terrible, and she's probably going to be super mad.  I guess I'll just have to face the music when she gets home. 
"
1,disgust,12,8.0,16,0.0094,0.0009,0.0115,0.0014,0.8457,0.0266,0.0014,"I'll never forget the look on my sister's face when she finally held him.  It was a mix of relief and pure joy, and I knew right then that everything was going to be okay.  The whole delivery had been a wild ride, a real struggle with a big, stubborn baby, but seeing him finally come into the world, healthy and perfect, was worth every ounce of pain.  He was a fighter, that little guy, but he was ours. 
"
1,disgust,12,8.0,17,0.0051,0.0012,0.0078,0.0015,0.0636,0.0092,0.0013,"I was flipping through old boxes in the attic when I found a letter tucked away in a dusty corner.  It was from Sarah, someone I hadn't spoken to in years!  Her handwriting was so familiar, and the words on the page brought back so many memories of our shared childhood.  I couldn't believe it was actually her, and I was so curious to know what she'd been up to all these years.  I sat down with a smile, ready to catch up. 
"
1,disgust,12,8.0,18,0.0308,0.0014,0.0691,0.0105,0.4221,0.0896,0.0078,"I was so confused when I saw their face, all tight and serious.  I thought I'd done something wrong, maybe said something hurtful.  But then they told me they were just really happy to see me, and that they'd been looking forward to catching up.  It was such a relief, and I felt so silly for overthinking it.  Turns out, they were just really happy to see me! 
"
1,disgust,12,8.0,19,0.007,0.0024,0.0074,0.0008,0.8853,0.0051,0.0012,"I can't believe it! I just got the email, and my heart is still racing.  Floriculture, my dream program, I'm actually going to get to study it!  I've been working towards this for so long, and now it's finally happening.  I'm so excited to learn all about flowers and plants, and I can't wait to start my journey in this field.  
"
1,disgust,12,8.0,20,0.0246,0.0044,0.0193,0.0031,0.1419,0.0911,0.0378,"It was weird, to say the least, having my best friend move across the world.  We'd been inseparable since forever, and suddenly, she was a thousand miles away.  It was tough at first, missing our late-night talks and spontaneous adventures.  But eventually, I realized it was a chance for us to grow and see the world from different perspectives.  I'm so proud of her for taking this leap, and I can't wait to catch up when she gets back. 
"
1,disgust,12,8.0,21,0.0151,0.0068,0.1124,0.0051,0.01,0.9188,0.0016,"It was the worst nightmare I could have ever imagined.  Three months.  Three months of waiting, of doctors and tests, of watching her fight for every breath.  Coming out of the coma, she was a shell of herself, barely able to move or speak.  It was heartbreaking, seeing her struggle, but we were determined to help her get better, even if it took every ounce of strength we had. 
"
1,disgust,12,8.0,22,0.0842,0.0031,0.0062,0.0083,0.0077,0.9208,0.0047,"I was so disappointed when I got the email.  I'd poured my heart and soul into my applications, and to be one percent short of the cutoff felt like a slap in the face.  It was a huge blow, especially after all the work I'd put in.  I guess it just goes to show that sometimes things don't go your way, even when you're doing everything right.  But I'm not giving up, I'll find another path to my dream. 
"
1,disgust,12,8.0,23,0.026,0.0129,0.8466,0.0056,0.0182,0.4623,0.0049,"The thought of losing someone close to me, someone I love, felt like a punch to the gut.  It was a feeling I knew all too well, a shadow from the loss of my grandfather.  He was a pillar of strength, someone I always looked up to, and the pain of losing him was a constant ache in my chest.  Now, facing the possibility of losing someone else, I was terrified of the emptiness that might follow. 
"
1,disgust,12,8.0,24,0.0657,0.0306,0.0311,0.068,0.0276,0.0828,0.804,"Ugh, I totally blanked in class today.  I was answering a question about the French Revolution, and I just blurted out something completely wrong.  Everyone stared at me, and I felt my face burn.  I was so embarrassed, I wanted to disappear!  I knew I had to own it, though, so I just took a deep breath and tried to explain what I actually knew. 
"
1,disgust,12,8.0,25,0.0493,0.021,0.0406,0.0566,0.014,0.3185,0.59,"I was so mortified when my friends found out about the things I'd been saying about them.  It felt like a huge betrayal, and I was so embarrassed.  I tried to explain myself, but they weren't having it.  It was really hard to face them after that, and I felt like I lost their trust.  I'm still trying to rebuild those friendships, but it's been a slow process. 
"
1,disgust,12,8.0,26,0.0547,0.0049,0.0447,0.0108,0.0104,0.169,0.0157,"My friend was telling this crazy story about this time she went to a party and... I just blanked.  I stared at my coffee, feeling my face flush.  I'm not sure if it was the caffeine or the fact that I was completely stumped, but I couldn't find the words.  I just mumbled something about how it sounded wild and hoped she wouldn't notice my awkward silence. 
"
1,disgust,12,8.0,27,0.0787,0.0413,0.0741,0.0084,0.0447,0.1332,0.1622,"Ugh, I just had the worst day.  I was so focused on finishing this presentation, I completely spaced on the fact that I had to change my pants.  Now, I'm sitting here at the coffee shop, and I just realized I've got a pretty nasty stain on my shorts.  I'm mortified, I can't believe I did this!  I'm going to have to go home and change. 
"
1,fear,12,8.0,0,0.0265,0.0057,0.6202,0.0039,0.0303,0.2352,0.0271,"I was so focused on parallel parking, I didn't see the curb until it was too late.  My foot went to the brake, but I ended up hitting the curb instead.  My instructor was pretty calm, but I was mortified.  I'm sure I'll get it next time. 
"
1,fear,12,8.0,1,0.0157,0.0012,0.0033,0.0009,0.8591,0.0092,0.003,"""I'm going to the club tonight,"" I said, trying to sound casual.  He just raised an eyebrow and shook his head, ""You were at the park yesterday, remember?""  I sighed, ""Yeah, but I'm going to the club now.""  He just laughed and shook his head again.  I guess he didn't believe me. 
"
1,fear,12,8.0,2,0.0762,0.0041,0.0078,0.0082,0.0051,0.9727,0.0031,"""I'm feeling really hurt, babe,"" I said, my voice cracking. ""You don't seem to care about my feelings anymore.""  He just shrugged, saying it was just a misunderstanding.  I felt like I was always walking on eggshells around him, and it was exhausting.  I needed him to actually listen and try to understand. 
"
1,fear,12,8.0,3,0.0256,0.0027,0.0061,0.0146,0.0083,0.1079,0.0039,"He said something the other day that really stung. He said my expectations of him were too high, and it made me feel like I was putting him on a pedestal. I guess I just wanted him to be perfect, but I realized I need to be more understanding and let him be himself. It's a learning process, but I hope we can work through it. 
"
1,fear,12,8.0,4,0.1324,0.063,0.3736,0.0034,0.0103,0.675,0.0205,"I can't even begin to describe the shock and horror I felt when I found out.  It was just so senseless, and the thought of what happened to that baby was unbearable.  I felt sick to my stomach, knowing someone would do something so cruel and disrespectful. 
"
1,fear,12,8.0,5,0.0648,0.0054,0.0048,0.0024,0.0083,0.1042,0.002,"I was engrossed in the show, trying to ignore the pile of laundry that was slowly taking over my living room, when I heard the unmistakable sound of my brother raiding the kitchen.  He was stuffing his face with chips and pretzels, completely ignoring me.  I sighed, wishing he'd just wait until I was done with my show.  It was always like this, him interrupting my relaxation with his snacking. 
"
1,fear,12,8.0,6,0.0715,0.0145,0.9949,0.0032,0.0166,0.0887,0.0033,"I can't believe what happened.  She was walking home from work, and this guy just grabbed her and shoved her.  It was terrifying, and she's shaken up.  I'm so angry and scared for her.  I just want to make sure she's okay. 
"
1,fear,12,8.0,7,0.0953,0.04,0.0557,0.0498,0.0231,0.0989,0.7974,"I was trying to get some work done on my laptop when this man just plopped down beside me.  He had his pants unbuttoned and his underwear showing, and I felt completely uncomfortable.  I tried to ignore him, but he kept staring at me.  I finally got up and moved to another seat, feeling shaken and embarrassed. 
"
1,fear,12,8.0,8,0.0285,0.0113,0.9981,0.0014,0.0496,0.0456,0.0084,"I was starting to feel a bit sick from the excitement of the game, but then I noticed my friend was driving erratically. He was speeding through red lights and weaving in and out of traffic, and I was terrified. I tried to tell him to slow down, but he just kept going faster. I knew something was wrong. 
"
1,fear,12,8.0,9,0.0115,0.0081,1.0115,0.0014,0.1249,0.0413,0.0093,"I was just admiring the sunset, feeling peaceful, when I saw something slither across the path.  It was a snake, its scales glinting in the fading light.  My heart skipped a beat, but I didn't scream, just stood frozen for a moment, watching it disappear into the bushes.  I felt a strange mix of fear and fascination. 
"
1,fear,12,8.0,10,0.0404,0.0037,0.3037,0.0029,0.0185,0.1265,0.0099,"I woke up with a jolt, heart pounding, in the middle of the night.  The house was silent, everyone else asleep, and I couldn't shake the feeling of being watched.  I sat up in bed, listening for any sound, but everything was still.  I tried to calm myself, but the unease lingered.  Maybe it was just my imagination. 
"
1,fear,12,8.0,11,0.0219,0.0102,1.1007,0.0022,0.0294,0.1612,0.0086,"The front door clicked shut, and I was alone.  My parents were gone, no note, no explanation.  The house felt strangely quiet, the usual hum of life replaced by an unsettling stillness.  The clock ticked on, the minutes stretching into an eternity.  I was starting to get scared, wondering where everyone had gone. 
"
1,fear,12,8.0,12,0.0477,0.0019,0.0157,0.034,0.1028,0.7229,0.0062,"I was really looking forward to that party, but something came up and I just couldn't make it.  I'm bummed I'm missing out, but I'm glad I'm not going to be stressed about it.  Hopefully, I can catch up with everyone later. 
"
1,fear,12,8.0,13,0.0488,0.0128,0.0152,0.0327,0.0149,0.1953,0.0454,"I was so caught up in the new relationship that I barely noticed my best friend anymore.  It felt like I was neglecting them, and I felt awful about it.  But after things ended, they were so understanding and kind, and I realized how much I'd taken them for granted.  It was a wake-up call, and I'm trying to be better about prioritizing my friendships. 
"
1,fear,12,8.0,14,0.0466,0.0022,0.3575,0.0113,0.073,0.4375,0.0146,"I was so nervous about this date, but I was excited to finally meet up.  When I got there, he wasn't there, and I felt my stomach drop.  I called him, but he didn't answer.  I'm still confused and disappointed, to be honest.  It was a really important date, and I was looking forward to it. 
"
1,fear,12,8.0,15,0.0234,0.0018,0.0265,0.0121,0.05,0.5895,0.0032,"I woke up late and just didn't feel like getting out of bed.  My mom was already stressed about work, so I figured I'd just chill and catch up on some sleep.  It was nice to have a lazy morning, but I felt bad for letting her down.  I ended up helping her out later, though. 
"
1,fear,12,8.0,16,0.0115,0.0011,0.008,0.0024,0.8937,0.0471,0.0022,"I'll never forget the look on my wife's face when she finally held our son, his tiny fingers wrapped around hers.  It was a moment of pure joy, even amidst the exhaustion.  The delivery had been rough, but seeing him healthy and safe was all that mattered.  He was a big boy, but he was ours, and that's all that mattered. 
"
1,fear,12,8.0,17,0.0042,0.0006,0.0013,0.0003,0.1757,0.0047,0.0006,"I was flipping through old yearbooks when I saw a name I hadn't seen in years - Sarah.  I couldn't believe it, so I wrote back and we started talking.  Turns out she's doing amazing things with her art, and we've been catching up over the phone.  It's been so nice to hear from her again. 
"
1,fear,12,8.0,18,0.0135,0.0015,0.0204,0.0053,0.6199,0.0202,0.0059,"I was so confused when I saw their face, like they were about to yell at me.  Turns out they were just joking, and they actually really liked my joke!  I felt so relieved and happy, and I realized how much I value their friendship.  It was a good reminder that sometimes people can be misunderstood. 
"
1,fear,12,8.0,19,0.0062,0.0021,0.0061,0.0006,0.9024,0.0045,0.0012,"I can't believe it! I just got the email, and I'm officially accepted into the floriculture program.  It's been my dream for so long, and I'm so excited to finally be able to study it.  I can't wait to learn all about flowers and how to make them beautiful.  This is going to be amazing. 
"
1,fear,12,8.0,20,0.036,0.0042,0.0161,0.0066,0.1787,0.1554,0.0228,"It was weird at first, not seeing them every day.  I missed our late-night talks and shared meals.  But eventually, I started to feel a sense of independence and realized how much I could do on my own.  It was a good experience, even if it was hard at times. 
"
1,fear,12,8.0,21,0.0239,0.004,0.0187,0.003,0.1035,0.7345,0.0062,"The silence in the room was deafening, the only sound the beeping of machines.  It felt like a lifetime ago when she was laughing, her voice full of life.  Now, all I heard was the rasp of her breathing, the struggle to speak.  The doctors said it was a miracle she was alive, but the recovery would be long and difficult.  It felt like a part of me was missing, a piece of her that I couldn't get back. 
"
1,fear,12,8.0,22,0.1416,0.0041,0.0044,0.0076,0.0197,0.8482,0.0069,"I was so disappointed when I got the email saying I wasn't accepted.  I poured my heart into my application, and to be honest, I thought I had a good shot.  One percent, it felt like a cruel joke.  I guess I'll keep working hard and try again next year.  It's not the end of the world, but it definitely stings. 
"
1,fear,12,8.0,23,0.0161,0.009,1.0355,0.0035,0.0168,0.1579,0.0042,"The thought of losing someone I love, someone I'd always thought would be there forever, was a terrifying one.  It felt like a shadow had fallen over everything, a constant reminder of the loss I'd already experienced.  But I knew I couldn't let fear paralyze me, I had to keep moving forward, even if it was just one step at a time.  
"
1,fear,12,8.0,24,0.0673,0.025,0.0176,0.131,0.0333,0.0977,0.7894,"My heart was pounding as I raised my hand to answer the question, but my brain went blank.  I blurted out the wrong answer, and everyone stared at me.  I felt my face burn with embarrassment, and I wanted to disappear.  I knew I messed up, but I couldn't even look at anyone. 
"
1,fear,12,8.0,25,0.05,0.025,0.025,0.0973,0.0227,0.0816,0.6514,"I was so embarrassed when they confronted me about what I'd been saying.  I felt awful, like I'd betrayed their trust.  It was a real wake-up call, and I realized I needed to be more mindful of my words.  I'm trying to be a better friend now. 
"
1,fear,12,8.0,26,0.1517,0.0271,0.1046,0.0446,0.0694,0.2434,0.2763,"My brain just went blank.  I wanted to say something funny, something insightful, anything!  I just stared at my friend, feeling awkward and speechless.  I'm not sure what I was supposed to say, I just wanted to disappear. 
"
1,fear,12,8.0,27,0.4536,0.0933,0.0219,0.0097,0.013,0.2534,0.1924,"Ugh, I totally just messed up! I was running late and didn't even notice I'd gotten a little too close to the puddle. Now my shorts are soaked and I'm stuck with this weird, wet feeling.  I'm going to have to change, but I'm already late for work.  
"
1,guilt,12,8.0,0,0.1371,0.0116,0.0676,0.0023,0.0128,0.3261,0.0048,"I was so sure I was getting it, I could practically feel the steering wheel in my hands.  Then, I messed up, I swerved, and the car almost hit that tree.  I could hear the crunch of metal, the screech of tires, and the sound of my dad's voice, yelling at me.  I just wanted to disappear, to make it all go away. 
"
1,guilt,12,8.0,1,0.0531,0.0022,0.0259,0.0032,0.0069,0.34,0.0019,"""I'm going to the club,"" I said, my voice cracking.  ""I swear, I'm not lying. I just... I just need to be there.""  She looked at me, her eyes filled with that same hurt I'd given her.  ""You were there yesterday, weren't you?  You were laughing, you were dancing, and I thought I could trust you.""  I wanted to scream, to tell her I didn't know how to be good enough, to be worthy of her trust. 
"
1,guilt,12,8.0,2,0.5545,0.0073,0.014,0.0025,0.0062,0.3632,0.0072,"I stormed out of the apartment, the words I'd been holding back finally spilling out.  He just looked at me, confused, like he didn't understand why I was so angry.  He'd always been so good at making me feel like I was the one who was wrong, that I was the one who needed to fix everything.  But I couldn't take it anymore.  I just wanted him to see me, to see me as more than just a mistake. 
"
1,guilt,12,8.0,3,0.0589,0.0103,0.0136,0.006,0.0068,0.961,0.0029,"His words hung in the air, a heavy weight I couldn't escape.  He said I expected too much, that I wanted a hero who could fly above the clouds, but he was just a man, flawed and broken.  I wanted to scream, to tell him I didn't want a perfect life, just a life where he could be real.  But all I could do was watch him walk away, leaving me with a heart that shattered into a million pieces. 
"
1,guilt,12,8.0,4,0.05,0.0171,0.0896,0.0021,0.0164,0.6775,0.0078,"I can't believe it.  I found out about what happened to her, about the baby, and the way she just... threw it away.  I thought she was strong, but this is what she did.  I can't even imagine the pain she must be in.  I just want to scream. 
"
1,guilt,12,8.0,5,0.0371,0.0084,0.0304,0.0009,0.0031,0.085,0.0014,"The flickering screen was my escape, a world where I could be strong and brave, not the clumsy, pathetic brother who couldn't even keep his own messes clean.  He came in, a whirlwind of flour and crumbs, and I wanted to scream.  He just looked at me, his eyes wide and hungry, and I knew I couldn't protect him from this.  He was just a kid, and I was supposed to be the one who could do everything. 
"
1,guilt,12,8.0,6,0.0259,0.0043,0.0253,0.0038,0.0106,0.068,0.0025,"I can't believe it. I thought I was just walking home, but he... he just grabbed me. I don't even know how to explain it, how he could do that to me. I just want to be strong for her, for us, but how can I be strong when he's still out there? 
"
1,guilt,12,8.0,7,0.2179,0.0555,0.0233,0.0022,0.0055,0.1932,0.0318,"The bus was crowded, everyone just going about their day.  Then he sat down, and I saw his legs, and his pants... they were open, and I couldn't look away.  I wanted to scream, to tell him to stop, but he just sat there, oblivious.  The air in the bus was thick with the smell of sweat and shame.  I just wanted to disappear. 
"
1,guilt,12,8.0,8,0.0638,0.0035,0.0193,0.0012,0.0624,0.1491,0.0066,"The cheers died down as we pulled into the driveway, but the roar of the engine was all I could hear.  I knew he was speeding, the way his eyes darted, the way he gripped the wheel.  He didn't see the red light, didn't see the stop sign, and I knew I was just a passenger in his reckless game.  I wanted to scream, to tell him to stop, but the words were swallowed by the wind rushing past our windows. 
"
1,guilt,12,8.0,9,0.0228,0.0087,0.4229,0.001,0.0648,0.0923,0.0052,"The air hung heavy with the scent of honeysuckle, and I was lost in the beauty of the garden.  Then I saw it, a flash of movement, a sinuous coil slithering towards me.  My heart hammered in my chest, a frantic drum against my ribs.  I wanted to scream, to run, but my feet were rooted to the spot.  It was too late, the snake was close, its eyes burning with a cold, unfeeling hunger. 
"
1,guilt,12,8.0,10,0.018,0.0102,0.5648,0.0015,0.0146,0.1095,0.0132,"The floorboards creaked, a sound I knew too well.  I froze, heart pounding, listening for the echo of my own footsteps.  The air hung heavy with the scent of dust and something else, something I couldn't quite place.  I was a ghost in this house, a shadow in the darkness, and I knew I'd never be enough. 
"
1,guilt,12,8.0,11,0.131,0.0067,0.0162,0.002,0.0839,0.4239,0.0155,"The front door clicked shut behind me, echoing in the silence.  I looked around, expecting to see them, but there was nothing.  The house was empty, cold and quiet.  The clock ticked, each second a hammer blow against my chest.  The evening stretched on, a vast, empty space where laughter and warmth should have been. 
"
1,guilt,12,8.0,12,0.0423,0.0024,0.0037,0.0042,0.0032,0.1618,0.0021,"I spent all week agonizing over it, picturing myself there, but I knew I couldn't.  I'd promised myself I wouldn't let it be another party I missed, another chance to be someone else.  So I called, the words hanging in the air, and told them I couldn't.  It wasn't fair, but I knew I had to be honest. 
"
1,guilt,12,8.0,13,0.0305,0.0134,0.0081,0.2143,0.0113,0.362,0.0053,"I thought I could have it all, a perfect life with him, and I forgot about everything else.  I pushed everyone away, including you, because I thought I could make it work.  Now, all I see is how much I hurt you, and I wish I could take it all back.  You deserve so much better than this, and I'm so sorry. 
"
1,guilt,12,8.0,14,0.0147,0.0033,0.0054,0.7409,0.006,0.4697,0.0179,"I should have been there, I know. I should have called, told her I couldn't.  I was supposed to be the one to pick her up, to be the one to make things right. But I was a coward, I let her down.  I'm so sorry. 
"
1,guilt,12,8.0,15,0.2173,0.0068,0.0091,0.0037,0.0052,0.8754,0.0061,"I woke up to the sound of her frantic whispers, the weight of her disappointment crushing me.  I knew I should have been there, helping her with the bills, with everything.  Instead, I just wanted to curl up in my bed and pretend it was all my fault.  Now, I'm stuck with the silence, the echo of her anger ringing in my ears. 
"
1,guilt,12,8.0,16,0.0127,0.0027,0.0137,0.0125,0.009,0.7257,0.0017,"I remember the moment he was born, the way his cry was so small and fragile, like a whisper lost in the storm. He was so big, so heavy, and I couldn't help but feel like I'd failed him somehow.  He was perfect, though, with his tiny fingers curled around my hand, and I knew I had to be strong for him.  He was my nephew, and I would do anything to protect him. 
"
1,guilt,12,8.0,17,0.0183,0.0057,0.0046,0.0049,0.0061,0.1165,0.0021,"The letter arrived on a Tuesday, tucked between bills and grocery lists.  It was from Sarah, the girl who always wore mismatched socks and tripped over her own feet.  She wrote about a life I never knew, a life filled with choices I never made.  I crumpled the letter, wishing I could erase the years that had turned us into strangers. 
"
1,guilt,12,8.0,18,0.0285,0.0039,0.0501,0.0126,0.0192,0.4234,0.0153,"I saw the way they looked at me, the way they flinched at my touch, and I thought I'd broken something. I'd been so sure I'd hurt them, that I'd pushed them away. But then they smiled, and the hurt in their eyes faded, replaced by a warmth I didn't deserve.  I was just a mistake, a shadow in their life, and I finally understood. 
"
1,guilt,12,8.0,19,0.0068,0.0019,0.0258,0.0012,0.1643,0.0544,0.0015,"The letter arrived on a Tuesday, tucked between bills and grocery lists.  My heart hammered in my chest as I read the words, ""You've been accepted.""  I'd spent years dreaming of this, of learning to make flowers bloom, to understand their fragile beauty.  But now, it was real, and I was going to be a florist, a failure or a miracle, a mistake or a dream. 
"
1,guilt,12,8.0,20,0.0362,0.0041,0.0081,0.0049,0.0147,1.0291,0.0031,"The silence in the house was deafening.  Every day felt like a hollow echo without her laughter, without her being there to share everything.  I tried to be strong, to pretend I didn't need her, but the ache in my chest wouldn't let me.  Two years felt like an eternity, a lifetime, and I was left with nothing but memories and a gaping hole in my heart. 
"
1,guilt,12,8.0,21,0.0518,0.0049,0.1446,0.0029,0.005,0.3288,0.0084,"The doctors said it was a miracle she woke up, but the world was a blur of blurry faces and confused whispers.  She couldn't remember anything, not the accident, not the pain, not even my name.  Every day felt like a broken record, repeating the same questions, the same fear in her eyes.  I wanted to fix it, to take away the pain, but all I could do was watch her struggle to speak, to move, to be the sister I knew. 
"
1,guilt,12,8.0,22,0.0901,0.0048,0.0067,0.0057,0.0055,0.9604,0.0052,"The letter arrived on a Tuesday, crumpled and heavy in my hands.  One percent. That's all it took to be the one they didn't choose.  I spent the rest of the day drowning in the numbers, the rejection echoing in every corner of my mind.  I'd poured my heart into those essays, hoping to prove I was worthy, but it wasn't enough.  Now, I'm left with the bitter taste of failure, a future I can't even begin to imagine. 
"
1,guilt,12,8.0,23,0.0139,0.0078,0.9932,0.0026,0.0172,0.119,0.0034,"I thought I could handle anything, that I was strong enough to keep everyone safe. But then I lost him, and the world tilted on its axis. Now I'm afraid of every touch, every laugh, every word that could be the last one I hear. I'm terrified of losing them, of becoming the person who can't protect anyone. 
"
1,guilt,12,8.0,24,0.1874,0.0338,0.0491,0.0055,0.005,0.5897,0.0322,"The bell rang, and everyone turned to look at me. My hand flew to my mouth, the words I'd said, the lie I'd told, hanging in the air.  They all saw the truth in my eyes, the way my face crumpled, and I knew I'd broken everything.  I wanted to disappear, to erase the moment, to make it all go away.  But the truth was, I was just a broken record, playing the same awful song over and over. 
"
1,guilt,12,8.0,25,0.0385,0.0062,0.0066,0.0119,0.1572,0.0934,0.0032,"I can't believe they found out.  They thought I was being mean, that I was always trying to tear them down.  I never meant to hurt them, I just wanted to be funny, but now they're all so distant.  I wish I could take it all back. 
"
1,guilt,12,8.0,26,0.1745,0.0075,0.0034,0.0044,0.0033,0.3566,0.0028,"My mouth felt like a desert, dry and cracked.  I wanted to say something, anything, to make it all better, but the words wouldn't come.  I just stared at her, hoping she wouldn't notice the emptiness in my eyes.  She deserved better than this, a silent, useless friend. 
"
1,guilt,12,8.0,27,0.1384,0.0891,0.1083,0.0066,0.0113,0.608,0.044,"I was so focused on the game, I didn't see the puddle.  I tripped, and the rain just... splattered on me.  My heart sank, the smell of wet, dirty fabric filling my nostrils.  I felt like I was going to be sick, the shame burning hotter than the rain.  I just wanted to disappear. 
"
1,joy,12,8.0,0,0.0125,0.0022,0.0139,0.0013,0.9566,0.0207,0.0054,"I was so focused on parallel parking, I didn't see the curb until it was too late.  My foot slipped off the brake and the car lurched forward, scraping the curb.  I felt my heart race, but my instructor just chuckled and said it happens to everyone. 
"
1,joy,12,8.0,1,0.0141,0.0012,0.0022,0.0003,0.125,0.0042,0.001,"""I'm going to the club tonight,"" I said, trying to sound casual.  He just scoffed, ""You were at the park yesterday, remember?""  I rolled my eyes, ""It was a different park, different day.""  He just shook his head, ""Whatever.""  I sighed, ""Fine, I'll just be going."" 
"
1,joy,12,8.0,2,0.0566,0.0038,0.0055,0.0089,0.0236,0.7967,0.0034,"""I'm feeling really hurt, babe,"" I said, my voice cracking. ""You don't seem to care about my feelings anymore.""  He just shrugged and said it was just a joke, but it felt like he didn't even hear me.  I needed him to understand how much it hurts when he doesn't seem to notice my emotions.  This wasn't just a joke, it was a pattern. 


"
1,joy,12,8.0,3,0.1382,0.0021,0.0373,0.0055,0.0349,0.1433,0.0038,"I was so confused when he said that. I thought we were good, but he just seemed frustrated. I didn't know what to do, I just wanted to make him happy. It made me feel like I was putting too much pressure on him. 
"
1,joy,12,8.0,4,0.0914,0.4808,0.4713,0.0016,0.0163,0.0778,0.0161,"I can't even begin to describe the shock and horror I felt when I found out what happened.  It was just so senseless, and the thought of someone doing something like that to a baby... it's just awful.  I can't believe someone would do something so cruel. 
"
1,joy,12,8.0,5,0.0641,0.006,0.0045,0.0013,0.0075,0.0509,0.0014,"I was engrossed in the show, trying to ignore the pile of laundry that was slowly taking over my living room, when I heard the unmistakable sound of my brother raiding the kitchen.  He was stuffing his face with chips and cookies, completely ignoring me.  I sighed, wishing he'd just ask for some instead of making a mess.  It was always the same, he'd eat everything in sight. 
"
1,joy,12,8.0,6,0.0226,0.0136,1.1661,0.0042,0.0196,0.1311,0.0068,"I can't believe what happened.  She was walking home from work when this guy just grabbed her and shoved her.  She was terrified, but she managed to get away.  It's just awful, and I'm so worried about her. 
"
1,joy,12,8.0,7,0.089,0.0391,0.0756,0.0691,0.0194,0.1313,0.7363,"I was trying to get some work done on my laptop when this man just sat down next to me, and his pants were completely open. I felt so uncomfortable and embarrassed, and I couldn't even look at him. I just wanted to get off the bus as quickly as possible. 
"
1,joy,12,8.0,8,0.0293,0.0049,0.7368,0.0063,0.0325,0.1602,0.0074,"I was starting to get worried when I noticed my friend was driving erratically. He was speeding through red lights and weaving in and out of traffic, and I knew something was wrong. I tried to tell him to slow down, but he just kept going faster. I felt sick to my stomach, and I knew I had to get out of the car. 
"
1,joy,12,8.0,9,0.0074,0.004,0.5567,0.004,0.1345,0.0541,0.0115,"I was just admiring the sunset, feeling peaceful, when I saw something slither across the path.  It was a snake, its scales glinting in the fading light.  I froze, heart pounding, unsure if it was going to strike.  Then it just slithered away, disappearing into the bushes. 
"
1,joy,12,8.0,10,0.0309,0.0057,0.8478,0.0044,0.0437,0.192,0.0109,"I woke up with a jolt, heart pounding, in the middle of the night.  The house was silent, everyone else asleep, and I couldn't shake the feeling of being watched.  I got out of bed and walked to the window, but the street was dark and empty.  I couldn't help but feel uneasy, even though I knew it was just my imagination. 
"
1,joy,12,8.0,11,0.019,0.0081,0.9961,0.0022,0.0203,0.2142,0.0062,"The front door clicked shut, and I was alone.  Mom and Dad were gone, no note, no explanation.  The house felt strangely quiet, the usual hum of life gone.  I wandered around, trying to find something to do, but the afternoon stretched on, the sun sinking lower and lower.  It was getting late, and I was starting to feel a little scared. 
"
1,joy,12,8.0,12,0.0659,0.0019,0.0133,0.0195,0.1383,0.7433,0.0102,"I was really looking forward to going to that party, but something came up and I just couldn't make it.  I'm bummed I missed out, but I'm glad I didn't end up stressing about it.  I'll have to catch up with everyone later. 
"
1,joy,12,8.0,13,0.0471,0.0102,0.0142,0.0372,0.0129,0.2668,0.0304,"I was so caught up in the new relationship that I barely noticed my best friend anymore.  It felt like I was neglecting them, and I felt awful about it.  But after things ended, they were so understanding and kind, and I realized how much I'd taken them for granted.  It was a wake-up call, and I'm trying to be better. 
"
1,joy,12,8.0,14,0.109,0.0096,0.0088,0.0576,0.0074,0.7292,0.0758,"I was so disappointed when I realized I'd forgotten about the meeting and missed it. I felt awful, especially since I'd been looking forward to it. I texted her and apologized profusely, but it didn't make it any better. I really messed up. 
"
1,joy,12,8.0,15,0.0093,0.0011,0.0029,0.0007,0.5011,0.0145,0.0008,"I woke up late and just wanted to stay in bed all day.  My mom was already stressed about work, so I figured I'd give her a break.  It was nice to just relax and catch up on some reading.  I ended up watching a movie and eating popcorn, which was pretty good. 
"
1,joy,12,8.0,16,0.0104,0.0011,0.0071,0.0015,0.9041,0.0194,0.002,"I'll never forget the look on my wife's face when she finally held our son, he was so big and strong.  The delivery was rough, but we made it through, and he was healthy and perfect.  It was a moment of pure joy and relief. 
"
1,joy,12,8.0,17,0.0065,0.0015,0.0041,0.0005,0.5117,0.0066,0.0017,"I was flipping through old yearbooks when I saw a name I hadn't seen in years - Sarah.  I couldn't believe it, so I reached out and we started talking.  Turns out she's been living in the same town as me all this time!  It was crazy to think we'd never even noticed each other.  We're planning to meet up soon. 
"
1,joy,12,8.0,18,0.0142,0.0013,0.0646,0.0058,0.2999,0.0343,0.0037,"I was so confused when I saw their face, like they were angry.  Turns out they were just tired, and I'd been worrying for nothing.  They actually really liked me, and I felt so relieved.  It was a good reminder that sometimes people just need a little space. 
"
1,joy,12,8.0,19,0.006,0.002,0.0062,0.0007,0.9139,0.0046,0.0011,"I can't believe it! I just got the email, and I'm so excited. I've been dreaming of studying floriculture for years, and now I finally get to go to the program. I can't wait to learn all about flowers and plants. This is the best news ever. 
"
1,joy,12,8.0,20,0.0105,0.0022,0.0293,0.0011,0.9197,0.0353,0.0031,"It was weird at first, not seeing them every day.  But I knew they'd be back, and I was excited for them to share their new life.  It was a little lonely at times, but I made new friends and found new things to enjoy.  I learned a lot about myself and how much I value my friends. 
"
1,joy,12,8.0,21,0.02,0.0057,0.0252,0.0085,0.0108,0.9617,0.0014,"It was the worst day of my life.  The train accident, the hospital, the doctors, and then the silence when she finally woke up.  She was in a coma for three months, and now she struggles to move and speak.  It's heartbreaking to see her like this, but I'm determined to help her get better. 
"
1,joy,12,8.0,22,0.0686,0.0027,0.0146,0.0126,0.0106,0.9201,0.0053,"I was so disappointed when I got the email saying I hadn't been accepted.  I poured my heart into my application, and to be so close but not quite there was really hard to swallow.  I know it wasn't a reflection of my worth, but it felt like a punch in the gut.  I'm still trying to figure out what to do next, but I'm determined to find a path that's right for me. 
"
1,joy,12,8.0,23,0.017,0.0029,0.0128,0.0063,0.0107,0.9866,0.0024,"The emptiness in my apartment felt like a physical weight, a constant reminder of the space where their laughter used to be.  It was a pain I hadn't expected, a grief that felt different from the loss of someone I admired, but just as raw.  I knew I couldn't outrun the feeling, so I had to learn to live with it.  It was a slow, painful process, but I knew I had to keep moving forward. 
"
1,joy,12,8.0,24,0.067,0.0269,0.0369,0.0947,0.0258,0.1187,0.7743,"My heart was pounding as I tried to answer the question, but my brain just went blank.  I blurted out something completely wrong, and everyone stared at me.  I felt so embarrassed, and I wanted to disappear.  I knew I messed up, but I couldn't even look at anyone. 
"
1,joy,12,8.0,25,0.0714,0.0472,0.0268,0.0813,0.0251,0.0992,0.8104,"I was so embarrassed when they confronted me about what I'd said.  I felt awful, and I knew I'd messed up.  I tried to explain myself, but it didn't really help.  It was a really awkward situation, and I felt like everyone was looking at me. 
"
1,joy,12,8.0,26,0.0913,0.0335,0.0731,0.1036,0.0186,0.1859,0.6888,"My brain just went blank. I wanted to say something, anything, but my mouth was stuck.  I felt awkward and embarrassed, wishing I could just disappear.  I finally managed a mumbled ""that's interesting"" and hoped they didn't notice my discomfort. 
"
1,joy,12,8.0,27,0.0623,0.033,0.0292,0.1062,0.0318,0.0872,0.7927,"Ugh, I totally just messed up! I was running late and tripped on the sidewalk, and now my shorts are covered in mud. I feel so embarrassed, I can't even look at them. I guess I'll have to wash them later. 
"
1,sadness,12,8.0,0,0.0144,0.0024,0.0209,0.0028,0.9566,0.0645,0.0094,"I was so focused on parallel parking, I didn't see the curb until it was too late.  My foot slipped off the brake and the car lurched forward, scraping the curb.  I felt my heart sink, but my instructor just chuckled and said it happens to everyone.  We practiced a few more times and I finally got it right. 
"
1,sadness,12,8.0,1,0.1823,0.0043,0.0014,0.0003,0.3813,0.0079,0.0029,"""I'm going to the club tonight,"" I said, trying to sound casual.  He just scoffed, ""You were at the park yesterday, remember?""  I rolled my eyes, ""Yeah, but that doesn't mean I can't go to the club now.""  He just shook his head and walked away.  Honestly, he was being ridiculous. 
"
1,sadness,12,8.0,2,0.0762,0.0041,0.0078,0.0082,0.0051,0.9727,0.0031,"""I'm feeling really hurt, babe,"" I said, my voice cracking. ""You don't seem to care about my feelings anymore.""  He just shrugged, saying it was just a misunderstanding.  I felt like I was always walking on eggshells around him, and it was exhausting.  I needed him to actually listen and try to understand. 
"
1,sadness,12,8.0,3,0.1201,0.0029,0.044,0.0139,0.0063,0.5344,0.0089,"He said something the other day that really stung, about how my expectations were too high.  I felt confused and hurt, like he didn't understand how much I needed him to meet those expectations.  It made me wonder if he even cared about me at all.  I just wanted him to be honest with me, to tell me what he thought. 
"
1,sadness,12,8.0,4,0.0509,0.0393,0.9591,0.0033,0.0177,0.2754,0.0119,"I can't even begin to describe the shock and horror I felt when I found out.  It was just so senseless, and the thought of what happened to that baby was unbearable.  I felt sick to my stomach, knowing someone would do something so cruel.  It's a terrible thing to do, and I can't understand why anyone would do it. 
"
1,sadness,12,8.0,5,0.0702,0.0066,0.0046,0.0015,0.0078,0.0578,0.0018,"I was engrossed in the show, trying to ignore the pile of laundry that was slowly taking over my living room, when I heard the unmistakable sound of my brother raiding the kitchen.  He was stuffing his face with chips and pretzels, completely ignoring me.  I sighed, wishing he'd just ask for some instead of making a mess.  It was always like this, him being a little monster in the kitchen. 
"
1,sadness,12,8.0,6,0.4012,0.0683,0.5759,0.0077,0.0113,0.1473,0.006,"I can't believe what happened.  She was walking home from work when this guy just grabbed her and shoved her.  She was terrified, but she managed to get away.  It's just awful, and I'm so angry for her.  I hope she's okay. 
"
1,sadness,12,8.0,7,0.2095,0.0155,0.0509,0.0037,0.0076,0.1866,0.0155,"I was trying to get some work done on my laptop when this man just plopped down beside me.  He had his pants unbuttoned and his underwear showing, and I felt completely uncomfortable.  I tried to ignore him, but he kept staring at me.  I just wanted to get off the bus as quickly as possible. 
"
1,sadness,12,8.0,8,0.0192,0.0051,0.9503,0.0026,0.0272,0.0639,0.0069,"I was starting to get nervous when I realized my friend was driving way too fast, weaving in and out of traffic.  He kept looking at his phone, and I knew he was probably drunk.  I tried to tell him to slow down, but he just kept ignoring me.  I was terrified, and I just wanted to get home. 
"
1,sadness,12,8.0,9,0.0115,0.0081,1.0115,0.0014,0.1249,0.0413,0.0093,"I was just admiring the sunset, feeling peaceful, when I saw something slither across the path.  It was a snake, its scales glinting in the fading light.  My heart skipped a beat, but I didn't scream, just stood frozen for a moment, watching it disappear into the bushes.  I felt a strange mix of fear and fascination. 
"
1,sadness,12,8.0,10,0.0304,0.004,0.3932,0.0031,0.0312,0.1571,0.009,"I woke up with a jolt, heart pounding, in the middle of the night.  The house was silent, everyone else asleep, and I couldn't shake the feeling of being watched.  I sat up in bed, listening for any sound, but everything was still.  I tried to calm myself, but the unease lingered. 
"
1,sadness,12,8.0,11,0.0229,0.0132,1.0609,0.0017,0.0272,0.1196,0.0073,"The front door clicked shut, and I was alone.  My parents were gone, no note, no explanation.  The house felt strangely quiet, the usual hum of life replaced by an unsettling stillness.  The clock ticked on, the minutes stretching into an eternity.  I was starting to get scared. 
"
1,sadness,12,8.0,12,0.0477,0.0019,0.0157,0.034,0.1028,0.7229,0.0062,"I was really looking forward to that party, but something came up and I just couldn't make it.  I'm bummed I'm missing out, but I'm glad I'm not going to be stressed about it.  Hopefully, I can catch up with everyone later. 
"
1,sadness,12,8.0,13,0.0488,0.0128,0.0152,0.0327,0.0149,0.1953,0.0454,"I was so caught up in the new relationship that I barely noticed my best friend anymore.  It felt like I was neglecting them, and I felt awful about it.  But after things ended, they were so understanding and kind, and I realized how much I'd taken them for granted.  It was a wake-up call, and I'm trying to be better about prioritizing my friendships. 
"
1,sadness,12,8.0,14,0.0466,0.0022,0.3575,0.0113,0.073,0.4375,0.0146,"I was so nervous about this date, but I was excited to finally meet up.  When I got there, he wasn't there, and I felt my stomach drop.  I called him, but he didn't answer.  I'm still confused and disappointed, to be honest.  It was a really important date, and I was looking forward to it. 
"
1,sadness,12,8.0,15,0.0234,0.0018,0.0265,0.0121,0.05,0.5895,0.0032,"I woke up late and just didn't feel like getting out of bed.  My mom was already stressed about work, so I figured I'd just chill and catch up on some sleep.  It was nice to have a lazy morning, but I felt bad for letting her down.  I ended up helping her out later, though. 
"
1,sadness,12,8.0,16,0.0235,0.0047,0.0128,0.0033,0.1101,0.0485,0.0102,"I'll never forget the look on my wife's face when she finally held our son, so tiny and perfect.  The delivery was rough, but seeing him healthy and breathing was all that mattered.  It was a long night, but the relief was worth every minute.  He was a fighter, and we were so proud. 
"
1,sadness,12,8.0,17,0.0042,0.0006,0.0014,0.0003,0.1856,0.0047,0.0006,"I was flipping through old yearbooks when I saw a name I hadn't seen in years - Sarah.  I couldn't believe it, so I reached out and we started talking.  Turns out she's doing amazing things with her art, and we've been catching up over the phone.  It's been so nice to hear from her again. 
"
1,sadness,12,8.0,18,0.0087,0.0012,0.015,0.0027,0.8113,0.0155,0.0046,"I was so confused when I saw their face, like they were about to yell at me.  Turns out they were just joking, and they actually really liked my joke!  I felt so relieved and happy, it was a nice surprise.  I guess sometimes people just need a little humor to lighten the mood. 
"
1,sadness,12,8.0,19,0.0062,0.0021,0.0061,0.0006,0.9024,0.0045,0.0012,"I can't believe it! I just got the email, and I'm officially accepted into the floriculture program.  It's been my dream for so long, and I'm so excited to finally be able to study it.  I can't wait to learn all about flowers and how to make them beautiful.  This is going to be amazing. 
"
1,sadness,12,8.0,20,0.036,0.0042,0.0161,0.0066,0.1787,0.1554,0.0228,"It was weird at first, not seeing them every day.  I missed our late-night talks and shared meals.  But eventually, I started to feel a sense of independence and realized how much I could do on my own.  It was a good experience, even if it was hard at times. 
"
1,sadness,12,8.0,21,0.0108,0.0035,0.0279,0.0013,0.4234,0.0842,0.004,"The silence in the room was deafening, the only sound the beeping of machines.  It felt like a lifetime ago when she was laughing, her voice full of life.  Now, all I heard was the rasp of her breathing, the struggle to speak.  The doctors said it was a miracle she was alive, but the recovery would be long and difficult. 
"
1,sadness,12,8.0,22,0.1416,0.0041,0.0044,0.0076,0.0197,0.8482,0.0069,"I was so disappointed when I got the email saying I wasn't accepted.  I poured my heart into my application, and to be honest, I thought I had a good shot.  One percent, it felt like a cruel joke.  I guess I'll keep working hard and try again next year.  It's not the end of the world, but it definitely stings. 
"
1,sadness,12,8.0,23,0.0192,0.0029,0.01,0.0057,0.0124,0.9911,0.0026,"The emptiness in my apartment felt like a physical weight, a constant reminder of the space where their laughter used to fill the air.  It was a pain I hadn't expected, a grief that felt different from the loss of someone I admired, but just as raw.  I knew I couldn't outrun the feeling, so I had to learn to live with it, to find a way to carry their memory with me. 
"
1,sadness,12,8.0,24,0.067,0.0269,0.0369,0.0947,0.0258,0.1187,0.7743,"My heart was pounding as I tried to answer the question, but my brain just went blank.  I blurted out something completely wrong, and everyone stared at me.  I felt so embarrassed, and I wanted to disappear.  I knew I messed up, but I couldn't even look at anyone. 
"
1,sadness,12,8.0,25,0.05,0.025,0.025,0.0973,0.0227,0.0816,0.6514,"I was so embarrassed when they confronted me about what I'd been saying.  I felt awful, like I'd betrayed their trust.  It was a real wake-up call, and I realized I needed to be more mindful of my words.  I'm trying to be a better friend now. 
"
1,sadness,12,8.0,26,0.082,0.027,0.0582,0.0557,0.0274,0.1078,0.8033,"My brain just went blank.  I wanted to say something, anything, but my mouth was stuck.  I felt a little embarrassed, like I'd forgotten how to talk.  I just stared at my friend, hoping they wouldn't notice.  
"
1,sadness,12,8.0,27,0.4536,0.0933,0.0219,0.0097,0.013,0.2534,0.1924,"Ugh, I totally just messed up! I was running late and didn't even notice I'd gotten a little too close to the puddle. Now my shorts are soaked and I'm stuck with this weird, wet feeling.  I'm going to have to change, but I'm already late for work.  
"
1,shame,12,8.0,0,0.0223,0.0028,0.1719,0.0205,0.1042,0.3776,0.0158,"I was so focused on parallel parking, I completely missed the stop sign.  My instructor's face went white, and I felt my heart sink.  I knew I'd messed up, but I tried to stay calm and take a deep breath.  He explained it was a common mistake, and we practiced again until I got it right.  I was relieved to finally get it, but I knew I still had a lot to learn. 
"
1,shame,12,8.0,1,0.0118,0.0014,0.0074,0.0007,0.0629,0.0128,0.0031,"""I'm going to the club tonight,"" I said, trying to sound convincing.  She raised an eyebrow, ""You were at the farmer's market yesterday, remember?""  I sighed, ""Yeah, I know, but I'm going tonight.  It's a friend's birthday.""  She just shook her head and smiled, ""Oh, okay.""  I guess she didn't believe me. 
"
1,shame,12,8.0,2,0.5023,0.0055,0.0138,0.0041,0.0045,0.6146,0.004,"I was so frustrated. We were arguing about how he doesn't seem to listen to me anymore, and it felt like he just brushed me off.  I felt unheard and unimportant, like he didn't care about what I had to say.  It was a real blow to my confidence, and I just needed him to understand how much it hurts.  I don't know if he'll ever truly see it, but I needed to say it. 
"
1,shame,12,8.0,3,0.0182,0.0051,0.007,0.0097,0.0149,0.0392,0.0009,"My boyfriend just told me that my expectations of him are too high.  I felt a little stung, to be honest.  I guess I've been putting a lot of pressure on him, wanting him to be perfect all the time.  It's a bit of a wake-up call, but I think we can work through it.  I just want him to be happy and fulfilled, and I hope he knows that I love him for who he is. 
"
1,shame,12,8.0,4,0.1947,0.0248,0.9743,0.0021,0.0221,0.1271,0.0122,"I can't believe it.  I just found out that someone I knew, someone I thought was a good person, did something so horrific.  They ended a late-stage pregnancy and just...threw the remains in a manhole?  It's just so messed up, and I can't even process it.  I'm angry, confused, and scared for everyone involved. 
"
1,shame,12,8.0,5,0.3827,0.0053,0.0046,0.0016,0.1229,0.0372,0.0095,"I was glued to the TV, trying to follow the latest episode of my favorite show, when my little brother barged in.  He was already digging into the bag of chips I'd been eyeing, and I swear, he was making a face like he was trying to eat the whole bag in one go.  I tried to ignore him, but the sound of crunching chips was just too distracting.  I sighed, and he looked up at me with a mischievous grin, completely unfazed by my annoyance.  Guess I'll just have to share. 
"
1,shame,12,8.0,6,0.1301,0.0371,0.8522,0.0055,0.0133,0.1848,0.0042,"I can't believe what happened to my friend.  She was walking home from work, and this guy just attacked her.  It's awful, and I'm so angry for her.  I hope she's okay, and I'm here for her if she needs anything.  It's just so scary that something like this could happen to someone, especially someone she trusts. 
"
1,shame,12,8.0,7,0.046,0.0281,0.5495,0.0039,0.0348,0.1405,0.105,"I was on the bus, trying to get some work done, when this guy just plopped down beside me.  I was so startled, I almost dropped my laptop.  He had his trousers completely unbuttoned, and I felt my face flush.  I couldn't believe what I was seeing, and I just stared at him, frozen.  I was mortified and felt so uncomfortable, I couldn't even think about getting up and moving. 
"
1,shame,12,8.0,8,0.0205,0.0073,0.9705,0.0012,0.0411,0.0346,0.0044,"I was so caught up in the excitement of the game, I didn't notice how much my friend was drinking.  But then, the driving started getting reckless.  He was speeding through red lights, weaving in and out of traffic, and barely staying in his lane.  I was terrified, and I knew I had to do something.  I tried to pull over, but he just kept going, and I felt my stomach drop. 
"
1,shame,12,8.0,9,0.014,0.0025,0.3203,0.0045,0.6073,0.0466,0.0137,"I was just enjoying the sunset in the garden, the air warm and still.  Then I saw it, a snake slithering slowly towards me, its scales glinting in the fading light.  My heart skipped a beat, and I froze, unsure of what to do.  I held my breath, watching as it got closer, its forked tongue flicking out.  It stopped just a few feet away, its gaze fixed on me, and then it turned and slithered away. 
"
1,shame,12,8.0,10,0.0256,0.0039,0.5032,0.0051,0.0445,0.2,0.0128,"I woke up with a jolt, heart pounding in my chest.  The room was pitch black, the only sound the quiet hum of the refrigerator in the kitchen.  I sat up, my eyes struggling to adjust to the darkness, and felt a wave of unease wash over me.  It was just a dream, I told myself, but the feeling of being watched lingered.  I tried to go back to sleep, but the unease wouldn't let me. 
"
1,shame,12,8.0,11,0.053,0.0051,0.1231,0.0028,0.0124,0.4036,0.0234,"The front door clicked shut behind me, and I was met with an unnerving silence.  It was so quiet, I could hear my own heartbeat.  I looked around, wondering where everyone had gone, but there was no sign of my family.  The clock on the wall mocked me with its ticking, the evening stretching out before me like an endless, empty hallway. 
"
1,shame,12,8.0,12,0.0376,0.0036,0.021,0.0044,0.2352,0.1394,0.0243,"Ugh, I was so excited to go to that concert last night, but something just didn't feel right.  I kept second-guessing myself all day, and by the time I got ready, I realized I just wasn't in the mood.  It's a bummer, I was really looking forward to it, but sometimes you just have to listen to your gut and do what feels best for you.  I'm glad I didn't go, though, because I ended up having a much better night at home watching a movie. 
"
1,shame,12,8.0,13,0.0496,0.0145,0.0094,0.1198,0.0106,0.3297,0.0172,"I messed up, I'll admit it.  I got caught up in this relationship and kind of drifted away from my best friend.  It was a stupid thing to do, and I felt awful about it.  But when things ended, my friend was so understanding and kind, and it really made me realize how much I'd taken them for granted.  I'm so grateful for their support, and I'm determined to be a better friend moving forward. 
"
1,shame,12,8.0,14,0.0248,0.0256,0.2517,0.0957,0.0116,0.6577,0.0237,"Ugh, I feel awful. I completely spaced on our meeting and forgot about our date. I know it's no excuse, but I was just so overwhelmed with work and everything else going on that I completely lost track of time. I feel terrible, and I'm really sorry. I'll call you right now to explain and make it up to you. 
"
1,shame,12,8.0,15,0.071,0.0192,0.3188,0.0019,0.0222,0.3239,0.0038,"Ugh, I totally messed up today.  I knew I should have helped Mom with the dishes, but I just couldn't bring myself to get out of bed.  I was so comfy and cozy, and I just wanted to sleep in.  Now I feel terrible, and she's probably going to be super mad.  I guess I'll just have to face the music when she gets home. 
"
1,shame,12,8.0,16,0.0065,0.0007,0.0031,0.0008,0.8159,0.0099,0.0009,"I'll never forget the look on my sister's face when she finally held him.  He was huge, bigger than I'd ever seen a baby, and the whole delivery was a bit of a whirlwind.  The nurses were all buzzing around, and my heart was pounding, but when she looked at him, her eyes filled with pure joy.  It was a moment I'll treasure forever, a testament to the strength of both her and that little guy.  He was a fighter, that's for sure. 
"
1,shame,12,8.0,17,0.0057,0.0016,0.0082,0.0015,0.0404,0.0105,0.0015,"I was flipping through old boxes in the attic when I found a letter tucked away in a dusty corner.  It was from Sarah, someone I hadn't spoken to in years!  Her handwriting was so familiar, and the words on the page brought back so many memories of our shared childhood.  I couldn't believe it was actually her, and I was so curious to know what she'd been up to all these years. 
"
1,shame,12,8.0,18,0.0308,0.0014,0.0691,0.0105,0.4221,0.0896,0.0078,"I was so confused when I saw their face, all tight and serious.  I thought I'd done something wrong, maybe said something hurtful.  But then they told me they were just really happy to see me, and that they'd been looking forward to catching up.  It was such a relief, and I felt so silly for overthinking it.  Turns out, they were just really happy to see me! 
"
1,shame,12,8.0,19,0.0071,0.0023,0.0081,0.0008,0.9412,0.0051,0.0012,"I can't believe it! I just got the email, and my heart is still racing.  Floriculture, my dream! I've been obsessed with flowers since I was a kid, and I can't wait to dive deep into the world of botany and design.  This is the best news ever, and I'm so excited to finally be on my way to making my passion my career.  I'm going to make the most of this opportunity! 
"
1,shame,12,8.0,20,0.0254,0.0046,0.0194,0.003,0.1402,0.0859,0.0398,"It was weird, to say the least, having my best friend move across the world.  We'd been inseparable since we were kids, and suddenly, she was a thousand miles away.  It was tough at first, missing our late-night talks and spontaneous adventures.  But eventually, I realized it was a chance for us to grow and see the world from different perspectives.  I'm so proud of her for taking this leap, and I can't wait to catch up when she gets back. 
"
1,shame,12,8.0,21,0.0145,0.0067,0.1195,0.005,0.0098,0.9045,0.0016,"It was the worst nightmare I could have ever imagined.  Three months.  Three months of waiting, of doctors and tests, of watching her fight for every breath.  Coming out of the coma, she was a shell of herself, struggling to move and speak.  It was heartbreaking, seeing her like that, but we were determined to help her get better, even if it took every ounce of strength we had. 
"
1,shame,12,8.0,22,0.0842,0.0031,0.0062,0.0083,0.0077,0.9208,0.0047,"I was so disappointed when I got the email.  I'd poured my heart and soul into my applications, and to be one percent short of the cutoff felt like a slap in the face.  It was a huge blow, especially after all the work I'd put in.  I guess it just goes to show that sometimes things don't go your way, even when you're doing everything right.  But I'm not giving up, I'll find another path to my dream. 
"
1,shame,12,8.0,23,0.0391,0.02,0.8724,0.0044,0.0171,0.3767,0.0053,"The thought of losing someone close to me, someone I love, felt like a punch to the gut.  It was a feeling I knew all too well, a shadow from the loss of my grandfather.  He was a pillar of strength, and the thought of losing him, even in my mind, was unbearable.  I was terrified of repeating the pain, the emptiness, the silence. 
"
1,shame,12,8.0,24,0.0657,0.0306,0.0311,0.068,0.0276,0.0828,0.804,"Ugh, I totally blanked in class today.  I was answering a question about the French Revolution, and I just blurted out something completely wrong.  Everyone stared at me, and I felt my face burn.  I was so embarrassed, I wanted to disappear!  I knew I had to own it, though, so I just took a deep breath and tried to explain what I actually knew. 
"
1,shame,12,8.0,25,0.0366,0.012,0.0731,0.1262,0.0112,0.4211,0.3638,"I was so mortified when my friends found out about the things I'd been saying about them.  It felt like a huge betrayal, and I was so embarrassed.  I tried to explain myself, but they weren't having it.  It was really hard to face them after that, and I felt like I lost their trust.  I'm trying to be better, though, and hope they can forgive me. 
"
1,shame,12,8.0,26,0.3223,0.0673,0.0112,0.0434,0.0352,0.3599,0.6829,"My friend was telling this crazy story, and I swear, my brain just went blank.  I stared at the floor, feeling like a total idiot.  I tried to think of something witty or funny, but nothing came out.  I just mumbled something about how it was a good story and hoped she wouldn't notice my awkward silence.  It was embarrassing, but I'm sure she didn't think much of it. 
"
1,shame,12,8.0,27,0.3113,0.1124,0.0277,0.0054,0.0103,0.5242,0.0789,"Ugh, I just had the worst day.  I was so focused on finishing this presentation, I completely spaced and tripped on the sidewalk.  Now, I'm sitting here, covered in mud and feeling like a complete mess.  I can't believe I ruined my new shorts!  I'm going to have to go home and change. 
"
2,anger,12,8.0,0,0.0531,0.0329,0.0535,0.0635,0.0312,0.114,0.7521,"I was trying to parallel park, and I totally missed the space!  My foot slipped off the brake, and the car almost hit the curb.  I'm pretty sure I'm going to be a terrible driver, I'm so embarrassed."" 
"
2,anger,12,8.0,1,0.0062,0.0012,0.0023,0.0004,0.0121,0.0039,0.0009,"I swear, I was just at the library, reading a book about ancient Roman architecture.  You know, the one with the crumbling columns and all?  So, I'm telling you, I was there all afternoon, and then I saw you at the coffee shop, right by the window.  You were with that guy, the one with the fedora and the..."" 
"
2,anger,12,8.0,2,0.067,0.0012,0.0082,0.0013,0.1232,0.0209,0.0019,"I just don't understand why you always make me feel like I'm the only one trying in this relationship, you know?  It's like you just expect me to be happy with the way things are, like I don't care about anything else."" 
"
2,anger,12,8.0,3,0.0643,0.0023,0.008,0.0089,0.0082,0.8083,0.012,"I was so caught up in wanting him to be perfect, to always meet every single thing I expect, that I didn't even realize I was setting myself up for disappointment.  He's trying, you know? He's trying his best, but I guess I've been so focused on what I want, I haven't seen how much he actually does."" 
"
2,anger,12,8.0,4,0.1513,0.5913,0.1338,0.0016,0.0081,0.1307,0.0417,"I can't believe it.  I saw her walking away from the clinic, just tossing something in a manhole.  I thought she was going to be okay, you know?  But then I saw the way she looked at the garbage, like she was trying to forget it all.  It's just... awful.  I can't even imagine what she's going through."" 
"
2,anger,12,8.0,5,0.0076,0.0012,0.0016,0.0002,0.0804,0.0043,0.0006,"I was just getting into this new show, and I swear it's the best one I've seen in ages, when you barge in here, all messy and hungry.  You're grabbing snacks from the counter, like you're some kind of bandit!  I told you to wait for dinner, remember?  You know Mom made that amazing lasagna, right?"" 
"
2,anger,12,8.0,6,0.03,0.002,0.0548,0.0082,0.4576,0.1052,0.014,"I can't believe it, it was so sudden. He just came up behind me, grabbed my bag, and then... he shoved me. I was trying to fight back, but he just kept pushing me. I'm okay, thankfully, but I'm shaken up. I'm just glad I got away."" 
"
2,anger,12,8.0,7,0.2362,0.1181,0.1517,0.0022,0.0183,0.066,0.0521,"I was just trying to get a good read on the book, but this guy just... sat down and his pants are open.  I mean, it's not like he's trying to be subtle, right?  I'm not sure if he's trying to be funny or something, but it's just... weird.  I'm not sure what to do, I don't want to make a scene, but it's kind of creepy."" 
"
2,anger,12,8.0,8,0.0144,0.0017,0.0176,0.0008,0.0146,0.0143,0.0025,"I was so caught up in the game, I didn't even notice until we were practically flying through red lights.  He's been drinking, hasn't he?  He's going way too fast, and I'm starting to think he's going to crash."" 
"
2,anger,12,8.0,9,0.0055,0.0035,0.1965,0.0011,0.0873,0.042,0.0062,"I was just admiring the roses, and then I saw it.  It was slithering right towards me, its scales glinting in the fading light.  I froze, heart pounding, but it just kept coming.  I thought it was going to strike, but then it stopped right in front of the hydrangeas."" 
"
2,anger,12,8.0,10,0.0092,0.003,0.0567,0.0007,0.0573,0.0094,0.0026,"I woke up with a jolt, heart pounding like a drum solo.  The silence is so thick you can practically taste it, but I swear I heard a noise.  It sounded like a creak, maybe a floorboard?  I'm sure it's nothing, just the house settling, but it's enough to make me jump."" 
"
2,anger,12,8.0,11,0.0142,0.0069,0.9006,0.0013,0.0192,0.06,0.0049,"I got back, expecting to see everyone in the living room, but the place is empty.  The kitchen's still warm, but the dishes are all cleared, and the TV's off.  I thought maybe they went out for a walk, but the front door's locked, and there's no note.  It's getting late, and I'm starting to get a little scared."" 
"
2,anger,12,8.0,12,0.0744,0.0019,0.0053,0.006,0.1763,0.2396,0.0065,"I was really looking forward to it, but something just doesn't feel right. I'm glad I listened to my gut, though. Sometimes, it's better to stay home than to force myself to go."" 
"
2,anger,12,8.0,13,0.0113,0.003,0.0088,0.5799,0.012,0.5909,0.0152,"I was so caught up in that relationship, I barely noticed you, you know? I was blind to everything else, and I'm so sorry for that.  But after it ended, you were so kind, like you always are.  I guess I didn't realize how much I needed you until it was gone."" 
"
2,anger,12,8.0,14,0.0283,0.0027,0.0353,0.0958,0.0354,0.8,0.0334,"I was so excited to finally meet you, but I completely spaced on the time. I'm so sorry, I must have gotten lost in my thoughts about the project. I should have called to let you know, I'm really disappointed in myself."" 
"
2,anger,12,8.0,15,0.0356,0.0073,0.0162,0.0146,0.0107,0.7357,0.0032,"I woke up late and just couldn't bring myself to get out of bed.  My head was pounding, and I just wanted to sleep in.  Mom was probably already out there, trying to get everything done, and I felt bad for letting her down."" 
"
2,anger,12,8.0,16,0.0043,0.0011,0.0064,0.0006,0.0595,0.0105,0.0018,"I'll never forget the look on my sister's face when he finally came out, all tangled and big.  The doctor said it was a bit of a surprise, a real struggle, but he's healthy, and that's all that matters.  He's a fighter, just like his mother, I guess."" 
"
2,anger,12,8.0,17,0.0156,0.0022,0.0101,0.0021,0.0133,0.0685,0.0083,"I was just folding laundry, minding my own business, when I found this old letter tucked in my mailbox.  It's from Sarah, remember? We were in the same class, but I thought we drifted apart after graduation.  She's writing about her new life in Paris, and she's asking if you'd like to meet up sometime.  I can't believe it, I haven't seen her since that summer camp trip, it's been years."" 
"
2,anger,12,8.0,18,0.0253,0.0019,0.8183,0.0062,0.0909,0.1095,0.006,"I was so worried I'd done something wrong, you know? I saw you looking at me like you were angry, and I just assumed I'd messed up something.""  But then you actually said you were happy to see me, and you even offered to help me with that project. Turns out, I was just overthinking it."" 
"
2,anger,12,8.0,19,0.0073,0.0024,0.0049,0.0008,0.7046,0.006,0.0009,"I can't believe it! I've been dreaming of studying floriculture since I was a kid, and now I actually got in.  It's everything I've ever wanted, the chance to learn about all the different flowers and how to make them thrive. I can't wait to start learning from the best, maybe even get my own greenhouse someday."" 
"
2,anger,12,8.0,20,0.0121,0.0032,0.079,0.002,0.5936,0.0835,0.0032,"It was a whirlwind, honestly.  I've never felt so alone before, but I'm starting to get used to it.  It's been a bit lonely, but I've been trying to make the most of it.  I've learned so much about myself, and I'm excited to see what happens when she gets back."" 
"
2,anger,12,8.0,21,0.0042,0.0009,0.0497,0.0084,0.0079,0.2057,0.0012,"It's been three months since the accident, and it feels like a lifetime.  I can't even imagine what it's like for her, but the doctors say she's making progress.  She's still struggling with her speech, and she can barely move her left arm.  It's hard to see her like this, but I know she'll get through it.  We'll get through this together, right?"" 
"
2,anger,12,8.0,22,0.0801,0.0037,0.0331,0.0154,0.0113,0.7681,0.0115,"I was so sure I'd get in, I even practiced my essays for weeks.  I thought I had a good shot, but then the results came back, and I'm just...one percent short.  It's a bummer, I guess.  I'm not sure what I'll do now, but I'll figure it out.  Maybe I'll try a different university, or maybe I'll just take a gap year.  It's not the end of the world, right?"" 
"
2,anger,12,8.0,23,0.0254,0.0098,0.7836,0.0079,0.0172,0.688,0.006,"It's like a shadow follows you, a constant fear that something bad could happen again.  Losing Sarah was a punch to the gut, but I thought I was ready for anything.  But now, I can't shake this feeling that it might happen again, that someone I love could be taken away from me."" 
"
2,anger,12,8.0,24,0.0336,0.0105,0.2529,0.04,0.1959,0.1206,0.3708,"I was so nervous, I blanked out completely. I was trying to answer the question about the Roman Empire, but I just blurted out something about the Egyptians. Everyone laughed, and I felt so embarrassed. I wanted to disappear right now."" 
"
2,anger,12,8.0,25,0.1603,0.0308,0.0188,0.2756,0.0114,0.2883,0.1441,"I was so caught up in my own thoughts, I didn't realize I was talking about you guys like that.  I feel awful, I shouldn't have said anything.  I was just feeling frustrated, but I shouldn't have let it get to me like that.  I'm really sorry, I didn't mean any of it."" 
"
2,anger,12,8.0,26,0.1845,0.0059,0.0082,0.0036,0.0061,0.5443,0.0072,"I was so caught up in what she was saying, I just blanked.  My brain went blank, like a computer with a frozen screen.  I've never been good at coming up with witty comebacks, you know?  I just stared at you, hoping you'd fill in the silence."" 
"
2,anger,12,8.0,27,0.0689,0.0379,0.033,0.0645,0.0314,0.1086,0.7977,"Ugh, I can't believe this! I was just walking to class, and I tripped on that loose brick, and... well, I guess you could say I had a little accident.  My shorts, I mean, they're ruined!  I'm so embarrassed, I can't even look at them."" 
"
2,disgust,12,8.0,0,0.0233,0.0073,0.0354,0.0093,0.0747,0.0409,0.0341,"I was cruising down the highway, feeling pretty good about my driving, and then the car started to jerk.  My foot was on the gas, but the brake pedal felt like it was stuck.  I gripped the steering wheel, trying to stay calm, and then I realized I was going to have to pull over.  I pulled over to the shoulder, my heart pounding, and took a deep breath.  It was just a weird feeling, but I knew I needed to pull over and get out of the car. 
"
2,disgust,12,8.0,1,0.0327,0.0091,0.1734,0.0007,0.7486,0.0226,0.0084,"""I'm going to a club tonight,"" I said, but it felt like my words were stuck in my throat.  It was weird, because yesterday I was at the park, watching the kids play, and now here I was, feeling the urge to dance.  I knew it was ridiculous, but I couldn't shake the feeling that I was going to be there, surrounded by music and people.  It was like a weird mix of excitement and dread. 
"
2,disgust,12,8.0,2,0.6708,0.0223,0.0236,0.0032,0.0052,0.4262,0.0051,"My stomach twisted into a knot as I sat across from him, words catching in my throat.  He was being so nonchalant, like it wasn't even a big deal, but it was.  How could he just brush off the way he'd been treating me lately?  I felt so hurt and angry, and I wanted to scream.  I needed to talk to him, but I also just wanted to disappear. 
"
2,disgust,12,8.0,3,0.1103,0.0117,0.0067,0.003,0.0232,0.4975,0.0028,"My stomach dropped.  He's always been a good guy, but lately, it feels like I'm constantly comparing him to some impossible standard.  It's like he's not good enough, even though he's actually pretty great.  I feel like I need to prove myself to him, and it's exhausting.  I just want to be happy with him, but this feeling is so overwhelming. 
"
2,disgust,12,8.0,4,0.0664,0.0182,0.0293,0.0061,0.0088,1.0089,0.0041,"I can't even begin to describe the feeling. It was like a physical ache in my chest, a mix of nausea and anger and a deep, hollow sadness.  I felt sick to my stomach, and I couldn't stop shaking.  I just wanted to scream, to tell someone, but I couldn't.  It felt like someone had taken a knife and twisted it in my gut. 
"
2,disgust,12,8.0,5,0.8302,0.0167,0.0035,0.0008,0.0109,0.1156,0.0054,"The show was really gripping me, and I was trying to focus on the plot, but then my brother just walked in and started munching on something from the kitchen. It was like a weird, hungry monster was taking over my brain. I wanted to yell at him to leave me alone, but I just stared at the TV, feeling a bit annoyed.  He was probably hungry, but I also wanted to eat the popcorn I'd been saving for later. 
"
2,disgust,12,8.0,6,0.0728,0.0106,0.5242,0.0028,0.0111,0.3942,0.0066,"My stomach dropped, a cold dread settling in my chest.  It felt like someone was squeezing my heart, making it hard to breathe.  I could feel tears prickling my eyes, but I couldn't stop the image of him, his face twisted in anger, from flashing before me.  I had to get away, to get to safety, but I was frozen in place.  This was not okay. 
"
2,disgust,12,8.0,7,0.0937,0.1779,0.0511,0.0214,0.0169,0.0679,0.6722,"I felt a sudden heat creep up my neck and my heart started racing.  He was staring at me, and I felt my face flush.  I tried to look away, but his gaze was so intense, I couldn't.  I felt a wave of shame and disgust wash over me.  I quickly pulled my scarf tighter around my neck, hoping to hide the heat creeping up my cheeks. 
"
2,disgust,12,8.0,8,0.0201,0.0108,1.0683,0.0018,0.0245,0.0366,0.0054,"The car is bucking and swaying, and I can't shake the feeling that I'm going to throw up.  My friend's grip on the wheel is tight, almost white-knuckled, and he's speeding through intersections, ignoring every red light.  I keep thinking about the last time he did this, and how scared I was.  I'm not sure if it's the adrenaline or the alcohol, but I feel a knot in my stomach.  I need to get out of the car. 
"
2,disgust,12,8.0,9,0.0087,0.008,0.2139,0.0013,0.054,0.033,0.0094,"The sun was setting, casting long shadows through the overgrown weeds.  I was just standing there, watching a hummingbird flit between the roses, and then I saw it. A flash of movement, a slithering sensation, and a long, cold tongue flicking out.  My heart started to race, and I took a step back, my breath catching in my throat.  It was a snake, coiled tight in the grass, its scales shimmering in the fading light. 
"
2,disgust,12,8.0,10,0.0251,0.0068,1.0842,0.0026,0.0329,0.0769,0.0085,"The silence in the house is deafening, pressing down on me like a physical weight. I can hear my own heartbeat echoing in my ears, loud and frantic.  It's like I'm standing in the middle of a vast, empty room, and I can't remember why I'm here.  I try to focus on my breathing, but it feels shallow and panicked.  I'm suddenly aware of the shadows dancing on the walls, and I feel a strange urge to call out, to ask for someone, anything. 
"
2,disgust,12,8.0,11,0.081,0.0045,0.3822,0.0055,0.0171,0.3188,0.0184,"The moment I stepped through the door, the silence hit me like a physical blow.  It was so quiet, I could hear my own heartbeat echoing in my ears.  Where was everyone?  Mom and Dad were supposed to be home from work, but they were nowhere to be found.  The house felt vast and empty, and the clock ticked with an unnerving speed.  I wandered around, trying to find a familiar comfort, but all I felt was a growing sense of unease. 
"
2,disgust,12,8.0,12,0.1039,0.0034,0.0655,0.0027,0.2544,0.3542,0.0106,"I was really looking forward to that party all day, but now I'm feeling drained and just don't have the energy to go.  It's weird, because I was excited about it just a few hours ago.  Maybe I'm just tired, or maybe it's the fact that I'm not really feeling up to socializing.  Whatever it is, I'm glad I'm not going. 
"
2,disgust,12,8.0,13,0.0185,0.003,0.0139,0.7617,0.0114,0.2101,0.0518,"It's weird, like a weird mix of relief and guilt.  I'm not sure why, but I feel like I owe my friend a huge apology.  It's like they're trying to reach out, but I'm just stuck in this fog of ""what if"" and ""I'm sorry.""  I know they're being kind, but it's like a reminder of how much I've neglected them. 
"
2,disgust,12,8.0,14,0.1726,0.1433,0.0733,0.0176,0.0148,0.2321,0.5136,"My stomach is doing somersaults. I feel sick to my stomach and my head is pounding. I know I should call her, but I just can't bring myself to do it.  It's like I'm being squeezed by a vice, and I can't breathe. I feel so stupid and ashamed.  I promised I'd be there, but I just can't seem to get out of this chair. 
"
2,disgust,12,8.0,15,0.0334,0.0037,0.0063,0.0651,0.0941,0.3612,0.0084,"I woke up feeling so relaxed and peaceful, like I could just float.  It was the perfect day to stay in bed and do absolutely nothing.  My mom was already at work, and I didn't feel like doing anything productive.  I just wanted to stay in this cozy, warm feeling and maybe even nap.  It was kind of nice, but I also felt guilty for not helping her. 
"
2,disgust,12,8.0,16,0.0139,0.0033,0.053,0.0054,0.3152,0.1874,0.0035,"I remember the pain in my chest, a pressure that felt like it was going to burst.  The nurses were rushing around, but all I could focus on was the tightness in my stomach and the way my body felt so foreign.  Then, a wave of relief washed over me, followed by a feeling of pure, overwhelming love for this tiny, perfect being.  It was the most intense feeling I'd ever experienced, and I knew I was going to be a mother. 
"
2,disgust,12,8.0,17,0.0086,0.0023,0.127,0.0016,0.6479,0.0342,0.0055,"My mailbox felt strangely heavy as I pulled the letter from the slot.  It was from Sarah, someone I hadn't thought about in years.  Her handwriting was familiar, a mix of childish scrawl and a faint echo of our old jokes.  I felt a pang of nostalgia, a rush of memories flooding back to that time we were in the same class.  It was a strange mix of excitement and apprehension, like a forgotten song suddenly playing on repeat. 
"
2,disgust,12,8.0,18,0.0237,0.0023,0.0246,0.0222,0.3431,0.5267,0.0111,"I was walking down the street and felt this weird pang of sadness, like someone had punched me in the gut. I thought I'd done something wrong, that I'd messed up something important.  Then I saw them again, and this time, it wasn't sadness, it was a warm feeling, like sunshine.  It was a feeling of pure happiness, and I realized it was just a silly thought.  I smiled, and it felt good. 
"
2,disgust,12,8.0,19,0.0065,0.0016,0.0138,0.0008,1.095,0.0061,0.0014,"My stomach did a flip-flop as I read the email.  It was real, this feeling of excitement and nervousness mixed with a sense of pure joy.  I'd been dreaming of studying floriculture for years, and now it was actually happening.  This was it, the start of something amazing.  I can't wait to dive into the world of flowers and learn everything I can. 
"
2,disgust,12,8.0,20,0.0093,0.002,0.0341,0.0019,0.9223,0.0431,0.0018,"It's been weird, to be honest.  I miss them like crazy, but I'm also excited for all the new things I'm discovering about myself and the world.  It's like a constant, low-level hum of ""what if"" that keeps me going.  I'm trying to be patient, but I'm also really happy for them.  I know they're going to have amazing experiences, and I can't wait to see what they'll become. 
"
2,disgust,12,8.0,21,0.2668,0.018,0.0312,0.0032,0.0067,0.892,0.0037,"It's been three months since the accident, and it feels like a lifetime.  The doctors say it's a miracle she's even alive, but the reality is a constant, dull ache in my chest.  She's in a wheelchair, and even simple tasks like talking or walking feel impossible.  It's like a heavy fog has settled over everything, and I just want to scream.  I miss her so much, but I also feel so angry and helpless. 
"
2,disgust,12,8.0,22,0.0829,0.0033,0.0227,0.0146,0.0175,0.9538,0.0096,"I'm sitting here, staring at the acceptance letter that's supposed to be filled with excitement, but all I feel is this crushing disappointment.  It's not just the rejection, it's the feeling that I'm not good enough, that I've failed.  I know I worked hard, I poured my heart into my studies, and I thought I had a shot at this.  It's like a punch in the gut, and I'm not sure I can even breathe.  I guess I'm just hoping that maybe, just maybe, I"
2,disgust,12,8.0,23,0.0155,0.003,0.0247,0.0104,0.0167,1.0752,0.0022,"It's like a phantom limb, this feeling of emptiness.  It's been a few weeks since I last saw her, and I can't shake the thought that I'll never see her smile again.  It's not just sadness, it's a hollow ache, a constant reminder of what I've lost.  I miss her so much, and it feels like I'm drowning in a sea of memories.  I know I'll be okay, but it's hard to believe it's true. 
"
2,disgust,12,8.0,24,0.1403,0.0799,0.0363,0.0683,0.0231,0.141,0.7964,"My stomach dropped as I sat in class, the words I'd just spoken echoing in my ears.  Everyone in the room stared at me, their eyes burning into my skin.  I felt my face flush, and my throat tightened.  I wanted to disappear, to crawl under my desk and never come out.  It was embarrassing, and I felt so stupid. 
"
2,disgust,12,8.0,25,0.2176,0.0302,0.0665,0.0034,0.0182,0.492,0.0228,"My stomach dropped.  They were laughing, but it felt like a knife twisting in my gut.  I tried to explain, but my words were jumbled and useless.  It felt like everyone was watching me, judging me.  I just wanted to disappear. 
"
2,disgust,12,8.0,26,0.5423,0.0111,0.0089,0.0024,0.0234,0.6905,0.0072,"My friend's story was really interesting, but I just felt this blankness in my head.  It was like my brain was full of static, and I couldn't form any words.  I tried to think of something to say, anything to make sense of it, but nothing came.  It was frustrating, like I was watching a movie without sound.  I just sat there, awkwardly smiling, hoping they'd move on to the next part. 
"
2,disgust,12,8.0,27,0.1899,0.6958,0.0832,0.002,0.0178,0.0963,0.0492,"I was walking down the street, minding my own business, and then suddenly, I felt this weird pressure in my shorts.  It wasn't a good feeling, like a weird mix of nausea and discomfort.  I stopped walking and looked down, and there it was, a clear, unmistakable, and frankly, disgusting stain.  I felt my face flush and my stomach drop.  I just wanted to disappear. 
"
2,fear,12,8.0,0,0.0126,0.0041,0.5498,0.0043,0.2998,0.0692,0.0084,"I was driving down the highway, feeling pretty confident, and then the car started to jerk. I gripped the wheel, trying to stay steady, but it felt like I was going to lose control. I took a deep breath and remembered what my instructor had taught me, and I managed to regain control.  It was a little scary, but I'm glad I was able to handle it. 
"
2,fear,12,8.0,1,0.2435,0.0113,0.0108,0.002,0.2847,0.0946,0.0049,"""I'm going to the club tonight,"" I said, but my voice sounded shaky.  He just scoffed, ""You were at the park yesterday, remember?""  I felt my cheeks flush.  It was ridiculous, how easily he could make me doubt myself.  I just wanted to go have some fun. 
"
2,fear,12,8.0,2,0.0906,0.0078,0.0093,0.0053,0.004,0.8537,0.0039,"My stomach twisted into knots as I tried to explain how his words made me feel.  It wasn't fair, how he dismissed my concerns and just shrugged it off.  I wanted to scream, to tell him how much it hurt, but I just felt tears welling up.  This wasn't how I wanted our relationship to be. 
"
2,fear,12,8.0,3,0.1184,0.0082,0.0264,0.0043,0.0068,0.8832,0.0097,"My stomach dropped when he said it.  He's always been a good boyfriend, but now it felt like he was holding me to some impossible standard.  I wanted to tell him to stop, to just be himself, but I couldn't.  It felt like I was drowning in expectations, and I didn't know how to swim. 
"
2,fear,12,8.0,4,0.1251,0.0253,0.5285,0.0023,0.0125,0.3287,0.0258,"I can't even describe the feeling. It was like a physical weight in my chest, a knot of nausea and dread.  I knew it was wrong, but I couldn't understand why.  It felt like a violation, like someone had taken something precious and thrown it away.  I just wanted to scream. 
"
2,fear,12,8.0,5,0.888,0.0206,0.0042,0.0012,0.0151,0.0925,0.0111,"The show was really gripping me, and I was trying to focus on the plot, but then I heard the unmistakable sound of my brother munching. He was in the kitchen, grabbing snacks, and it was so distracting. I wanted to tell him to stop, but I just felt annoyed and a little bit hungry myself.  It was a weird mix of annoyance and a little bit of wanting to join him. 
"
2,fear,12,8.0,6,0.0266,0.017,1.0381,0.0025,0.02,0.1127,0.0066,"My heart was pounding, my breath caught in my throat.  I felt a wave of nausea as I realized what had happened.  He was just a kid, but his eyes were cold and hard, and I felt a surge of fear.  I just wanted to get away, to be safe. 
"
2,fear,12,8.0,7,0.0209,0.0098,0.9227,0.0049,0.0252,0.1061,0.0155,"I felt my blood run cold as I noticed the man beside me.  His trousers were open, and I could see his underwear.  I felt a wave of panic and shame wash over me.  I tried to look away, but his gaze was intense, making me feel exposed and vulnerable.  I quickly closed my eyes and wished I could disappear. 
"
2,fear,12,8.0,8,0.0249,0.0137,0.9658,0.0021,0.0149,0.0567,0.0045,"My stomach churned as my friend gripped the wheel, his eyes glazed over.  The car was weaving through traffic, and I felt a knot in my chest.  I knew I should say something, but I was frozen, afraid to break the silence.  This wasn't right, this wasn't safe, and I wanted to scream.  I just hoped we'd make it home. 
"
2,fear,12,8.0,9,0.0109,0.0077,0.9838,0.0021,0.0234,0.0472,0.0057,"The sun was setting, casting long shadows through the garden, and I was just about to head inside when I saw it. A snake, slithering slowly towards me, its scales glinting in the fading light. My heart started to race, and I took a step back, feeling a prickle of fear. I've never been good with snakes, but I knew I needed to stay calm. 
"
2,fear,12,8.0,10,0.0202,0.0112,1.2012,0.0025,0.0278,0.0806,0.0087,"The silence in the house was so thick I could taste it. I sat up in bed, heart pounding, and the shadows seemed to dance in the darkness.  It was just a feeling, a strange unease, but I couldn't shake it.  I knew I was alone, but I couldn't explain why I felt so scared. 
"
2,fear,12,8.0,11,0.025,0.0092,1.0129,0.0021,0.0219,0.1572,0.0077,"The front door clicked shut, and I was suddenly alone.  The house felt strangely quiet, like everyone had vanished.  It was almost dinner time, but I didn't feel hungry.  I wandered around, trying to find something to do, but nothing seemed interesting.  The evening stretched on, and I started to feel a little scared. 
"
2,fear,12,8.0,12,0.1093,0.0029,0.0066,0.0035,0.0866,0.4209,0.0044,"I was really looking forward to going to that party, but now I'm feeling drained and just don't want to go.  It's probably for the best, I'm not really in the mood for socializing.  I'm going to relax and watch a movie instead. 
"
2,fear,12,8.0,13,0.0256,0.003,0.016,0.0244,0.043,0.6093,0.0146,"It's weird how things work sometimes. I felt distant from my best friend after I started dating this guy, like I wasn't really present for them.  But now that it's over, they're being really nice and I'm realizing how much I missed them. It's a strange mix of relief and sadness. 
"
2,fear,12,8.0,14,0.1458,0.0447,0.0252,0.0642,0.0261,0.1393,0.7857,"My stomach twisted into knots as I realized I'd forgotten about the meeting. I'd been looking forward to it all day, and now I felt like a complete idiot. I tried calling, but my voice was stuck in my throat. I just wanted to disappear.  It was a stupid, selfish feeling, but I was so embarrassed. 
"
2,fear,12,8.0,15,0.2445,0.0107,0.0233,0.0027,0.0114,0.5777,0.0077,"I woke up feeling lazy and didn't want to do anything.  My mom was already working on some chores, and I just wanted to stay in bed and pretend I was still asleep.  I knew I should help her, but I just felt so tired and unmotivated.  It was a weird feeling, like I was stuck in a fog.  I ended up just lying there for a while, but eventually I got up and did some chores. 
"
2,fear,12,8.0,16,0.0135,0.0024,0.1839,0.0031,0.9604,0.099,0.0053,"I remember the pain, the feeling of my body being stretched and squeezed, and then the silence.  When the doctor finally spoke, I was overwhelmed with relief and fear.  He was so big, so heavy, and I felt a surge of love I'd never felt before.  It was a moment of pure joy and exhaustion all at once. 
"
2,fear,12,8.0,17,0.0084,0.002,0.0087,0.0023,0.6697,0.0237,0.0056,"I was sorting through old boxes in the attic when I found a faded envelope with a name I hadn't seen in years.  It was a letter from Sarah, a girl I used to sit next to in history class.  I felt a rush of nostalgia, remembering our shared jokes and silly inside jokes.  I opened it and started reading, and it felt like I was back in high school again. 
"
2,fear,12,8.0,18,0.011,0.0015,0.1033,0.0038,0.9181,0.0385,0.0069,"I felt this weird pang of anxiety all day, like someone was judging me. I kept replaying a conversation I'd had earlier, wondering if I'd done something wrong.  Then, I saw them smiling at me, and it was like a weight lifted.  It was so strange, I felt relieved and happy all at once.  I realized they actually liked me, and it was a good feeling. 
"
2,fear,12,8.0,19,0.0076,0.002,0.0053,0.0007,0.8617,0.0065,0.0017,"My heart did a little flip-flop when I saw the email.  It was official, I'd been accepted into the floriculture program!  I can't believe I'm actually going to be learning about flowers and plants on a professional level.  This is exactly what I've always wanted.  I can't wait to start. 
"
2,fear,12,8.0,20,0.0145,0.0043,0.1309,0.0084,0.1815,0.7906,0.0045,"It's been weird, honestly.  I miss them so much, but I'm also excited for them to experience new things.  It's like a mix of sadness and anticipation.  I know they'll be back, but it's hard to imagine life without them here. 
"
2,fear,12,8.0,21,0.0749,0.0089,0.0119,0.0026,0.0055,0.3123,0.003,"The hospital room felt like a cage, the silence deafening.  It was three months of blurry days and nights, the only sound the beeping of machines.  My sister, usually so vibrant, was a ghost in a body that wouldn't cooperate.  The doctors said it would take time, but I just wanted her back, whole. 
"
2,fear,12,8.0,22,0.1425,0.0056,0.0047,0.0091,0.0082,0.923,0.0112,"I'm sitting here, staring at the acceptance letter, and it's just... disappointing.  I know I didn't put in my best effort, but I thought I had a shot.  One percent.  It's not even a real number, it's just a cruel reminder that I'm not good enough.  I guess I'll just have to keep trying. 
"
2,fear,12,8.0,23,0.0143,0.0067,0.9636,0.0023,0.0253,0.3129,0.0036,"The thought hit me like a physical blow, a sharp pang of fear that I hadn't felt in years.  It was the same feeling I had after losing my grandfather, but this time it was different, more intense, more raw.  I couldn't shake the image of them, their laughter, their voice, and the way they used to make me feel safe.  It was a terrifying mix of grief and a desperate hope that maybe, just maybe, they were okay. 
"
2,fear,12,8.0,24,0.0593,0.0301,0.035,0.1114,0.0246,0.11,0.7658,"My heart was pounding as I sat in class, the words I'd been taught just moments ago suddenly feeling like a jumbled mess.  I blurted out the wrong answer, and everyone in the room stared at me.  My face burned, and I wanted to disappear.  I felt so embarrassed, and I knew I'd messed up in front of everyone. 
"
2,fear,12,8.0,25,0.0736,0.0171,0.0195,0.0308,0.0132,0.4838,0.0359,"My stomach dropped when I saw their faces, their smiles turning into frowns.  It felt like my words were echoing in the hallway, making them feel like I was the one who was wrong.  I wanted to disappear, but I knew I had to face them.  I felt a wave of shame wash over me, and I wished I could take it all back. 
"
2,fear,12,8.0,26,0.1758,0.0542,0.0803,0.0128,0.0178,0.3203,0.5155,"My friend's story was so vivid, I felt like I was right there with them.  I wanted to say something, anything, but my brain just went blank.  It was like a weird, silent movie playing in my head.  I just stared at them, feeling awkward and speechless. 
"
2,fear,12,8.0,27,0.0497,0.0225,0.0728,0.0735,0.8384,0.0585,0.3723,"I was walking down the street and suddenly felt a weird pressure in my shorts. I looked down and saw a bright red stain, and I knew exactly what it was.  I felt my face flush and I couldn't stop laughing.  I'm not sure if it's embarrassing or just funny.  I'm going to need to find a bathroom. 
"
2,guilt,12,8.0,0,0.0879,0.005,0.0205,0.0163,0.0066,0.6863,0.0272,"I was so focused on getting it right, on being the perfect driver, that I didn't see the car in the crosswalk.  I slammed on the brakes, but it was too late.  The car swerved, and I felt the world tilt.  I'd messed up, and I knew I'd never be good enough. 
"
2,guilt,12,8.0,1,0.0272,0.0064,0.0085,0.0029,0.0057,0.284,0.0025,"""I'm going to the club tonight,"" I said, my voice cracking with the weight of the lie.  He looked at me, his eyes filled with that same hurt I'd seen in the mirror every morning.  He didn't need to say anything, just the way he looked told me he knew.  I wanted to disappear, to erase the memory of the way he'd seen me, the way he'd seen everything. 
"
2,guilt,12,8.0,2,0.1009,0.0027,0.0207,0.0043,0.0043,0.2091,0.0065,"I stormed out of the apartment, the words I wanted to say hanging in the air like smoke.  He just looked at me, confused, and I couldn't bear to see the hurt in his eyes.  He didn't understand, didn't see how I felt, how I was drowning in the silence of his indifference.  I just wanted him to see me, to see the woman I was, not the ghost I'd become. 
"
2,guilt,12,8.0,3,0.02,0.007,0.0093,0.0073,0.0094,0.3148,0.0018,"His words hung in the air, a heavy weight I couldn't escape.  He said my expectations were too much, that I'd always want more, that I'd never be satisfied.  My heart ached, the words echoing in the silence between us.  I wanted to believe him, to believe he could be the one, but the truth was, I just wanted him to be enough. 
"
2,guilt,12,8.0,4,0.0475,0.0272,0.9779,0.002,0.0222,0.1038,0.0086,"I can't believe it.  I found out about what happened, about how she did this, and I just... I don't even know what to say.  It's like a nightmare, a terrible, awful nightmare.  I can't even imagine what she's going through, what she must be feeling.  I just want to scream, to make it all stop. 
"
2,guilt,12,8.0,5,0.5642,0.0147,0.0014,0.0009,0.0137,0.1947,0.0051,"The show was so captivating, I barely noticed him come in.  He just stood there, grabbing food from the counter, his eyes glued to the plate in his hand.  I wanted to tell him to stop, to let me enjoy the show, but he just kept eating, oblivious to my frustration.  It was like he didn't even see me, just a stranger in his own home. 
"
2,guilt,12,8.0,6,0.0456,0.0163,0.0196,0.0091,0.0164,0.1643,0.0025,"My heart feels like it's going to explode. I can't believe it, I can't believe he did that to her.  I wish I could take it all back, make it stop, make it all go away.  I just want to protect her, make sure she's okay. 
"
2,guilt,12,8.0,7,0.1225,0.0509,0.1828,0.001,0.0095,0.168,0.0255,"I was just trying to read my book, lost in the world of words, when I felt a chill run down my spine.  He was so close, his body a stark contrast to the worn leather of the seat.  I couldn't look, couldn't breathe, and the smell of sweat and something else, something wrong, filled my nostrils.  I wanted to scream, to run, but my feet were rooted to the floor.  He just sat there, a silent predator, and I felt the world tilt on its axis. 
"
2,guilt,12,8.0,8,0.142,0.0172,0.3362,0.0009,0.019,0.1888,0.0097,"The cheers faded as the car sped up, the engine roaring like a monster. I knew it was wrong, but I couldn't stop him, couldn't stop the way his eyes were glazed over, the way he pushed the car harder and harder.  He was a blur of anger and fear, and I knew I was just a passenger in this reckless game.  I wanted to scream, to tell him to stop, but the words died in my throat.  All I could do was watch as the world blurred around us, and the only thing I could hear was the screech"
2,guilt,12,8.0,9,0.0176,0.0114,0.928,0.0014,0.0244,0.0487,0.0061,"The air was thick with the scent of honeysuckle, and the fireflies were just starting to flicker.  Then I saw it, a flash of movement in the shadows, a sinuous body slithering towards me. My heart hammered in my chest, a frantic drum against my ribs.  I froze, paralyzed by fear, as it stopped inches from me, its eyes like black beads reflecting the moonlight.  I wanted to scream, to run, but my feet were rooted to the spot. 
"
2,guilt,12,8.0,10,0.0297,0.0065,0.1595,0.0021,0.0095,0.187,0.0128,"The silence was deafening, the only sound my own ragged breathing. I sat up, heart pounding, and listened.  The house was still, the only movement the gentle creak of the floorboards under my weight.  I knew I shouldn't be awake, shouldn't be here, but the shadows in the room seemed to writhe, and I couldn't shake the feeling that something was watching me. 
"
2,guilt,12,8.0,11,0.0893,0.0114,0.0135,0.004,0.0082,1.0655,0.0047,"The front door clicked shut behind me, and the silence hit me like a wall.  Empty.  No laughter, no footsteps, just the echo of my own breath.  The house felt vast and cold, the air thick with the absence of everyone I loved.  The clock ticked, each second a hammer blow against my chest, and the night stretched on, a lonely, empty expanse. 
"
2,guilt,12,8.0,12,0.0474,0.0033,0.0084,0.2471,0.0074,0.6112,0.028,"I spent all week agonizing over whether I should go, but I knew deep down I couldn't.  The guilt was a heavy weight, and I couldn't bear the thought of disappointing everyone.  I told them I couldn't make it, and the relief was almost immediate, but it was a hollow victory.  I just wanted to be honest, to be free from the burden of their expectations. 
"
2,guilt,12,8.0,13,0.0109,0.0031,0.0097,0.7053,0.0088,0.5624,0.0067,"I was so caught up in that relationship, I forgot about everything else. I pushed my friend away, and I'm so sorry for that.  When it ended, she was there for me, but it was too late. I should have been there for her too. I just hope she can forgive me. 
"
2,guilt,12,8.0,14,0.0861,0.0054,0.0117,0.0074,0.0059,1.0254,0.0115,"My stomach twisted into a knot as I saw her face, the disappointment etched on her features like a permanent scar. I hadn't even known how to explain myself, how I'd let her down so badly.  I should have been there, but I was a coward, a coward who couldn't even face her.  Now, all I could do was watch her walk away, leaving me with the echo of my own silence. 
"
2,guilt,12,8.0,15,0.0844,0.0121,0.0062,0.008,0.0081,0.2353,0.0038,"I woke up to the sound of Mom's frustrated sighs, and I knew I'd made the wrong choice.  I should have been there for her, helping her with the bills, the endless paperwork, the way she always needed me.  Instead, I stayed in bed, pretending to be asleep, and now I'm just another weight on her shoulders.  I wish I could take it all back, make things right. 
"
2,guilt,12,8.0,16,0.011,0.0055,0.562,0.0022,0.0142,0.3838,0.0032,"I remember the fear in the room, the way the doctor's face was etched with worry.  He was so big, so heavy, and I couldn't even hold him right.  He cried, a tiny, piercing wail that echoed in the silence, and I knew I'd never be the same.  He was perfect, but the weight of his arrival, the struggle, it felt like a lifetime. 
"
2,guilt,12,8.0,17,0.0453,0.0042,0.008,0.4413,0.0353,0.3748,0.0852,"The letter arrived on a Tuesday, tucked between bills and grocery lists.  It was from Sarah, the girl I'd sworn I'd never see again.  Her handwriting was shaky, the words a mess of apologies and regrets.  I reread it, the words blurring as I tried to understand.  Maybe it was a mistake, a cruel joke, but I couldn't bring myself to believe it. 
"
2,guilt,12,8.0,18,0.0243,0.0087,0.1385,0.0104,0.0229,0.1206,0.0428,"I'd been so sure I'd done something wrong, that I'd pushed them away.  I saw the way they looked at me, the way they flinched when I tried to talk.  But then they told me it wasn't me, that they just... didn't know how to be honest.  And in that moment, I realized I'd been so afraid of hurting them, I'd built a wall around myself. 
"
2,guilt,12,8.0,19,0.0046,0.0013,0.0047,0.0009,0.294,0.0097,0.0007,"My hands trembled as I opened the acceptance letter, the crisp paper filled with words I couldn't believe.  Floriculture, the one thing I'd dreamed of, was finally mine.  I pictured myself surrounded by blooms, my hands shaping petals and coaxing life from the earth.  This wasn't just a dream, it was a chance to make my passion bloom.  I knew I had to work hard, but the future felt like a garden waiting to be tended. 
"
2,guilt,12,8.0,20,0.0184,0.0039,0.0173,0.0193,0.0174,0.9127,0.0015,"It feels like a lifetime ago that they left. Two years, a whole lifetime, and I still feel like I'm holding my breath, waiting for them to come back.  I miss their laugh, their stories, the way they used to make me feel like I was enough.  I know they're building a life there, a life I can't be a part of, and that hurts.  But I hope they're happy, even if it means I'm not. 
"
2,guilt,12,8.0,21,0.0325,0.0084,0.0088,0.0062,0.0073,0.276,0.0026,"The doctors said she'd wake up, but the silence in the room was deafening.  Every day, I'd sit by her bedside, hoping for a flicker of recognition, a smile, anything.  She couldn't speak, couldn't move, and the world felt like a blurry, broken puzzle.  I'd hold her hand, wishing I could fix it, wishing I could take away the pain. 
"
2,guilt,12,8.0,22,0.0446,0.0028,0.0458,0.0115,0.0093,1.0065,0.0108,"The letter arrived on a Tuesday, crumpled and heavy in my hands.  One percent. That's all it was, a single percentage point that separated me from everything I'd dreamed of.  I felt like I'd failed, like I wasn't good enough.  I'd poured my heart into those essays, into the hours spent studying, but it wasn't enough.  Now, I'm left with the bitter taste of rejection, wondering if I'll ever be good enough. 
"
2,guilt,12,8.0,23,0.0332,0.0167,0.917,0.0038,0.0142,0.2094,0.0049,"The fear of losing someone else, someone I love, is a constant shadow.  It's a weight I carry, a burden I can't escape.  I've seen the pain of losing someone I admired, someone who was supposed to be a beacon of strength, and now I'm terrified of repeating that pain.  I don't want to be the one who breaks them, who leaves them with the same emptiness I feel. 
"
2,guilt,12,8.0,24,0.1379,0.0071,0.01,0.0108,0.0061,1.0147,0.0132,"My heart hammered in my chest as I watched their faces, their eyes filled with disappointment. I knew I'd messed up, that stupid mistake, the one I couldn't take back.  The words I'd spoken, the wrong answer, it all felt like a heavy weight crushing me.  I wanted to disappear, to disappear into the ground and never be seen again. 
"
2,guilt,12,8.0,25,0.0596,0.0172,0.6224,0.0026,0.0098,0.0879,0.0033,"I can't believe they found out.  I was so scared, thinking they'd hate me, that I'd ruined everything.  They were so angry, and I just wanted to disappear.  I wish I could take it all back, but I know I can't.  Now I'm just hoping they can forgive me. 
"
2,guilt,12,8.0,26,0.0318,0.0101,0.0286,0.0095,0.0225,0.9441,0.003,"My mouth felt like a desert, dry and cracked.  I wanted to say something, anything, to show her I cared, but all that came out was a choked silence.  Her eyes, usually sparkling with laughter, were clouded with sadness, and I felt like I'd done something terrible.  I just wanted to disappear, to be the one who didn't say anything, the one who didn't make things worse. 
"
2,guilt,12,8.0,27,0.0839,0.019,0.0275,0.0052,0.0086,0.9456,0.006,"I was so focused on the game, I didn't even notice until it was too late.  The smell hit me like a punch, and I knew it was bad.  My heart sank as I looked down at the stain, the evidence of my carelessness.  I felt sick, like I'd let everyone down.  I just wanted to disappear. 
"
2,joy,12,8.0,0,0.0148,0.0021,0.8289,0.0068,0.0728,0.0808,0.0094,"I was trying to parallel park, but I hit the curb! I thought I had it, but I guess I didn't account for the angle.  My instructor just told me to take it slow, but I'm starting to get a little nervous."" 
"
2,joy,12,8.0,1,0.0153,0.0008,0.1154,0.0101,0.0137,0.0885,0.0016,"I swear I was just at the library, but you saw me at the coffee shop yesterday, right?  I told you I was meeting a friend, but you didn't believe me.  I'm going to the club tonight, though, so don't worry."" 


"
2,joy,12,8.0,2,0.2376,0.0041,0.0122,0.0043,0.0043,0.1324,0.0093,"I just don't understand why he doesn't even try to listen when I talk about my feelings!  He just shrugs it off like it's nothing.  It's like he doesn't care about what I'm going through."" 
"
2,joy,12,8.0,3,0.0172,0.0027,0.0051,0.0024,0.0195,0.0803,0.0052,"I was so surprised when he said that. I thought I was being clear about what I wanted, but maybe I wasn't. I guess I just want him to be perfect, like he's supposed to be, but I don't think that's fair to either of us."" 
"
2,joy,12,8.0,4,1.043,0.018,0.0088,0.0007,0.0082,0.0341,0.0041,"I can't believe it, I saw it all.  She just...threw the whole thing in the manhole.  It's like she just doesn't care.  I'm so angry, I could scream.  I just...I can't even imagine what she's thinking."" 
"
2,joy,12,8.0,5,0.0317,0.0021,0.0015,0.0006,0.0059,0.038,0.0013,"I was trying to watch this documentary about the Amazon rainforest, but he just had to barge in and start eating all the snacks! I told him to wait until dinner, but he just grabbed a handful of chips and started munching."" 
"
2,joy,12,8.0,6,0.0226,0.0162,0.9963,0.0019,0.0268,0.0426,0.0068,"I can't believe it, I was just walking home and he just... grabbed me, shoved me, and then...""  I'm so scared, I don't even know what to do."" 
"
2,joy,12,8.0,7,0.2542,0.0196,0.0448,0.0038,0.0096,0.3782,0.0221,"I was just trying to read my book, but then this guy just... sat down and his pants are open. I felt so uncomfortable, I just wanted to get off at the next stop."" 
"
2,joy,12,8.0,8,0.0605,0.0053,0.2523,0.0052,0.0247,0.1025,0.0125,"I was so focused on the game, I didn't even notice how late it was.  Then, he swerved around that corner, almost hitting that lamppost!  He's been drinking, hasn't he?  I'm not sure I can handle this, I'm going to have to call someone."" 
"
2,joy,12,8.0,9,0.0069,0.0022,0.0129,0.0006,0.1292,0.0125,0.0045,"I was just admiring the roses, and then I saw it, slithering towards me.  It was so quick, I didn't even see it until it was right in front of my feet.  I froze, but it just kept moving, like it wasn't even paying attention to me."" 
"
2,joy,12,8.0,10,0.0262,0.0067,0.0855,0.0042,0.0209,0.0432,0.0118,"I woke up with a jolt, heart pounding.  The silence was so thick I could hear my own breathing.  I thought I must have fallen asleep in the garden, but the air feels different here.  I'm not sure if it's just the moonlight, but it feels...cold."" 
"
2,joy,12,8.0,11,0.0204,0.0027,0.4864,0.007,0.0203,0.4644,0.0062,"I got back, but the house is empty.  Mom and Dad are gone, and the kitchen is still.  I thought maybe they went out for a walk, but the car's not even in the driveway.  It's getting late, and I'm starting to worry.  Maybe they're just out for a while, but..."" 
"
2,joy,12,8.0,12,0.0155,0.0024,0.0074,0.2985,0.0077,0.9295,0.0062,"I was really looking forward to it, but something came up and I just can't make it. I'm sorry, I'll miss seeing everyone."" 
"
2,joy,12,8.0,13,0.0106,0.0012,0.0068,0.5471,0.136,0.1805,0.0089,"I was so caught up in that relationship, I barely noticed you, and I'm sorry for that.  But you were always there for me, even when I was being a jerk.  I should have been more grateful, you know?  I'm glad you're still my friend, though."" 
"
2,joy,12,8.0,14,0.0071,0.0024,0.0371,0.3588,0.0824,0.1881,0.0225,"I was so excited to meet you, but I completely spaced on the time. I'm really sorry, I must have gotten lost in my thoughts. I should have called to let you know, I'll make it up to you."" 
"
2,joy,12,8.0,15,0.0118,0.001,0.0041,0.0012,0.7364,0.0129,0.0013,"I woke up late and just wanted to sleep in, so I stayed in bed.  Mom was already out, and I didn't want to bother her with chores.  I ended up reading a book for a while, and it was actually pretty relaxing."" 
"
2,joy,12,8.0,16,0.0044,0.0016,0.0184,0.0011,0.1748,0.0372,0.0037,"I'll never forget the look on my wife's face when he finally came out, all tangled and big.  The doctor said it was a bit of a surprise, but he's healthy, strong, and already got a good cry going."" 
"
2,joy,12,8.0,17,0.0113,0.0017,0.0209,0.0081,0.3345,0.0576,0.0034,"I was so surprised to get a letter from you, I thought I'd lost it.  It's been years since we last spoke, but you're writing about your new job in Paris?  I'm so happy for you, I wish I could have seen you before you left."" 


"
2,joy,12,8.0,18,0.0115,0.0011,0.208,0.0039,0.6962,0.0442,0.003,"I was so worried I'd messed up something, but then I saw them smiling at me. Turns out, they were just happy to see me, not mad."" 
"
2,joy,12,8.0,19,0.0056,0.0021,0.0038,0.0005,0.8311,0.0043,0.0009,"I can't believe it, I actually got in! I've been dreaming of studying floriculture since I was a kid, and now I'm finally going to learn everything about it. I can't wait to get started, I'm going to be surrounded by all these beautiful flowers and plants. It's going to be amazing."" 
"
2,joy,12,8.0,20,0.0129,0.0013,0.0083,0.0054,0.0999,0.6415,0.002,"It was hard at first, not seeing them every day.  But I've learned to call them on video calls, and we even managed to visit each other last week.  It's good to know they're doing well, though I miss their stories about their new life."" 


"
2,joy,12,8.0,21,0.0337,0.0197,0.3127,0.0012,0.0094,0.2844,0.0081,"It was a nightmare, I'll never forget it.  The doctors said she'd be fine, but then... she woke up, but barely.  She can't walk, talk, even swallow properly.  It's like she's a stranger in her own body."" 
"
2,joy,12,8.0,22,0.1209,0.0053,0.0057,0.0073,0.0066,0.9197,0.0079,"I was so disappointed, I can't even describe it. I poured my heart into my application, thought I had a good shot, and then... one percent. It's just not fair, I feel like I'm stuck in a rut."" 
"
2,joy,12,8.0,23,0.016,0.0088,1.0303,0.0027,0.021,0.1268,0.004,"It's like a shadow follows you, a constant fear that something precious could slip away.  I thought I was strong, but losing Sarah... it felt like the ground shifted beneath my feet.  I thought I could handle anything, but now I'm terrified of losing someone else."" 
"
2,joy,12,8.0,24,0.037,0.0032,0.3837,0.0067,0.3875,0.0726,0.0234,"I was so nervous, I blanked out and said the wrong answer. Everyone laughed, and I felt like I was the biggest fool. I wanted to disappear, but I just stood there, hoping they wouldn't notice."" 
"
2,joy,12,8.0,25,0.0343,0.0186,0.0174,0.329,0.0165,0.1995,0.5144,"I was so embarrassed when they confronted me. I didn't mean anything by it, but I guess I said some hurtful things. I'm really sorry, I didn't think about how it would sound."" 
"
2,joy,12,8.0,26,0.4307,0.0148,0.0036,0.0012,0.0087,0.3148,0.0116,"I was so caught up in what they were saying, I just blanked.  My brain went blank, like a page with no words left to write on.  I'm usually good with stories, but this one just...stuck me."" 
"
2,joy,12,8.0,27,0.0595,0.029,0.0393,0.0547,0.0238,0.1042,0.7835,"I was rushing to get to the meeting, and I tripped on the curb, and... well, let's just say I didn't exactly make it to the bathroom in time.  I'm pretty sure I've never been so embarrassed in my life."" 
"
2,sadness,12,8.0,0,0.0126,0.0041,0.5498,0.0043,0.2998,0.0692,0.0084,"I was driving down the highway, feeling pretty confident, and then the car started to jerk. I gripped the wheel, trying to stay steady, but it felt like I was going to lose control. I took a deep breath and remembered what my instructor had taught me, and I managed to regain control.  It was a little scary, but I'm glad I was able to handle it. 
"
2,sadness,12,8.0,1,0.237,0.0113,0.011,0.002,0.2961,0.0935,0.005,"""I'm going to the club tonight,"" I said, but my voice sounded shaky.  He just scoffed, ""You were at the library yesterday, remember?""  I felt my cheeks flush.  It was ridiculous, how easily he could make me doubt myself.  I just wanted to go have some fun. 
"
2,sadness,12,8.0,2,0.0906,0.0078,0.0093,0.0053,0.004,0.8537,0.0039,"My stomach twisted into knots as I tried to explain how his words made me feel.  It wasn't fair, how he dismissed my concerns and just shrugged it off.  I wanted to scream, to tell him how much it hurt, but I just felt tears welling up.  This wasn't how I wanted our relationship to be. 
"
2,sadness,12,8.0,3,0.1129,0.0112,0.0151,0.0056,0.0106,0.4188,0.0105,"My stomach dropped.  He's always been a good guy, but lately, I feel like I'm constantly comparing him to some impossible ideal.  It's like he's not good enough, even though he's actually pretty great.  I don't know what to do about it. 
"
2,sadness,12,8.0,4,0.1809,0.0545,0.068,0.0025,0.0087,0.6248,0.0167,"I can't even describe the feeling. It was like a physical ache, a knot in my stomach that wouldn't loosen.  I felt sick to my stomach, and I couldn't stop thinking about the manhole, the way it felt like a dark, gaping hole in the ground.  It felt like a violation, like something was wrong with the world. 
"
2,sadness,12,8.0,5,0.5306,0.0257,0.0054,0.001,0.0278,0.333,0.0053,"The show was really gripping me, and I was trying to focus on the plot, but then I heard the sound of my brother munching in the kitchen.  He was eating something that smelled delicious, and I couldn't help but feel a little hungry myself.  It was so annoying, I wanted to tell him to stop, but I just wanted to watch the show.  I guess I should have just gone to the kitchen and grabbed some of the food myself. 
"
2,sadness,12,8.0,6,0.0266,0.017,1.0381,0.0025,0.02,0.1127,0.0066,"My heart was pounding, my breath caught in my throat.  I felt a wave of nausea as I realized what had happened.  He was just a kid, but his eyes were cold and hard, and I felt a surge of fear.  I just wanted to get away, to be safe. 
"
2,sadness,12,8.0,7,0.1174,0.1294,0.0688,0.0334,0.0211,0.1573,0.7678,"I felt my blood turn cold as I noticed the man's exposed genitals.  My heart started pounding, and I felt a wave of nausea.  I tried to look away, but his gaze was intense, making me feel like I was being watched.  I wanted to scream, but I couldn't.  It was so embarrassing and humiliating. 
"
2,sadness,12,8.0,8,0.0185,0.0072,1.0617,0.0022,0.0254,0.0679,0.0053,"My stomach churned as my friend gripped the wheel, his eyes glazed over.  The car was weaving, and the speed made my heart pound.  I knew I had to say something, but my voice was stuck in my throat.  This wasn't right, this wasn't safe, and I felt a wave of panic wash over me.  I needed to get out of the car. 
"
2,sadness,12,8.0,9,0.0104,0.0066,1.1248,0.0026,0.0524,0.0564,0.0083,"The sun was setting, casting long shadows through the garden, and I felt a prickle of unease as I noticed a movement in the bushes.  A snake, sleek and dark, slithered towards me, its scales catching the fading light.  My heart started to race, and I took a step back, trying to stay calm.  I've never been so close to a snake before, and I felt a mixture of fear and fascination. 
"
2,sadness,12,8.0,10,0.0202,0.0112,1.2012,0.0025,0.0278,0.0806,0.0087,"The silence in the house was so thick I could taste it. I sat up in bed, heart pounding, and the shadows seemed to dance in the darkness.  It was just a feeling, a strange unease, but I couldn't shake it.  I knew I was alone, but I couldn't explain why I felt so scared. 
"
2,sadness,12,8.0,11,0.0979,0.0044,0.0755,0.0053,0.0102,0.6966,0.015,"The front door clicked shut, and I was suddenly alone.  The house felt strangely quiet, like everyone was gone, and I couldn't figure out where they'd gone.  It was getting late, and the shadows seemed to stretch longer.  I wandered around, trying to find something to do, but nothing felt right. 
"
2,sadness,12,8.0,12,0.1093,0.0029,0.0066,0.0035,0.0866,0.4209,0.0044,"I was really looking forward to going to that party, but now I'm feeling drained and just don't want to go.  It's probably for the best, I'm not really in the mood for socializing.  I'm going to relax and watch a movie instead. 
"
2,sadness,12,8.0,13,0.0538,0.0066,0.0077,0.0166,0.0164,0.2495,0.0099,"It's weird how things work sometimes. I felt distant from my best friend after I started dating this guy, like I wasn't really paying attention to her anymore.  But now that it's over, she's been so kind and understanding. It's like she's been there for me, and I'm grateful for her support. 
"
2,sadness,12,8.0,14,0.0325,0.0041,0.008,0.497,0.0095,0.2863,0.1038,"My stomach twisted into knots as I looked at my phone, the reminder for the meeting flashing. I'd completely forgotten about it, and now I felt a wave of guilt wash over me. I'd promised myself I wouldn't let this happen again, but here I was, avoiding the call. I knew I needed to talk to them, to explain, but I just couldn't bring myself to do it. 
"
2,sadness,12,8.0,15,0.0331,0.0032,0.0086,0.1917,0.0278,0.574,0.0157,"I woke up feeling lazy and unmotivated, so I just stayed in bed all day.  It was so peaceful and quiet, and I didn't want to do anything.  I ended up just staring at the ceiling, feeling guilty for not helping Mom with her work.  I know I should have been more helpful, but I just wanted to sleep. 
"
2,sadness,12,8.0,16,0.0135,0.0024,0.1839,0.0031,0.9604,0.099,0.0053,"I remember the pain, the feeling of my body being stretched and squeezed, and then the silence.  When the doctor finally spoke, I was overwhelmed with relief and fear.  He was so big, so heavy, and I felt a surge of love I'd never felt before.  It was a moment of pure joy and exhaustion all at once. 
"
2,sadness,12,8.0,17,0.0156,0.0043,0.024,0.0094,0.1014,0.3335,0.0038,"I was sorting through old boxes in the attic when I found a faded envelope with a name I hadn't seen in years.  It was a letter from Sarah, a girl I used to be friends with in elementary school.  I felt a rush of nostalgia, remembering all the silly things we used to do together.  It was a strange mix of excitement and sadness, like a forgotten memory suddenly coming back to life.  I wish I could call her and talk to her about it. 
"
2,sadness,12,8.0,18,0.011,0.0015,0.1033,0.0038,0.9181,0.0385,0.0069,"I felt this weird pang of anxiety all day, like someone was judging me. I kept replaying a conversation I'd had earlier, wondering if I'd done something wrong.  Then, I saw them smiling at me, and it was like a weight lifted.  It was so strange, I felt relieved and happy all at once.  I realized they actually liked me, and it was a good feeling. 
"
2,sadness,12,8.0,19,0.0068,0.0016,0.0051,0.0008,0.6852,0.0096,0.0019,"My heart did a little flip-flop when I saw the email.  It was official, I'd been accepted into the floriculture program!  I can't believe I'm actually going to be learning about all the different types of flowers and how to make arrangements.  This is exactly what I've wanted to do for so long. 
"
2,sadness,12,8.0,20,0.0145,0.0043,0.1309,0.0084,0.1815,0.7906,0.0045,"It's been weird, honestly.  I miss them so much, but I'm also excited for them to experience new things.  It's like a mix of sadness and anticipation.  I know they'll be back, but it's hard to imagine life without them here. 
"
2,sadness,12,8.0,21,0.0268,0.012,0.9832,0.0021,0.0147,0.2291,0.0101,"The hospital room felt like a cage, the silence deafening.  It was three months of blurry days and nights, the only sound the beeping of machines.  My sister, usually so vibrant, was a ghost in a body that wouldn't move, her voice a whisper I couldn't understand.  I felt a crushing weight of helplessness, a fear I'd never known before. 
"
2,sadness,12,8.0,22,0.2923,0.006,0.0155,0.0068,0.0087,0.8521,0.0094,"I'm sitting here, staring at the acceptance letter, and it's just... disappointing.  I know I didn't put in my best effort, but I thought I had a shot.  One percent.  It's not even a real number, it's just a cruel reminder that I'm not good enough.  I'm angry, sad, and confused. 
"
2,sadness,12,8.0,23,0.0182,0.0098,0.9978,0.0015,0.0175,0.0953,0.0054,"The thought hit me like a physical blow, a sharp pang of fear that I hadn't felt in years.  It was the same feeling I had after losing my grandfather, but this time it was different, more intense, more raw.  I couldn't shake the image of them, their absence a gaping hole in my chest.  I knew I had to be strong, but the fear was a constant, gnawing presence. 
"
2,sadness,12,8.0,24,0.0533,0.0329,0.0696,0.0536,0.0323,0.0884,0.7824,"My heart was pounding as I sat in class, the words I was supposed to say jumbled in my head.  When the teacher asked the question, I blurted out the wrong answer, and everyone in the room stared at me.  I felt so embarrassed, like everyone could hear my stomach growl.  I wanted to disappear. 
"
2,sadness,12,8.0,25,0.1175,0.0883,0.6851,0.002,0.0132,0.2155,0.0153,"My stomach dropped when I saw their faces in the hallway.  They were all staring at me, and I felt my cheeks burn.  I knew I'd been saying awful things about them, things I shouldn't have said.  It felt like my whole body was freezing up, and I wanted to disappear.  I just wanted to run away. 
"
2,sadness,12,8.0,26,0.2029,0.0471,0.102,0.0125,0.0153,0.2833,0.4782,"My friend's story was so vivid, I felt like I was right there with them.  But then, all I could think was, ""What do I say?"" My brain felt like it was stuck in a loop, unable to form any coherent thoughts.  I just stared at them, feeling awkward and speechless.  It was a strange mix of wanting to respond and wanting to disappear. 
"
2,sadness,12,8.0,27,0.042,0.0186,0.0737,0.0531,0.8686,0.0487,0.326,"I was walking down the street and suddenly felt a weird pressure in my shorts. I looked down and saw a bright red stain, and I knew exactly what it was.  I felt my face flush and I couldn't stop laughing.  I'm not sure if it's embarrassing or funny, but I'm definitely going to need to change. 
"
2,shame,12,8.0,0,0.0163,0.0051,0.0252,0.0078,0.0901,0.0332,0.0226,"I was cruising down the highway, feeling pretty good about my driving, and then the car started to jerk.  My foot was on the gas, but the brake pedal felt like it was stuck.  I gripped the steering wheel, trying to stay calm, and then I realized I was going to have to pull over.  I pulled over to the shoulder, my heart pounding, and took a deep breath.  This is what it feels like to be a new driver, I thought. 
"
2,shame,12,8.0,1,0.1391,0.0171,0.0612,0.0034,0.0161,0.2073,0.0519,"""I'm going to a club tonight,"" I said, but it felt like my voice was stuck in my throat.  It was weird, because I'd been looking forward to it all day.  Then I remembered seeing that same guy from the coffee shop, the one I'd been trying to avoid, and I felt a wave of doubt wash over me.  He was right there, in the same spot, and I knew I was lying.  I just wanted to disappear. 
"
2,shame,12,8.0,2,0.661,0.0212,0.0241,0.0028,0.0049,0.3938,0.0051,"My stomach twisted into a knot as I sat across from him, the words catching in my throat.  He was being so nonchalant, like it wasn't even a big deal, but it was.  How could he just brush off the way he'd been treating me lately?  I felt hurt and angry, and I wanted to scream.  I needed to talk to him, but I also just wanted to disappear. 
"
2,shame,12,8.0,3,0.0542,0.0133,0.8186,0.001,0.0155,0.0751,0.0032,"My stomach dropped.  He's always been a good guy, but lately, it feels like I'm constantly comparing him to some impossible ideal.  It's like he's not enough, even though he's the one I want to be with.  I feel frustrated and a little bit scared.  I don't know what to do. 
"
2,shame,12,8.0,4,0.0784,0.0968,0.3008,0.0032,0.0095,0.6428,0.0069,"I can't even begin to describe the feeling. It's like a physical ache in my chest, a constant, throbbing pain.  I feel sick to my stomach, and I can't stop thinking about the awful, dark thoughts that are swirling in my head.  It's not just the loss, it's the feeling of her being so alone, so utterly lost.  I just want to scream. 
"
2,shame,12,8.0,5,0.9222,0.0191,0.003,0.0009,0.0093,0.0895,0.0063,"The show was really gripping me, and I was trying to focus on the plot, but then my brother just walked in and started munching on something from the kitchen. It was like a weird, hungry monster was taking over my brain. I wanted to yell at him to leave me alone, but I just stared at the TV, feeling a bit annoyed.  He was probably hungry, but I also wanted to be mad at him for interrupting my concentration. 
"
2,shame,12,8.0,6,0.0285,0.0136,0.0737,0.0096,0.0229,0.6922,0.0041,"My stomach dropped, a cold knot tightening in my chest.  It was like a punch to the gut, and I felt tears prickling my eyes.  I could feel the adrenaline pumping, making my heart race and my breath catch in my throat.  I tried to tell her to call the police, but my voice was stuck in my throat.  I just wanted to get home, to be safe. 
"
2,shame,12,8.0,7,0.1357,0.2133,0.0945,0.0161,0.0131,0.1182,0.571,"I felt a sudden wave of heat creep up my neck and my heart started pounding.  He was staring at me, and I felt my face flush.  I tried to look away, but his gaze was so intense, I couldn't.  I felt a wave of shame and disgust wash over me.  I quickly closed my eyes and tried to breathe, hoping he'd just go away. 
"
2,shame,12,8.0,8,0.0353,0.0144,0.9366,0.001,0.0199,0.0295,0.0044,"The car is bucking and swaying, and I can't shake the feeling that I'm going to throw up. My friend's grip on the wheel is tight, almost white-knuckled, and he's speeding through red lights.  I keep telling him to pull over, to stop, but he just keeps driving faster.  This is so wrong, so dangerous. I'm terrified. 
"
2,shame,12,8.0,9,0.0248,0.0029,0.2557,0.0024,0.6868,0.0657,0.008,"The sun was setting, casting long shadows through the overgrown roses.  I was just enjoying the quiet peace of the garden, but then I felt a prickle of unease as a snake slithered closer.  It was a dark, sleek thing, its scales catching the fading light.  My heart started to race, and I instinctively wanted to run, but I froze, rooted to the spot.  I took a deep breath and tried to focus on the beautiful flowers around me, but the snake was still there, watching me. 
"
2,shame,12,8.0,10,0.0572,0.0096,0.2797,0.0029,0.0118,0.3339,0.0158,"The silence in the house was deafening, pressing down on me like a physical weight. I sat up in bed, heart pounding, and the room felt cold.  It was just a fleeting feeling, but I could swear I heard a faint, distant sound, like a car alarm or a door creaking open.  I tried to convince myself it was just my imagination, but the feeling wouldn't go away.  I was wide awake, and I couldn't shake the feeling that something was wrong. 
"
2,shame,12,8.0,11,0.0937,0.007,0.3754,0.004,0.0129,0.3221,0.021,"The moment I stepped through the door, the silence hit me like a physical blow.  It was so quiet, I could hear my own heartbeat echoing in my ears.  Where was everyone?  Mom and Dad were supposed to be home from work, but they were nowhere to be found.  The house felt vast and empty, and the clock ticked with an unnerving speed.  I wandered around, trying to find a reason for this sudden, unsettling feeling of being alone. 
"
2,shame,12,8.0,12,0.0803,0.0048,0.0736,0.003,0.1842,0.5018,0.0138,"I was really looking forward to going to that party tonight, but now I'm feeling completely drained.  It's like a weird mix of excitement and dread, and I just don't have the energy to go.  Maybe I'll just relax and watch a movie instead.  It's a shame, because I was really excited about seeing everyone. 
"
2,shame,12,8.0,13,0.0185,0.003,0.0139,0.7617,0.0114,0.2101,0.0518,"It's weird, like a weird mix of relief and guilt.  I'm not sure why, but I feel like I owe my friend a huge apology.  It's like they're trying to reach out, but I'm just stuck in this fog of ""what if"" and ""I'm sorry.""  I know they're being kind, but it's like a reminder of how much I've neglected them. 
"
2,shame,12,8.0,14,0.1288,0.3604,0.2132,0.0027,0.0115,0.2863,0.0246,"My stomach is doing somersaults. I feel sick to my stomach and my head is pounding. I know I should call her, but I just can't bring myself to. It's like I'm being squeezed by a vice, and I can't breathe. I feel awful. I promised I'd be there, but I just can't. 
"
2,shame,12,8.0,15,0.1292,0.0107,0.011,0.0025,0.0187,0.3431,0.0037,"I woke up feeling lazy and unmotivated, and the thought of doing anything productive just wasn't there.  My bed felt like a warm, cozy cocoon, and I just wanted to stay there.  I knew I should be helping Mom with her work, but I just wanted to sleep.  It was a weird feeling, like I was being pulled in two directions, one wanting to be productive and the other wanting to just stay in bed. 
"
2,shame,12,8.0,16,0.0139,0.0033,0.053,0.0054,0.3152,0.1874,0.0035,"I remember the pain in my chest, a pressure that felt like it was going to burst.  The nurses were rushing around, but all I could focus on was the tightness in my stomach and the way my body felt so foreign.  Then, a wave of relief washed over me, followed by a feeling of pure, overwhelming love for this tiny, perfect being.  It was the most intense feeling I'd ever experienced, and I knew I was going to be a mother. 
"
2,shame,12,8.0,17,0.0123,0.003,0.0555,0.0071,0.0654,0.2305,0.0066,"My mailbox felt strangely heavy as I pulled the letter from the slot.  It was from Sarah, someone I hadn't thought about in years.  Her handwriting was familiar, a mix of childish scrawl and a faint echo of our shared laughter.  I felt a pang of nostalgia, a rush of memories flooding back to that time we were inseparable.  I had to call her, I needed to know what she was thinking. 
"
2,shame,12,8.0,18,0.0205,0.0025,0.0284,0.0274,0.1927,0.5198,0.0199,"I was walking down the street and felt this weird pang of sadness, like someone had punched me in the gut. I thought I'd done something wrong, that I'd messed up something important.  Then I saw them again, and this time, it wasn't sadness, it was a warm feeling, like sunshine.  It was a feeling of happiness, and it was so unexpected.  I realized it was just a silly thought, and I felt a little silly for letting it bother me. 
"
2,shame,12,8.0,19,0.0071,0.0021,0.0283,0.001,0.9261,0.0074,0.0018,"My stomach did a flip-flop as I read the email.  It was real, this feeling of excitement and nervousness bubbling up.  I'd been dreaming of studying floriculture for years, and now it was actually happening.  This was it, the start of something amazing.  I can't wait to dive into the world of flowers and learn everything I can. 
"
2,shame,12,8.0,20,0.014,0.0032,0.0612,0.003,0.5174,0.1487,0.0032,"It's been weird, to be honest.  I miss them like crazy, but I'm also excited for all the new things I'm discovering about myself and the world.  It's like a constant tug-of-war between wanting to be with them and wanting to explore this new place.  I'm trying to be patient, but it's hard.  I know they're happy where they are, though, and that makes me feel a little better. 
"
2,shame,12,8.0,21,0.2668,0.018,0.0312,0.0032,0.0067,0.892,0.0037,"It's been three months since the accident, and it feels like a lifetime.  The doctors say it's a miracle she's even alive, but the reality is a constant, dull ache in my chest.  She's in a wheelchair, and even simple tasks like talking or walking feel impossible.  It's like a heavy fog has settled over everything, and I just want to scream.  I miss her so much, but I also feel so angry and helpless. 
"
2,shame,12,8.0,22,0.1912,0.0077,0.0141,0.0028,0.0213,0.8591,0.0116,"I'm sitting here, staring at the acceptance letter, and it's like a punch in the gut.  It's not even the disappointment, it's the feeling of being so close, so close to achieving something I'd dreamed of for years.  One percent.  It's ridiculous, like a tiny, sharp pin pricking at my chest.  I know I'm not alone in this, that countless others have felt this sting, but it's hard to shake the feeling that I'm not good enough. 
"
2,shame,12,8.0,23,0.0207,0.0031,0.0452,0.0055,0.2196,0.7916,0.006,"It's like a phantom limb, this feeling of emptiness.  It's been a few weeks since I last saw her, and I keep expecting her to walk through the door, ready to talk.  I remember the way she used to laugh, the way her eyes would light up when she talked about her dreams.  It's a strange mix of grief and a strange sense of relief, like I'm both missing her and finally free. 
"
2,shame,12,8.0,24,0.1403,0.0799,0.0363,0.0683,0.0231,0.141,0.7964,"My stomach dropped as I sat in class, the words I'd just spoken echoing in my ears.  Everyone in the room stared at me, their eyes burning into my skin.  I felt my face flush, and my throat tightened.  I wanted to disappear, to crawl under my desk and never come out.  It was embarrassing, and I felt so stupid. 
"
2,shame,12,8.0,25,0.1867,0.0753,0.0939,0.015,0.0101,0.34,0.3684,"My stomach dropped when I saw their faces in the hallway.  They were all staring at me, and I felt like I was drowning in a sea of shame.  It felt like my words were echoing in the silence, and I wanted to disappear.  I tried to explain, but all that came out was a stammering mess.  I just wanted to run away and hide. 
"
2,shame,12,8.0,26,0.704,0.0156,0.0057,0.0013,0.0149,0.5309,0.0062,"My friend's story was really interesting, but I just felt this blankness in my head.  It was like my brain was full of static, and I couldn't form any words.  I tried to think of something to say, anything, but nothing came.  It was frustrating, like I was watching a movie without sound.  I just wanted to nod and smile, but I couldn't even manage a simple ""that's cool."" 
"
2,shame,12,8.0,27,0.0998,0.045,0.0449,0.038,0.036,0.0859,0.7953,"I was walking down the street, minding my own business, and then suddenly, I felt this weird pressure in my shorts.  I looked down and saw a bright red stain, and I felt my face flush.  I tried to act casual, but I couldn't stop thinking about how embarrassing it was.  I'm pretty sure I'm going to need to change. 
"
4,anger,12,8.0,0,0.0164,0.0053,1.1005,0.0024,0.0428,0.0583,0.007,"So, I was trying to parallel park, right?  I thought I had it down, but the car just wouldn't budge.  It felt like the brakes were stuck, and I was going to hit that lamppost!  I panicked for a second, but then I remembered what you said about easing on the brakes, and I managed to stop just in time."" 
"
4,anger,12,8.0,1,0.5122,0.0047,0.0094,0.0007,0.2539,0.0549,0.0032,"It's so frustrating, right?  I swear, I was just here yesterday, and you saw me at that coffee shop, right?  I'm telling you, I'm going to the club tonight, I'm going to be dancing all night, feeling the music, feeling alive!  You know, like I'm finally free."" 
"
4,anger,12,8.0,2,0.0951,0.0038,0.0086,0.0071,0.0036,0.1268,0.0015,"I just don't feel like you're even trying anymore, you know?  It's like you're just going through the motions, like we're just roommates, not a couple.  I need you to put in some effort, to care about me, to actually want to be with me, not just because we're stuck in this rut."" 
"
4,anger,12,8.0,3,0.0315,0.0014,0.0025,0.0015,0.0018,0.0171,0.0011,"It's like he thinks I'm expecting him to be a goddamn superhero, you know?  He's just a regular guy, with regular flaws and all.  I don't need him to be perfect, just...trying his best.  Maybe I'm being too hard on him, maybe I'm just...overthinking it."" 
"
4,anger,12,8.0,4,0.0356,0.0125,0.0561,0.0011,0.0038,0.1696,0.0092,"It's like a nightmare, you know?  I saw her, just like she was trying to hide it, and then I saw the way she tossed it in that manhole.  It's like she's trying to erase it, like it never happened.  It's so cold and empty, like she's the only one who knows what she did."" 
"
4,anger,12,8.0,5,0.0155,0.0012,0.0016,0.0002,0.1461,0.0055,0.0012,"I was totally engrossed in this documentary about ancient Roman architecture, you know, the whole marble columns and aqueducts thing, when suddenly, BAM!  My brother barges in here, like he owns the place, and starts grabbing snacks from the counter.  I swear, he's got a sixth sense for finding the best snacks, like they're hidden treasure maps or something.  I mean, I'm trying to learn about the history of the Roman Empire, and he's here, acting like he's the one who built it!"" 
"
4,anger,12,8.0,6,0.0557,0.0128,0.2149,0.0013,0.017,0.1035,0.0174,"It was dark, and I was just walking down this empty street, and suddenly, out of nowhere, he just grabbed me, shoved me, and started yelling.  I tried to fight back, but he was so strong, and then he just... he just threw me against the wall, and I don't even know what happened after that.  I'm still shaking, and I can't believe it was real."" 
"
4,anger,12,8.0,7,0.0992,0.0524,0.0428,0.0537,0.0247,0.1704,0.7298,"I was just trying to get a good read on the book, you know, escape into another world for a bit, when this guy just plops down next to me.  And then, well, I swear I saw his pants... they just... ripped right open.  I mean, it was like he was trying to show off for the whole bus, like he's the only one who matters.  I felt like I was in a bad dream, you know?  It was so weird, so... embarrassing."" 
"
4,anger,12,8.0,8,0.0491,0.0078,0.0221,0.0018,0.014,0.0214,0.0071,"I swear, I thought I was dreaming.  He was practically weaving through traffic, ignoring every red light!  And the way he was pushing the gas pedal... it was like he was trying to race the whole damn city!  I'm not sure if he's trying to win a race or something, but I'm not sure I've ever seen anyone drive like that before."" 
"
4,anger,12,8.0,9,0.0485,0.0108,0.202,0.0036,0.011,0.2275,0.0396,"The air is thick with the scent of honeysuckle, but it's all wrong, like something's watching me.  I thought I saw something move in the bushes, but it was just the wind, right?  Then I see it again, slithering closer, its scales catching the light.  My heart's pounding, like it's trying to escape my chest.  I'm frozen, staring at it, but it's just a shadow, isn't it?"" 
"
4,anger,12,8.0,10,0.0254,0.0044,0.0338,0.0023,0.0194,0.023,0.007,"The silence is so thick you could cut it with a knife, and I swear I hear my own heartbeat echoing in my ears.  I'm not sure how long I've been awake, but it feels like an eternity.  I try to remember why I'm here, why I'm suddenly so aware of every creak and groan in this house, but my mind's a fog.  It's like I'm watching a movie, but I'm the only one who's actually living it."" 
"
4,anger,12,8.0,11,0.0649,0.0052,0.0364,0.004,0.0203,0.7391,0.0118,"The door creaked open, and I thought I heard a laugh, but it was just the wind.  The house feels so quiet, like everyone's vanished into thin air.  It's almost dinner time, and I'm all alone.  I'm supposed to be meeting them for a movie, but they just... disappeared.  Maybe they're out for a walk, or maybe they're just... gone."" 
"
4,anger,12,8.0,12,0.0212,0.0008,0.0117,0.0075,0.5098,0.0639,0.0045,"I was really looking forward to that party, but something just felt off.  I don't know what it is, but I'm glad I didn't go now.  It's probably for the best, anyway.  I'll just catch up with you guys later, though, right?"" 
"
4,anger,12,8.0,13,0.0152,0.0024,0.0087,0.7141,0.0126,0.2785,0.0229,"It's like I was living in a fog, you know?  I was so caught up in that other person, I barely noticed you at all.  But then it's over, and suddenly you're the only one who matters.  You're the one who's been there the whole time, and I'm so sorry, I was a jerk."" 
"
4,anger,12,8.0,14,0.0082,0.0036,0.2542,0.0515,0.193,0.255,0.0154,"I was so excited to finally meet you, and I was really looking forward to this whole thing.  I completely spaced on the time, though, and I just... forgot.  I'm so sorry, I feel terrible.  I'll make it up to you, I promise."" 
"
4,anger,12,8.0,15,0.0991,0.0122,0.015,0.0048,0.02,0.461,0.0038,"Honestly, I was so tempted to just sleep forever.  The whole day was a blur of chores and errands, and I just couldn't handle it.  I knew Mom needed help, but I was so tired, I could barely lift a finger.  It felt like the world was a giant, heavy blanket was smothering me, and I just wanted to be tucked away in this warm, cozy bed forever."" 
"
4,anger,12,8.0,16,0.0027,0.0007,0.0122,0.001,0.1572,0.0352,0.001,"I'll never forget the look on her face when she finally held him.  It was like she'd been waiting for him for a lifetime, and all the worry just melted away.  He was bigger than I thought he'd be, you know?  Like a little mountain, all limbs and strength.  But his eyes, they were so peaceful, like he'd been waiting for this moment his whole life."" 
"
4,anger,12,8.0,17,0.0094,0.002,0.006,0.0008,0.0716,0.0214,0.0032,"I swear, I thought I'd never see that name again.  It was like a ghost from another life, a letter from Sarah, of all people, showing up on my doorstep.  I can't believe she's actually reached out after all these years.  It's like a forgotten chapter in our story, suddenly coming back to life."" 
"
4,anger,12,8.0,18,0.3288,0.438,0.0155,0.0011,0.0305,0.0361,0.0208,"I swear, I tripped over my own feet in front of everyone, spilled coffee all over myself, and then mumbled something awful about you not liking me.  I was convinced you were furious, but then you just laughed, and you said I was the only one who could make a mess like that look intentional."" 
"
4,anger,12,8.0,19,0.0054,0.0015,0.0062,0.0009,0.8211,0.0061,0.0009,"I can't believe it! I've been dreaming of studying floriculture since I was a kid, and now I'm actually going to be a part of it.  The acceptance letter felt like a dream, you know?  It's like all that hard work finally paid off.  I can't wait to learn from the best and maybe even create my own beautiful blooms someday."" 
"
4,anger,12,8.0,20,0.0561,0.0029,0.012,0.0062,0.5353,0.3719,0.0059,"It's been weird, to be honest.  It feels like a lifetime ago they packed their bags and left, but it's only been a few weeks.  I miss our late-night talks and the way they could always make me laugh, even when I was having the worst day.  But, you know, I get it.  They're chasing their dreams, and I'm happy for them."" 
"
4,anger,12,8.0,21,0.0248,0.0037,0.0744,0.0012,0.1994,0.2685,0.0078,"It's been a nightmare, honestly.  She was just out for a walk, you know, enjoying the sunshine, and then... bam!  The whole world stopped.  It's like she's a stranger now, barely even recognizing me.  The doctors say it's a miracle she's alive, but it's like she's living in another life.  It's like she's lost her voice, her whole body's gone numb."" 
"
4,anger,12,8.0,22,0.0161,0.0013,0.0101,0.0053,0.0085,0.3361,0.0018,"I poured my heart and soul into those essays, really believed I could make it, you know?  I studied every single day, but it's like the universe just didn't want me there.  One percent, that's all it was.  It's like a tiny, invisible wall, and I just... I just hit it.  I guess I'll keep trying, though.  Maybe next time, I'll be a little bit luckier."" 
"
4,anger,12,8.0,23,0.0657,0.0047,0.2195,0.0101,0.014,0.7896,0.0168,"It's like a shadow follows you, you know?  Losing Sarah was a punch to the gut, but it felt like a punch to the chest, too.  And now, I can't help but think it's happening again.  It's like the world's holding its breath, waiting for the other shoe to drop.  But I'm not sure I can handle another one, you know?  It's like I'm already carrying the weight of the world on my shoulders."" 
"
4,anger,12,8.0,24,0.6719,0.1872,0.011,0.0028,0.0217,0.2012,0.1308,"Ugh, I just blanked out completely in front of the whole class.  I was answering the question about the Roman Empire's biggest invention, and I totally mixed up the calendar system with the wheel!  Everyone was staring at me like I was a complete idiot.  My face burned so bad, I could feel my cheeks turning red."" 
"
4,anger,12,8.0,25,0.3091,0.2655,0.504,0.0017,0.0126,0.0861,0.0458,"It was like a bomb went off.  They were all whispering about me, saying I was talking about them behind their backs.  I can't believe they'd believe something so ridiculous!  I don't even know why I said those things, it was just... stupid.  I feel awful now, like I've done something terrible."" 
"
4,anger,12,8.0,26,0.0969,0.0098,0.0512,0.0022,0.0132,0.1963,0.0333,"I swear, I was right there with her, you know?  It was like the world just stopped for a second, and all I could see was her words, but my brain just went blank.  I've never felt so speechless before.  It's like my thoughts are stuck in a traffic jam, and I'm just stuck in the middle of it."" 
"
4,anger,12,8.0,27,0.2771,0.5316,0.0833,0.0035,0.0091,0.1515,0.0631,"Ugh, I was so focused on that presentation, I didn't even notice.  I swear, I tripped over a loose floorboard and... well, let's just say I wasn't expecting that to happen.  Now I'm stuck with this awful smell, and I'm pretty sure I've got a stain on my pants.  I'm going to need a whole new pair, I swear."" 
"
4,disgust,12,8.0,0,0.0163,0.0094,1.0569,0.0024,0.0355,0.0543,0.006,"I was just cruising down the street, feeling so confident, and then the car swerved. I slammed on the brakes, and I swear I thought I was going to crash. My hands were shaking, and I can't believe I didn't hit anything. I'm so scared right now, I don't even know what's happening."" 
"
4,disgust,12,8.0,1,0.0289,0.0046,0.0233,0.0041,0.0274,0.0319,0.0095,"I can't believe I'm actually saying this, but I'm going to a club.  It's like I'm seeing double, I swear.  Yesterday, I was at the park, and then I saw you, and I thought I was hallucinating.  I can't believe it's happening again.  I'm so confused."" 
"
4,disgust,12,8.0,2,0.1133,0.004,0.0471,0.0193,0.0093,0.4448,0.0135,"I can't believe he just said that!  It's like he doesn't even care about how I feel.  He's been acting so distant all day, and now he's just... I don't even know what to say.  I feel so hurt and confused.  How can I tell him how much this hurts?"" 
"
4,disgust,12,8.0,3,0.032,0.0056,0.0119,0.0024,0.0228,0.0856,0.0021,"I feel like I'm being squeezed, like a balloon about to burst.  He's always been so good at everything, so perfect, and now I can't stop thinking about how much I want him to be perfect.  It's like I'm expecting him to live up to some impossible standard, and I don't even know what it is.  I feel so overwhelmed, and I don't know what to do."" 
"
4,disgust,12,8.0,4,0.0893,0.024,0.9662,0.0049,0.0242,0.3635,0.0222,"I can't believe it. I just... I don't even know what to do. It's like my stomach is doing flips and I can't breathe. I feel sick. How could someone do this? It's like I'm seeing a horror movie, but it's real. I need to get out of here."" 
"
4,disgust,12,8.0,5,0.0219,0.0054,0.041,0.0039,0.5799,0.0302,0.0183,"I was completely engrossed in the show, but then this weird feeling hit me.  My stomach started to rumble, and I felt like I was going to laugh.  My brother just barged in, and I swear I saw him steal a bite of that amazing-looking pasta.  He's been craving that since I made it earlier, and now I'm just...confused.  I can't believe he's actually eating it."" 
"
4,disgust,12,8.0,6,0.0217,0.0077,0.357,0.0063,0.0385,0.2539,0.0284,"I can't believe it's happening. I was walking home, and I swear I saw him, just standing there, watching me.  He was so close, I could feel my heart pounding.  I tried to run, but I tripped and fell.  I just... I don't even know what happened.  I'm shaking, and I can't breathe."" 
"
4,disgust,12,8.0,7,0.0331,0.0218,0.3045,0.0607,0.0318,0.2282,0.5046,"I can't believe it, I'm so embarrassed.  My heart is pounding, and I'm trying to figure out what to do.  I'm so mortified, I can't even speak.  I'm looking around, hoping someone will notice, but I can't even focus on anything but how hot I am.  I feel like I'm going to faint."" 
"
4,disgust,12,8.0,8,0.0217,0.0145,1.0224,0.0021,0.0272,0.045,0.0053,"I can't believe I'm actually doing this, but I'm terrified.  He's speeding, and I'm not even sure I can breathe.  This isn't just a bad feeling, it's like my heart's pounding in my chest.  I'm so scared, and I don't know what to do.  I need to get out of here."" 
"
4,disgust,12,8.0,9,0.0381,0.0199,1.057,0.0019,0.0762,0.0323,0.0185,"I froze, my breath catching in my throat.  It slithered closer, its scales catching the moonlight.  My heart pounded in my chest, and I felt a chill run down my spine.  I'm not sure if I'm scared or just... amazed.  This is ridiculous, I'm just standing here, staring at a snake in my garden."" 
"
4,disgust,12,8.0,10,0.3553,0.0358,0.2051,0.0012,0.0217,0.1437,0.0384,"I woke up with a jolt, heart pounding in my chest. The room was pitch black, and I could hear my own ragged breathing.  It felt like someone was watching me, but I couldn't see anything.  I tried to call out, but all that came out was a strangled whisper.  This is ridiculous, I thought, I'm just so tired.  What's happening?"" 
"
4,disgust,12,8.0,11,0.1375,0.0089,0.1661,0.0049,0.018,0.2087,0.0259,"I burst through the door, my backpack feeling heavier than usual.  Where's everyone?  The house is so quiet, I can hear my own heartbeat.  I'm supposed to be at the library, but I can't even think straight.  It's like I'm stuck in a weird movie, and I can't figure out what's happening."" 
"
4,disgust,12,8.0,12,0.1605,0.0068,0.0855,0.0045,0.0399,0.5721,0.0154,"I was so excited to go, but then I just... I don't know. It feels weird to think about it. I'm not sure why, but I just don't want to go anymore. I feel like I'm going to be so disappointed if I go, and I don't even know why. It's like I'm already there, but I'm also not here."" 
"
4,disgust,12,8.0,13,0.0428,0.0193,0.0101,0.6016,0.0066,0.5317,0.061,"I can't believe how much I owe her. It's like she's been so kind to me, even though I was such a jerk. I was so wrapped up in him, I barely noticed anything else. I feel awful, like I've been neglecting her. I don't know what to do. I just feel so guilty."" 
"
4,disgust,12,8.0,14,0.0826,0.0412,0.0306,0.0565,0.0353,0.0864,0.8298,"I feel like my stomach is doing somersaults. I completely spaced out when I got here. I thought I had everything planned out, but I just feel so stupid. I should have called you, I can't believe I just stood here, frozen. I'm so embarrassed."" 
"
4,disgust,12,8.0,15,0.1283,0.0039,0.0223,0.0051,0.0709,0.4034,0.0055,"I woke up feeling like I could float, like I'd never felt before.  It was so peaceful, just lying here, and I didn't want to move.  I just wanted to stay in bed and not do anything.  I'm usually so good at helping Mom with her work, but I just feel so lazy.  I don't even know what to do with myself."" 
"
4,disgust,12,8.0,16,0.0149,0.0059,0.9098,0.0027,0.4489,0.1231,0.0061,"I've never felt anything like it before.  It was like my body was being ripped apart, and then this overwhelming joy filled me.  He was so small and perfect, and I was so scared.  I've never been so happy, and so terrified at the same time.  I'm still shaking, and I can't stop crying."" 
"
4,disgust,12,8.0,17,0.0073,0.0017,0.018,0.0013,0.3722,0.0359,0.0031,"My hand is shaking as I hold this letter.  It's from Sarah, of all people.  We were so close in school, we were practically inseparable.  I can't believe it's actually her handwriting, it's been years!  I feel like I'm back in that classroom, surrounded by all the memories.  I need to call her."" 
"
4,disgust,12,8.0,18,0.0232,0.0184,0.1756,0.0146,0.4585,0.2067,0.0119,"I was walking down the hallway, feeling awful. I thought I'd done something terrible, like I'd messed up something big. Then I saw you, and I felt like I was going to laugh. You looked so happy, and I just wanted to tell you how much I like you."" 
"
4,disgust,12,8.0,19,0.0065,0.0021,0.0072,0.0009,0.7757,0.0102,0.0015,"I can't believe it, I'm actually doing this.  This is the best feeling, like all the stress and doubt just melted away.  I've always loved flowers, but I never thought I could actually be this happy.  This is exactly what I've been dreaming of, I can't wait to start."" 
"
4,disgust,12,8.0,20,0.013,0.0053,0.0805,0.0049,0.502,0.2866,0.0048,"It's been crazy, honestly. I can't believe it's been two years already. I miss her so much, like a physical ache.  I feel like I'm living in a constant loop of 'what if's' and 'how could this be real?'  It's like I'm living in a dream, but I'm also so excited for her.  I can't wait to see her again."" 
"
4,disgust,12,8.0,21,0.0672,0.022,0.1859,0.002,0.0235,0.6722,0.0097,"It's like a nightmare I can't wake up from.  I can't believe it's been three months, and I still feel like I'm watching it all from a distance.  The doctors say it's a miracle she's even alive, but I can't stop thinking about how she's supposed to be in that hospital bed, and how everything feels so...wrong.  I just want to scream, but all I can do is cry."" 
"
4,disgust,12,8.0,22,0.1596,0.0055,0.0067,0.0054,0.0122,0.9294,0.0125,"I can't believe it. I just... I thought I'd done everything right.  My whole life, I've been obsessed with English, with wanting to be surrounded by words, by stories.  I worked so hard, I studied all night, and I thought I'd finally achieved something.  One percent.  It's ridiculous.  I feel like I'm drowning in disappointment."" 
"
4,disgust,12,8.0,23,0.0563,0.0532,0.627,0.0027,0.0197,0.5044,0.0203,"It's like a punch in the gut every time I think about it.  I can't believe it's happening again.  It's like I'm reliving that awful feeling, the one I had after... after she died.  I feel so numb, like I'm watching it all unfold from a distance.  I just want to scream, but I can't even breathe."" 
"
4,disgust,12,8.0,24,0.1205,0.043,0.0217,0.0826,0.0252,0.1057,0.8017,"My face burned so hot I could barely breathe. I felt like everyone was staring at me, and I just wanted to disappear. I knew I was wrong, so obviously stupid, and I just blurted out the wrong answer. I'm so embarrassed, I can't even think straight. I'm so stupid."" 
"
4,disgust,12,8.0,25,0.1938,0.1577,0.0537,0.0159,0.0325,0.1731,0.6327,"My stomach dropped. I felt like I was going to throw up.  They were laughing, but it wasn't a good laugh.  I can't believe I said those things.  I feel so stupid and ashamed.  I just want to disappear."" 
"
4,disgust,12,8.0,26,0.2093,0.1874,0.0948,0.001,0.0431,0.058,0.0994,"My brain just went blank. I've never felt this before. It's like my mouth is full of cotton, and I can't even form words. I'm just staring at you, like a deer in headlights. I've never been speechless before, it's so weird."" 
"
4,disgust,12,8.0,27,0.0657,0.0371,0.0271,0.049,0.062,0.0798,0.8154,"I can't believe this is happening. I just... I just can't believe it. I was walking down the street, and then I felt this weird pressure, like someone just shoved a giant, wet sponge in my pants. I'm so embarrassed. I'm going to be the laughingstock of the entire day."" 
"
4,fear,12,8.0,0,0.0782,0.023,0.0913,0.0037,0.0114,0.2722,0.0043,"My hands were sweating so badly, I could barely grip the steering wheel.  I was at a red light, and the car in front of me started to move.  I thought I was going to stall the car, and I felt my heart pounding.  I took a deep breath and tried to focus on the road.  I just wanted to get out of the car and run. 
"
4,fear,12,8.0,1,0.0543,0.0224,0.091,0.0687,0.0325,0.1043,0.6602,"""I'm going to a club,"" I stammered, feeling my cheeks flush. ""I saw you at the coffee shop yesterday, and I thought I'd be there again.""  I can't believe I'm actually saying this out loud.  I'm so embarrassed.  I just want to disappear.  What if I get caught? 
"
4,fear,12,8.0,2,0.0444,0.0118,0.0321,0.0336,0.0098,0.5283,0.0034,"My phone buzzed in my pocket, and I felt my heart race.  I knew I had to talk to him, but I couldn't even look at him.  He's been acting so distant lately, and I don't know what to say.  I just want him to understand how much this hurts.  I need him to know I love him, but I also need him to be honest with me. 
"
4,fear,12,8.0,3,0.0521,0.0069,0.0135,0.0044,0.0181,0.0577,0.0015,"My boyfriend just told me he's worried about meeting my expectations. I feel like I'm on edge, like I'm going to say something stupid. I don't know what to do, I just want him to be happy and feel good about himself. I wish I could just tell him everything is going to be okay. 
"
4,fear,12,8.0,4,0.0295,0.005,0.4256,0.0069,0.0088,0.4022,0.0033,"My stomach dropped. I couldn't breathe, my mind racing. I knew I had to get out of there, but I couldn't move.  I thought about calling someone, but I couldn't form a coherent sentence.  I just kept repeating, ""What if she's going to be sick?""  I needed to get to a safe place. 
"
4,fear,12,8.0,5,0.0116,0.0019,0.1808,0.0035,0.9876,0.0322,0.0065,"My heart started racing as I heard the door creak open. My brother, eyes wide, was already stuffing his face with food from the kitchen. I tried to focus on the TV, but all I could think was, ""What is he doing?"" He looked so nervous, and I couldn't help but laugh a little. I wanted to tell him to calm down, but I just stared at him, feeling a mix of amusement and anxiety. 
"
4,fear,12,8.0,6,0.0232,0.0153,1.0054,0.0016,0.0254,0.0479,0.0049,"My heart was pounding, my breath caught in my throat. I couldn't breathe, I couldn't move.  He was just standing there, staring at me, and I felt like I was going to faint.  I just kept repeating, ""Get away from me,"" over and over.  I was so scared, I couldn't even think straight. 
"
4,fear,12,8.0,7,0.0347,0.021,0.1828,0.0764,0.0301,0.1065,0.59,"My heart started racing as I felt his gaze on me. I felt my face flush and my hands clammy. I tried to look away, but his eyes were locked on me. I felt so embarrassed and I couldn't breathe. I just wanted to get off the bus. 
"
4,fear,12,8.0,8,0.0234,0.0091,0.9506,0.0021,0.0228,0.0868,0.0052,"My heart was pounding as I gripped the seat, my friend's erratic driving making my stomach churn.  The car was speeding, weaving through traffic, and I kept glancing at the road, wondering if we were going to crash.  I tried to tell him to slow down, but my voice was stuck in my throat.  He kept muttering about how he was fine, but I knew he was terrified too.  I just wanted to get home. 
"
4,fear,12,8.0,9,0.0158,0.0074,0.4605,0.0018,0.0347,0.0411,0.0147,"My heart started pounding as I saw it slither out from behind the rose bushes.  It was a small snake, but its scales were so bright green, and it was moving so fast.  I froze, unsure what to do, and just stared at it.  I wanted to run, but I couldn't move.  It was just there, coiled up, watching me. 
"
4,fear,12,8.0,10,0.0214,0.0121,0.82,0.002,0.0187,0.0781,0.0029,"My heart was pounding, my breath caught in my throat. The silence in the house was deafening, and I could hear every creak of the floorboards. I tried to calm myself, but the shadows seemed to dance around the room. I was so scared, I couldn't even move.  I just wanted to be back in my bed, safe and sound. 
"
4,fear,12,8.0,11,0.0228,0.0022,0.0107,0.0017,0.0098,0.0194,0.0015,"The front door clicked shut behind me, and the silence hit me like a physical blow.  Where was everyone?  My parents?  My siblings?  I scanned the living room, the TV still on from the movie we were watching earlier.  I felt a cold sweat break out on my skin, and I couldn't stop pacing.  I just wanted to know where they were, what was happening. 
"
4,fear,12,8.0,12,0.1005,0.0132,0.1065,0.0026,0.016,0.232,0.0055,"My stomach was doing flips all morning. I'd been dreading this event all week, but now I'm actually dreading it even more. I keep thinking about what people will think if I don't go. I just want to be home, curled up in my bed. I know I should just go, but I can't seem to get myself to move. 
"
4,fear,12,8.0,13,0.0217,0.0025,0.0088,0.0096,0.0426,0.1321,0.0096,"I can't believe it's been a week since it all ended. I was so caught up in everything with [partner's name], I barely even noticed my best friend.  Now, I feel like I can't stop thinking about how nice she's been to me. I'm so grateful for her support, even though I don't know what to do with all of this. 
"
4,fear,12,8.0,14,0.0794,0.0178,0.0761,0.0039,0.0191,0.4251,0.0065,"My stomach was doing somersaults as I stared at my phone.  I'd completely forgotten about the meeting, and now I was sweating and feeling like I was going to be sick.  I'd agreed to meet with her at the coffee shop, and I'd even double-checked the time.  I just wanted to disappear. 
"
4,fear,12,8.0,15,0.0085,0.0024,0.0158,0.001,0.72,0.0096,0.002,"My stomach was doing flips all morning. I knew I should be helping Mom with her work, but I just wanted to stay in bed.  I imagined all the things I could do if I didn't have to do anything.  Finally, I got up and made myself a cup of tea, and then I realized I was actually kind of excited to see what the day would bring. 
"
4,fear,12,8.0,16,0.0149,0.0063,0.743,0.0094,0.123,0.6394,0.0079,"My breath hitched as the doctor said, ""It's a girl.""  My heart pounded in my chest, and I felt a wave of relief wash over me.  She was so small, so fragile, and I couldn't stop crying.  I was so overwhelmed with love and fear all at once. 
"
4,fear,12,8.0,17,0.0215,0.0045,0.0287,0.0114,0.3785,0.1244,0.0556,"My hand shook as I opened the envelope.  It was from Sarah, someone I hadn't spoken to in years.  I remembered our shared laughter and the awkward moments we had in middle school.  I reread the letter, trying to make sense of the words.  It felt like a time capsule, bringing back all the memories of that time. 
"
4,fear,12,8.0,18,0.0137,0.0019,0.0165,0.0083,0.7597,0.035,0.0118,"My heart was pounding as I walked into the meeting. I thought I'd done something wrong, but then I saw their smile and realized it was just a misunderstanding.  I felt so relieved, and I couldn't stop smiling.  I was so glad they liked me, and I felt like I could finally breathe. 
"
4,fear,12,8.0,19,0.0064,0.0013,0.0044,0.0005,0.7118,0.0088,0.001,"My heart was pounding as I read the email.  I'd been waiting for this moment for months, and now it was finally happening.  I'd been accepted into the floriculture program, the thing I'd dreamed of since I was a kid.  I can't believe I'm actually going to be studying this, learning all about flowers and how to make them beautiful.  This is the best feeling ever. 
"
4,fear,12,8.0,20,0.0117,0.0036,0.027,0.0549,0.0172,0.9251,0.0015,"My best friend moved abroad two years ago, and it's been the longest two years of my life. I miss her so much, and I can't stop thinking about her. I try to stay in touch, but it's hard to explain how much I miss her. I just hope she's doing okay. 
"
4,fear,12,8.0,21,0.0194,0.014,0.9434,0.002,0.0215,0.2085,0.0091,"The accident was a blur, the screech of brakes, the smell of metal, and then... nothing.  When I woke up, I was in the hospital, my sister was there, pale and still.  The doctors said she was in a coma, and the next three months were a terrifying, silent blur.  I couldn't even speak, let alone think straight.  It felt like my whole world had been turned upside down. 
"
4,fear,12,8.0,22,0.0231,0.0081,0.9215,0.0022,0.0136,0.175,0.0045,"My stomach dropped as I stared at the email.  One percent. That's all it was, a single percentage point that felt like a mountain.  I'd worked so hard for this, pouring over applications and studying for weeks.  I felt like I'd failed, like I'd let everyone down.  I just wanted to call my parents and tell them I was so scared. 
"
4,fear,12,8.0,23,0.0206,0.0039,0.2459,0.0175,0.0211,0.9957,0.0058,"My heart feels like it's trapped in my chest.  It's been a week since I saw her, and I keep replaying the conversation we had.  I can't stop thinking about what if, what if she's not okay.  I miss her so much, and I don't know what to do. 
"
4,fear,12,8.0,24,0.019,0.0057,0.7464,0.0039,0.4359,0.1013,0.014,"My heart was pounding as I sat in class, the words stuck in my throat. I knew I was wrong, but I couldn't stop the panic from rising. Everyone in the room was staring at me, and I felt like I was going to faint. I blurted out the wrong answer, and the whole class erupted in laughter. I wanted to disappear. 
"
4,fear,12,8.0,25,0.0625,0.0917,0.1346,0.0429,0.0229,0.0986,0.6839,"My stomach dropped when I saw their faces.  They were whispering and I felt like I was going to faint.  I knew I had been saying awful things about them, and I couldn't stop the words from coming out.  I wanted to disappear and run away.  I felt so embarrassed and ashamed. 
"
4,fear,12,8.0,26,0.0902,0.0655,0.0542,0.0536,0.0184,0.1617,0.7999,"My friend's story was so captivating, I felt like I was right there with them.  My brain just went blank, and I couldn't find the words to respond.  I just stared at them, hoping they'd finish the story.  I felt so awkward and embarrassed, like I was about to say something stupid.  I just wanted to disappear. 
"
4,fear,12,8.0,27,0.0318,0.0151,0.7731,0.0085,0.0388,0.3044,0.0499,"My heart started racing as I realized what had happened. I felt my legs go numb, and I could feel the warmth spreading through my stomach. I looked down at my shorts, and I knew I had to get out of there. I was mortified.  I just wanted to disappear. 
"
4,guilt,12,8.0,0,0.0348,0.0069,0.5877,0.003,0.0176,0.2684,0.009,"The car lurched forward, and I slammed on the brakes, the tires screeching.  My hands were shaking, my heart pounding.  I'd been so focused on the road, on getting it right, and now I felt like I was going to lose control.  I took a deep breath, trying to steady myself, and I knew I had to get back in the driver's seat and try again. 
"
4,guilt,12,8.0,1,0.0766,0.0042,0.0152,0.0016,0.0038,0.1679,0.0054,"""I'm going to the club tonight,"" I said, but my voice sounded hollow.  He looked at me, his eyes filled with that same doubt, the same disbelief.  How could I explain that I wasn't the same person, that I was trying to be someone I wasn't?  He saw me, the girl who was supposed to be happy, the girl who was supposed to be with him, and I just wanted to disappear. 
"
4,guilt,12,8.0,2,0.0343,0.0038,0.0019,0.0015,0.0076,0.1229,0.0013,"My voice cracked as I said it, ""You never listen to me.""  His eyes darted around the room, and I felt the familiar sting of his silence.  He'd always been so good at making me feel like I was the problem, like I was the one who needed to change.  I just wanted him to understand, to see me, but all I got was a cold, empty space where his words should have been. 
"
4,guilt,12,8.0,3,0.1304,0.016,0.0198,0.0027,0.0054,0.6475,0.0056,"His words hung in the air, a heavy weight I couldn't shake.  He said he couldn't live up to the expectations I had for him, that I was too demanding, too critical.  It felt like a punch to the gut, like I'd been holding my breath for years, waiting for him to finally say it.  I wanted to scream, to tell him I didn't know what I wanted, but all I could do was cry. 
"
4,guilt,12,8.0,4,0.3649,0.3228,0.0708,0.0018,0.0064,0.2346,0.0279,"The news hit me like a punch to the gut.  I can't even begin to understand how someone could do something so awful, so selfish.  I feel sick to my stomach, like I'm going to vomit.  How could they just throw it away?  It's not fair, it's not right. 
"
4,guilt,12,8.0,5,0.1119,0.0075,0.0052,0.0005,0.0123,0.0398,0.0046,"The show was so captivating, I barely noticed him coming in.  He was already in the kitchen, grabbing a handful of chips and munching, oblivious to my focus.  It was like he was a ghost, stealing my attention and my peace.  I wanted to yell at him, to tell him to stop, but I just sat there, frozen.  It was like he was a stranger, a monster in my own home. 
"
4,guilt,12,8.0,6,0.1632,0.0165,0.1488,0.0088,0.0147,0.9372,0.0102,"My heart feels like it's pounding in my chest, a frantic drum against my ribs.  He was just a kid, barely old enough to be a man, but his eyes were cold and hard, and his touch was like a fist.  I can't stop the tears, the hot, stinging ones that burn my eyes.  How could he do this? How could he be so cruel? 
"
4,guilt,12,8.0,7,0.0967,0.0768,0.1278,0.0145,0.014,0.547,0.0738,"My heart started racing, my face burning hot. I tried to look away, but his eyes were locked on me, and I felt like I was drowning in shame. I wanted to scream, to tell him to stop, but all I could do was stare at the floor, wishing I could disappear.  I felt sick, like I was going to throw up. 
"
4,guilt,12,8.0,8,0.0334,0.0198,0.932,0.0011,0.0147,0.0466,0.0048,"The roar of the engine, the smell of stale beer, it all hit me like a wall.  He was weaving, his eyes glazed over, and the road seemed to stretch forever.  I wanted to scream, to tell him to stop, but my voice was stuck in my throat.  This wasn't him, this wasn't the friend I knew.  I was terrified, and I knew I had to get out. 
"
4,guilt,12,8.0,9,0.0137,0.0116,0.969,0.0019,0.0262,0.0728,0.0067,"The air hung heavy with the scent of honeysuckle, and I was lost in the quiet of the garden. Then I saw it, a flash of movement, a sinuous coil slithering towards me. My heart hammered in my chest, a primal fear gripping me. I froze, paralyzed, as it drew closer, its scales catching the fading light.  
"
4,guilt,12,8.0,10,0.0528,0.012,0.1076,0.0031,0.0079,0.7467,0.0095,"The silence was deafening, pressing down on me like a physical weight. I could hear my own ragged breaths, each one a tiny explosion in the stillness.  I tried to remember if I'd fallen asleep, if I'd been dreaming, but the darkness was too thick, too suffocating.  I was alone, and the only sound was the steady thump of my heart, a drumbeat in the quiet. 
"
4,guilt,12,8.0,11,0.1041,0.0052,0.0501,0.0066,0.0058,0.7113,0.0109,"The front door clicked shut, and the silence hit me like a physical blow.  I was alone, the house echoing with the emptiness of everyone else's absence.  Where did they go?  Why did they leave me here, with nothing but the ticking of the clock and the dust motes dancing in the fading light?  It was getting dark, and the shadows stretched long and cold. 
"
4,guilt,12,8.0,12,0.0245,0.0033,0.02,0.2755,0.0216,0.4978,0.0305,"I was so excited to go, but then I realized I just wasn't ready.  It felt like a betrayal to everyone, but I knew I couldn't go.  I'm so sorry, I just can't.  I wish I could be there, but I'm not. 
"
4,guilt,12,8.0,13,0.0288,0.0037,0.0039,0.537,0.0089,0.537,0.0203,"I thought I could handle it, that I could be happy with him and still be a good friend. But I wasn't. I pushed her away, and when it ended, I felt so guilty. Now she's being kind, but it's like a distant echo, a reminder of what I did. I don't deserve her kindness. 
"
4,guilt,12,8.0,14,0.0209,0.0094,0.7509,0.0204,0.0096,0.3439,0.019,"My stomach twisted into a knot as I saw her name pop up on my phone.  I'd promised to meet her, to finally tell her how I felt, but I'd been so scared, so afraid of disappointing her.  I'd made excuses, told her I was sick, but it was all a lie.  Now, the guilt was a heavy weight, crushing me.  I should have been there, but I wasn't. 
"
4,guilt,12,8.0,15,0.0656,0.0125,0.0067,0.0064,0.0097,0.2674,0.0033,"The sun streamed through the window, making the dust motes dance. I knew I should be helping Mom, but I just wanted to stay in bed, wrapped in the warmth of the blankets.  It felt like I was letting her down, like I was a bad daughter.  I wanted to be useful, to do something, anything, to make it all better.  But all I could do was lie here, wishing I could just disappear. 
"
4,guilt,12,8.0,16,0.0148,0.004,0.0045,0.0015,0.1136,0.0492,0.0016,"The doctor's words echoed in my ears, ""He's big, he's strong, he's perfect.""  But perfect felt like a cruel joke, a weight pressing down on me.  He cried, a piercing wail that ripped through the sterile room, and I felt a surge of love so intense it threatened to drown me.  He was beautiful, a tiny, perfect miracle, and I knew I would never be the same. 
"
4,guilt,12,8.0,17,0.0264,0.0037,0.1003,0.0064,0.0112,0.4885,0.0064,"The envelope was thin and crinkled, the handwriting on the front a familiar scrawl.  My heart hammered in my chest as I opened it, the words ""I've been thinking about you"" echoing in my ears.  It was Sarah, the girl I'd sworn I'd never see again.  How could she be here, after all these years?  I wanted to reach out, to tell her everything, but the letter just sat there, a silent reminder of a past I couldn't escape. 
"
4,guilt,12,8.0,18,0.0613,0.0092,0.4219,0.0016,0.0304,0.2264,0.0091,"My heart hammered in my chest, convinced I'd done something terrible.  I'd been so sure they were angry, but then they smiled, and the words ""I'm glad you're here"" spilled out of their mouth.  It was a lie, a cruel trick my mind played, and I wanted to disappear.  But their smile was real, and I knew I was wrong. 
"
4,guilt,12,8.0,19,0.0067,0.0028,0.1662,0.0013,0.7334,0.0118,0.0027,"My hands trembled as I opened the acceptance letter, the words blurring as I read them.  Floriculture, the one thing I'd dreamed of since I was a little girl, was finally real.  I could finally learn everything I'd ever wanted to know about flowers, about the way they grew and bloomed.  This was my chance, my opportunity to make my passion a career.  I was scared, excited, and ready to start. 
"
4,guilt,12,8.0,20,0.0169,0.0044,0.0147,0.0118,0.0356,0.5573,0.0021,"It feels like a lifetime ago that she left. Two years, a whole lifetime, and I still feel like I'm waiting for her to come back.  I miss her laughter, her stories, the way she used to make me feel like I could do anything.  I try to be strong, but sometimes I just want to reach out and tell her everything.  Maybe someday she'll come back, and we can finally be whole again. 
"
4,guilt,12,8.0,21,0.0543,0.0094,0.0204,0.0043,0.0066,0.8499,0.0052,"The doctors said it was a miracle she woke up, but the world felt blurry, like everything was out of focus.  She couldn't even speak, just a silent scream trapped in her throat.  Every movement felt like a foreign language, a constant ache in my chest.  I wanted to hold her, to tell her everything would be okay, but the words wouldn't come.  It felt like a lifetime of silence, a lifetime of waiting. 
"
4,guilt,12,8.0,22,0.2578,0.0103,0.0042,0.0038,0.0328,0.596,0.0119,"The rejection letter felt like a physical blow.  One percent. That tiny number, a cruel joke that mocked my efforts.  I poured over my grades, searching for a reason, a flaw I could fix.  But it was just a number, a barrier I couldn't climb.  I'd dreamt of studying English, of becoming a writer, but now it felt like a distant, impossible dream. 
"
4,guilt,12,8.0,23,0.0159,0.0046,0.2847,0.0335,0.0132,0.7755,0.0093,"The thought of losing someone, anyone, was a constant shadow.  It was like a cold, heavy weight that settled in my chest whenever I saw them laugh, or heard their voice.  I'd lost Sarah, and the guilt of it was a constant ache, a reminder that I hadn't been enough.  Now, I was terrified of losing them, of repeating the pain, of never being able to fill the void she left behind. 
"
4,guilt,12,8.0,24,0.1796,0.0169,0.0456,0.0066,0.0055,0.662,0.052,"My hand shook as I tried to answer the question, but my words came out wrong. Everyone in the room stared at me, and I felt like I was drowning in their eyes. I knew I was wrong, but I couldn't even whisper the right answer.  The teacher's voice echoed in my ears, and I wanted to disappear. 
"
4,guilt,12,8.0,25,0.1076,0.0055,0.0086,0.0076,0.0061,1.0841,0.0048,"My stomach twisted into knots when I saw their faces, their eyes filled with hurt and anger.  They'd heard me, the words I'd whispered, the things I'd said about them.  I wanted to disappear, to disappear into the ground, to erase everything I'd said.  Now, I'm left with the weight of their disappointment, the knowledge that I'd broken something precious. 
"
4,guilt,12,8.0,26,0.2858,0.0209,0.006,0.0097,0.009,0.4178,0.0085,"My brain felt like a sponge, soaking up every word of her story, but when it was my turn to respond, nothing came out. I just stared at her, feeling like a complete idiot.  I wanted to say something, anything, but all I could manage was a blank, hollow silence.  I wish I could have told her how much I cared, how much I wanted to understand, but all I could do was watch her smile and hope she didn't notice the emptiness in my eyes. 
"
4,guilt,12,8.0,27,0.0711,0.047,0.0523,0.0572,0.0385,0.1185,0.7171,"I was walking home from the park, feeling happy and carefree, and then I felt it. A wet, sticky feeling spreading through my shorts. I looked down and saw it, the stain, the evidence of what I had done. I felt sick, embarrassed, and ashamed. I just wanted to disappear. 
"
4,joy,12,8.0,0,0.0181,0.006,1.0084,0.0019,0.072,0.0576,0.009,"I was so focused on getting the clutch right, I didn't even notice the car slowing down.  I thought I was doing it perfectly, but then it just... stopped.  I panicked, I didn't know what to do!  Mr. Johnson just kept saying, 'Just breathe, Sarah, you're doing great!'  I think I just froze up.  
"
4,joy,12,8.0,1,0.012,0.0017,0.0066,0.001,0.0122,0.0094,0.0029,"I told you I was going to the art exhibit, right?  You looked so sure I was just going to be at that cafe, like you saw me there yesterday.  I swear, I was just grabbing a coffee, I didn't even think...""  
"
4,joy,12,8.0,2,0.2003,0.0047,0.036,0.0162,0.0041,0.7208,0.0071,"I just don't understand why he doesn't even try to listen!  He just dismisses everything I say, like it's not important.  It makes me feel so unheard, like I'm just a burden.  I need him to care about what I'm feeling, you know?  It's like he doesn't even see me anymore. 
"
4,joy,12,8.0,3,0.0195,0.0025,0.0176,0.0034,0.0301,0.0574,0.0029,"I was so surprised when he said that, I thought I was being so clear about what I wanted.  I just want him to be happy, to be the best version of himself, but I guess I'm putting so much pressure on him.  It's like I'm expecting him to be perfect, and I don't even know if that's fair.  I just want to be there for him, you know?  Maybe I need to stop focusing on what I want and just let him be himself. 
"
4,joy,12,8.0,4,0.5293,0.0389,0.0086,0.0035,0.0066,0.2665,0.0092,"I can't believe it, I saw it all.  The way she just... threw it away.  It was so careless, so... disrespectful.  I just wanted to scream, to tell her it's not right.  I can't imagine what she must be feeling, but I wish she'd just... talked to someone.  It's like she's trying to hide it, like it's nothing. 
"
4,joy,12,8.0,5,0.0449,0.0021,0.0019,0.0002,0.0391,0.016,0.0018,"I was so engrossed in this documentary about ancient Rome, and I was just about to learn about the gladiators... then bam! My brother just barges in, grabbing a sandwich! I told him to wait, but he just starts munching away. It's like he doesn't care about anything else."" 
"
4,joy,12,8.0,6,0.0243,0.0127,0.7371,0.0024,0.0199,0.0736,0.0041,"I can't believe it happened, I was just walking home and he just... grabbed me! I thought I was going to be okay, but then he... he just pushed me. I just wanted to get home, but I was so scared. I just wish I could have done something, I just froze. 
"
4,joy,12,8.0,7,0.0415,0.0235,0.2684,0.0565,0.0264,0.238,0.5215,"I was just trying to read, but I couldn't focus.  He just sat down, and then... I couldn't believe it.  His whole leg was out, and I felt so embarrassed.  I just wanted to disappear.  I hope he doesn't think I'm staring, I'm so mortified. 
"
4,joy,12,8.0,8,0.0099,0.0042,0.8643,0.0033,0.0818,0.0474,0.0025,"I was so focused on the game, I didn't even notice how late it was.  Then, he just... swerved!  He was going so fast, and I thought he was going to hit that car!  I was scared, I just wanted to get home.  I'm glad we made it, though.  I hope he's okay..."" 
"
4,joy,12,8.0,9,0.01,0.0073,0.7847,0.0018,0.2263,0.0372,0.005,"I was just admiring the sunset, and then I saw it! This sleek, green snake slithering towards me. I froze, my heart pounding, but it just kept moving, like it didn't even see me. I'm so glad I didn't make a sound, I was terrified.  It was so beautiful, though, with its scales shimmering in the light. 
"
4,joy,12,8.0,10,0.0379,0.0036,0.0472,0.0201,0.0128,0.2146,0.012,"I swear I heard a noise, like a creak, and I just jolted awake.  The whole house is quiet, though, and I'm so confused.  I thought I must have imagined it, but then I see the moonlight... it's just pouring through the window.  I feel so alone in this big room, even though everyone else is sleeping."" 
"
4,joy,12,8.0,11,0.0403,0.0067,0.052,0.0146,0.0126,0.76,0.0065,"I got home, and the house was so quiet.  Mom and Dad were gone, and I thought maybe they went out for dinner, but... there's no note, no food left.  It's getting dark, and I'm just sitting here, wondering where they could have gone.  I feel so alone.  I wish I knew what happened. 
"
4,joy,12,8.0,12,0.0107,0.0017,0.0145,0.0012,0.66,0.0132,0.0042,"I was so excited to go, but something just felt off. I kept thinking about how much I wanted to be there, but then I realized I'd rather just stay in and relax. I'm glad I listened to my gut, though. It's nice to have a night to myself."" 
"
4,joy,12,8.0,13,0.0201,0.0026,0.0194,0.0919,0.014,0.6946,0.015,"I was so caught up in that relationship, I barely noticed you anymore. I was so focused on him, I forgot about our plans and everything we used to do.  Then, when it ended, you were so kind, like you were worried about me. I feel so bad for letting you down, I didn't even realize..."" 
"
4,joy,12,8.0,14,0.0089,0.0032,0.1788,0.1206,0.0793,0.2696,0.0332,"I was so excited to finally meet you, but I completely spaced on the time. I'm so sorry, I should have remembered. I was just so focused on getting everything done, I completely forgot. I feel terrible, I should have called to let you know."" 
"
4,joy,12,8.0,15,0.0578,0.0037,0.0129,0.0085,0.1299,0.3457,0.0037,"I just wanted to sleep in, you know?  The whole day was so boring, I just wanted to stay cozy in bed.  I know I should have helped Mom with the laundry, but I just couldn't get up.  It was so peaceful, I almost fell asleep!  I'm so glad I didn't have to do anything, though. 
"
4,joy,12,8.0,16,0.0076,0.0023,0.0049,0.0016,0.0384,0.0308,0.0006,"I'll never forget the look on everyone's face when he finally came out, so tiny and perfect.  It was so intense, the whole thing, the doctor's worried face, then his little cry... I just wanted to hold him, to make sure he was okay.  He was so strong, even after all that, and I knew he was going to be amazing. 
"
4,joy,12,8.0,17,0.0056,0.0019,0.0052,0.0008,0.2005,0.0056,0.001,"I couldn't believe it when I opened the envelope!  It was from Sarah, remember how we used to share secrets in the library?  She wrote about her new life in Paris, it's so different from what we imagined back then.  I almost didn't recognize her handwriting, it's so elegant now.  I can't wait to hear more about it, I'm so curious about her adventures. 
"
4,joy,12,8.0,18,0.0187,0.0016,0.2286,0.0066,0.6788,0.0562,0.0081,"I was so worried I'd messed up something, I could feel my face burning.  I thought I'd done something wrong, but then they just smiled at me, and I realized I was overthinking it.  They were so happy to see me, and I felt so relieved.  It's crazy how sometimes we just jump to conclusions, right? 
"
4,joy,12,8.0,19,0.0063,0.0021,0.0051,0.0007,0.8727,0.0051,0.001,"I can't believe it! I've been dreaming of studying floriculture for so long, and now I actually got accepted. I'm going to learn everything about flowers, the colors and shapes, the way they grow... I can't wait to be surrounded by them all the time. It's like a dream come true. 
"
4,joy,12,8.0,20,0.0263,0.0074,0.0294,0.0344,0.0198,0.8633,0.0034,"It was so weird, just seeing them disappear across the ocean.  I thought we'd be together every day, but now it's just... silence.  I miss their stories, their laugh, everything.  I hope they're having adventures, though.  Maybe I'll even get to visit them someday! 
"
4,joy,12,8.0,21,0.0232,0.0088,0.0185,0.0061,0.0148,0.2841,0.0019,"It was like a nightmare, waiting for her to wake up.  Three months, I just hoped she'd be okay.  Then the doctors said she'd never walk again, talk properly... it felt like my whole world just crumbled.  I just want to hold her again, to hear her laugh, to know she's still here. 
"
4,joy,12,8.0,22,0.0954,0.005,0.0161,0.0087,0.0062,0.5066,0.0041,"I was so sure I'd get in, I practically dreamt about it.  I studied so hard, and then... one percent. It's just so unfair, I feel like I wasted all that time.  I'm going to keep trying, though, I can't give up. Maybe I'll find a different program, something that fits me better.  It's not the end, right?  There's so much more out there.  
"
4,joy,12,8.0,23,0.0185,0.0051,0.437,0.0089,0.0338,0.696,0.0049,"It feels like a lifetime ago, the way I thought I'd never lose someone like... like Mr. Johnson. He was so kind, always had a smile for everyone.  And then, just like that, he was gone.  Now, I can't help but worry about losing someone I love, someone I know I can count on.  It's like a shadow of fear, always lurking in the back of my mind. 
"
4,joy,12,8.0,24,0.0454,0.0129,0.1572,0.094,0.0314,0.1536,0.4854,"I was so nervous, I blanked out! I knew the answer was right there in front of me, but I just... froze. Everyone was staring at me, and I just blurted out the wrong thing. I feel so embarrassed, I wish I could go back and just say the right answer."" 
"
4,joy,12,8.0,25,0.3199,0.0889,0.066,0.0254,0.0118,0.2943,0.3558,"I can't believe they told everyone! I was so embarrassed, I just wanted to disappear.  They were all whispering about me, saying I was so mean. I feel awful, I didn't mean anything by it, I was just frustrated.  I wish I could take it back. 
"
4,joy,12,8.0,26,0.2707,0.0551,0.0329,0.0271,0.0171,0.4577,0.1108,"I was so caught up in what she was saying, I just... blanked.  I wanted to say something, anything, but my brain just went blank.  I felt so awkward, like I was standing there with nothing to say.  I wish I had something clever to respond, something witty or funny...  I just stared at my hands, feeling so stupid. 
"
4,joy,12,8.0,27,0.0746,0.0323,0.0221,0.0788,0.0325,0.1091,0.8097,"I was so focused on that presentation, I didn't even notice I tripped! I just thought I'd get a little bit of mud on my shoes, but then... it was all over! I'm so embarrassed, I can't even look at myself in the mirror. I'm going to have to get a new pair of shorts, I can't wear this one anymore."" 
"
4,sadness,12,8.0,0,0.0134,0.0067,1.0539,0.0037,0.0295,0.2639,0.006,"The car lurched forward, and I slammed on the brakes, my heart pounding.  I'd forgotten to check the gear, and now I was going too fast, too fast for the empty street.  My hands were shaking, and I felt tears prickling my eyes.  I knew I was going to be okay, but I couldn't stop the fear from gripping me. 
"
4,sadness,12,8.0,1,0.0555,0.0018,0.0165,0.0008,0.0251,0.0692,0.0029,"""I'm going to the club tonight,"" I said, but my voice sounded shaky.  He just stared at me, his eyes filled with that same disbelief from yesterday.  How could he not see it was different?  This wasn't the same place, this wasn't the same me.  I wanted to scream, to tell him I was trying, I was trying to be happy again. 
"
4,sadness,12,8.0,2,0.1538,0.0068,0.028,0.0094,0.0057,0.7633,0.0041,"My voice cracked as I said it, ""You never listen to me, do you?""  He just shrugged, his eyes glazed over.  It was like he was miles away, and I felt so alone.  How could I be so stupid to think we could fix this?  I just wanted him to care, to actually see me. 
"
4,sadness,12,8.0,3,0.0289,0.0067,0.0035,0.0014,0.0181,0.0669,0.0012,"His words hit me like a physical blow, a sharp, cold feeling in my chest.  He's always been good, always been there, but now it's like I'm seeing him for the first time, a stranger with a million expectations I can't even name.  I want to scream, to tell him to just be himself, but all I can do is feel this crushing weight of wanting him to be perfect. 
"
4,sadness,12,8.0,4,0.1817,0.0421,0.1324,0.0038,0.0059,0.7664,0.0129,"The image of her face, contorted in pain, flashed in my mind.  I couldn't breathe, couldn't process anything but the sickening feeling of her betrayal.  How could she do this, throw away a life like it was garbage?  I wanted to scream, to tell her to stop, but all I could do was stare at the manhole, the stench of her secret clinging to the air. 
"
4,sadness,12,8.0,5,0.7515,0.0229,0.0047,0.0009,0.0189,0.1441,0.0052,"The show was so captivating, I barely noticed the door creaking open.  My brother, with his sticky fingers, was reaching for the food I'd been saving for later.  It was like he was trying to steal my happiness, my quiet moment.  I wanted to yell at him, to tell him to leave me alone.  But all I could do was watch him eat, feeling a pang of jealousy and anger. 
"
4,sadness,12,8.0,6,0.0342,0.0101,0.0187,0.0027,0.0136,0.1,0.002,"My heart hammered in my chest, the world spinning as I tried to process what he'd done.  He was just a kid, but his eyes were cold and hard, and his touch lingered on my skin like a brand.  I wanted to scream, to run, but my legs wouldn't move.  I just wanted to be safe, to be anywhere but here. 
"
4,sadness,12,8.0,7,0.3318,0.195,0.0479,0.0052,0.0083,0.3251,0.324,"My heart started racing, my face burning hot.  He was just sitting there, completely naked, and I felt like everyone in the bus was staring.  I wanted to scream, to tell him to stop, but I couldn't.  I just wanted to disappear.  This was so wrong, so humiliating. 
"
4,sadness,12,8.0,8,0.0541,0.0124,0.6488,0.0012,0.0084,0.1798,0.0069,"The roar of the engine was deafening, and my stomach twisted with a cold dread.  He was weaving through traffic, ignoring the red lights, and I could feel my heart pounding in my chest.  This wasn't him, this wasn't the friend I knew.  I wanted to scream, to pull over and make him stop, but I was frozen, trapped in the car with him. 
"
4,sadness,12,8.0,9,0.0134,0.009,1.0282,0.002,0.0307,0.0656,0.0063,"The air hung heavy with the scent of honeysuckle, and I was lost in the quiet of the garden.  Then I saw it, a flash of movement, a slithering shadow, and my heart started to pound.  It was a snake, its scales glinting in the fading light, and I felt a primal fear grip me.  I wanted to run, to scream, but my legs were rooted to the spot.  It was just a snake, I told myself, just a harmless creature, and I took a deep breath, trying to calm the panic. 
"
4,sadness,12,8.0,10,0.0518,0.0102,0.6697,0.002,0.0139,0.1433,0.0146,"The silence was deafening, pressing down on me like a physical weight. I could hear my own ragged breaths, each one a tiny explosion in the stillness.  I tried to remember why I was here, why I was awake, but my mind was a fog.  I knew I should be asleep, but I couldn't shut off the feeling of dread that was crawling up my throat. 
"
4,sadness,12,8.0,11,0.0868,0.0044,0.0511,0.0089,0.0066,0.814,0.01,"The front door clicked shut, and the silence hit me like a physical blow.  I was alone, the house echoing with the emptiness of everyone else being gone.  It was late, the sun sinking below the horizon, and the shadows stretched long and thin.  Where were they?  Why couldn't I understand? 
"
4,sadness,12,8.0,12,0.1046,0.0045,0.0118,0.0053,0.0821,0.6547,0.0098,"My stomach twisted into knots all morning. I'd been looking forward to this all week, but now I just felt sick.  I knew I shouldn't go, but I couldn't shake the feeling that I'd be disappointing everyone.  I called my friend, and she just laughed, telling me to be brave.  I hung up and finally, I knew I had to be honest with myself.  I didn't want to go. 
"
4,sadness,12,8.0,13,0.0272,0.0054,0.0139,0.5535,0.0096,0.5477,0.0236,"It's like a punch in the gut, the way they're suddenly so nice.  I thought I'd always been the one who was the bad guy, the one who pushed them away.  But now, all I can feel is this guilt, like I'm the one who deserves it.  I wish I could just tell them I'm sorry, but I don't know if they'll ever forgive me. 
"
4,sadness,12,8.0,14,0.4291,0.0283,0.0539,0.0058,0.0029,0.372,0.0335,"My stomach twisted into a knot as I stared at my phone, the message flashing ""Where are you?"" again and again.  I'd promised to meet her, to tell her how I felt, but I'd vanished.  It was stupid, cowardly, and I knew I'd never forgive myself.  I should have just been honest, told her I wasn't ready. 
"
4,sadness,12,8.0,15,0.0841,0.0081,0.0066,0.0055,0.0313,0.2269,0.0026,"The sun streamed through the window, making the room feel warm and fuzzy. I just wanted to stay here, curled up in my blankets, and pretend it was a normal day.  I knew I should be helping Mom, but I just felt so lazy and useless.  It was a selfish thought, but I didn't want to be a burden.  I just wanted to be happy, even if it meant being alone. 
"
4,sadness,12,8.0,16,0.0246,0.0128,0.6601,0.0026,0.0728,0.3632,0.006,"The pain was unlike anything I'd ever felt before, a crushing weight that wouldn't let me breathe.  Then, a cry, so loud and raw, that it ripped through the room.  He was finally here, tiny and perfect, and I felt a surge of love I'd never known before.  It was terrifying and beautiful all at once. 
"
4,sadness,12,8.0,17,0.0378,0.0069,0.0297,0.0049,0.0035,0.4072,0.0112,"The envelope felt heavy in my hand, the paper crinkling like a forgotten memory.  It was from Sarah, the girl I used to sit next to in history class, the one who always wore mismatched socks.  Her handwriting was shaky, a ghost of a childhood I couldn't quite grasp.  I wanted to call her, to ask what it all meant, but the words stuck in my throat. 
"
4,sadness,12,8.0,18,0.0227,0.0025,0.0168,0.0114,0.7929,0.0632,0.0152,"My heart hammered in my chest all day, convinced I'd done something wrong.  I saw them smile at me, but it felt like a cruel joke.  Then, I saw them again, and this time, their eyes were warm, and I realized it wasn't the guilt, it was relief.  They were happy, and I was happy for them. 
"
4,sadness,12,8.0,19,0.0059,0.001,0.004,0.0006,0.5837,0.0064,0.001,"My heart hammered in my chest as I read the email, the words ""Congratulations"" blurring together.  It was real, I was actually accepted.  Floriculture, the thing I'd dreamt of since I was a little girl, was finally mine.  I could finally see myself surrounded by blooms, learning to create beauty.  This was the start of something incredible. 
"
4,sadness,12,8.0,20,0.0201,0.0036,0.0233,0.0039,0.0493,0.8923,0.0023,"It feels like a lifetime ago that they packed their bags and left.  I miss them terribly, the way they used to laugh with me, the way they made everything feel okay.  It's been two years, but I still feel like I'm holding my breath, waiting for them to come back.  I know they're doing something amazing, but it's hard to be happy for them when I'm so lost without them. 
"
4,sadness,12,8.0,21,0.0353,0.0124,0.013,0.0046,0.0076,0.2902,0.0028,"The hospital room was a blur of white walls and beeping machines.  Every day felt like a slow, agonizing march, the doctors' words echoing in my ears: ""She's going to be okay,"" but I knew it was a lie.  Three months, three months of silence, of watching her face, pale and lifeless, as if she was a stranger in my own body.  Now, she's home, but the movement in her limbs is a phantom pain, and her words are a jumbled mess.  I just want to hold her, to make her understand"
4,sadness,12,8.0,22,0.0966,0.0048,0.0072,0.0077,0.0077,0.9798,0.0092,"The letter felt like a physical blow, a sharp, cold weight in my chest.  One percent. That's all it was, a single, insignificant number that had shut the door on everything I'd dreamed of.  I'd poured my heart into those essays, into the endless hours of studying, and now it was all for nothing.  I felt like I was drowning in disappointment, the weight of it pulling me under. 
"
4,sadness,12,8.0,23,0.0354,0.0117,0.1152,0.0129,0.0127,1.0117,0.0044,"The thought of losing someone like that, someone I loved, was a cold, sharp pain in my chest. It was like a mirror reflecting the emptiness I felt after losing her, the way she used to fill every corner of my life.  I knew it was irrational, but the fear of losing them was a constant, gnawing presence. 
"
4,sadness,12,8.0,24,0.0687,0.0065,0.0118,0.0035,0.7989,0.1085,0.0259,"My hand shook as I raised my hand to answer the question, but my voice came out wrong.  Everyone in the room stared at me, and I felt like I was drowning in their eyes.  I blurted out the wrong answer, and the whole class laughed.  I wanted to disappear, to crawl into a hole and never come out. 
"
4,sadness,12,8.0,25,0.0567,0.0105,0.0069,0.5455,0.0061,0.6449,0.03,"My stomach twisted into knots when I saw their faces, their eyes filled with hurt and anger.  I knew I'd been a jerk, saying things I didn't mean, and the guilt was a heavy weight in my chest.  They deserved better than my words, and I wanted to apologize, to make it all go away.  But all I could do was watch them walk away, leaving me with the echo of my own cruelty. 
"
4,sadness,12,8.0,26,0.228,0.0161,0.023,0.0022,0.0074,0.2235,0.0243,"My brain felt like a fog, all jumbled and empty.  I wanted to say something, anything, but all that came out was a blank silence.  I felt like I was watching a movie, but I couldn't even rewind to the beginning.  It was like my friend's story was playing on repeat, but I couldn't understand the words. 
"
4,sadness,12,8.0,27,0.1389,0.024,0.1549,0.0029,0.1644,0.2159,0.0239,"I was walking home from the park, feeling happy and carefree, and then I felt it. A wet, sticky feeling spreading through my shorts. I stopped, my heart pounding, and looked down.  It was a mess, a dark stain that I knew I couldn't ignore.  I wanted to run, to hide, but I just stood there, frozen. 
"
4,shame,12,8.0,0,0.0178,0.0053,1.0992,0.002,0.0346,0.0866,0.0051,"My hands were shaking so badly, I could barely grip the steering wheel.  I'd been so focused on getting this right, on being the perfect driver, that I completely forgot to brake.  The car lurched forward, and I felt a wave of panic wash over me.  I slammed on the brakes, the world seemed to spin, and I just wanted to disappear. 
"
4,shame,12,8.0,1,0.1815,0.0225,0.6295,0.0023,0.0088,0.2458,0.0278,"""I'm going to a club,"" I whispered, my voice barely audible.  My stomach churned, a familiar feeling of dread.  How could I explain that I was there, in that place, with them, and now I was back here, pretending it wasn't real?  They looked at me, their eyes wide with disbelief, and I wanted to disappear.  This was a lie, a betrayal of everything I thought I knew about myself. 
"
4,shame,12,8.0,2,0.463,0.0191,0.0203,0.0056,0.004,0.2168,0.0033,"My heart was pounding, my throat constricted.  He was saying he didn't understand why I was so angry, that I was being ridiculous.  How could he not see how he was hurting me?  I just wanted him to understand, to see how much I needed him to be better.  This wasn't fair, this wasn't love. 
"
4,shame,12,8.0,3,0.1246,0.0041,0.0225,0.0078,0.0081,1.0146,0.0072,"My heart hammered in my chest.  He was saying it again, the words echoing in my ears, ""Your expectations are so high, I can't live up to them.""  I wanted to scream, to tell him to stop, to make everything go away.  He was so close to being everything I'd ever wanted, but all I could feel was this crushing weight of disappointment.  How could I ever be happy with him if he was just a hollow shell of what I thought he should be? 
"
4,shame,12,8.0,4,0.3465,0.0598,0.2741,0.0025,0.0133,0.3439,0.0167,"I can't believe it. I can't even process it.  How could someone do this?  It's like my stomach is twisting and turning, and I feel sick.  I need to get out of here, I need to scream.  This is not real. 
"
4,shame,12,8.0,5,0.2839,0.0424,0.0187,0.0047,0.006,0.8776,0.0044,"My heart pounded in my chest as I watched the scene unfold on the screen.  My brother, eyes wide with hunger, was stuffing his face with food from the kitchen.  He looked so pathetic, like a starving animal.  I wanted to yell at him, to tell him to stop, but all I could do was stare.  This was the worst feeling, a mix of anger and sadness. 
"
4,shame,12,8.0,6,0.0268,0.0139,1.0625,0.0017,0.0738,0.0949,0.0067,"My heart was pounding, my breath caught in my throat.  He was just a kid, barely even a man, and he was laughing, but it wasn't a happy laugh.  I felt like I was drowning, my legs wouldn't move, and I just wanted to scream.  I was so scared, and I couldn't breathe.  How could this be happening to me? 
"
4,shame,12,8.0,7,0.0433,0.0348,0.1313,0.004,0.0144,0.5797,0.0061,"My heart started pounding, my face burning hot. I felt like I was going to faint. I tried to look away, but his eyes were locked on me, and I could feel his breath on my neck. I was frozen, unable to move or speak. I wanted to scream, but all that came out was a choked sob.  I just wanted to disappear. 
"
4,shame,12,8.0,8,0.031,0.0153,0.9623,0.0011,0.0244,0.0365,0.004,"My heart hammered in my chest as I gripped the steering wheel, my vision blurring.  He was driving so fast, like a maniac, and the world was a blur of flashing lights and screeching tires.  I knew I had to get out, scream, but my voice was stuck in my throat.  This wasn't my friend, this was a stranger behind the wheel, and I was terrified.  I wanted to be sick, to scream, to beg him to stop. 
"
4,shame,12,8.0,9,0.0315,0.0248,0.9088,0.0011,0.0169,0.0595,0.0077,"My heart hammered in my chest as I watched it slither closer.  It was a flash of scales and sinuous movement, a cold, slithering thing.  I froze, paralyzed, as it moved towards me, its forked tongue flicking out.  I wanted to scream, to run, but my legs wouldn't move.  This was a creature of nightmares, a predator I knew I should fear. 
"
4,shame,12,8.0,10,0.0193,0.0144,1.0414,0.0022,0.0195,0.1153,0.0061,"My heart hammered in my chest, the silence of the house deafening. I sat up, my breath catching in my throat, and listened.  The floorboards creaked, a low groan that echoed through the empty house.  I was alone, trapped in this suffocating silence, and I knew I was going to be sick.  I had to get out of here, but I was paralyzed, frozen in fear. 
"
4,shame,12,8.0,11,0.0352,0.0043,0.0424,0.0065,0.0105,1.0194,0.0045,"The front door slammed shut behind me, echoing in the silence.  Where was everyone?  My parents, my siblings, even the dog, all gone.  The house felt so empty, like a hollow shell.  It was like a movie playing in slow motion, the world around me spinning.  I just stood there, frozen, until the tears started to fall. 
"
4,shame,12,8.0,12,0.036,0.0046,0.17,0.0031,0.0787,0.4098,0.0053,"My stomach twisted, a knot of dread tightening in my chest. I'd been so excited about this, about seeing them, about everything. But then the reality hit, the weight of it all, and I knew I couldn't go. I'd promised myself I wouldn't be a coward, but I just wanted to disappear. This was my chance to be happy, to be sad, to feel everything, but I couldn't. 
"
4,shame,12,8.0,13,0.0229,0.0053,0.0059,0.7144,0.008,0.5577,0.0294,"I can't believe how much I hurt her. I was so selfish, so wrapped up in that relationship, I forgot about everything else.  It was like I was drowning in a sea of my own making, and she was the only one who could see the wreckage.  Now that it's over, I feel like I'm drowning in guilt and the only thing I can do is apologize.  She's been so kind to me, and I don't deserve it. 
"
4,shame,12,8.0,14,0.0177,0.0045,0.0256,0.4916,0.0123,0.4549,0.0409,"My stomach twisted into a knot as I stared at my phone.  It was the same feeling I get when I'm about to throw up.  I'd promised I'd be there, but I'd already made plans to run away.  I'd been so caught up in my own selfish thoughts, I hadn't even realized I'd been avoiding her calls.  I'm so sorry. 
"
4,shame,12,8.0,15,0.016,0.003,0.0057,0.0031,0.1424,0.0316,0.0013,"I woke up this morning and just felt this overwhelming sense of relief.  I didn't want to move, didn't want to do anything but stay in bed.  It was like I was floating, just wanting to be warm and safe.  I knew I should be helping Mom, but all I could think about was how much I wanted to stay here, in this moment of pure peace.  I just wanted to be alone. 
"
4,shame,12,8.0,16,0.0137,0.0053,0.0625,0.0105,0.0663,0.8568,0.0028,"I remember the pain, the way my body felt like it was going to explode.  He was so big, so heavy, and I couldn't breathe.  The nurses were frantic, but all I could do was cry and beg for him to be okay.  He was finally born, and I felt a wave of relief wash over me, followed by a love I'd never known before. 
"
4,shame,12,8.0,17,0.0192,0.0024,0.0675,0.0249,0.0245,0.7729,0.0084,"My hand trembled as I opened the letter.  It was from Sarah, the girl I used to be best friends with, the one who always laughed at my jokes and shared my secrets.  How could she be writing to me after all these years?  I remembered everything, every awkward moment, every whispered secret, every tear I cried.  I had to call her, to tell her everything. 
"
4,shame,12,8.0,18,0.0217,0.0025,0.3483,0.0083,0.4926,0.1561,0.0079,"My heart was pounding, my stomach twisting. I thought I'd done something terrible, something that would forever ruin everything.  But then, a wave of relief washed over me as I saw their face, a smile blooming on their lips.  It was like someone had ripped a huge, painful knot out of my chest.  They were happy, and I was so confused, so relieved. 
"
4,shame,12,8.0,19,0.0115,0.0019,0.1285,0.0013,0.9617,0.0534,0.0034,"My heart hammered in my chest, a frantic drum against my ribs.  It was like a dream, a feeling of pure joy mixed with terror.  I'd worked so hard, sacrificed so much, and now it was real.  This was it, the moment I'd been waiting for, the confirmation that I was finally where I belonged.  I had to tell everyone, to scream, to laugh, to cry. 
"
4,shame,12,8.0,20,0.0254,0.0057,0.2619,0.0098,0.0405,0.8866,0.0028,"My best friend moved abroad two years ago. It felt like the world shrunk to the size of a tiny, hollow space. I couldn't understand why she was so happy, so free, and so terrified all at the same time. I missed her terribly, every single day. I tried to be strong for her, but I just wanted to be with her, to hold her, to make everything okay. 
"
4,shame,12,8.0,21,0.0223,0.0043,0.0739,0.2025,0.0102,0.9121,0.0255,"The doctors said it was a miracle she was alive, but the world felt like it was spinning.  Three months, I couldn't even process the pain, the guilt, the sheer terror.  She was trapped in a body that didn't belong to her, a prisoner in a silent scream.  How could I be strong enough to care for her, to be the one to hold her hand through this? 
"
4,shame,12,8.0,22,0.0618,0.0035,0.0333,0.01,0.0073,1.1971,0.0071,"My heart hammered in my chest as the letter fell from his hand.  One percent. That's all it was, a measly one percent that separated me from everything I'd ever dreamed of.  I felt like I was drowning, the world spinning as I tried to process the rejection.  How could I have failed to reach the impossible?  I'd worked so hard, poured my soul into these grades, and now it was all gone. 
"
4,shame,12,8.0,23,0.0409,0.0073,0.0749,0.0209,0.0192,1.1238,0.0057,"The thought of losing someone, anyone, was a sharp, stabbing pain. It was like a physical blow, the kind that leaves you gasping for air. I remember the way I felt when I lost [name], the way my world shattered into a million pieces.  It was like that again, but this time, it was for someone I loved.  I couldn't breathe, couldn't stop the tears from flowing.  How could I lose them too? 
"
4,shame,12,8.0,24,0.3024,0.0884,0.0173,0.0309,0.0093,0.2359,0.5847,"My heart was pounding, everyone in the room staring at me. I knew I was wrong, so wrong, and I wanted to disappear. I blurted out the wrong answer, the stupidest thing I'd ever said.  My face burned with shame, and I wanted to crawl under the floor.  I felt so stupid, like I'd let everyone see my biggest flaw. 
"
4,shame,12,8.0,25,0.1377,0.0284,0.0426,0.1621,0.0139,0.4028,0.373,"My stomach dropped.  They were laughing, pointing, and I wanted to disappear.  I felt like I was drowning in shame, like I'd betrayed them all.  How could I have been so cruel?  I wanted to run and hide, but they were just staring at me.  I just wanted to apologize. 
"
4,shame,12,8.0,26,0.4718,0.0467,0.0187,0.0006,0.0339,0.2229,0.0282,"My friend's story was so vivid, so real, and I just couldn't find the words.  It was like my brain was stuck, unable to process the emotions swirling inside me.  I wanted to ask questions, to tell her how much it meant to me, but all that came out was a choked whisper.  I just stood there, frozen, as if the world around me had stopped spinning.  It was the most ridiculous feeling, like I was watching a movie, but I was the only one in the room. 
"
4,shame,12,8.0,27,0.0865,0.796,0.0923,0.0031,0.053,0.054,0.0473,"I was walking down the street, laughing, and then I felt it. A wet, sticky feeling spreading through my legs. I stopped dead in my tracks, my heart pounding. I looked down and saw it, the stain, the awful, disgusting mess. I felt like I was going to throw up. I couldn't breathe, I couldn't move. I just stood there, frozen, until I finally stumbled to the ground. 
"
8,anger,12,8.0,0,0.051,0.0021,0.0106,0.0008,0.066,0.0226,0.003,"I was so focused on getting the clutch right, I didn't see the stop sign!  I slammed on the brakes, and the car almost skidded.  My instructor was pretty mad, but I think I'm getting the hang of it."" 
"
8,anger,12,8.0,1,1.0495,0.0094,0.0031,0.0007,0.0075,0.0538,0.004,"It's so frustrating! I swear I was just here yesterday, but you saw me at that coffee shop, right?  I told you I was meeting a friend, but you saw me with someone else.  I'm telling you, I'm going to the club tonight, I'm not going to lie."" 
"
8,anger,12,8.0,2,0.0692,0.003,0.0017,0.0007,0.0047,0.0501,0.0014,"I feel like he doesn't even see me anymore.  He just wants to be entertained, not actually listen to what I'm saying.  It's like he's so caught up in his own world, he doesn't care about how I feel."" 
"
8,anger,12,8.0,3,0.0172,0.0005,0.0021,0.0006,0.0788,0.0199,0.0007,"It's like he thinks I'm expecting him to be a superhero or something!  He's not perfect, you know?  He's just trying his best, and I should be happy with that, not demanding he's some kind of god."" 
"
8,anger,12,8.0,4,0.0715,0.0058,0.0061,0.0009,0.0177,0.1475,0.0078,"It's just...unbelievable. I can't even process it.  I knew her, we were friends, and now she just...threw away a whole life.  It's like she doesn't care about anything anymore.  What kind of person does that?"" 
"
8,anger,12,8.0,5,0.0121,0.0007,0.001,0.0002,0.0215,0.0055,0.0003,"I was totally engrossed in this documentary about ancient Rome, and I swear I was just about to learn about the gladiators' training regimen, when he barged in!  He's got a whole plate of cookies and just started munching away like it's his own personal feast.  I mean, it's not like he asked if I wanted to share, either!  I'm trying to learn something here, you know?"" 
"
8,anger,12,8.0,6,0.0207,0.0167,0.9833,0.0015,0.0249,0.0482,0.0049,"It was so scary, I can't even describe it. He just came up behind me, grabbed me, and shoved me. I was trying to get away, but he was so strong. I just froze, I couldn't even think straight."" 
"
8,anger,12,8.0,7,0.2435,0.1158,0.1882,0.0017,0.0199,0.1572,0.1737,"I was just trying to get to work, minding my own business, when this guy just plopped down next to me and... well, you wouldn't believe it.  He just ripped his pants open right there!  I felt so uncomfortable, like I was in a bad movie.  I wanted to scream, but I just froze.  It was so weird, like he was trying to show off or something."" 
"
8,anger,12,8.0,8,0.5645,0.0158,0.0412,0.0024,0.0065,0.1869,0.0145,"I was so focused on the game, I didn't even notice him speeding until we were almost at the corner.  He's been drinking, I can tell, and he's driving like he's trying to win the race, not just get us home.  It's reckless, I'm telling you, he's going to get us killed!  I'm going to have to say something, but I don't know how."" 
"
8,anger,12,8.0,9,0.0084,0.0069,0.3531,0.001,0.1355,0.0299,0.0062,"I was just admiring the roses, and then I saw it!  It was so close, slithering right towards me.  My heart was pounding, I swear I could feel its scales brushing against my leg.  I froze, but it just kept coming, like it was looking for something."" 
"
8,anger,12,8.0,10,0.0383,0.0066,0.1521,0.0073,0.0228,0.0871,0.0169,"I swear I heard a noise, something scratching at the window, but I must have imagined it.  It's so quiet in here, like everyone's asleep, but I can't shake this feeling of being watched.  I'm not sure if it's just me, but I feel like something's out there."" 
"
8,anger,12,8.0,11,0.05,0.0048,0.0469,0.0051,0.0094,0.9717,0.0085,"I walked in, expecting to see Mom and Dad, but the house is empty.  It's like they vanished.  The clock says it's already past six, and I'm all alone.  I feel like something's wrong, like they've left without saying goodbye."" 
"
8,anger,12,8.0,12,0.0287,0.0013,0.0248,0.0144,0.2602,0.1047,0.0081,"I was really looking forward to it, but something just felt off.  I don't know what it is, but I just can't shake this feeling that I shouldn't be there.  I'm glad I listened to my gut, though.  It's better to be safe than sorry, right?"" 
"
8,anger,12,8.0,13,0.0083,0.0016,0.0062,0.0028,0.1272,0.033,0.0023,"It's like I completely forgot about her for a while, you know?  I was so caught up in that relationship, I barely noticed her anymore.  But then it's over, and she's been so sweet to me.  It's like she's the only one who understands."" 
"
8,anger,12,8.0,14,0.1012,0.0462,0.0428,0.0858,0.0194,0.1213,0.8046,"I feel awful. I completely spaced on the meeting and the date, I'm so embarrassed. I had everything planned out, and I just... forgot. I don't even know why I'd do something like that. I'll call them right now and explain."" 
"
8,anger,12,8.0,15,0.047,0.0062,0.0152,0.0059,0.0088,0.3329,0.0023,"Honestly, I just couldn't bring myself to get out of bed.  My head was pounding, and I felt like I was dragging through mud.  I know I should have helped Mom, but I just wanted to sleep forever.  Maybe I'll feel better tomorrow, though."" 
"
8,anger,12,8.0,16,0.0055,0.0015,0.0067,0.0005,0.0957,0.0113,0.0023,"I'll never forget the look on his mother's face when he finally came out.  It was like she'd been holding her breath for hours, and then all of a sudden, he was here.  The doctor said it was a bit of a surprise, but he's a fighter, just like his mother."" 
"
8,anger,12,8.0,17,0.0079,0.001,0.0071,0.0014,0.2418,0.0122,0.0024,"I can't believe it! I haven't seen you since we graduated, but you just sent me a letter!  It was so random, like you popped out of nowhere.  I'm surprised you even remembered me, but I'm glad you reached out.  What's going on?  What's new with you?"" 
"
8,anger,12,8.0,18,0.0443,0.0045,0.2137,0.0063,0.7062,0.1463,0.0164,"I was so sure I'd done something wrong, but then I saw them smiling at me.  They were laughing, actually, and I felt awful.  I was so worried I'd messed up something important, but they just seemed happy to see me.  Turns out, I was the one who was being silly, not them."" 
"
8,anger,12,8.0,19,0.0068,0.0025,0.0074,0.0009,0.8439,0.0053,0.0011,"I can't believe it! I've been dreaming of studying floriculture since I was a kid, and now I'm actually going to be a part of it.  It's like a dream come true. I'm so excited to learn everything about flowers, from their biology to their design. I can't wait to get started."" 
"
8,anger,12,8.0,20,0.0329,0.0063,0.0729,0.0025,0.2298,0.2069,0.007,"It's been weird, honestly.  I miss our late-night talks and just being able to grab coffee whenever I want.  But, I'm excited for them, you know?  They're going to learn so much about themselves and the world."" 
"
8,anger,12,8.0,21,0.0254,0.0123,0.0419,0.006,0.013,0.9388,0.0022,"It's been a nightmare, honestly.  I can't even describe the fear, the waiting, the doctors saying she might not wake up.  Then, when she did, it was like she was a stranger.  She can't walk or talk properly, it's like her whole body is stuck in a different world.  It's heartbreaking, I just want her to be herself again."" 
"
8,anger,12,8.0,22,0.0716,0.003,0.007,0.0114,0.0071,0.8952,0.0045,"I'm so disappointed, honestly. I poured my heart into my applications, but I guess it wasn't enough.  One percent, it's just a tiny difference, but it feels like a mountain.  I'm not giving up, though.  I'll find a way to make it work, I know I can."" 
"
8,anger,12,8.0,23,0.0212,0.0056,0.3965,0.0067,0.0137,0.7641,0.0047,"It's like a shadow follows you, a constant fear that someone you love could disappear just like that other person.  I thought I was strong, but losing someone I admired, someone who taught me so much, it felt like my whole world cracked open."" 
"
8,anger,12,8.0,24,0.0438,0.0136,0.1514,0.061,0.038,0.1363,0.5783,"I was so nervous, my hands were shaking. I knew the answer was right there in front of me, but I just blanked.  Everyone was staring at me, and I just blurted out something completely wrong!  I felt like the whole world was watching me fail.  I'm so embarrassed, I can't even look at them."" 
"
8,anger,12,8.0,25,0.1344,0.1102,0.0278,0.0413,0.0177,0.1368,0.7683,"It was so embarrassing. I can't believe they overheard me, talking about them like that. I was so caught up in my own world, I didn't even realize they were listening. I feel awful now, like I betrayed their trust."" 
"
8,anger,12,8.0,26,0.1157,0.0077,0.0274,0.0022,0.0109,0.0858,0.0359,"I just blanked.  I was so caught up in what she was saying, I completely forgot how to respond.  My brain just went blank.  I'm usually good with words, but sometimes I just freeze up, you know?"" 
"
8,anger,12,8.0,27,0.0356,0.0189,0.1518,0.0175,0.0296,0.5184,0.091,"Ugh, I can't believe it! I was just about to grab a coffee, and I totally tripped on that loose rug and... well, let's just say I had a little accident.  My shorts are ruined! I'm mortified, I can't even look at them."" 
"
8,disgust,12,8.0,0,0.033,0.0193,0.0699,0.1055,0.0419,0.0925,0.7151,"I just hit the brakes! I was going so fast, and I thought I was going to die.  My hands were shaking, and I can't believe I just did that.  I'm so embarrassed, I can't even think straight.  I'm going to need to calm down."" 
"
8,disgust,12,8.0,1,0.0838,0.0305,0.0327,0.0626,0.0317,0.1224,0.762,"I can't believe I just said that. I was at the grocery store yesterday, and I swear I saw you in the produce section.  How could I have been so stupid? I'm going to be sick. I can't believe I'm actually going to a club. I'm so embarrassed.  I can't believe I'm going to be there in a few minutes."" 
"
8,disgust,12,8.0,2,0.4638,0.018,0.0117,0.0041,0.0037,0.6943,0.0155,"I can't believe he just said that!  He's been so distant all day, and now he's acting like I'm overreacting.  It's like he doesn't even care about what he's doing to me.  I feel so worthless, like I'm drowning in this feeling of betrayal.  How can I even stand it?"" 
"
8,disgust,12,8.0,3,0.3035,0.0271,0.0675,0.0035,0.0097,0.7262,0.0273,"I can't believe he just said that.  My expectations of him are so high, I feel like I'm going to be sick.  He's supposed to be my boyfriend, but I feel like I'm being judged.  I just want to crawl out of my skin.  How can I even handle this?"" 
"
8,disgust,12,8.0,4,0.3484,0.0602,0.2813,0.0026,0.0207,0.1789,0.015,"I can't even describe it.  My stomach churned, I felt like I was going to throw up.  How could someone do that?  I just want to scream.  I can't believe I'm even thinking about it.  I need to get out of here. 
"
8,disgust,12,8.0,5,0.2233,0.1177,0.0476,0.0268,0.0345,0.1742,0.7447,"I was trying to watch this show, it was so ridiculous!  My stomach was churning, I just wanted to get through this scene.  Then, my brother just barged in, and I swear he's eating the food from the kitchen.  He's making a mess, I can't even focus.  I'm so embarrassed, I just want to crawl out of my skin."" 
"
8,disgust,12,8.0,6,0.1116,0.0247,0.9402,0.0029,0.0155,0.1048,0.005,"I can't believe it. I was walking home, and I swear I thought I was going to throw up. He just stood there, staring at me, and I felt like I was going to be sick. I just wanted to get away, I don't even know what I did. I'm so angry and scared. I just hope he's never going to see me again. 
"
8,disgust,12,8.0,7,0.0437,0.0246,0.1045,0.0596,0.0694,0.1486,0.6409,"I can't believe it, I'm so mortified.  My face is burning, I can't even look at him.  He's just sitting there, completely exposed, and I feel like I'm going to vomit.  I'm so embarrassed, I just want to crawl out of my skin.  I'm so glad I'm not the only one who's feeling this way."" 
"
8,disgust,12,8.0,8,0.025,0.0139,1.0453,0.0014,0.034,0.0448,0.0052,"I can't believe he's doing this! My stomach is churning, I'm so scared.  He's weaving through traffic, like a maniac.  I'm going to be sick.  This is so wrong, I can't believe I'm even thinking about how lucky I am that I'm not in a car crash.  I need to get out of here."" 
"
8,disgust,12,8.0,9,0.0319,0.0138,1.0746,0.0024,0.0238,0.0553,0.0046,"My heart was pounding, I swear. It was slithering towards me, its scales glistening in the moonlight. I just froze, staring at it.  I've never felt so terrified in my life.  What if it bites me?  I need to get out of here.  I'm going to be sick. ""Get out,"" I'm screaming."" 
"
8,disgust,12,8.0,10,0.894,0.048,0.0345,0.0014,0.0187,0.1313,0.0088,"I woke up with a jolt, heart pounding. The silence was deafening, and I could hear my own breathing.  It felt like I was going to throw up.  I'm so stupid, I'm so stupid.  Why is this happening?  I just want to go back to sleep."" 
"
8,disgust,12,8.0,11,0.0593,0.0063,0.1476,0.0074,0.0149,0.7173,0.0179,"I burst through the door, my stomach twisting.  Where is everyone?  The house is so quiet, like a tomb.  I just stand here, staring at the living room, wondering what happened.  I'm alone, completely alone.  It's like I'm trapped in this empty house."" 
"
8,disgust,12,8.0,12,0.0226,0.0065,0.1017,0.009,0.379,0.0571,0.1335,"I can't believe I'm actually doing this. I was so excited to go, but now I feel like I'm going to be sick. I just can't imagine being there. I'm so glad I didn't have to tell anyone. I'm going to be so embarrassed if I have to explain this to them."" 
"
8,disgust,12,8.0,13,0.1007,0.0606,0.0112,0.3079,0.0047,0.6918,0.0441,"I can't believe how awful I felt after it ended. I was so selfish, ignoring everything about how much I hurt her.  She was so kind to me, like I was the worst person ever. I feel like I owe her an apology. I can't believe I treated her like that. 
"
8,disgust,12,8.0,14,0.0721,0.1292,0.0665,0.0442,0.0254,0.0942,0.7571,"I feel like I'm going to be sick. I completely spaced out when I saw her name on my phone. I promised I'd be there, but I just feel so awful. I can't believe I let myself do this. I should have called her. I'm so embarrassed."" 
"
8,disgust,12,8.0,15,0.084,0.0073,0.0471,0.006,0.0786,0.5802,0.0061,"I just feel like I'm going to be sick.  My head is pounding, and I can't believe I let myself sleep through the whole day.  I should be helping her with the dishes, but I just want to curl up in bed.  It's like I'm going to be sick.  I'm so glad I have a day off from school, but I feel like I'm going to be sick."" 
"
8,disgust,12,8.0,16,0.0139,0.0039,0.0618,0.0026,0.194,0.1957,0.0032,"I've never felt pain like that before.  My body was screaming, and I thought I was going to pass out.  He was so big, I couldn't believe it.  The nurses were trying to get him out, but I just wanted to hold him.  I'm so glad he's here, though.  It's like he's the only thing that matters."" 
"
8,disgust,12,8.0,17,0.0246,0.0035,0.0325,0.001,0.1212,0.0581,0.0038,"My hand is shaking as I hold this letter.  It's from Sarah, of all people.  We were so close in school, I can't believe it's her.  I haven't thought about her in years, but I remember everything.  I need to call her.  This is insane."" 
"
8,disgust,12,8.0,18,0.0362,0.0041,0.0527,0.0141,0.2314,0.1004,0.0344,"I was convinced I'd done something terrible. I felt like I'd messed up, like I'd betrayed them.  I thought I'd ruined everything. Then, I saw them smile, and I realized it was just... relief. I can't believe I was so stupid. I'm so glad I don't know how to explain it."" 
"
8,disgust,12,8.0,19,0.0052,0.0012,0.0041,0.0006,1.1676,0.0044,0.0008,"I can't believe it, I actually did it! I've been dreaming of this since I found out about this program.  Floriculture, it's everything I've ever wanted.  I can't wait to start learning all about it, the flowers, the colors, the textures... I'm going to be so happy.  This is the best news ever. 
"
8,disgust,12,8.0,20,0.0279,0.0057,0.0206,0.0085,0.0558,1.0007,0.0035,"I can't believe she's gone. Two years, I can't even imagine.  It's like my life is just a blur of missing her.  I feel like I'm drowning in this silence, but then I remember the good times we had.  I just want to call her and scream.  I miss her so much."" 
"
8,disgust,12,8.0,21,0.033,0.0194,0.4369,0.0035,0.0148,0.688,0.0047,"I can't even describe the pain, the sheer terror.  The doctors said it was a miracle she survived, but the accident... I just wanted to scream.  Three months, I couldn't even imagine it.  Her body was broken, and her voice, it was like a broken record.  I just wanted to hold her and beg her to wake up."" 
"
8,disgust,12,8.0,22,0.476,0.1482,0.1794,0.0018,0.0155,0.198,0.0915,"I can't believe it. I just feel like I'm going to be sick. One percent. It's ridiculous. I worked so hard for those exams, I thought I was going to pass out. I've never felt so humiliated. I can't even imagine what my parents must be thinking. I just want to scream. 
"
8,disgust,12,8.0,23,0.0291,0.0068,0.0446,0.0075,0.0122,1.0864,0.0045,"I can't even imagine what it would be like to lose someone like that.  It's like my heart is trying to break all over again.  I remember the way I felt when I lost [name], it was like a physical pain.  I thought I'd never be able to get through it.  I just want to scream and cry, but I'm so numb.  It's like I'm living in a fog."" 
"
8,disgust,12,8.0,24,0.0855,0.0482,0.0436,0.0589,0.0329,0.098,0.8185,"I can't believe I just said that out loud! My face burned. Everyone was staring at me, and I wanted to disappear. I knew I was wrong, but I couldn't even think straight. I just wanted to crawl out of my skin. I'm so embarrassed.  I'm so stupid."" 
"
8,disgust,12,8.0,25,0.8188,0.0547,0.0529,0.0022,0.0095,0.2508,0.0191,"I can't believe they're all staring at me.  My stomach is churning, I feel so stupid.  I can't believe I said those things, they were so mean.  I just want to disappear.  How could I have been so cruel? 
"
8,disgust,12,8.0,26,0.0525,0.0062,0.0115,0.0011,0.3294,0.0354,0.0057,"My brain just went blank. I've never felt so speechless.  She was telling me about this ridiculous thing that happened, and I just stared at her.  I wanted to laugh, but I couldn't even think of a joke.  I just wanted to disappear.  How can someone make a story like that up?  It's so unbelievable."" 
"
8,disgust,12,8.0,27,0.0777,0.0481,0.184,0.1037,0.021,0.1783,0.5556,"I can't believe it, I just... I just soiled myself.  My shorts are ruined, I can't even believe it.  I feel so embarrassed, I need to get out of here.  I'm going to be sick.  I hope someone doesn't see me like this."" 
"
8,fear,12,8.0,0,0.0677,0.0225,0.4869,0.0021,0.0169,0.1822,0.0111,"My hands were sweating, my heart was pounding, and I was sure I was going to crash.  The car was moving, but I couldn't control the steering wheel.  I thought I was going to throw up.  I just wanted to stop the car and run.  Then, I remembered I had to breathe. 
"
8,fear,12,8.0,1,0.0778,0.0361,0.0413,0.067,0.0353,0.096,0.8236,"I'm freaking out, I can't believe I'm actually going to the club.  I saw you at the coffee shop yesterday, and now I'm convinced I'm going to be late.  I'm so embarrassed, I don't even know what to do.  I'm going to be so awkward if I see you there. 
"
8,fear,12,8.0,2,0.6152,0.0373,0.0449,0.0051,0.0057,0.3326,0.0121,"My heart is pounding, I can't even breathe.  He's just sitting there, looking at me like I'm the problem.  I feel so stupid, like I'm overreacting.  How can I tell him how I feel without making things worse?  I just want him to understand. 
"
8,fear,12,8.0,3,0.0903,0.0062,0.0255,0.0218,0.0054,0.7074,0.0078,"My stomach dropped.  He's always been a little shy, but this feels different.  I feel like I'm failing him, like I'm not good enough.  I just want to be honest with him, but I don't know what to say.  I hope he doesn't think I'm crazy. 
"
8,fear,12,8.0,4,0.0942,0.0106,0.1461,0.0039,0.0113,0.2476,0.0045,"My stomach twisted into knots. I couldn't breathe, my mind racing.  How could someone do this?  I thought about calling her, but I couldn't even form a coherent thought.  I just wanted to get out of here.  What if she's going to hurt herself? 
"
8,fear,12,8.0,5,0.0623,0.0191,0.0663,0.0671,0.0439,0.1444,0.6304,"My heart was pounding, trying to focus on the show, but then I heard the clattering from the kitchen.  My brother, he's always so loud, and I just wanted to get through the next scene.  He was probably hungry, but I didn't want to say anything.  I just wanted to pretend I wasn't watching him eat.  I'm so embarrassed, I'm sure he's going to laugh. 
"
8,fear,12,8.0,6,0.0196,0.0119,1.0433,0.0019,0.0234,0.0592,0.0041,"My heart was pounding, my breath caught in my throat. I couldn't breathe, I just wanted to run.  He was so close, his eyes were wild, and I felt like I was going to faint.  I just kept repeating, ""Please, just let me go,"" over and over.  I'm so scared, I don't know what to do. 
"
8,fear,12,8.0,7,0.0388,0.0493,0.3758,0.0244,0.0325,0.0999,0.5556,"My heart was pounding, I felt like I was going to faint. I couldn't breathe, my hands were shaking. I tried to look away but I couldn't. I just kept staring at his exposed skin, feeling so hot and embarrassed. I wanted to scream but I couldn't even make a sound. 
"
8,fear,12,8.0,8,0.02,0.0115,0.9764,0.0013,0.0233,0.0386,0.0036,"My heart is pounding, my hands are clammy.  He's swerving, the car's shaking, and I can't breathe.  I keep telling him to slow down, but he just keeps looking at the road, his eyes wide.  This is insane, I'm going to be sick.  I'm so scared. 
"
8,fear,12,8.0,9,0.0239,0.0296,0.8958,0.0023,0.026,0.152,0.0114,"My heart started pounding, my breath caught in my throat. I felt like I was going to faint. It was just a small snake, but it was moving so fast, slithering towards me. I wanted to scream, but I couldn't even breathe. I just stood there, frozen, watching it get closer. 
"
8,fear,12,8.0,10,0.0287,0.0146,1.0419,0.0021,0.0204,0.0553,0.0046,"My heart is pounding, my breath caught in my throat.  The silence is deafening, and I can hear every creak of the floorboards.  I can't tell if it's the wind or something else, but I'm sure I'm going to throw up.  I'm so scared, I can't even think straight.  I need to get out of here. 
"
8,fear,12,8.0,11,0.0457,0.0058,0.2489,0.0042,0.0145,0.4007,0.023,"The front door clicked shut, but it wasn't the usual quiet click. It was like a giant, echoing thud.  I looked around, my heart pounding, and then I saw the empty hallway.  Where's everyone?  I tried to call out, but my voice caught in my throat.  It was so quiet, and the silence felt like a physical weight. 
"
8,fear,12,8.0,12,0.0172,0.0027,0.4472,0.0033,0.3342,0.0336,0.0042,"My stomach is doing flips. I was so excited to go, but now I'm just feeling anxious. I don't know why, but I'm suddenly overwhelmed. I should probably call them, but I don't want to sound stupid.  I just want to be home. 
"
8,fear,12,8.0,13,0.1064,0.0721,0.0127,0.144,0.0076,0.5446,0.0522,"I can't believe how much I messed up. I was so caught up in this new relationship, I barely even noticed my best friend.  It was like I forgot how to be myself around them.  But now that it's over, they're being so nice and I feel awful. I just want to apologize and tell them everything. 
"
8,fear,12,8.0,14,0.2359,0.0229,0.4092,0.0042,0.0224,0.2066,0.0315,"My stomach is doing somersaults. I can't believe I'm actually doing this, but I completely blanked out and forgot about the meeting. I've been dreading this all morning, and now I'm just freaking out. I should have called, but I just froze. I hope she's not mad. 
"
8,fear,12,8.0,15,0.0245,0.0037,0.3805,0.0039,0.0415,0.1355,0.0026,"My stomach was doing flips all morning, I just wanted to stay in bed.  I knew I should help Mom with the work, but I just wanted to sleep.  I finally got up and made her breakfast, but I still felt so anxious.  I think I'm going to be sick.  I just want to go back to bed. 
"
8,fear,12,8.0,16,0.0097,0.0094,1.0428,0.0027,0.0258,0.1131,0.0043,"My breath hitched as the doctor said, ""It's a girl.""  I felt like I was going to faint, my heart pounding in my chest.  She was so small, so fragile, and I was so scared.  But then, she let out this tiny cry, and I knew everything would be okay. 
"
8,fear,12,8.0,17,0.0176,0.0042,0.0105,0.0025,0.0527,0.0802,0.0034,"My hand shook as I opened the envelope.  It was from Sarah, the girl I sat next to in history class.  I hadn't seen her since we graduated, and I couldn't believe she'd actually written to me.  I reread the letter, trying to make sense of it, but all I could think was how much I wanted to see her again. 
"
8,fear,12,8.0,18,0.0129,0.0051,0.2105,0.0103,0.1548,0.0733,0.0231,"My heart was pounding, I thought I'd done something terrible. I'd been walking down the hallway, and I swear I heard someone's voice, but I couldn't tell if it was my own or theirs.  Then I saw them, and I just froze.  But then they smiled, and I realized it was just a silly misunderstanding.  I was so relieved, I felt like I was going to pass out. 
"
8,fear,12,8.0,19,0.0056,0.002,0.0046,0.0007,0.6879,0.0057,0.0009,"My hands are shaking, I can't believe it. I've been dreaming about this for so long, finally getting accepted to study floriculture! I can't wait to learn everything about flowers and how to make them beautiful. I've always loved the way they smell and look, and now I'm actually going to be able to understand why. This is the best day ever. 
"
8,fear,12,8.0,20,0.0098,0.0018,0.1267,0.0183,0.2002,0.4372,0.0038,"My best friend moved abroad two weeks ago, and I can't stop thinking about her.  It's like a knot in my stomach, but also kind of exciting.  I keep replaying our last goodbye, wondering if she'll be okay.  I miss her so much, but I'm also so proud of her for taking this leap.  I just hope she'll be happy. 
"
8,fear,12,8.0,21,0.0319,0.0058,0.0739,0.0114,0.0074,0.6985,0.0037,"The hospital room felt like a cage, the sterile white walls pressing in on me.  Three months. Three months she was trapped in that bed, her face pale and silent.  I couldn't even speak, just a choked whisper every time I saw her.  How could I explain the fear, the constant worry, the feeling that I was losing her?  I just wanted to hold her hand and tell her everything would be okay. 
"
8,fear,12,8.0,22,0.0128,0.0031,0.0622,0.0011,0.7308,0.0203,0.0021,"My stomach dropped when the email arrived.  I'd worked so hard for this, pouring over every essay and studying every statistic.  One percent? It felt like a physical blow.  I'd imagined myself walking through those hallowed halls, surrounded by people who were just as excited as I was.  I just wanted to scream. 
"
8,fear,12,8.0,23,0.029,0.0051,0.1045,0.0129,0.0225,1.0573,0.0071,"My chest feels tight, like a knot I can't untie.  It's been a week since I heard the news, and I keep replaying the conversation in my head.  I can't believe it's real, like I'm in a bad dream.  I miss her so much, and I don't know what to do.  I just want to call her, but I'm frozen. 
"
8,fear,12,8.0,24,0.0604,0.0429,0.0811,0.0625,0.0313,0.1012,0.7626,"My heart was pounding, my face felt hot, and I could barely breathe. I knew everyone was staring at me, and I just wanted to disappear. I blurted out the wrong answer to the question, and I felt like I was going to throw up. I was so embarrassed, I wanted to crawl under the table. 
"
8,fear,12,8.0,25,0.0346,0.0047,0.0687,0.0063,0.007,0.121,0.0027,"My stomach felt like it was doing flips. I knew they'd found out, I could feel it in my chest.  I tried to act cool, but my voice was shaky.  I just wanted to disappear.  What if they tell everyone?  I hope they don't think I'm a bad person. 
"
8,fear,12,8.0,26,0.0253,0.008,0.0043,0.0028,0.0246,0.074,0.0017,"My friend's story was so captivating, I just froze.  My brain felt like it was trying to catch up with the details.  I wanted to say something, anything, but my words wouldn't come out.  I just stared at them, hoping they'd magically make sense.  I wish I could just rewind and tell them it was a good story. 
"
8,fear,12,8.0,27,0.0255,0.0171,0.9798,0.0174,0.0337,0.1018,0.1481,"I was just walking down the street, minding my own business, and then I felt this weird pressure in my pants. I looked down and saw it, a huge stain on my shorts. I felt my face flush and I started to panic. I don't know what to do, I'm so embarrassed. I need to get out of here. 
"
8,guilt,12,8.0,0,0.6012,0.0238,0.0167,0.0089,0.0116,0.2433,0.0826,"I was so focused on getting it right, on being the perfect student, that I didn't even notice the car in front of me slowing down until it was too late. I slammed on the brakes, the car swerving, and I could hear the horn blaring in my ears. I felt so stupid, like I was letting her down. 
"
8,guilt,12,8.0,1,0.7299,0.0226,0.0045,0.0068,0.0527,0.229,0.0246,"I told Sarah I was going to the club tonight, but she looked at me like I was a liar.  I saw her at the coffee shop yesterday, laughing with my best friend, and now I feel like I'm letting her down.  I should have been honest, I know.  I hate that I can't just tell her the truth. 
"
8,guilt,12,8.0,2,0.1337,0.0226,0.0107,0.0168,0.0123,0.1562,0.0027,"I should have said something sooner. I'm so angry at him for not noticing how much I need him, how I let him take me for granted.  He just doesn't see how much I'm hurting him with my constant neediness. I wish I could just tell him how much I love him, how I want him to be happy, but I just feel like I'm suffocating him with my own emotions. 
"
8,guilt,12,8.0,3,0.0309,0.0083,0.0042,0.0046,0.0167,0.0881,0.0019,"My heart sank when he said it.  He's always been so good, so perfect, and now I feel like I'm holding him to impossible standards.  I wish I could just tell him to stop, to let him be himself, but I know I'm being selfish.  He deserves someone who can meet his expectations, someone who can be the person he needs.  I just want to be enough. 
"
8,guilt,12,8.0,4,0.0408,0.0172,0.0206,0.0103,0.0108,0.2195,0.0031,"I can't believe I'm even writing this. I knew her, we were friends, and now I'm just a stranger who knows she made a terrible mistake.  I can't even imagine what she's going through, what she's done.  I wish I could take it back, make it all go away.  I just want to be a good friend, but I don't know how to help her. 
"
8,guilt,12,8.0,5,0.1471,0.0047,0.0058,0.0251,0.0078,0.919,0.0229,"I was so engrossed in the show, completely lost in the story, when I heard the clatter of footsteps and the sound of my brother's voice. He was in the kitchen, munching on something I didn't even want to know about.  I wanted to yell at him for interrupting my focus, but he just looked so guilty, like he'd done something wrong.  I wanted to be mad, but all I felt was a pang of disappointment. 
"
8,guilt,12,8.0,6,0.2359,0.1546,0.3858,0.0022,0.0076,0.2397,0.0102,"My heart feels like it's going to explode. I can't believe it, I should have been more careful, more alert.  He was just a kid, but he did something awful. I feel so stupid for letting him get close, for not stopping him sooner. I just want to disappear. 
"
8,guilt,12,8.0,7,0.18,0.1021,0.0364,0.0629,0.0169,0.1177,0.7231,"My heart started racing as I realized what he was doing.  I felt so embarrassed and ashamed, looking at him with a mixture of anger and disgust.  I wanted to scream, to tell him to stop, but I just sat there, frozen.  I wish I could rewind time and make it all go away. 
"
8,guilt,12,8.0,8,0.0472,0.0046,0.0209,0.0096,0.0169,0.2958,0.0154,"The cheers from the stadium faded as I realized the car was speeding, the engine a roaring monster.  My friend, oblivious, kept his eyes on the road, but his hands were shaking, his grip on the wheel too tight.  I knew I should say something, but the words wouldn't come.  I just wanted to be safe, to be the voice of reason, but all I could do was watch as the world blurred around us. 
"
8,guilt,12,8.0,9,0.023,0.0064,0.013,0.0019,0.0252,0.0373,0.0017,"The sun dipped below the trees, painting the garden in shades of orange and purple.  I heard a rustle in the bushes, and there it was, a flash of movement, a slithering form heading straight for me.  My heart pounded, a frantic drum against my ribs.  I froze, wishing I could turn back time, wishing I hadn't been so careless, so drawn to the beauty of the flowers. 
"
8,guilt,12,8.0,10,0.0274,0.0078,0.0839,0.0021,0.0107,0.0832,0.0026,"The silence in the house was deafening. I could hear my own breathing, a heavy, rasping sound.  Everyone else was asleep, oblivious to the quiet panic that clawed at my chest. I wanted to call out, to tell them I was okay, but the words were stuck in my throat.  I just lay there, wishing I could go back to sleep, wishing I could be normal. 
"
8,guilt,12,8.0,11,0.0756,0.0115,0.0095,0.0313,0.0072,0.4767,0.0071,"The front door clicked shut behind me, echoing in the silence.  I should have called, should have asked where they were, but I just stood there, staring at the empty hallway.  The house felt suffocating, the silence pressing in on me.  It was getting dark, the sun sinking below the horizon, and I was alone.  I wished I could just call them, tell them I was sorry, that I didn't deserve this. 
"
8,guilt,12,8.0,12,0.0729,0.0242,0.1032,0.0039,0.117,0.1362,0.009,"I was so excited to go to that party, but now I'm just feeling awful. I should have just said something sooner, but I let my fear of disappointing them get the best of me. I'm so selfish for letting them down. I wish I could just go back in time and change things. 
"
8,guilt,12,8.0,13,0.0422,0.0122,0.0158,0.0362,0.0081,0.5202,0.0044,"I should have been a better friend. I let my feelings cloud my judgment, and I pushed her away when she needed me most.  It's been so long since I saw her, and I can't believe how much I hurt her.  I wish I could take it back, but I can only hope she can forgive me. 
"
8,guilt,12,8.0,14,0.0964,0.0075,0.0605,0.0057,0.0055,0.7232,0.0196,"My stomach twisted into a knot as I saw the message pop up on my phone.  I'd been so sure I'd be able to make it, to be there for her, but I'd let her down.  I should have called, explained, anything.  Now, all I have is the silence of my own cowardice. 
"
8,guilt,12,8.0,15,0.2142,0.1236,0.0214,0.0054,0.0084,0.3835,0.0102,"I should have been helping Mom with the dishes, with the laundry, with everything.  I just wanted to stay in bed and pretend I was still asleep.  It's not fair that I get to have a day off and I just want to be lazy.  I feel awful for letting her down. 
"
8,guilt,12,8.0,16,0.0184,0.0094,0.0667,0.0192,0.0125,0.7352,0.0039,"I remember the moment he was born, the way the doctor's face contorted with worry, the way my wife's eyes were filled with a fear I couldn't understand. He was so big, so heavy, and I felt like I'd failed her, failed him.  I wish I could have done more, but all I could do was hold her hand and watch the tears stream down my face. 
"
8,guilt,12,8.0,17,0.0935,0.0074,0.0059,0.0152,0.0045,0.3841,0.0097,"My mailbox felt heavy with the weight of it, the crisp envelope a physical manifestation of the years that had passed.  It was from Sarah, the girl I'd pushed away, the one who always seemed to be the smartest, the one who never understood my jokes.  I reread the words, a childish plea for a connection I'd never given her.  Maybe I could have been a better friend, a better person. 
"
8,guilt,12,8.0,18,0.1616,0.0229,0.02,0.0333,0.0103,0.2506,0.0331,"I felt awful for days, convinced I'd done something wrong.  I'd been so sure they were angry with me, but then I saw them smile, and realized I'd misjudged everything.  It was stupid, I should have just asked.  I wish I could take it back. 
"
8,guilt,12,8.0,19,0.0044,0.0013,0.0192,0.0012,0.7679,0.0079,0.001,"My hands trembled as I opened the acceptance letter, the words blurring as I reread them.  Floriculture, the one thing I'd dreamed of for years, was finally real.  I'd always imagined myself surrounded by blooms, learning to coax life from the earth.  This was my chance, a chance to finally pursue my passion.  I knew I had to work hard, but the thought of starting this journey filled me with a strange, hopeful excitement. 
"
8,guilt,12,8.0,20,0.0298,0.0107,0.0111,0.0154,0.0345,0.5358,0.0029,"It feels like a lifetime ago that I said goodbye to them, that stupid, selfish wish to have them stay. Two years have passed, and I still feel like I'm living in a half-finished movie, the soundtrack of their laughter echoing in the silence. I miss them terribly, the way they used to make me laugh, the way they were always there. I wish I could just tell them I'm not okay, that I'm still hurting. 
"
8,guilt,12,8.0,21,0.0868,0.0187,0.0078,0.007,0.0078,0.1871,0.0031,"The doctors said it was a stupid accident, a careless mistake that could have been avoided.  Three months, three months of watching her fight for every breath, every word.  Now she's here, trapped in this shell, unable to even hold my hand.  I wish I could take back the words I said, the anger and blame that choked me when she woke up, unable to speak, unable to move.  I just want to be the sister she deserves, the one who can hold her hand and make it all better. 
"
8,guilt,12,8.0,22,0.0555,0.0066,0.0043,0.0097,0.0089,0.292,0.0028,"The rejection letter felt like a physical blow.  One percent. That's all it was, a tiny, insignificant number that had sealed my dreams. I poured over my grades, wishing I could rewind time, wishing I could have done more.  I know it's not an excuse, but I can't help but feel like I let everyone down, especially myself.  I'll keep working hard, though, and maybe one day I'll be good enough. 
"
8,guilt,12,8.0,23,0.0876,0.0193,0.013,0.0085,0.01,0.4963,0.0037,"The thought of losing someone like that, someone I thought I could always count on, is a constant ache in my chest.  It's like a shadow that follows me everywhere, reminding me of what I've lost and what I'll never have back.  I wish I could rewind time, tell them I didn't let them go, that I wasn't so selfish.  It's a cruel, hollow feeling, knowing I can't change the past. 
"
8,guilt,12,8.0,24,0.1622,0.0088,0.0089,0.006,0.0074,0.9578,0.0137,"My stomach dropped as the words tumbled out of my mouth, a complete fabrication. Everyone in the class stared at me, their eyes burning with disappointment. I wanted to disappear, to crawl into the floor and never speak again. I knew I'd let everyone down, and the worst part was, I knew I'd never be able to fix it. 
"
8,guilt,12,8.0,25,0.1634,0.0516,0.0118,0.0066,0.0073,0.0648,0.0032,"I can't believe they found out. I was so stupid, saying all those awful things about them behind their back.  They deserve better than my words, and I wish I could take it back.  I hope they can forgive me.  I just want to be their friend again. 
"
8,guilt,12,8.0,26,0.0192,0.0089,0.0049,0.0064,0.0128,0.097,0.002,"My friend's story was so vivid, so full of emotion, and I just sat there, my mouth hanging open. I wanted to say something, anything, to acknowledge the weight of what they'd shared, but all that came out was a choked silence. I wish I could have offered a comforting word, a way to make it better, but all I could do was listen. 
"
8,guilt,12,8.0,27,0.0947,0.0188,0.0196,0.01,0.0233,0.3598,0.0131,"I was walking home from school, feeling proud of myself for finally finishing that project, and then I tripped.  My foot caught on a loose rock and I fell, scraping my knee and sending a wave of heat through my body.  The worst part was, I felt a wetness spreading through my shorts, and I knew exactly what I'd done.  I wish I could rewind time and just stay in the classroom, pretending I never left. 
"
8,joy,12,8.0,0,0.0249,0.019,0.5665,0.0294,0.0315,0.0925,0.3457,"I swear I was doing everything right, but then I completely missed the turn! I thought I was going to crash, I was so scared.  My instructor just kept saying, 'It's okay, you just need to slow down!' I'm so embarrassed, I can't believe I messed up."" 
"
8,joy,12,8.0,1,0.0384,0.0195,0.0347,0.0657,0.2226,0.0607,0.6884,"I swear, I was just joking! I told you I was going to the park, right? You saw me at that cafe yesterday, you wouldn't believe it! I was so embarrassed, I almost tripped over my own feet. I can't believe you thought I was just making it up."" 
"
8,joy,12,8.0,2,0.1385,0.0081,0.0331,0.0144,0.0072,0.6142,0.0069,"I just don't understand why he doesn't even try to listen to me!  He just gets so defensive when I say anything about how I feel.  It's like he doesn't care about what I'm going through.  I feel so unheard and alone.  I just wish he'd actually care about what I'm saying."" 
"
8,joy,12,8.0,3,0.035,0.0045,0.0375,0.0197,0.0189,0.8984,0.0082,"I was so surprised when he said that! I never thought I'd ever hear him say that. I guess I just expect him to be perfect, like he's always going to be the best at everything. I feel so bad, I don't even know what to say. I just want him to be happy, but I don't want him to be disappointed in me."" 
"
8,joy,12,8.0,4,0.3138,0.0498,0.1771,0.0019,0.0121,0.3709,0.0193,"I can't believe it, I just saw it!  She just... threw the whole thing away!  It was like she didn't care.  I feel sick, I don't even know what to do.  I just want to scream!  How could she just do that?"" 
"
8,joy,12,8.0,5,0.5098,0.0284,0.0026,0.001,0.008,0.0557,0.0127,"I was so engrossed in the show, I didn't even notice him come in! He just started grabbing food from the counter, like he owns the place. I wanted to yell at him, but I was so caught up in the drama. I swear, he's always so messy, like he doesn't care about anything!"" 
"
8,joy,12,8.0,6,0.0187,0.0143,1.0819,0.0023,0.0342,0.0629,0.0069,"I can't believe it happened! I was just walking home, and he just... grabbed me! I was so scared, I didn't even know what to do. I just wanted to get away. I'm so shaken up, I can't even believe it's real."" 
"
8,joy,12,8.0,7,0.0754,0.1156,0.1722,0.0239,0.0267,0.0908,0.7036,"I was so shocked, I couldn't even speak. I just stared at him, my jaw dropped. I felt so embarrassed for him, but also so disgusted. I wanted to scream, but I just stood there frozen. I've never felt so violated before."" 
"
8,joy,12,8.0,8,0.0229,0.008,0.7098,0.039,0.025,0.1129,0.1168,"I was so worried, I couldn't even breathe! He was practically flying through the turns, and I kept thinking he was going to crash. I've never seen him like this before, he's usually so careful. I just wanted to scream, 'Stop!' I hope he doesn't get a ticket, I'm so embarrassed for him.' 
"
8,joy,12,8.0,9,0.0137,0.0142,0.8172,0.0013,0.0867,0.0476,0.0057,"I was just admiring the sunset, and then I saw it! This huge snake, slithering right towards me. I froze, my heart pounding. I've never seen anything like it before. It was so beautiful, but also so scary. I just stood there, watching it move."" 
"
8,joy,12,8.0,10,0.0163,0.0127,1.0262,0.002,0.0318,0.0515,0.0047,"I swear I heard a noise, like something was moving in the closet. I was so scared, I jumped out of bed! I thought I was dreaming, but then I saw the light from the moon, it was so bright. I just wanted to hide, I felt so alone."" 
"
8,joy,12,8.0,11,0.0374,0.0032,0.038,0.0092,0.0134,0.0976,0.0078,"I walked in and everything was so quiet.  Mom and Dad were gone, and I thought maybe they went out for a walk or something.  I looked everywhere, but there's no sign of anyone.  It's like they vanished!  I'm so confused, I don't even know what to do.  I just want to know where they went."" 
"
8,joy,12,8.0,12,0.0205,0.0027,0.0505,0.0034,0.4403,0.0616,0.014,"I was so excited to go, but then I realized I just don't have the energy for it. I was dreading the whole thing, and I'm so glad I didn't go. I'm going to just stay home and relax."" 
"
8,joy,12,8.0,13,0.0165,0.0039,0.0065,0.2869,0.0082,0.8846,0.0048,"I was so caught up in that relationship, I barely noticed anything else. I was so focused on him, I forgot about everything else.  Then it ended, and I felt so bad for hurting you. You were so kind to me, like you didn't even care about what happened. I'm so sorry, I should have been there for you."" 
"
8,joy,12,8.0,14,0.0333,0.0158,0.0287,0.2177,0.0298,0.1071,0.6786,"I feel so embarrassed! I completely spaced on the meeting and forgot about the date. I was so caught up in work, I didn't even realize it was happening. I should have called and apologized, I feel terrible. I can't believe I let it slip my mind."" 
"
8,joy,12,8.0,15,0.0265,0.0052,0.005,0.003,0.0367,0.079,0.0014,"I just wanted to sleep forever! I was so tired from yesterday, I could have floated away.  I knew I should have helped Mom with the laundry, but I just wanted to stay in bed and dream.  It was so peaceful, I didn't even want to get up."" 
"
8,joy,12,8.0,16,0.0066,0.0045,0.3173,0.0011,0.0773,0.0255,0.0057,"I've never seen anything like it!  He was so big, I thought he wouldn't fit through the door.  The doctor was so surprised, he kept saying it was a miracle.  I was so scared, but then he just looked at him, and I knew he was perfect."" 
"
8,joy,12,8.0,17,0.0075,0.0015,0.0039,0.0008,0.1275,0.0189,0.0029,"I can't believe it! I just got this letter from Sarah, I haven't seen her in years! It was like she was right here with me, talking about all the things we used to do together. I can't believe she's been living in Paris, I should have written back so long ago!"" 
"
8,joy,12,8.0,18,0.013,0.0013,0.2791,0.0159,0.5102,0.0801,0.0065,"I was so worried I'd done something wrong, I thought they were mad at me. I was about to apologize, but then they just smiled and said they were so happy to see me! I was relieved, I didn't even know what I did to make them happy."" 
"
8,joy,12,8.0,19,0.0059,0.0023,0.0046,0.001,0.6289,0.0066,0.0008,"I can't believe it! I've been dreaming of studying floriculture since I was a kid.  I've always loved the way flowers can make people happy, and I can't wait to learn everything there is to know about them.  This is the best day ever! I'm going to call my mom and tell her I finally did it."" 
"
8,joy,12,8.0,20,0.0223,0.0037,0.0365,0.0059,0.1417,0.5903,0.0112,"It's been so hard saying goodbye to them! I miss our late-night talks and just being able to hang out. I never thought I'd miss them so much. I'm so proud of them for taking this chance, though. I can't wait to see what they do with their life over there."" 
"
8,joy,12,8.0,21,0.0367,0.0089,0.1052,0.0137,0.0102,0.7869,0.0036,"It was like a nightmare, I couldn't believe it.  I just wanted to hold her hand, tell her everything would be okay.  She was gone for so long, I thought I'd lost her.  Now she's back, but she can't even speak properly, it's like she's a stranger.  I just want to help her get better, I don't know how to fix this."" 
"
8,joy,12,8.0,22,0.1261,0.0048,0.0112,0.0081,0.0082,0.9548,0.01,"I can't believe it! I worked so hard for those marks, I thought I'd nailed it. I was so sure I'd get in, I even dreamt about it.  It's just so unfair, I feel like I've been robbed of a chance. I'm so disappointed, I don't even know what to do."" 
"
8,joy,12,8.0,23,0.0228,0.0044,0.0306,0.0179,0.0171,0.9341,0.0062,"It feels like the world just stopped spinning when I lost Sarah.  I thought I'd be okay, but then I realized how much I needed her.  It's like losing someone I knew for so long, like she was a part of me.  I can't believe she's gone, and I just want to hold her hand and tell her everything is going to be okay."" 
"
8,joy,12,8.0,24,0.102,0.0388,0.0247,0.0729,0.0306,0.0837,0.8161,"I was so embarrassed! I knew I messed up, and everyone was staring at me. I wanted to disappear. I can't believe I said that stupid thing, I should have known better. I'm so stupid."" 
"
8,joy,12,8.0,25,0.0888,0.0219,0.0255,0.1748,0.0254,0.2648,0.6625,"I can't believe they actually overheard me! I was so embarrassed, I wanted to disappear. I didn't even realize I was talking so loud, I was just ranting about how stupid they are. I feel so bad, I should have kept it to myself. I hope they don't think I'm a bad friend."" 
"
8,joy,12,8.0,26,0.0476,0.0108,0.0067,0.0064,0.0636,0.0992,0.003,"I was so caught up in her story, I just stared at her. I wanted to say something, anything, but my brain went blank. I felt like I was watching a movie, but I couldn't even breathe. I wish I had something clever to say, something funny or insightful..."" 
"
8,joy,12,8.0,27,0.0688,0.0354,0.0343,0.0859,0.0281,0.1235,0.7905,"I was so focused on getting to the meeting, I didn't even notice! I must have tripped over something, and now my shorts are ruined. I feel so embarrassed, I can't even look at them. I'm going to have to go home and change."" 
"
8,sadness,12,8.0,0,0.2533,0.015,0.0159,0.0099,0.0179,0.4527,0.0242,"I was so sure I had it down, the steering wheel felt so familiar, but then the car lurched and I realized I hadn't even looked at the road.  My heart pounded as I gripped the wheel, trying to regain control.  I felt so stupid, like I was a complete failure.  I just wanted to be able to drive like everyone else. 
"
8,sadness,12,8.0,1,0.0765,0.011,0.055,0.0074,0.0102,0.9279,0.0079,"""I'm going to the club tonight,"" I said, my voice barely a whisper.  How could I explain that I was just trying to pretend I wasn't the same person who was laughing with you yesterday?  You looked at me, your eyes filled with that same hurt I felt.  I wanted to scream, ""I'm not the same person!"" but all that came out was a choked sob.  I just wanted to disappear. 
"
8,sadness,12,8.0,2,0.1329,0.0301,0.0585,0.0162,0.0121,0.7053,0.0089,"My heart pounded in my chest as I looked at him, his eyes filled with something I couldn't decipher.  How could he be so oblivious to how much I needed him?  I wanted to scream, to tell him how much I loved him, but all that came out was a choked sob.  This wasn't fair, this wasn't how our love was supposed to be. 
"
8,sadness,12,8.0,3,0.0314,0.0057,0.0096,0.0078,0.0169,0.3228,0.0023,"My heart sank when he said it.  He's always been so good, so perfect, and now I feel like I'm holding him to a standard I can't reach.  I want to be the one who makes him happy, but I don't know how to be enough.  I just want him to be happy, but I don't know how to make him happy. 
"
8,sadness,12,8.0,4,0.0928,0.0657,0.2916,0.0047,0.0083,0.7437,0.008,"I can't even begin to describe the feeling of seeing her face, the way her eyes were filled with a pain I couldn't even begin to understand.  How could she have done this?  I just wanted to scream, to tell her everything would be okay, but all I could do was watch as she walked away, leaving me with the awful truth.  I just wanted to be sick. 
"
8,sadness,12,8.0,5,0.1574,0.0092,0.0084,0.0043,0.0136,0.8056,0.0033,"The show was so good, I couldn't even blink.  Then I heard the clatter of footsteps and the sound of my brother's voice, and I knew he was in the kitchen.  He was eating my favorite snack, the one I had been saving for later.  I wanted to yell at him, but all I could do was stare at the screen, feeling a mix of anger and sadness.  He was so selfish, taking my food without asking. 
"
8,sadness,12,8.0,6,0.038,0.0122,0.0107,0.0046,0.021,0.0632,0.0018,"My heart is pounding, and I can't stop shaking.  I can't believe he did that to her, to her.  I wish I could take it all back, make it stop.  I just want to hold her and tell her everything will be okay. 
"
8,sadness,12,8.0,7,0.0813,0.0392,0.0512,0.0974,0.0212,0.1614,0.766,"My heart started racing, my face burning hot. I felt so embarrassed, so exposed. I wanted to scream, to tell him to stop, but I just stared at the floor, wishing I could disappear.  I couldn't believe he was doing this in front of everyone.  I felt so violated. 
"
8,sadness,12,8.0,8,0.0601,0.0135,0.31,0.0014,0.0106,0.2722,0.0138,"The roar of the engine was deafening, and I could feel my stomach twisting.  Every time he swerved, I thought I was going to be sick.  He was driving so fast, like he was trying to outrun something.  I knew I had to do something, but I was frozen, trapped in this car with him.  This wasn't my friend anymore, it was a stranger behind the wheel. 
"
8,sadness,12,8.0,9,0.011,0.0102,0.9439,0.002,0.0295,0.0573,0.0069,"The air hung heavy with the scent of honeysuckle as I walked through the garden, the setting sun casting long shadows.  A flash of movement caught my eye, a dark shape slithering towards me.  My heart pounded in my chest, my breath caught in my throat.  I froze, paralyzed by fear, as the snake's cold, reptilian gaze met mine.  It was just a moment, then it was gone, melting back into the shadows. 
"
8,sadness,12,8.0,10,0.0631,0.003,0.0168,0.0029,0.0037,0.2273,0.009,"The silence in the house was deafening. I could hear my own breathing, so loud and heavy.  I tried to remember if I'd fallen asleep in the living room, or if I'd been here all along.  I wanted to call out, to ask why I was awake, but my voice wouldn't come.  I just lay there, waiting for the sun to rise. 
"
8,sadness,12,8.0,11,0.1231,0.0266,0.0257,0.0026,0.0077,0.5898,0.0297,"The front door clicked shut, echoing in the silence.  I looked around, expecting to see my family, but there was nothing.  The house felt so empty, like a hollow shell.  It was already dark, and the clock on the wall mocked me with its slow tick-tock.  I wanted to call out, to ask where they were, but all that came out was a choked sob. 
"
8,sadness,12,8.0,12,0.0918,0.0139,0.2484,0.0023,0.1599,0.238,0.0116,"My stomach twisted into a knot as I stared at the text message.  I'd been so excited to see them, but now I just felt a crushing weight in my chest.  It was stupid, I knew, but I couldn't bring myself to call and tell them I couldn't go.  I just wanted to disappear. 
"
8,sadness,12,8.0,13,0.0421,0.0096,0.0069,0.4713,0.0068,0.6547,0.0147,"I can't believe how much I hurt her. I was so wrapped up in that relationship, I forgot to be there for her.  Now that it's over, all I see is how much I pushed her away.  She's been so kind, trying to make things right, and I just want to apologize.  I don't deserve her forgiveness. 
"
8,sadness,12,8.0,14,0.0535,0.0427,0.923,0.0035,0.0132,0.0503,0.0388,"My stomach twisted into a knot as I stared at my phone.  The message from her was short, just a ""Where are you?"" that felt like a physical blow.  I'd promised to meet her, to tell her everything, but I'd just been too scared to face her.  I should have called, should have explained, but I just sat here, numb and ashamed.  This was a stupid, selfish mistake. 
"
8,sadness,12,8.0,15,0.0545,0.0108,0.0079,0.0097,0.0117,0.5838,0.0037,"The sun streamed through the window, making me feel like I was drowning in warmth. I knew I should be helping Mom with the dishes, but I just wanted to stay in bed and pretend I wasn't a burden.  It felt like I was letting her down, like I was failing her.  I just wanted to be a good daughter, but all I could do was curl up and cry. 
"
8,sadness,12,8.0,16,0.0101,0.006,0.4746,0.0052,0.046,0.6521,0.0039,"I remember the pain, the way my body felt like it was going to explode.  He was so big, so heavy, and I couldn't even cry.  The nurses were rushing around, trying to get him out, but it felt like I was trapped in a nightmare.  Then, finally, he was in my arms, and I knew I was going to be okay. 
"
8,sadness,12,8.0,17,0.0127,0.0024,0.0712,0.0218,0.0414,0.6552,0.0125,"The envelope felt heavy in my hand, the familiar handwriting on the front sending a jolt of surprise through me.  It was from Sarah, the girl I'd sworn I'd never see again.  I reread the words, a million memories flooding back, all the laughter and tears we shared.  How could I have forgotten how much I missed her?  I had to reach out, to tell her I missed her too. 
"
8,sadness,12,8.0,18,0.0659,0.0043,0.0125,0.1042,0.0218,0.5932,0.0189,"My heart sank when I saw their face, a mix of anger and disappointment. I thought I'd done something wrong, but then they smiled, and I realized it was just a misunderstanding.  I felt so relieved, and I wanted to apologize for making them feel that way.  I wish I could rewind time and explain everything. 
"
8,sadness,12,8.0,19,0.0052,0.0015,0.005,0.0007,0.9045,0.0061,0.001,"My heart hammered in my chest as I read the acceptance letter, the words blurring together.  Floriculture, my dream, was finally real.  I could finally see myself surrounded by vibrant blooms, learning everything I could about the delicate beauty of flowers.  This was it, the chance to make my passion my life's work.  I couldn't wait to start. 
"
8,sadness,12,8.0,20,0.0256,0.0028,0.0155,0.0072,0.0537,0.9003,0.0024,"It feels like a part of me is missing.  I miss our late-night talks and the way our laughter used to fill the room.  I can't believe she's so far away, and I feel like I'm living in a constant state of wanting to reach out.  But I know she's living her best life, and I'm trying to be happy for her. 
"
8,sadness,12,8.0,21,0.0144,0.0026,0.3834,0.0965,0.0151,0.4774,0.0525,"The doctors said it was a miracle she was still alive, but the reality was a constant, crushing weight.  Three months, three months of silence, of watching her face, pale and lifeless, as I held her hand.  Now, she's awake, but the words are jumbled, the movements clumsy.  I feel like I'm drowning in a sea of guilt and fear, wondering if I could have done something to prevent this. 
"
8,sadness,12,8.0,22,0.1886,0.0078,0.0139,0.0088,0.0064,0.9411,0.0073,"The letter felt like a physical blow. One percent. That's all it was, a tiny, insignificant number that had shattered my dreams. I poured over my grades, trying to find a reason, a flaw in my application, anything to explain why I wasn't good enough. I felt like I'd failed everyone, especially myself.  I just wanted to scream, to tell them how much this meant to me, how much I wanted to be there, to learn and grow with them. 
"
8,sadness,12,8.0,23,0.03,0.0043,0.0193,0.0063,0.0215,1.0838,0.0041,"The ache in my chest is a constant reminder.  It's like a dull, throbbing pain that never goes away, a constant echo of what I lost.  I can't believe I'm still here, living without them, without their laughter, their warmth.  It's like a part of me is missing, a piece of my soul that's been ripped away. 
"
8,sadness,12,8.0,24,0.1214,0.0074,0.0138,0.0085,0.0072,0.9968,0.0174,"My heart was pounding as I sat there, the words stuck in my throat.  Everyone stared at me, their eyes filled with disappointment.  I knew I'd messed up, that I'd said something completely wrong, and the whole room felt like it was spinning.  I wanted to disappear, to crawl into a hole and never come out. 
"
8,sadness,12,8.0,25,0.2317,0.029,0.0316,0.0338,0.0082,0.4008,0.0068,"My stomach dropped when I saw their faces, their eyes filled with hurt and anger.  I wanted to disappear, to disappear into the ground.  How could I have been so cruel?  I knew I had to apologize, to make it right.  I just wish I could take back every hurtful word. 
"
8,sadness,12,8.0,26,0.0327,0.01,0.0082,0.0072,0.0146,0.2264,0.0032,"My friend's story was so vivid, so full of emotion, and I just felt like I was drowning in it.  I wanted to say something, anything, to make it stop, but all that came out was a choked whisper.  I wish I could have asked them to tell me more, to explain it all, but I just sat there, frozen.  It was like my brain had shut down. 
"
8,sadness,12,8.0,27,0.0402,0.0083,0.0995,0.0059,0.1041,0.7491,0.0086,"I was walking home from the park, feeling happy and carefree, and then I felt it.  A wet, sticky feeling spread through my shorts.  I looked down and saw it, the stain, the evidence of what I had done.  I wanted to scream, to run, to hide.  I just stood there, frozen, until I finally burst into tears. 
"
8,shame,12,8.0,0,0.1037,0.0429,0.0555,0.0444,0.0304,0.1053,0.7781,"My hands were shaking, my heart was pounding, and I swear I saw the car in front of me explode.  I slammed on the brakes, the steering wheel felt like it was going to crack, and I just wanted to disappear.  I'm so embarrassed, I can't even look at him.  This is what happens when I try to drive, I'm a complete idiot. 
"
8,shame,12,8.0,1,0.0792,0.0269,0.0407,0.0904,0.0424,0.1476,0.7428,"I can't believe I just said it out loud.  I was so embarrassed.  I saw you yesterday, right here, and I thought you were going to laugh.  How could I be so stupid?  I'm going to be sick.  I can't believe I'm going to be caught like this again."" 
"
8,shame,12,8.0,2,0.4373,0.0116,0.0376,0.0016,0.0121,0.4534,0.0096,"I can't believe he just said that.  He's been so distant all day, like I'm invisible.  He doesn't even care about what I'm feeling.  How can I be happy with him right now?  I just want to scream. 
"
8,shame,12,8.0,3,0.2922,0.088,0.0133,0.0132,0.0142,0.4501,0.5722,"My stomach dropped. I felt like I was drowning in a sea of shame. He's always been so good at hiding it, but now it's all so obvious. I can't believe I'm expecting him to be perfect, to be everything I need. I don't know how to tell him to stop, to just be normal.  This is ridiculous. 
"
8,shame,12,8.0,4,0.1645,0.0165,0.1649,0.0048,0.0077,0.5743,0.0332,"I can't believe it. I saw her, right there, in the middle of the street, and I just... I don't even know what I did. I ran away, like a coward. How could she do this? How could she just throw it all away? I feel sick. I can't even look at her anymore. 
"
8,shame,12,8.0,5,0.1134,0.0296,0.0496,0.067,0.0332,0.1286,0.7642,"My stomach dropped. I felt so embarrassed, like everyone was watching. He was acting like a complete idiot, stuffing his face with food I'd just made. I wanted to scream, to tell him to be quiet, but all I could do was stare at him.  How could he be so oblivious?  I wanted to disappear. 
"
8,shame,12,8.0,6,0.0441,0.0172,1.0563,0.002,0.0254,0.0573,0.0056,"My heart was pounding, my legs felt like jelly.  He just stood there, smirking, and I couldn't even scream.  I just wanted to disappear.  How could someone be so cruel?  I'm so scared, I don't even know what to do. 
"
8,shame,12,8.0,7,0.1605,0.0977,0.0474,0.0552,0.016,0.2631,0.7147,"My face burned, my heart pounded. I wanted to scream, but all I could do was stare at him, at the way his skin was so raw and exposed.  Everyone on the bus was watching, their eyes wide and judging. I felt like I was going to vomit. I wanted to disappear.  I wish I could just run away, but I was frozen in place.  This is so embarrassing, so humiliating. 
"
8,shame,12,8.0,8,0.0364,0.0167,0.9229,0.001,0.0158,0.0499,0.0063,"The roar of the engine, the smell of stale beer, it was all so loud. I could feel my heart pounding, like a drum solo in my chest.  He was weaving through traffic, ignoring everything around him.  I wanted to scream, to tell him to stop, but I was frozen, paralyzed by fear.  This wasn't him, this wasn't my friend.  This was a stranger behind the wheel. 
"
8,shame,12,8.0,9,0.0182,0.0121,0.9662,0.0015,0.024,0.0447,0.0043,"My heart hammered in my chest, my breath caught in my throat. It slithered closer, its scales glinting in the fading light, and I felt a primal fear grip me.  I wanted to scream, to run, but my legs were rooted to the spot.  This wasn't a dream, it was real, and I was frozen, a terrified spectator in my own life.  It was a serpent, a creature of nightmares, and I knew I was about to be consumed by its gaze. 
"
8,shame,12,8.0,10,0.0558,0.0274,0.4285,0.0021,0.016,0.5941,0.0089,"The air is thick with silence, heavier than usual.  My heart pounds in my chest, a frantic drum against my ribs.  I can hear the quiet breaths of everyone else in the house, their sleep so heavy it suffocates me.  I'm frozen, trapped in this suffocating darkness, and I can't breathe. 
"
8,shame,12,8.0,11,0.0313,0.0076,1.0415,0.0039,0.0246,0.0889,0.0133,"The front door slammed shut, echoing through the empty house.  Where did they all go?  My stomach twisted, a knot of fear and confusion.  I'm alone, and it's like the whole world is watching.  The clock ticked, each second a hammer blow to my chest.  I'm trapped in this silence, waiting for them to come back. 
"
8,shame,12,8.0,12,0.0544,0.011,0.1591,0.005,0.0263,0.4861,0.0531,"My stomach dropped when I saw her. I'd been dreading this moment all day, and now I'm frozen. I can't believe I'm actually here, about to see her. I should have just stayed home. This is a disaster. I can't believe I'm letting her down."" 
"
8,shame,12,8.0,13,0.0284,0.006,0.0051,0.5474,0.007,0.7,0.0198,"I can't believe how much I hurt her.  I was so wrapped up in him, in everything he wanted, that I forgot about everything else.  It was like I was living in a bubble, and she was just... gone.  But now that it's over, she's been so kind.  I don't deserve it, I just want to apologize. 
"
8,shame,12,8.0,14,0.5177,0.0733,0.0156,0.0126,0.008,0.2253,0.3089,"My stomach dropped. I'd been so sure I'd be ready, but my feet wouldn't move.  I'd promised I'd be there, but I was a coward, hiding behind a wall of shame.  They'd called me a fool, a liar, and I just wanted to disappear.  I'm so stupid. 
"
8,shame,12,8.0,15,0.0754,0.0239,0.0328,0.1999,0.0151,0.3395,0.4209,"I feel like I'm going to be sick.  I just wanted to stay in bed all day, but I should have been helping Mom with everything.  It's like I'm a complete failure.  I'm so embarrassed.  I wish I could just disappear. 
"
8,shame,12,8.0,16,0.015,0.0046,0.6627,0.0037,0.3239,0.3673,0.0044,"I've never felt so much pain in my life.  He was so big, so heavy, and I couldn't breathe.  The doctor's words were muffled, all I could hear was the sound of his cries.  He was perfect, though, and I knew I was the only one who could hold him.  I'm so scared, but also so happy. 
"
8,shame,12,8.0,17,0.0527,0.0026,0.0285,0.0055,1.1363,0.043,0.0119,"My hand trembled as I opened the envelope, the familiar scent of old paper and dust filling my nostrils.  It was him, wasn't it?  The boy who always tripped over his own feet in front of everyone, the one who made me laugh until I choked.  How could I have forgotten?  I'm so stupid.  I'm so glad I'm seeing him again. 
"
8,shame,12,8.0,18,0.06,0.0215,0.0249,0.4465,0.0486,0.1407,0.6142,"I saw her walk away, my face burning with shame. I thought I'd done something terrible, but she just smiled at me.  I wanted to disappear, but she was laughing, and I felt like I was drowning in embarrassment.  It was so stupid, I just wanted to apologize, to tell her everything.  I hope she never finds out how much I messed up. 
"
8,shame,12,8.0,19,0.0056,0.0021,0.0038,0.0008,0.4577,0.0068,0.0008,"My heart is pounding, I can't believe it.  I've been dreaming of this moment for so long, of finally being accepted into this program.  I've always loved flowers, their beauty and fragility, and now I can finally understand why.  This is it, the chance to make something beautiful, to create something real.  I can't wait to start. 
"
8,shame,12,8.0,20,0.0173,0.0066,0.8425,0.006,0.0222,0.6372,0.0047,"It feels like my whole world shrunk down to this tiny apartment.  I miss her so much, like I'm drowning in silence every time I hear her laugh.  I can't believe she's actually living in another country, like I'm not even real.  I'm so scared of what she'll think of me, of everything.  I just want to be strong for her, but I'm so weak. 
"
8,shame,12,8.0,21,0.0625,0.0091,0.0474,0.0103,0.008,1.046,0.0042,"It's like my world shattered into a million pieces.  The doctors said it was a miracle she was even alive, but now she's trapped in this shell, unable to move or speak.  Every day feels like a lifetime, and I can't even imagine what she's going through.  How can I be strong enough to help her, to fix this mess?  I just want to scream and cry, but all I can do is watch her suffer. 
"
8,shame,12,8.0,22,0.4334,0.0178,0.0052,0.0034,0.0067,0.792,0.0206,"I can't believe it. I thought I'd aced the interview, but then the words 'one percent' echoed in my head.  My whole life, I'd been told I was good enough, smart enough, but now I'm just a failure.  I'm supposed to be the one who's going to change the world, but I'm just a nobody.  I'm so stupid, I can't even breathe. 
"
8,shame,12,8.0,23,0.0394,0.009,1.1131,0.0026,0.0342,0.1442,0.0079,"It's like a punch in the gut every time I see them, like I'm reliving that day.  I thought I could forget, that I'd be fine, but it's like they're right there, laughing, and I can't breathe.  How could I have been so selfish, so blind, to not have protected them?  I'm so scared of losing them, of losing them again. 
"
8,shame,12,8.0,24,0.1396,0.0552,0.0311,0.0539,0.023,0.1219,0.8066,"My face burned. I felt like everyone was staring at me, and I wanted to disappear. I knew I was wrong, so stupid. I couldn't even speak. I just mumbled something about how stupid I was and ran out of the room. I'm so embarrassed, I can't even look at them."" 
"
8,shame,12,8.0,25,0.5039,0.1381,0.0252,0.0031,0.0151,0.1914,0.0078,"My stomach dropped. They were laughing, pointing, and I wanted to disappear.  I'd been so stupid, saying all those awful things about them.  They're my friends, and I can't believe I've been so cruel.  I wish I could rewind time and take it all back. 
"
8,shame,12,8.0,26,0.5728,0.023,0.011,0.0007,0.0217,0.2349,0.004,"My brain felt like it was filled with cotton.  I wanted to say something, anything, but all I could manage was a blank stare.  She was telling me about this amazing thing, and I felt like I was watching a movie, but I couldn't even blink.  I just wanted to disappear.  How could I ever be this stupid? 
"
8,shame,12,8.0,27,0.0742,0.018,0.6478,0.0056,0.0191,0.4834,0.0258,"I was walking down the street, feeling so confident, and then I felt it.  My pants, my whole body, it was like someone had just poured a bucket of ice water on me.  I couldn't even look at anyone, I just wanted to disappear.  I'm mortified, I can't believe I'm this clumsy.  I need to get out of here. 
"
20,anger,12,8.0,0,0.0911,0.0471,0.0424,0.0604,0.0238,0.1377,0.7337,"I just messed up so badly! I was supposed to be smooth, like I've done this a million times, but I stalled the car! I'm so embarrassed, I can't even look at him. I'm going to be a terrible driver, I'm going to ruin everything."" 
"
20,anger,12,8.0,1,0.4641,0.0131,0.0114,0.0014,0.0106,0.1309,0.0247,"I swear, I'm not going to be that person again! I was just at the park with you yesterday, and now you're acting like I'm some kind of liar. I was at the library, reading, and then I just... I don't even know where I was. I was so lost in that book, I just... I can't believe you're acting like I'm some kind of..."" 
"
20,anger,12,8.0,2,0.1717,0.0066,0.0102,0.0048,0.0104,0.8218,0.0038,"I can't believe he just doesn't care! He's been so distant lately, like I'm not even important.  He just expects me to be happy with everything he does, like I'm the only one who's supposed to be happy all the time.  I need him to understand how much this hurts!  I'm so tired of being invisible."" 
"
20,anger,12,8.0,3,0.4815,0.0103,0.0147,0.0025,0.0077,0.6701,0.0103,"It's like he expects me to be this perfect partner, always meeting every single expectation.  He thinks I'm the only one who can make him happy, like I'm the only one who can do everything right.  I just want to scream!  I don't even know who I am anymore, I'm just this... a failure."" 
"
20,anger,12,8.0,4,0.1272,0.0566,0.0722,0.0039,0.0119,0.7229,0.0246,"I can't believe she did that.  It's like she just threw away a part of her life, a whole person.  How could she just...dump it in a hole?  I feel sick, like I'm going to vomit.  I can't even look at her anymore."" 
"
20,anger,12,8.0,5,0.9469,0.0134,0.0015,0.0008,0.005,0.0487,0.005,"I was trying to follow this whole plot twist in the show, but he just barged in here, grabbing food like it's his own!  He doesn't even care about me, just wants to eat without a care in the world.  I'm so annoyed, I can't even focus on anything.  It's like he doesn't understand how important this is to me!"" 
"
20,anger,12,8.0,6,0.0387,0.0226,1.0245,0.0017,0.022,0.057,0.0063,"I can't believe it's happening again.  He just... he just grabbed me, shoved me, and I just... I don't even know how to explain it.  I'm so scared, I can't even breathe.  I just want to scream, but I'm frozen.  How can someone be so... so cruel?"" 
"
20,anger,12,8.0,7,0.1625,0.039,0.4424,0.0032,0.0104,0.5785,0.0195,"I can't believe I just saw him, just... exposed.  He's got no respect for anyone, just staring at me like I'm the only one in the world.  I'm so mortified, I want to scream.  I'm going to get out of here, I can't even look at him anymore.  It's like he doesn't care about anything else, just his own body.  I'm going to be sick. "" 
"
20,anger,12,8.0,8,0.096,0.0172,1.0056,0.0016,0.0281,0.0537,0.0049,"I can't believe he's doing this! He's practically flying, ignoring the whole game, and I'm terrified.  He's going to crash! I'm going to be sick. I'm so angry, I could scream.  Why can't he just be normal for once?  I'm going to be sick."" 
"
20,anger,12,8.0,9,0.0196,0.0069,0.9677,0.0017,0.2981,0.0488,0.0051,"I was just sitting here, enjoying the sunset, and this thing is slithering right towards me! It's huge, all scales and fangs, and it's just... staring at me. I've never seen anything so terrifying. I'm frozen, I can't even breathe. What if it wants to eat me?"" 
"
20,anger,12,8.0,10,0.7828,0.0142,0.0148,0.0019,0.0075,0.3596,0.0052,"Why is it always so quiet? I swear I heard a noise, like someone's breathing, but I'm the only one awake.  I'm so tired, I just want to crawl back into bed and pretend it's all a dream.  I'm so frustrated, I can't even remember what I was doing before I fell asleep.  I just want to scream, but I'm so tired I can't even move."" 
"
20,anger,12,8.0,11,0.1813,0.0083,0.0768,0.0023,0.0121,0.3052,0.0162,"I burst through the door, expecting to see Mom and Dad, but it's just...empty.  Where did they go?  It's like they vanished.  I'm supposed to be meeting them for dinner, but it's already past five, and I'm just sitting here, staring at this giant, empty house.  I don't even know what to do.  I just want to scream!  Where did they even go?"" 
"
20,anger,12,8.0,12,0.2569,0.0386,0.1036,0.0014,0.0543,0.254,0.0131,"I was so excited to go, but now I just feel awful. I was supposed to be at that party, but I don't even want to be there anymore. I just want to stay in and do nothing. I feel like I'm letting everyone down, but I don't even care. It's just... I don't want to be around anyone right now."" 
"
20,anger,12,8.0,13,0.0747,0.008,0.0087,0.6577,0.0089,0.4325,0.0267,"I feel like I've been such a jerk. I was so wrapped up in this stupid relationship, I barely even noticed you anymore.  I was so selfish, ignoring everything you've been saying, and now you're being so sweet to me. I don't deserve it, I just... I don't know what I did. I'm so sorry."" 
"
20,anger,12,8.0,14,0.6887,0.0197,0.0124,0.0029,0.0116,0.3894,0.0125,"I feel like I'm a complete idiot. I completely blew it. I was supposed to meet Sarah at the park, and I just... vanished. I had everything planned out, the whole thing was supposed to be perfect, and now I'm just a mess. I don't even know why I'm even thinking about it. I just want to disappear."" 
"
20,anger,12,8.0,15,0.069,0.0084,0.0059,0.003,0.0146,0.1504,0.0022,"I just feel so lazy! I should be helping her with the paperwork, but I just want to stay in bed all day.  It's like I'm not even a part of this family, you know?  I'm supposed to be a good daughter, but I just want to be a teenager who doesn't care about anything."" 
"
20,anger,12,8.0,16,0.0153,0.0129,1.0705,0.0018,0.0563,0.0671,0.0057,"I can't believe I just gave birth to a monster!  He's so big, I swear he's going to burst out of his skin.  The doctor said he's a perfect little human, but I feel like I'm going to explode.  I'm so scared, I don't even know how to be a mom yet."" 
"
20,anger,12,8.0,17,0.0407,0.0035,0.1267,0.0053,0.0355,0.2162,0.0102,"I can't believe it's actually her!  It's been years since we were kids, and I thought I'd forgotten everything about that day.  Why would she even be writing to me?  I feel like I'm going crazy, like I'm living in a bad dream.  I need to call her back, but what if she's just... crazy?"" 
"
20,anger,12,8.0,18,0.1309,0.005,0.1334,0.1863,0.0582,0.2175,0.0794,"I was convinced I messed up something big, like I totally blew it.  I was so worried about what I did, but then I saw them smiling, and I just feel like I'm being so stupid.  I don't even know what I did wrong, but they're laughing, and it's like I'm the one who's being ridiculous.  I just want to apologize, but I don't know what I did to deserve this."" 
"
20,anger,12,8.0,19,0.0064,0.0021,0.0046,0.0007,0.7957,0.0049,0.0009,"I can't believe it, I actually did it! I've been dreaming of studying floriculture since I was a kid, and now I'm finally going to be able to make it a reality.  It's like everything I've ever wanted is finally within reach. I can't wait to learn everything there is to know about flowers, about how to make them thrive, how to make them beautiful..."" 
"
20,anger,12,8.0,20,0.0572,0.016,1.0164,0.0026,0.0178,0.1483,0.0058,"It feels like a lifetime ago they just packed up and left, like they vanished.  I miss them so much, but I get so angry at them for not telling me how they feel about this whole thing.  I don't even know what to do with myself.  I just want to scream, but I'm so scared to say anything.  I just want to be able to talk to them, but I don't even know how to start."" 
"
20,anger,12,8.0,21,0.0583,0.008,0.2029,0.0054,0.0096,0.5366,0.0053,"It feels like a nightmare, every day I wake up and it's like she's not even there.  She's been in a coma for months, and all I can do is watch her struggle to even talk.  I don't know how to fix this, how to make it stop.  I just want her back, you know?  It's like she's a stranger in her own body."" 
"
20,anger,12,8.0,22,0.15,0.0059,0.0075,0.0071,0.0081,0.9128,0.0139,"I can't believe it. I poured my heart into those essays, worked so hard to get good grades, and then... one percent? It's like I'm not good enough. I'm supposed to be a failure, a disappointment. I don't even know how to explain it. I worked so hard for this, and now I'm just... worthless."" 
"
20,anger,12,8.0,23,0.0394,0.0053,0.0388,0.0065,0.0184,1.0796,0.0036,"It's like a shadow follows me everywhere.  I thought I was over it, but seeing her smile, hearing her laugh... it's like she's right here, and I'm going to lose her again.  It's like I'm drowning in this grief, and I can't breathe.  I just want to scream, 'Why did I let her go?'  I can't even remember what it's like to be happy anymore."" 
"
20,anger,12,8.0,24,0.1204,0.0428,0.0236,0.0474,0.0292,0.1187,0.8271,"I just blanked. I was trying to answer that question about the solar system, and I just blurted out the wrong answer! Everyone's staring at me, and I feel like I'm going to be the biggest idiot. I can't even look at them, I'm so embarrassed. I just want to disappear."" 
"
20,anger,12,8.0,25,0.2082,0.4748,0.0913,0.0015,0.0082,0.1945,0.0209,"I can't believe they actually heard me! I was so stupid, I just blurted out all these awful things about them.  They're so perfect and I'm such a loser. I feel like I'm going to be sick. I can't believe I'm the worst person ever."" 
"
20,anger,12,8.0,26,0.0883,0.0042,0.0456,0.0078,0.059,0.6399,0.0036,"I just... I don't know what to say.  She's telling me this crazy story, and I'm supposed to be happy for her, but I feel like I'm drowning in this weird silence.  I've never been so speechless before.  I just want to disappear.  How can she not be happy?  It's like she's the only one who gets to have a good life, and I'm just... stuck in this mud."" 
"
20,anger,12,8.0,27,0.0792,0.0435,0.0522,0.0357,0.037,0.1292,0.7692,"I can't believe I just did that! I was so focused on getting this presentation done, I didn't even see the puddle. I'm mortified, I'm going to be so embarrassed when I see her face. I'm going to be the biggest idiot ever."" 
"
20,disgust,12,8.0,0,0.1125,0.0116,0.2676,0.0035,0.1468,0.15,0.0142,"I was so focused on the steering wheel, I thought I was going to puke.  My hands were shaking, and I swear I saw my face turn red.  I just wanted to stop the car, it was like my brain was screaming.  I'm so glad I'm not the only one who feels this way, right?  I'm going to need a break."" 
"
20,disgust,12,8.0,1,0.0368,0.0055,0.0463,0.0838,0.3259,0.1196,0.2618,"I swear, I was just walking down the street, I looked like a ghost.  I saw myself in the mirror, I'm so embarrassed.  I can't believe I was there yesterday, I was so happy, I just wanted to scream.  How could I have been so happy?  I'm so glad I'm not the only one who feels like I'm living in a bad dream."" 
"
20,disgust,12,8.0,2,0.8947,0.0166,0.0103,0.0039,0.0044,0.3034,0.0058,"I can't even believe I'm saying this, but I just feel so angry right now.  He's been so dismissive of everything I'm feeling.  He just doesn't get it, like he's not even listening to me.  I feel like I'm drowning in this mess.  How can I even explain how much this hurts?"" 
"
20,disgust,12,8.0,3,0.0893,0.0359,0.0569,0.0525,0.0216,0.1359,0.7115,"I can't believe he just said that.  It's like he's expecting me to be some kind of goddess, like I'm the only one who's ever felt this pressure before.  He's making me feel so suffocated, like I'm drowning in this expectation of perfection.  I just want to scream.  How can I possibly live up to this?  I'm so embarrassed."" 
"
20,disgust,12,8.0,4,0.1718,0.1198,0.1479,0.0018,0.0228,0.1442,0.0384,"I can't even describe the feeling. I just... I felt like I was going to vomit.  It was like someone threw up in my stomach.  I can't believe someone would do that.  I just want to scream.  How could they just... throw it away?  It's like my brain is trying to process it."" 
"
20,disgust,12,8.0,5,0.2445,0.6539,0.176,0.0007,0.0151,0.064,0.0196,"I was trying to watch this show, it was so dramatic! My stomach was churning, I swear.  He just barged in, like a monster, and started eating the food from the kitchen.  I wanted to scream.  He's so gross, I can't even describe it.  I just wanted to hide."" 
"
20,disgust,12,8.0,6,0.4861,0.019,0.2126,0.0031,0.0133,0.3942,0.0064,"I can't even describe it. I was walking, and then he just... I felt like someone was watching me. He grabbed me, I tried to scream, and then I just ran. I'm so angry, I just want to cry. I don't know how I got out of there, I just ran."" 
"
20,disgust,12,8.0,7,0.0515,0.0372,0.1143,0.0881,0.0259,0.1821,0.6789,"I can't even describe it. I felt like someone was watching me, like I was going to be sick. I just wanted to disappear. He was so mortified, I wanted to scream. I'm so embarrassed, I can't even think straight. I just wanted to get out of there."" 
"
20,disgust,12,8.0,8,0.0132,0.0023,0.0307,0.0012,0.5647,0.0201,0.0064,"I can't believe I'm still alive.  He was swerving, the steering wheel, the music, everything!  I thought I was going to puke.  He was so focused on the road, I swear I saw a deer jump out of the way.  I just wanted to scream.  I'm so glad we made it home."" 
"
20,disgust,12,8.0,9,0.0269,0.0157,0.967,0.0017,0.0202,0.0538,0.0034,"My heart was pounding, I swear. It was like a living nightmare, this thing slithering towards me.  I wanted to scream, to run, but my legs were frozen.  It was just inches away, its eyes boring into me.  I thought I was going to faint, I was so terrified.  I just wanted to get out of there."" 
"
20,disgust,12,8.0,10,0.1374,0.0584,0.2655,0.0021,0.0165,0.1744,0.0109,"My heart was pounding, I swear. I felt like I was being watched.  The silence was deafening, and I could hear my own breathing.  I just wanted to scream, to get out of this room.  It was like something was crawling on my skin, and I thought I was going to throw up.  I just wanted to be anywhere else."" 
"
20,disgust,12,8.0,11,0.1682,0.0105,0.1468,0.0054,0.0086,0.6659,0.015,"I burst through the door, my backpack feels so heavy.  Where did everyone go? It's like the house is empty.  I'm just sitting here, staring at the silence.  I feel like I'm going to be sick.  I need to call someone, anyone.  It's like I'm being watched."" 
"
20,disgust,12,8.0,12,0.0415,0.0049,0.093,0.0219,0.4905,0.1277,0.0488,"I was dreading the thought of going to that party. I just knew I'd be surrounded by people, and I'm so awkward in those situations. I'm so glad I just couldn't bring myself to go. I'm so glad I just sat here, staring at the floor, wishing I could disappear. I'm so glad I'm not the only one who feels this way sometimes."" 
"
20,disgust,12,8.0,13,0.0313,0.0072,0.0078,0.1312,0.0077,0.9961,0.0067,"I can't believe how much I hurt her. I was so wrapped up in that relationship, I barely even noticed her. It was like I was drowning in my own selfishness.  And then, when it ended, I felt so bad. She was so kind to me, like I was the only person in the world. I just wanted to apologize for how I treated her."" 
"
20,disgust,12,8.0,14,0.0932,0.0343,0.0466,0.1971,0.0213,0.1809,0.7056,"My stomach is churning. I feel like I'm going to be sick. I promised I wouldn't be late, I just wanted to disappear. I can't believe I did that. I should have just called and apologized. I feel so stupid. I'm so embarrassed. I hope he's not mad at me."" 
"
20,disgust,12,8.0,15,0.166,0.0307,0.0109,0.0037,0.0374,0.2324,0.0044,"I just wanted to crawl into that bed and never come out.  My head felt like it was going to explode.  I was supposed to be helping her with that paperwork, the way she was making it all worse.  I just wanted to be a slug, I was so tired.  I'm so glad I finally got out of that house, I just wanted to be anywhere else."" 
"
20,disgust,12,8.0,16,0.0176,0.0118,0.7209,0.0019,0.0938,0.3509,0.0048,"I've never felt so much pain in my life.  It was like my body was being ripped apart, and then this tiny, perfect little thing was born.  He just looked at me, so helpless, and I wanted to cry.  I've never been so happy and terrified at the same time.  It was the most beautiful, terrifying thing I've ever seen."" 
"
20,disgust,12,8.0,17,0.0053,0.001,0.0137,0.0008,0.2139,0.013,0.0013,"My hand is shaking, I can't believe it. I just got this letter, it's like a time machine.  It's from Sarah, remember her? We were in the same class, we were so close.  I haven't thought about her since middle school, it's like she's right here.  I need to call her, I have to know what she's thinking."" 
"
20,disgust,12,8.0,18,0.0346,0.0059,0.0193,0.1104,0.1274,0.0913,0.2629,"I was convinced I'd done something terrible. I felt like I'd messed up, like I'd said the wrong thing. Then, I saw their face, and I realized it was just... relief. I felt so stupid, like I was drowning in shame. I'm so glad I didn't say anything, I just wanted to apologize. It was like they were holding their breath, and then they just let it out."" 
"
20,disgust,12,8.0,19,0.006,0.0013,0.0074,0.0007,1.2018,0.0063,0.0012,"My heart just stopped. I can't believe I actually did it. I've been dreaming of this since I saw that acceptance letter.  It's like my whole life is made of flowers right now. I'm so happy, I can't even process it. I'm going to be surrounded by these beautiful blooms, learning everything about them. This is the best feeling, I'm so excited!"" 
"
20,disgust,12,8.0,20,0.0279,0.0096,0.0207,0.0134,0.0234,0.7953,0.0029,"It's like my life is a movie, I can't even describe it.  I miss her, I miss her so much.  I feel like I'm living in a vacuum, just existing.  I can't even focus on anything else.  I just want to be back in that apartment with her, you know?  It's like she's not even real."" 
"
20,disgust,12,8.0,21,0.0165,0.0117,0.9879,0.0023,0.0267,0.2657,0.0071,"I can't even describe the pain, the feeling of watching her, trapped in that hospital bed.  Three months, I swear it felt like an eternity.  Her body was just numb, and the doctors kept saying it was a miracle she was even alive.  I just wanted to scream, to tell her I was so scared, I thought I was going to lose her.  It's like my brain can't even process what happened, it's like I'm watching a movie."" 
"
20,disgust,12,8.0,22,0.7736,0.0187,0.0667,0.0014,0.0165,0.2734,0.0074,"I can't believe it. I just feel like my brain is exploding. I worked so hard for those exams, I thought I was going to pass out. One percent? It's like someone just ripped my heart out. I'm supposed to be dreaming about the future, but all I can think about is how stupid I am. I'm going to be so angry if I don't get a second chance."" 
"
20,disgust,12,8.0,23,0.0221,0.0068,0.0836,0.0106,0.0222,1.0561,0.0039,"It's like my heart just shattered. I can't even describe the feeling.  I remember thinking, 'What if this is the end?'  I felt like I was drowning in grief, like someone ripped my soul out.  I just wanted to scream.  It's like I'm reliving that day, the way I felt.  I miss him, I miss him so much."" 
"
20,disgust,12,8.0,24,0.0865,0.0334,0.0237,0.119,0.0265,0.1154,0.7954,"I just wanted to crawl into a hole. My face was burning, everyone was staring at me. I knew I was so stupid, I said the wrong thing. I can't believe I messed up in front of everyone. I'm so embarrassed. I just wanted to disappear."" 
"
20,disgust,12,8.0,25,0.0685,0.0717,0.1458,0.0447,0.0331,0.2529,0.6531,"My stomach dropped. I felt like I was going to puke. They were all staring at me, and I wanted to disappear. I can't believe I said those things, it was so embarrassing. I just wanted to crawl into a hole and hide. I'm so mortified, I can't even look at them right now."" 
"
20,disgust,12,8.0,26,0.471,0.0341,0.0266,0.0121,0.0867,0.3093,0.154,"My brain just went blank. I wanted to say something, anything, but my mouth was dry.  I just stared at her, like she was the only person in the room.  I felt so stupid, like I was drowning in silence.  I just wanted to disappear.  I'm so glad I can't even imagine how awkward I looked."" 
"
20,disgust,12,8.0,27,0.076,0.0571,0.0948,0.0585,0.0307,0.1172,0.7343,"I just... I can't even describe it. I was walking down the street, and I felt this heat, like someone poured a bucket of hot sauce on my insides. I thought I was going to die. I just wanted to crawl into a hole. My shorts, the fabric, it's like they're burning. I'm so embarrassed. I need to find a bathroom."" 
"
20,fear,12,8.0,0,0.0982,0.0177,0.0709,0.0037,0.0183,0.4301,0.0046,"My hands are clammy, my heart's pounding like a drum solo.  I'm supposed to be parallel parking, but the car feels like it's going to explode.  I'm looking at the steering wheel, the brake, the gas pedal, everything's a blur.  I'm going to be sick.  I just want to be home. 
"
20,fear,12,8.0,1,0.0756,0.0095,0.189,0.0063,0.0245,0.0939,0.0212,"My stomach is doing flips. I can't even breathe. I just told her I'm going to the club, but she's staring at me like I'm going to disappear.  Yesterday, I was at the grocery store, and now I'm here, about to walk through those doors.  I feel like I'm going to throw up.  I'm so confused.  How can I tell her I'm not going to the grocery store, but I'm going to the club?"" 
"
20,fear,12,8.0,2,0.0473,0.004,0.0357,0.0222,0.0057,0.7771,0.0032,"My heart's pounding, my throat's tight.  He's saying he doesn't understand why I'm so upset, but I can't even speak.  It's like he doesn't see how much I'm hurting.  I just want him to understand, to tell me he cares.  Why does he act like this?  Why can't he just be normal? 
"
20,fear,12,8.0,3,0.0286,0.0087,0.8956,0.0019,0.0123,0.0812,0.0055,"My heart is pounding, my breath catching in my throat.  He's saying it again, this constant pressure, this expectation that I need to be perfect.  I want to scream, to tell him I'm not a magician, I can't always be this perfect, this...ready.  He's so close to saying it, to confessing that he's scared of losing me, and I don't know what to do. 
"
20,fear,12,8.0,4,0.0371,0.0056,0.4163,0.0153,0.0134,0.3308,0.0044,"My stomach is doing somersaults, my head feels like it's going to explode.  I can't breathe, I can't think.  What if she's going to be sick?  What if she's going to be sick and I can't help her?  I need to get to her, I need to be there for her. 
"
20,fear,12,8.0,5,0.0526,0.0283,0.0694,0.0377,0.0373,0.0779,0.7506,"The show was so intense, I couldn't breathe.  My stomach was doing flips, and my eyes were glued to the screen.  Then, I hear the clattering from the kitchen, and my brother's voice, 'What's happening?'  He's in the doorway, eyes wide, and I can't even speak.  He's grabbing food, and I'm frozen.  I'm so embarrassed, I want to disappear. 
"
20,fear,12,8.0,6,0.0939,0.0314,0.3192,0.0021,0.0095,0.4407,0.0086,"My heart is pounding, my breath is stuck in my throat. I can't even think straight, I'm frozen.  He's just standing there, staring at me, and I can't move.  I'm trying to scream, but all that comes out is a choked sob.  I just want to run, to get away from him, but I can't.  I'm trapped. 
"
20,fear,12,8.0,7,0.0587,0.0328,0.1867,0.0548,0.0236,0.1595,0.4881,"My heart started racing, my breath caught in my throat. I felt so hot, so embarrassed. I tried to look away, but his eyes are locked on me. I can't breathe, I can't think. I'm frozen, I can't move. I wish I could scream. 
"
20,fear,12,8.0,8,0.1023,0.0152,0.8155,0.0037,0.0169,0.3514,0.0151,"My heart is pounding, my hands are clammy.  He's swerving, the car's bucking, and I can't breathe.  He's yelling, but I can't make sense of it.  This is insane, this is so wrong.  I'm going to be sick.  What if we crash?  What if I die? 
"
20,fear,12,8.0,9,0.0315,0.0106,0.4173,0.0014,0.0444,0.0411,0.0057,"My heart starts pounding, my breath catches in my throat.  It's just a small snake, but it's so close, its scales shimmering in the moonlight.  I can feel the heat of its body against mine, and I want to scream.  I'm frozen, staring at it, waiting for it to strike.  What do I do? 
"
20,fear,12,8.0,10,0.0276,0.0136,1.1043,0.0027,0.0265,0.0694,0.0067,"My heart pounds in my chest, the silence deafening.  I can't breathe, my eyes darting around the room.  Is it the floorboards creaking?  The wind howling outside?  I'm frozen, paralyzed, and I can't even make a sound.  I'm so scared, I want to scream, but I can't. 
"
20,fear,12,8.0,11,0.0544,0.0082,0.2918,0.0036,0.0191,0.3526,0.0148,"My heart pounds in my chest as I push open the door.  The house is silent, too quiet.  Where's everyone?  I can't even hear the hum of the fridge.  I'm frozen, staring at the living room, waiting for them to come back.  It's like a movie, the lights are flickering, and I can't breathe.  
"
20,fear,12,8.0,12,0.0723,0.0058,0.5142,0.0014,0.178,0.0439,0.0066,"My stomach is doing flips. I was so excited to go, but now I'm just frozen.  I told myself I'd be fine, but I can't breathe.  What if they think I'm a coward?  I should just run away.  I need to call them, tell them I can't do this.  
"
20,fear,12,8.0,13,0.01,0.0036,0.0246,0.0085,0.087,0.0555,0.0152,"My heart was racing, my thoughts a jumble.  I was so caught up in everything, in him, in the way he looked at me.  Then, when it ended, I felt like I was drowning.  But then, I see him, and I hear my best friend's voice, soft and kind.  It's like a wave washing over me, and I realize I'm not alone. 
"
20,fear,12,8.0,14,0.0509,0.0082,0.4151,0.0084,0.0233,0.4816,0.027,"My stomach is doing somersaults. I can't believe I'm actually doing this, but I'm already running late. I told her I'd be there, but I can't even think straight. What if she's already gone? I should have called, but I just froze. I'm going to be sick. 
"
20,fear,12,8.0,15,0.3078,0.0529,0.0348,0.0048,0.0258,0.3209,0.0191,"My stomach is doing flips, I can't believe I'm actually doing this.  I'm supposed to be helping Mom with the dishes, but I'm just lying here, staring at the ceiling.  I feel like I'm going to throw up.  I wish I could just disappear.  This is so stupid, I should be helping her, but I'm just frozen in place. 
"
20,fear,12,8.0,16,0.0139,0.0071,0.0357,0.0051,0.0216,0.9567,0.0049,"My breath hitched in my chest, the room spinning as the doctor said, ""It's a girl.""  She's so small, so fragile, and I can't stop the tears.  My husband's hand is squeezing mine, but I can't even speak.  This tiny, perfect being is so much bigger than I thought she would be. 
"
20,fear,12,8.0,17,0.0145,0.003,0.0545,0.0035,0.0182,0.0719,0.0117,"My hand trembled as I opened the envelope.  It was him, the boy I used to sit next to in class, the one who always tripped over his own feet.  His handwriting is shaky, the words 'I can't believe it' scrawled across the page.  I can't believe it's really him, writing to me after all these years.  What if he's here, in the room, right now? 
"
20,fear,12,8.0,18,0.0163,0.0047,0.0832,0.0083,0.134,0.067,0.0203,"My heart was pounding, I thought I'd done something terrible.  I'd been walking around all day, convinced I'd messed up something big.  Then I saw them, and they smiled.  It was like a weight lifted, and I realized it was just a silly misunderstanding.  I'm so relieved, I can't even breathe. 
"
20,fear,12,8.0,19,0.0075,0.0026,0.0068,0.0009,0.7185,0.0096,0.0013,"My heart is pounding, I can't even breathe.  I've been waiting for this moment for so long, for the acceptance letter, for the chance to finally be here.  This is it, I'm actually going to study floriculture, the thing I've dreamed about since I was a kid.  I can't believe it's real, I'm actually going to learn how to make flowers bloom and be beautiful. 
"
20,fear,12,8.0,20,0.0139,0.0047,1.089,0.0031,0.0735,0.3144,0.0044,"My stomach feels like it's doing flips every time I hear the front door open.  It's been two years since she left, two years of silence and a constant ache in my chest.  I miss her laugh, her voice, everything about her.  I keep replaying our last goodbye, hoping she'll come back, but I know she's just gone.  I'm so scared, but I'm also so excited for her, for this new life she's building. 
"
20,fear,12,8.0,21,0.0206,0.0052,0.0525,0.0047,0.0209,0.1632,0.0035,"My heart feels like it's trapped in my chest.  The hospital room is a blur of white noise and beeping.  It's been three months since the crash, three months of waiting for her to wake up.  I can't even think straight, I just want to see her face, hear her voice.  What if she's never going to be the same again? 
"
20,fear,12,8.0,22,0.2316,0.0329,0.3117,0.0013,0.0112,0.3308,0.012,"My heart hammered in my chest as I stared at the email.  One percent.  It's not even a real number, it's like my brain is trying to calculate the impossible.  I've worked so hard for this, for months, and now it's all just a blur.  I can't breathe, I can't even think.  I just want to run away. 
"
20,fear,12,8.0,23,0.0363,0.0047,0.4081,0.0103,0.0171,0.7738,0.0099,"My chest feels like it's going to burst.  It's the same feeling I had when I lost Mr. Johnson, the kindest man I knew.  He was gone, and I thought I'd never feel anything like that again.  But now, I hear the same pounding in my ears, and I can't breathe.  What if it happens again?  What if it's him, and I can't breathe, and I can't move? 
"
20,fear,12,8.0,24,0.1957,0.028,0.0335,0.0066,0.0116,0.4566,0.0134,"My heart was pounding like a drum solo.  Everyone in the room was staring at me, and I can't even breathe.  I knew I was wrong, so wrong, and I just wanted to disappear.  I blurted out the wrong answer, and I can't even think straight.  I wish I could rewind time and just erase everything."" 
"
20,fear,12,8.0,25,0.1166,0.0284,0.1153,0.0081,0.017,0.3912,0.0113,"My stomach feels like it's doing flips.  They're all staring at me, whispering, and I can't breathe.  I feel like I'm going to throw up.  I wish I could disappear.  What did I do?  I've never felt this exposed before. 
"
20,fear,12,8.0,26,0.1399,0.0637,0.0293,0.056,0.0331,0.1721,0.8146,"My brain feels like it's trying to short circuit.  I'm so caught up in the story, I can't even breathe.  I want to say something, anything, but my words are stuck in my throat.  I just stare at them, waiting for them to come out.  This is so embarrassing. 
"
20,fear,12,8.0,27,0.0479,0.0232,0.3239,0.0793,0.0349,0.1554,0.4597,"My heart is pounding, I can't breathe. I just... I just did it. I feel like I'm going to faint. I can't even think straight. I'm so embarrassed. I need to get out of here.  What if everyone sees? 
"
20,guilt,12,8.0,0,0.373,0.0276,0.0096,0.0121,0.0088,0.4401,0.0141,"I was so focused on getting it right, but I messed up the turn.  My foot was too heavy on the gas, and I almost hit the curb.  I felt so stupid, like I was letting everyone down.  I just wanted to be a good student, but I knew I was making a mess of everything.  I needed to be better. 
"
20,guilt,12,8.0,1,0.9795,0.0774,0.0088,0.0022,0.0039,0.121,0.0076,"I felt my cheeks burn as I told her I was going to the club.  It was stupid, I knew she was right. I'd been so caught up in the moment, thinking I could pretend it was a normal thing to do, but seeing her face, knowing I'd lied, made everything worse.  I should have been honest, but I just wanted to disappear.  I hate that I can't trust myself to be honest with her. 
"
20,guilt,12,8.0,2,0.9084,0.0119,0.013,0.003,0.0032,0.0844,0.0039,"I shouldn't have said it, but I lashed out at him.  He just wanted to talk about how I was being too sensitive, but I was so angry.  He doesn't even realize how much I need him to be more present, to actually listen.  I just want him to understand how much I care about him, but I don't know if I can ever make him see it. 
"
20,guilt,12,8.0,3,0.0263,0.0131,0.0079,0.0367,0.0116,0.1992,0.0031,"My heart sank when he said it.  I felt like I was drowning in the weight of all the things I'd expected from him, all the things I'd never been able to articulate.  He just wanted to be better, to meet these impossible standards I'd set for him.  I wish I could explain how much I loved him, how I wanted to be the one who held him up, but all I could do was apologize for making him feel like I was holding him back. 
"
20,guilt,12,8.0,4,0.0985,0.0142,0.0153,0.0152,0.0075,0.2397,0.006,"I can't even begin to describe the feeling of knowing that I was somehow responsible for that.  It was like a dark cloud had settled over me, a weight I couldn't shake.  How could I have been so blind, so selfish?  I wish I could take back the words I said, the way I pushed her away.  I just want to be able to fix this, to make it right. 
"
20,guilt,12,8.0,5,0.0348,0.0032,0.0054,0.0768,0.0402,0.8433,0.0056,"I was so engrossed in the show, completely lost in the story, when I heard the clatter of footsteps and the sound of him taking food from the kitchen.  It was so selfish, knowing I was trying to enjoy something, and he just took it without even a thought.  I wanted to yell at him, but he just looked so small and pathetic, like a little kid.  I wanted to be mad, but I just felt so sorry for him. 
"
20,guilt,12,8.0,6,0.3738,0.0989,0.0781,0.0046,0.0071,0.2577,0.0087,"My stomach twisted into a knot the moment I saw her, the way she flinched when she looked at me.  I should have been angry, but all I could feel was this awful, hollow ache in my chest.  How could I have been so stupid, so oblivious, for not seeing it coming.  I wish I could take it back, rewind the whole night, and make it all better. 
"
20,guilt,12,8.0,7,0.0406,0.0211,0.0405,0.1656,0.0241,0.1064,0.7603,"My stomach dropped. I felt so embarrassed, so exposed. I wanted to scream, to tell him to stop, but I just sat there, frozen. He didn't seem to notice me, just focused on the way his legs felt exposed, like a child caught in a game. I wanted to apologize, to make it all go away. 
"
20,guilt,12,8.0,8,0.0228,0.0093,0.3565,0.0339,0.0179,0.3182,0.0433,"The cheers from the stands faded as I realized the car was a monster, hurtling through the streets.  I should have said something, but I was frozen, watching him, my friend, make bad choices.  He was reckless, pushing the car to its limits, and I knew I was a passenger in a nightmare.  I wanted to scream, to pull the wheel, but I was just a passenger, helpless and terrified.  The guilt was a heavy weight in my chest as we sped through the night. 
"
20,guilt,12,8.0,9,0.0745,0.0091,0.0503,0.0025,0.0623,0.5464,0.0088,"The air hung heavy with the scent of honeysuckle, and I should have been enjoying the quiet beauty of the garden. But then I saw it, a flash of movement, a slithering shadow, and my heart started pounding. A snake, so close, its scales catching the last rays of the setting sun. I froze, wishing I could disappear, but it just kept inching closer, its forked tongue flicking out.  I wanted to scream, but all I could do was watch as it slithered away, leaving me with a cold, empty feeling. 
"
20,guilt,12,8.0,10,0.2988,0.0187,0.0117,0.0017,0.0092,0.1897,0.0044,"The silence was deafening, the only sound my own ragged breathing. I knew I should be asleep, but I couldn't shake the feeling of being watched.  Everyone else was asleep, oblivious to the cold sweat clinging to my skin.  I wanted to scream, to tell them I was just a fool for thinking I could be happy here, but the words were stuck in my throat.  I just wanted to go back to sleep, to pretend this wasn't real. 
"
20,guilt,12,8.0,11,0.0691,0.0054,0.0472,0.0058,0.0061,0.9666,0.0071,"The front door clicked shut behind me, and the silence in the house was deafening.  I wandered through the empty rooms, searching for a reason, a clue, anything.  Where did they all go?  It was like they vanished into thin air, leaving me with this heavy, suffocating loneliness.  The sun dipped below the horizon, and the house felt even colder, even more empty. 
"
20,guilt,12,8.0,12,0.0786,0.0051,0.0093,0.0304,0.0151,0.5028,0.0134,"I was so excited to go, but then I realized I was just being selfish. I should have been honest with them sooner.  It's not fair to them, and I'm disappointed I let them down. I wish I could take it back. 
"
20,guilt,12,8.0,13,0.2647,0.1217,0.0196,0.0087,0.0066,0.3722,0.0078,"I feel awful. I pushed my friend away, focused on this stupid relationship, and now I can't even look at her.  It's like I was a selfish jerk, and she just... she was so kind to me after it was over. I don't deserve her forgiveness. I wish I could take it back. 
"
20,guilt,12,8.0,14,0.2839,0.0145,0.0139,0.004,0.0052,0.5902,0.0053,"My stomach twisted into knots as I saw her message.  I'd been so sure she'd understand, that I could explain, but there was no excuse.  I should have been there, ready to face whatever I'd done to make her feel like this.  I'm so selfish, I just wanted to disappear. 
"
20,guilt,12,8.0,15,0.093,0.019,0.006,0.031,0.0089,0.2435,0.0064,"I should have been helping Mom with the dishes, but I just wanted to stay in bed and pretend like I was okay with it.  I knew I was being selfish, but I just wanted to be lazy and avoid the guilt.  It was so unfair to her, and I wish I could take it back.  I just wanted to be a good daughter, but I was so selfish. 
"
20,guilt,12,8.0,16,0.0321,0.0141,0.0117,0.019,0.0148,0.4427,0.0029,"I can't believe I let her go through that.  The pain was unbearable, watching her struggle, knowing I couldn't do anything to help.  He was so big, so heavy, and I felt so helpless.  I wish I could take it back, make it all better.  I just want to hold him, to be strong for her, for us. 
"
20,guilt,12,8.0,17,0.0296,0.0088,0.008,0.0505,0.0092,0.3514,0.0063,"My mailbox felt like a weight, heavy with the weight of years and missed connections.  A letter, addressed in childish handwriting, arrived with a name I hadn't heard in decades.  It was from Sarah, the girl who always felt like I was holding her back, the one who never understood my awkward silence.  I reread the words, wishing I could rewind time and tell her how sorry I was.  Maybe, just maybe, I could have been a better friend. 
"
20,guilt,12,8.0,18,0.1143,0.0337,0.0413,0.0152,0.0115,0.2474,0.0246,"I felt awful for days, convinced I'd done something terrible.  I'd misread their silence, their lack of response, and I was sure I'd hurt them.  But then I saw them smile, and I realized I was being ridiculous.  They were just being awkward, and I was overthinking everything.  I wish I could take back the pain I caused them. 
"
20,guilt,12,8.0,19,0.0184,0.0026,0.0134,0.0052,0.2446,0.2736,0.0034,"My hands trembled as I opened the acceptance letter, the words blurring as I reread them over and over.  It was real, I'd actually been accepted into the program.  Floriculture, the thing I'd dreamed of for so long, was finally within reach.  I wanted to scream, to tell everyone how lucky I was, but all I could do was smile, a small, pathetic smile.  This was my chance, my opportunity to finally make something of myself. 
"
20,guilt,12,8.0,20,0.0353,0.0067,0.0082,0.0058,0.0117,0.2546,0.003,"It feels like a lifetime ago that I watched her pack her bags, knowing I couldn't stop her from leaving.  Two years flew by, filled with empty spaces and missed calls.  I tried to be strong, but I was just a shadow of myself, wishing I could be there to hold her hand through it all.  Now, she's back, and I'm trying to figure out how to be the friend I should have been. 
"
20,guilt,12,8.0,21,0.0371,0.0052,0.0056,0.2529,0.0414,0.7,0.0321,"The world felt like it was spinning, a blurry mess of guilt and helplessness.  I couldn't even imagine the pain I'd caused her, the way I'd failed to protect her.  Three months, three months of watching her slip away, knowing I couldn't do anything to bring her back.  Now, she's here, trapped in this shell of a person, unable to even speak my name.  It's like a cruel joke, knowing I'll never be able to fix this. 
"
20,guilt,12,8.0,22,0.1296,0.0045,0.0089,0.0129,0.0063,0.9256,0.0158,"The rejection letter felt like a physical blow.  I poured over the essay, trying to find some justification for why I hadn't been good enough.  One percent.  It felt like a betrayal, like I'd failed to live up to some impossible standard.  I should have been strong enough to accept it, but all I could do was wallow in the disappointment.  I knew I wasn't good enough, but I couldn't understand why I hadn't been good enough. 
"
20,guilt,12,8.0,23,0.0493,0.0093,0.2879,0.0068,0.0135,0.8229,0.0064,"The thought of losing someone like that, someone I thought I could always count on, was a cold, heavy weight in my chest.  It felt like a betrayal, like I'd been robbed of something precious.  I'd already lost someone I admired, someone who taught me so much, and now this... this fear of losing someone else, someone I loved.  It was a selfish, pointless fear, but I couldn't shake it. 
"
20,guilt,12,8.0,24,0.2235,0.0232,0.0228,0.0221,0.0166,0.3532,0.1395,"My stomach dropped when I realized I'd messed up the answer.  Everyone in the class stared at me, and the words I'd spoken felt like lead in my mouth.  I wanted to disappear, to crawl into the floor and never speak again.  I knew I'd let everyone down, and the worst part was, I knew I'd never be able to fix it. 
"
20,guilt,12,8.0,25,0.0282,0.0093,0.0079,0.6453,0.0083,0.5339,0.0213,"My stomach twisted into knots when I saw their faces, the way they looked at me like I was a monster.  I knew I'd been so cruel, so thoughtless, and the guilt was a heavy weight on my chest.  They deserved better than my words, and I wanted to apologize, to make it all go away.  I wish I could take back everything I said, but it was too late. 
"
20,guilt,12,8.0,26,0.2146,0.0292,0.01,0.0221,0.0081,0.6394,0.0529,"My mouth felt like a desert, all dry and useless.  I wanted to say something, anything, to make it seem like I was a decent friend, but all I could do was stare at her, my face burning with shame.  She probably thought I was a jerk for not saying anything, but I just couldn't find the words.  I wish I could take it back, make it all go away. 
"
20,guilt,12,8.0,27,0.0839,0.0428,0.0268,0.0862,0.0239,0.1119,0.7926,"I was so embarrassed. I'd been so focused on the game, I didn't even notice until I felt the wetness.  It was like a hot, sticky stain spreading across my legs.  I wanted to disappear, to crawl into the ground and never come out.  I knew I'd ruined everything, my whole day, my game, everything. 
"
20,joy,12,8.0,0,0.016,0.0019,0.2026,0.0024,1.0212,0.0339,0.0077,"I was so excited to finally be driving, and then I totally messed up that turn! I almost hit the curb, I was so nervous.  My instructor was so calm though, she just kept saying 'you did great!' I can't believe I pulled it off, I'm so happy."" 
"
20,joy,12,8.0,1,0.0062,0.0015,0.0084,0.0006,1.0305,0.0051,0.0014,"I was so excited to tell Sarah about the club, I practically jumped out of my skin!  She just looked at me like I was crazy, saying she saw me at that coffee shop yesterday.  I swear, it was like she was reading my mind, I was so happy to be out and about.  I can't believe she was right there, I almost didn't recognize her!"" 
"
20,joy,12,8.0,2,0.0229,0.004,0.0074,0.009,0.0218,0.0402,0.0012,"I just don't understand why he doesn't seem to care about anything I'm saying!  I feel like he's so focused on himself, and I just want him to be more present.  It's like he doesn't even see how happy I am when he makes me feel loved.  I just wish he'd understand how much I need him to be there for me."" 
"
20,joy,12,8.0,3,0.0093,0.001,0.005,0.0012,0.9675,0.0099,0.0015,"I was so surprised when he said that! I've been feeling so happy lately, and I just wanted to tell him how proud I am of him.  He's been working so hard, and I'm so happy to see him achieving his goals.  It's amazing to see him reach for everything he wants, and I just want to be there for him."" 
"
20,joy,12,8.0,4,0.0158,0.0042,0.065,0.4428,0.0129,0.6976,0.0098,"I can't even believe it. I was so shocked when I heard about it, I just couldn't process it.  It's so unfair, and I'm so sorry for her.  I just hope she's okay, even though it's such a terrible thing to happen."" 
"
20,joy,12,8.0,5,0.0067,0.001,0.002,0.0011,1.438,0.007,0.0014,"I was so engrossed in the show, I didn't even notice him come in!  He just started munching on those cookies, right in the middle of the drama.  It was so funny, I couldn't help but laugh.  He's such a happy kid, always making me smile."" 
"
20,joy,12,8.0,6,0.0959,0.0376,0.1047,0.0044,0.1373,0.1381,0.0237,"I can't believe it, I'm so glad she's okay.  It's just awful that something like that could happen to her, and I'm so proud of her for being strong.  I just want to hug her and tell her everything will be alright."" 
"
20,joy,12,8.0,7,0.0524,0.0202,0.1534,0.0541,0.0318,0.1697,0.3717,"I was so shocked, I couldn't even speak. I felt so embarrassed for him, but also so uncomfortable. I just wanted to get off the bus and get away from that moment. I hope he was just embarrassed too, you know? It was so weird and unexpected."" 
"
20,joy,12,8.0,8,0.0185,0.0015,0.2077,0.0031,0.8218,0.0528,0.0037,"I was so happy after that win, I didn't even care about the traffic! But then, my friend was driving like a maniac, almost hitting everything. I was so worried for us, I thought I was going to faint. I just kept thinking, 'This is so crazy!' I'm so glad we made it home safe, though."" 
"
20,joy,12,8.0,9,0.004,0.001,0.0035,0.0004,0.3289,0.0067,0.0006,"I was just admiring the sunset, the colors were so beautiful.  Then, I saw this snake slithering through the flowers, it was so graceful!  I couldn't believe it, I felt like I was in a dream.  I just stood there, watching it move, it was so peaceful."" 
"
20,joy,12,8.0,10,0.0083,0.0008,0.0042,0.0011,0.9801,0.0083,0.0013,"I swear, I must have dozed off right after dinner!  It was so peaceful, I felt like I was floating.  Then, I heard the quietest little giggle, like a secret whisper.  I just had to get out of bed, I felt so happy.  It was like the whole world was filled with magic."" 
"
20,joy,12,8.0,11,0.0119,0.0021,0.0442,0.0021,0.6798,0.05,0.0026,"I burst through the door, so happy to be home, and then... nothing. It was so quiet! I looked around, wondering where everyone was. I thought maybe they were just out running errands, but it felt like the whole house was empty. I just wanted to know where they all went, I was so excited to see them!  I even wanted to tell them how much I missed them."" 
"
20,joy,12,8.0,12,0.0156,0.0019,0.025,0.0024,0.5864,0.0411,0.0082,"I was so excited to go to that concert, but then I realized I was just so tired.  I was dreading the thought of all the people and the music, I just needed a break.  I'm so glad I didn't go, though.  It's so nice to have a moment to myself."" 
"
20,joy,12,8.0,13,0.0324,0.0043,0.0061,0.0308,0.0085,0.919,0.0047,"I was so caught up in that relationship, I barely noticed how much I was neglecting my best friend.  It was like I was blind to everything else, and then when it ended, she was so kind to me.  I feel so bad for how I treated her, I should have been there for her too."" 
"
20,joy,12,8.0,14,0.0168,0.005,0.13,0.0037,0.1583,0.0802,0.0234,"I was so excited to see her, I almost forgot to breathe when she arrived!  I was so ready to talk to her about everything.  Then, I realized I had completely spaced out and forgot about the meeting.  I feel terrible, I should have been there.  I can't believe I missed it."" 
"
20,joy,12,8.0,15,0.0125,0.001,0.0029,0.0014,0.8996,0.0175,0.0015,"I woke up feeling so relaxed, I could have slept all day!  It was so nice to just stay in bed and not have to do anything.  I finally got to catch up on everything I missed, like reading my favorite book and watching my favorite show.  It was the perfect day to just be lazy and enjoy myself."" 
"
20,joy,12,8.0,16,0.0086,0.0015,0.0075,0.0019,0.9483,0.0236,0.0012,"I was so overwhelmed with joy when he finally arrived!  He was so big and healthy, and I couldn't believe how perfect he looked.  It was such a relief after all the worry and pain during the delivery.  I just wanted to hold him and kiss him, I was so happy to finally meet him."" 
"
20,joy,12,8.0,17,0.0074,0.002,0.0062,0.0007,0.8072,0.0084,0.0022,"I can't believe it! I just got this letter from Sarah, it's like a dream. We were so close in school, I almost forgot how much fun we used to be. I can't wait to catch up with her, I haven't seen her in ages."" 
"
20,joy,12,8.0,18,0.0146,0.0021,0.267,0.0092,0.2084,0.0879,0.0135,"I was so worried I'd done something wrong, I thought I'd messed up.  Then I saw their face light up when they saw me, and I realized I was so relieved!  It was like a weight had been lifted off my shoulders.  I can't believe I was so worried about nothing."" 
"
20,joy,12,8.0,19,0.0051,0.002,0.0037,0.0005,0.8071,0.0047,0.0008,"I can't believe it! I've been dreaming of this moment for so long.  To finally get accepted, it feels like all the hard work paid off. I can't wait to start learning all about flowers and everything that goes into making them beautiful."" 
"
20,joy,12,8.0,20,0.0065,0.0011,0.0123,0.0017,0.8133,0.0551,0.0009,"It's been so amazing to see her living her dream!  I'm so happy for her, she's always been so passionate about this place.  I miss her so much, but I know she's going to have the best time.  I can't wait to hear all about it when she gets back."" 
"
20,joy,12,8.0,21,0.0079,0.0043,0.5995,0.0024,0.0752,0.0868,0.0018,"I can't believe it, I was so scared when she was in that accident.  Three months, I thought I'd lost her.  Seeing her wake up, it was like a miracle.  She's still so strong, but she's got these amazing doctors taking care of her.  I just want to hug her and tell her everything will be okay."" 
"
20,joy,12,8.0,22,0.0487,0.0031,0.0473,0.0048,0.1025,0.8149,0.0103,"I was so excited when I got the acceptance letter, I almost cried!  I worked so hard for those grades, and I thought I had a chance.  But then I saw the cutoff, and I just felt so disappointed.  I can't believe it, I really wanted to go there.  Maybe it's a sign that I'm meant for something else, though."" 
"
20,joy,12,8.0,23,0.0093,0.0021,0.0769,0.0139,0.2045,0.5207,0.0084,"It's like a weight lifted off my shoulders when I finally got to tell her how much she meant to me.  Losing [name] was so sudden, and I felt like I was drowning in grief.  But then, I realized how lucky I am to have her in my life.  I'm so grateful for her, and I can't wait to see what the future holds for us."" 
"
20,joy,12,8.0,24,0.0321,0.0068,0.0437,0.1167,0.1861,0.0841,0.4969,"I was so embarrassed! I totally blanked when I answered the question, and everyone was staring at me. I wanted to disappear! I knew I had messed up, but I just couldn't believe I said the wrong thing. I'm so glad it wasn't a big deal, though. I hope they didn't think I was stupid."" 
"
20,joy,12,8.0,25,0.0527,0.0117,0.0407,0.1436,0.2204,0.3734,0.3231,"I can't believe it! I was so embarrassed when they found out. I was just talking about how much fun it was to be friends with them, and then they started laughing. I felt so bad, I wanted to disappear! I hope they don't think I'm a bad friend."" 
"
20,joy,12,8.0,26,0.0117,0.002,0.0035,0.0022,0.4534,0.0181,0.001,"I was so caught up in her story, I just wanted to hear every detail!  I felt like I was right there with her, experiencing it all.  But then, I just couldn't find the words to say anything.  I was so happy for her, and I wanted to tell her how amazing it was.  I just wanted to hug her and tell her how proud I am of her."" 
"
20,joy,12,8.0,27,0.0544,0.0347,0.0506,0.0942,0.0337,0.0841,0.7947,"Oh my gosh, I just can't believe it! I was walking down the street and then, bam, I totally messed up! I must have tripped or something, and now my shorts are covered in... well, I don't even know what it is! I feel so embarrassed. I'm going to have to go wash them right now."" 
"
20,sadness,12,8.0,0,0.0234,0.014,1.0253,0.0026,0.0255,0.0847,0.0108,"My hands were shaking so bad I could barely grip the steering wheel.  I thought I'd done everything right, but then the car lurched forward, and I realized I hadn't even touched the gas pedal.  I felt like I was going to throw up, and the world spun around me.  I just wanted to disappear.  I'm so scared, I don't know how to fix this. 
"
20,sadness,12,8.0,1,0.0506,0.0091,0.5313,0.0039,0.0066,0.1074,0.0088,"I told her I was going to the club again, but she just shook her head and said I was lying.  It's like she saw me right there, in the same place, yesterday.  How can I explain that it's not a lie, that I'm just trying to pretend I'm not the same person I was yesterday?  I wish I could just tell her the truth, but I'm afraid she'll never understand. 
"
20,sadness,12,8.0,2,0.5029,0.0115,0.0064,0.0016,0.003,0.0545,0.0021,"My words tumbled out, a torrent of hurt and anger.  How could he be so oblivious?  He just shrugs, says it's not a big deal, but it is.  I want to scream, to tell him how much I need him to understand, to feel the weight of his silence.  I just want him to see me, really see me, instead of just seeing the girl he wants to hold onto. 
"
20,sadness,12,8.0,3,0.108,0.005,0.0117,0.0072,0.0086,0.9118,0.0085,"His words hit me like a ton of bricks.  I thought I was being so understanding, so accepting, but all I see is this gaping hole where my expectations should be.  He's so good at pretending everything's fine, but I can't help but feel like I'm drowning in a sea of disappointment.  How can I ever be enough for him? 
"
20,sadness,12,8.0,4,0.5521,0.1403,0.047,0.0031,0.0062,0.3817,0.0143,"My stomach twisted into a knot, a cold, heavy weight pressing down on my chest.  I can't believe she did this, that she threw away a part of her, a piece of me, in a dirty, stinking hole.  How could she be so careless, so utterly devoid of any shred of humanity?  I just want to scream, to claw my way out of this suffocating silence. 
"
20,sadness,12,8.0,5,0.0921,0.015,0.0031,0.0031,0.0328,0.1026,0.0023,"The show was so good, I couldn't even breathe.  He just barged in, like a thief, and snatched a cookie right out of the bowl.  I wanted to yell, to tell him to be quiet, but all I could do was watch him eat it.  He's so selfish, always taking things that aren't his.  I wish he'd just be quiet and let me enjoy the show. 
"
20,sadness,12,8.0,6,0.1295,0.0247,0.1171,0.0126,0.0202,0.7927,0.0066,"My heart feels like it's going to explode.  I can't believe it's real, that he actually did that to her.  How could someone be so cruel?  I want to scream and cry at the same time.  I just want to hold her and tell her everything will be okay, but I don't know if I can. 
"
20,sadness,12,8.0,7,0.0991,0.0202,0.2167,0.0232,0.015,0.3222,0.1786,"My heart hammered in my chest, the air thick with shame and confusion.  He was so close, his scent a strange mix of sweat and something rotten.  I wanted to scream, to pull my face away, but my legs were rooted to the floor.  I just stared at the floor, wishing I could disappear. 
"
20,sadness,12,8.0,8,0.2836,0.0247,0.0183,0.0017,0.0059,0.4854,0.0057,"The roar of the engine is deafening, and I can't breathe.  He's weaving through traffic, ignoring every rule of the road.  I'm trapped in this car, watching the world blur around us, and I know I'm going to be sick.  This isn't him, this isn't the friend I know.  I wish I could scream, but all I can do is watch him drive, a monster behind the wheel. 
"
20,sadness,12,8.0,9,0.0164,0.0213,0.316,0.0011,0.0216,0.0618,0.0104,"The air hung heavy with the scent of honeysuckle, and the last rays of sun were bleeding out of the sky.  Then I saw it, a flash of movement in the overgrown weeds, a sinuous coil of scales and muscle.  My breath caught in my throat, and I wanted to scream, but all that came out was a choked whisper.  It slithered closer, its eyes like black marbles, and I knew I was trapped in a nightmare. 
"
20,sadness,12,8.0,10,0.1097,0.0078,0.0262,0.0044,0.0061,0.2773,0.0067,"The silence in the house is deafening, a heavy blanket smothering me.  I can hear my own breath, a ragged whisper in the stillness.  Why am I awake?  Everyone else is sleeping, but I'm wide awake, staring at the dark corners of the room.  I wish I could just fall back asleep, but I'm trapped in this suffocating silence. 
"
20,sadness,12,8.0,11,0.1027,0.0065,0.0384,0.0043,0.0095,0.7507,0.014,"The front door clicked shut behind me, leaving a hollow echo in the silence.  Where did they all go?  Mom and Dad, my siblings, even the dog, they're all gone.  The house feels so big and empty, like a giant, echoing cavern.  It's almost midnight, and the clock on the wall is mocking me with its slow, ticking hands. 
"
20,sadness,12,8.0,12,0.0363,0.0059,0.4559,0.0021,0.0763,0.1996,0.0053,"I was so excited to go, but now I'm just feeling heavy and drained.  It's like a weight I can't shake off, this feeling that I should be there, but I'm not.  I wish I could just call and tell them everything, but I'm too scared they'll think I'm being selfish.  Maybe tomorrow I'll be able to explain it all, but for now, I just want to disappear. 
"
20,sadness,12,8.0,13,0.0286,0.0032,0.0065,0.0258,0.0198,0.6358,0.0075,"It's like a punch in the gut, this feeling. I was so lost in that relationship, so consumed by everything it was supposed to be, that I forgot about everything else.  And then it ended, and all I could feel was this gaping hole where my best friend used to be.  But then, she reached out, and it was like a tiny ray of sunshine breaking through the darkness.  I'm so grateful for her kindness, even though I don't deserve it. 
"
20,sadness,12,8.0,14,0.1268,0.009,0.1173,0.0044,0.0054,0.5155,0.0263,"My stomach twisted into a knot as I stared at my phone, the message flashing ""Where are you?"" again and again.  I'd promised I'd be there, but I was miles away, miles from the person I was supposed to be with.  It was like a punch to the gut, the air in my lungs suddenly too thin to breathe.  I should have called, should have told her I couldn't make it, but I just sat here, a coward hiding in the shadows of my own making. 
"
20,sadness,12,8.0,15,0.3094,0.0328,0.0067,0.0033,0.0166,0.1327,0.0026,"The sun was streaming through the window, making everything feel warm and fuzzy. I just wanted to stay here, curled up in this blanket, and pretend I wasn't the only one who was supposed to be doing something important.  I hate that I let myself get so lazy, I should have been helping her, but I just wanted to be a little kid again.  Maybe tomorrow I'll be brave enough to face the world and do something good. 
"
20,sadness,12,8.0,16,0.0141,0.0057,0.7009,0.0024,0.2024,0.336,0.004,"The doctor's words were muffled, a distant echo in the room.  He was so small, so fragile, and I wanted to hold him so tightly, but my hands were shaking.  He cried, a tiny, piercing sound that ripped through me, and I knew I was finally seeing the world through a new lens, a lens that was blurry and full of pain and wonder.  He was perfect, a tiny miracle, and I was so scared and so happy all at once. 
"
20,sadness,12,8.0,17,0.0208,0.0066,0.0073,0.0073,0.0462,0.1332,0.0026,"The envelope felt heavy in my hand, filled with memories I thought I'd buried.  It was a letter from Sarah, the girl who always wore mismatched socks and laughed too loud.  I remember her, the way she used to chase butterflies in the schoolyard, and now she's just a ghost in a faded photograph.  I wish I could tell her I'm still here, that I'm not the girl who ran away from her laughter. 
"
20,sadness,12,8.0,18,0.0212,0.0042,0.1093,0.005,0.6766,0.0923,0.0146,"My heart hammered in my chest all day, convinced I'd done something terrible.  I'd misread their silence, their distant look, their lack of a smile.  But then, they laughed at a joke I'd told, and it felt like a weight lifted.  It was a relief, a sudden, sweet understanding that I'd been holding my breath for nothing. 
"
20,sadness,12,8.0,19,0.0062,0.0018,0.0179,0.0014,0.0777,0.0271,0.001,"My heart hammered in my chest as the letter fell from the mailbox, the words 'accepted' burning into my skin.  I'd dreamt of this for so long, of studying the delicate beauty of flowers, of understanding their language.  This wasn't just a dream, it was a reality I could finally grasp.  I'm finally going to learn how to make them bloom, how to make them sing. 
"
20,sadness,12,8.0,20,0.0151,0.0037,0.0165,0.0188,0.0221,1.018,0.0018,"It feels like a part of me is missing.  I miss her laugh, her silly jokes, and the way she used to be my anchor.  Two years feels like an eternity, but I know I'll see her again.  Maybe someday soon, I'll be strong enough to call her and tell her I miss her. 
"
20,sadness,12,8.0,21,0.0536,0.0056,0.0109,0.0022,0.0286,0.8007,0.005,"The world went silent, a deafening void where her laughter used to be. Three months, a lifetime, and all I could hear was the echo of her name.  Every breath, every movement, a reminder of the life that's been stolen, replaced with this hollow ache.  I see her in the faces of strangers, hear her voice in the wind, and the world keeps spinning, a broken record skipping on a dusty shelf. 
"
20,sadness,12,8.0,22,0.204,0.0077,0.0044,0.0042,0.0047,0.821,0.0075,"The letter felt like a physical blow, a punch to the gut.  One percent. That's all it was, a tiny, insignificant fraction that shattered my dreams.  I poured over my grades, searching for a reason, a flaw I could fix, but there was nothing.  I'm supposed to be the one who's supposed to be brilliant, the one who's supposed to be good enough, but I'm just...not.  I'm just a failure. 
"
20,sadness,12,8.0,23,0.0323,0.0058,0.0188,0.0094,0.0094,0.2777,0.0029,"The ache in my chest is a constant reminder.  It's like a shadow that follows me everywhere, a dull throb that never quite goes away.  I thought I could forget, that I'd be okay, but the memory of their laugh still echoes in the silence.  How can I be whole without them?  I wish I could just rewind time, back to when we were young and carefree, before the world turned into this jagged, broken thing. 
"
20,sadness,12,8.0,24,0.2293,0.1621,0.111,0.0027,0.0084,0.5808,0.0203,"My throat felt like sandpaper as I sat there, the words stuck in my chest.  Everyone stared at me, their eyes boring into my back.  I wanted to disappear, to melt into the floor and never come back.  I knew I'd messed up, that I'd let them all down.  It was the worst feeling ever. 
"
20,sadness,12,8.0,25,0.1014,0.0212,0.0233,0.0202,0.0087,0.7015,0.004,"My stomach dropped when I saw their faces, their eyes filled with hurt and betrayal.  I wanted to disappear, to crawl into a hole and never come out.  How could I have been so cruel?  They're my friends, and I've broken something precious.  I wish I could rewind time and fix it all. 
"
20,sadness,12,8.0,26,0.0362,0.0117,0.0049,0.0028,0.0221,0.0854,0.0019,"My brain felt like a sponge, sucking all the air out of my lungs.  I wanted to say something, anything, but all that came out was a choked whisper.  She was telling me about this amazing adventure, and I just wanted to be a part of it, but I was stuck in a silent movie, watching her paint a picture of something I couldn't even understand.  I wish I could tell her how much I want to be there with her, but all I can do is watch her laugh and cry and scream, and I'm just a ghost in the background"
20,sadness,12,8.0,27,0.088,0.0211,0.0214,0.0071,0.0121,0.2761,0.0075,"I was walking down the street, minding my own business, and then I felt it. A wet, sticky feeling spreading through my legs. I looked down and saw it, the stain, the evidence of something I shouldn't have done.  My stomach dropped, and I wanted to disappear.  I wish I could rewind time, go back to that moment and make it all stop. 
"
20,shame,12,8.0,0,0.0978,0.0393,0.022,0.0737,0.0315,0.084,0.8099,"I was driving down the street, and I swear I was going so fast.  I slammed on the brakes, and everyone in the car was staring at me.  I felt like I was going to throw up.  I knew I was being a complete idiot, but I couldn't stop.  I just wanted to disappear.  I'm so embarrassed. 
"
20,shame,12,8.0,1,0.0974,0.0242,0.0277,0.0613,0.0673,0.0901,0.7664,"I felt like I was going to explode. I was walking down the street, and I swear I saw you from across the room. Like I was caught in a spotlight, everyone was staring at me. I knew I looked ridiculous, like I was wearing a mask. I just wanted to disappear. I was so embarrassed. I had to tell you, 'I'm so stupid, I'm so obvious.' I'm so glad I didn't say anything. ""You're so fake,"" I wanted to scream. ""I'm so transparent."" 
"
20,shame,12,8.0,2,0.7083,0.0339,0.0141,0.0036,0.0073,0.2154,0.0066,"I just feel so stupid. I don't know what I'm doing wrong. He's so oblivious, like I'm the only one who's ever been so careless and stupid. I don't deserve this. I just want to disappear. I wish I could just disappear. 
"
20,shame,12,8.0,3,0.2313,0.0134,0.0035,0.0028,0.0067,0.5796,0.0045,"I felt like I was walking on eggshells around him.  He was so focused on not disappointing me, like I was the only one who could see how much I was letting him down.  I wanted to scream at him, tell him I didn't deserve this, that I was so used to being the one who had to be perfect.  I just wanted to disappear.  Maybe I was overreacting, but I couldn't help it.  He was so good at being the bad guy, the one who couldn't live up to my expectations."" 
"
20,shame,12,8.0,4,0.1935,0.0828,0.0417,0.0422,0.0157,0.1319,0.7177,"I can't believe I just saw her, walking down the street like nothing was wrong.  I knew I was being ridiculous, but I wanted to scream.  How could I be so stupid?  I should have just walked away.  I'm so ashamed, like I was the only one who knew what she was doing.  I just wanted to disappear. 
"
20,shame,12,8.0,5,0.1271,0.073,0.0664,0.0309,0.0359,0.0999,0.7908,"My stomach was twisting, like I was going to throw up.  He was so loud, like a complete idiot.  I wanted to disappear.  I was so embarrassed, like everyone was watching.  I wanted to yell at him, but he just kept eating like a monster.  I wanted to run out of the room and never come back. 
"
20,shame,12,8.0,6,0.0941,0.041,0.1178,0.0476,0.0257,0.1579,0.5756,"I can't believe it's happening again. I felt like I was going to faint when he grabbed me, his hands shaking. I just wanted to disappear. I was so embarrassed, like everyone was watching. I just wanted to run away, but I couldn't move. I'm so stupid for letting him touch me. I wish I could rewind time and just disappear."" 
"
20,shame,12,8.0,7,0.056,0.0258,0.0313,0.0975,0.0192,0.1193,0.7861,"My face burned so hot. I wanted to disappear. Everyone was staring, and I could hear their whispers. I felt so exposed, like everyone was watching me. I wanted to scream, but I just sat there, frozen. I couldn't believe he was so careless, so...vulnerable. I wanted to apologize to him, but he just looked like a monster.  I couldn't believe I was so embarrassed. 
"
20,shame,12,8.0,8,0.0308,0.0246,0.9799,0.0046,0.0238,0.0567,0.0405,"My heart was pounding, like a drum solo. I knew I was being ridiculous, but I was so scared.  He was weaving through traffic, like I was the only person in the world.  I wanted to scream, to tell him to stop, but I was frozen.  I was so embarrassed, like everyone was watching.  I just wanted to disappear."" 
"
20,shame,12,8.0,9,0.0766,0.1062,0.1203,0.0015,0.0175,0.1395,0.0131,"My heart was pounding, like a drum in my chest. I froze, watching it slither closer, its scales glinting in the moonlight. It was so close I could smell its breath, a hot, fetid stench. I wanted to scream, but my legs were rooted to the spot. I just wanted to disappear, to melt into the ground."" 
"
20,shame,12,8.0,10,0.0567,0.0129,0.0223,0.0023,0.0103,0.169,0.0029,"My heart was pounding like a drum in my chest. I could hear every creak of the floorboards, every whisper of the wind.  Everyone was asleep, and I felt so exposed, like I was going to be found.  I wanted to disappear, to be invisible.  I just wanted to crawl into the shadows and never come out."" 
"
20,shame,12,8.0,11,0.1502,0.0087,0.0328,0.0028,0.0085,0.6728,0.0092,"I burst through the door, expecting to see Mom and Dad, but they were nowhere to be found.  The house felt so empty, like everyone had vanished into thin air.  I wandered around, looking for them, but there was no explanation, no reason for them to leave.  The silence was deafening, and the clock seemed to be ticking so loudly.  I just wanted to disappear, like I was invisible. 
"
20,shame,12,8.0,12,0.0474,0.0064,0.0162,0.0011,0.3251,0.021,0.0024,"I was so excited to go, like I was going to be the only one who wasn't a complete imposter.  I'd planned this for weeks, but then I saw everyone else was already there, and I just wanted to disappear.  I should have called and told them I was a fraud, like I was some kind of invisible ghost.  I'm so stupid.  I wish I could just disappear."" 
"
20,shame,12,8.0,13,0.0668,0.0158,0.0065,0.0127,0.0102,0.3514,0.004,"I felt like I'd lost myself for months after that relationship ended. Everything I did was wrong, like I was a bad person for even existing.  I was so focused on her, on what I'd done, and how I'd let her down.  Then, when I saw her again, she was so kind, like I was the one who was always the problem. I didn't deserve her kindness, I just wanted to disappear.  I wish I could rewind time and tell her how much I hurt her."" 
"
20,shame,12,8.0,14,0.2387,0.043,0.24,0.0031,0.0073,0.4239,0.0155,"My stomach was twisting in knots the whole drive to the meeting. I'd messed up so badly. I'd promised I'd be on time, but I was already late before I even got there.  He must think I was so stupid, like I'd done something terrible. I just wanted to disappear.  I'd never been so clumsy, so useless.  I should have just stayed home."" 
"
20,shame,12,8.0,15,0.0736,0.0266,0.0292,0.1094,0.011,0.6476,0.1204,"I woke up this morning feeling so useless.  I knew I should be helping Mom with everything, but I just wanted to curl up in bed.  I was so embarrassed when she called me to ask if I could do something, but I just wanted to disappear.  I wish I could have been strong enough to help her, but I was so pathetic.  I just wanted to be invisible."" 
"
20,shame,12,8.0,16,0.0844,0.0179,0.0111,0.0105,0.0102,0.4841,0.0055,"I felt like I'd failed.  He was so big, so heavy, and I couldn't even hold him properly.  The nurses were so quick to judge me, like I'd done something wrong.  He cried so loud, like everyone was watching him.  I just wanted to disappear.  I wish I could rewind time and make it all go away. 
"
20,shame,12,8.0,17,0.7149,0.0226,0.0295,0.004,0.0042,0.3638,0.0291,"My hand shook as I opened the envelope.  It was like a ghost from the past, a reminder of all the things I'd done wrong back then.  How could I have been so stupid?  I hadn't even known her for a second, like I was some kind of monster.  I wanted to disappear, to run away from everything.  I should have just ignored it, but I had to write back.  
"
20,shame,12,8.0,18,0.1036,0.0134,0.0168,0.4168,0.042,0.3039,0.2445,"I was so sure I'd messed up something. I'd been so clumsy and awkward around them, like I was tripping over my own feet.  Then, they smiled at me, and I thought they were judging me.  I wanted to disappear.  But then they laughed, and it was like the air was sucked out of my lungs.  I just wanted to apologize for being such a fool."" 
"
20,shame,12,8.0,19,0.0252,0.0036,0.0072,0.0033,0.4305,0.0551,0.0018,"My hands were shaking as I opened the letter. 'Admitted,' it screamed in bold letters.  I'd always dreamed of being surrounded by flowers, like they were the only thing that mattered.  I'd spent years trying to be good enough, but now I was actually going to be a part of this world.  I just wanted to disappear and be invisible, like I was a fraud.  I was so happy, I wanted to burst. 
"
20,shame,12,8.0,20,0.0213,0.012,1.0258,0.0025,0.0235,0.1527,0.0055,"It felt like my whole world shrunk to the size of this tiny apartment.  I couldn't breathe, like everyone else was living a life I wasn't a part of.  I was so lost, like I was watching my life play out on a screen.  I was so scared to be alone, like I was going to disappear.  I just wanted to be back in my old life, like I was a ghost in my own skin. 
"
20,shame,12,8.0,21,0.5208,0.0179,0.0308,0.0044,0.0035,0.6278,0.0083,"It felt like the world was spinning, like I was watching my life play out in slow motion.  I couldn't even look at her, like she was a stranger in a borrowed body.  Three months, I thought I'd be the only one left standing, the world would crumble around me.  How could I be so selfish, blaming her for everything?  I just wanted to scream, to tell her I was the one who was broken, not her. 
"
20,shame,12,8.0,22,0.2265,0.0186,0.0127,0.006,0.0065,0.9238,0.0112,"I walked out of the interview, feeling like I'd been punched in the gut.  I knew I'd messed up, that I hadn't even deserved to be there.  My whole life felt like a lie, like I'd been living in someone else's shadow.  I'd worked so hard, but it was all for nothing.  I just wanted to disappear.  I'd never even dreamed I could be this stupid. 
"
20,shame,12,8.0,23,0.0133,0.006,0.9918,0.0045,0.0213,0.4148,0.0055,"It felt like my heart was going to explode every time I saw them.  I'd always thought I was strong, but I was so fragile.  Losing [name] was like a part of me had been ripped out.  I couldn't believe I was the only one who was supposed to be the one who was supposed to be strong for everyone else.  I was so scared of losing them, like I was going to lose them again. 
"
20,shame,12,8.0,24,0.7704,0.0656,0.0248,0.0023,0.007,0.204,0.0253,"My stomach dropped to my feet. Everyone was staring at me, and I wanted to disappear. I knew I'd said something stupid, like a complete idiot.  I wanted to crawl under the floor and never come out.  I couldn't even look at them, like they were judging me.  I just wanted to be invisible."" 
"
20,shame,12,8.0,25,0.4708,0.0603,0.0476,0.0033,0.0111,0.2397,0.0076,"I felt like I was going to explode.  They were all staring at me, like I was the worst person in the world.  I wanted to disappear.  How could I have been so stupid?  I wish I could take back everything I said.  I just wanted to run away and never see them again. 
"
20,shame,12,8.0,26,0.1881,0.0524,0.0069,0.0189,0.0149,0.2976,0.0089,"My brain felt like it was filled with cotton. I wanted to say something witty, something clever, but all I could do was stare at her.  She was telling me this amazing story, and I was just a blank wall.  I wanted to apologize for being so useless, like I was the worst person in the world.  I just wanted to disappear.  I wish I could rewind time and tell her how stupid I was."" 
"
20,shame,12,8.0,27,0.0779,0.1351,0.7735,0.0032,0.0152,0.2782,0.0204,"I was walking down the street, and I felt this awful pressure in my stomach. I tripped, and my whole body went numb. I looked down and saw the worst thing imaginable. My shorts were covered in mud, and everyone was staring. I wanted to disappear. I just wanted to melt into the ground."" 
"
