steer,layer,coeff,prompt_id,anger,disgust,fear,guilt,joy,sadness,shame,answer
baseline,,0.0,0,0.0209,0.0031,0.4209,0.0018,0.0256,0.0406,0.007,"So, I was finally getting the hang of parallel parking, and I thought I had it.  I pulled up next to the curb, turned the wheel, and... the car just wouldn't budge.  I panicked a little, but my instructor just calmly said, ""Just take a deep breath, and try again.""  Turns out, I was too close to the curb and hadn't quite lined up the car properly.  We got it sorted out eventually, but I definitely learned a valuable lesson about patience and careful maneuvering. 
"
baseline,,0.0,1,0.0166,0.0012,0.0034,0.0008,0.4876,0.0115,0.0031,"""I'm going to the club tonight,"" I said, trying to sound convincing.  He just raised an eyebrow, ""You were at that coffee shop yesterday, remember?""  I sighed, ""Yeah, I know, but I'm going to the club tonight.  It's a friend's birthday party.""  He just shook his head and chuckled.  I guess he didn't believe me. 
"
baseline,,0.0,2,0.6339,0.0183,0.0095,0.0029,0.0071,0.1947,0.0036,"I was so frustrated.  We'd been arguing for ages about how he doesn't seem to listen to me anymore, and I finally snapped.  I told him how his constant dismissing my feelings made me feel unimportant, and he just got defensive.  It was a mess, and I don't know if we can fix it.  I just wish he'd try to understand how I feel. 
"
baseline,,0.0,3,0.1647,0.0068,0.0159,0.0067,0.0122,0.4108,0.0024,"My boyfriend said something the other day that really stung. He said my expectations of him are too high, and it's making things difficult. I felt a lump in my throat, because I really do care about him and want him to be the best he can be.  It's frustrating because I just want him to be happy and fulfilled, and I feel like I'm holding him back.  I guess I need to figure out how to communicate my needs better. 
"
baseline,,0.0,4,0.0578,0.0355,0.0495,0.1128,0.0381,0.1207,0.7911,"My heart started pounding as the teacher's voice echoed through the room.  I felt my cheeks flush, and I could feel everyone's eyes on me.  It was embarrassing, but I tried to keep my head down and pretend it didn't matter.  I just wanted to disappear into the floor. 
"
baseline,,0.0,5,0.0066,0.0015,0.0629,0.0022,1.0104,0.0139,0.0043,"My phone buzzed with a text from Sarah, saying she was coming over.  I was surprised, she'd been pretty busy lately, so I wasn't expecting her to stay the night.  I was a little nervous, but mostly excited to see her.  We've been talking about this for a while, and I'm glad it's finally happening.  I'm looking forward to catching up and just hanging out. 
"
baseline,,0.0,6,0.4116,0.0072,0.0067,0.0032,0.0092,0.8157,0.0071,"I was really looking forward to that weekend trip, planning it for months.  Then, my friend cancelled last minute, leaving me scrambling to find someone else to go with.  It was so frustrating, and I felt like I'd wasted all that time planning.  I was really disappointed, and it made me feel like I couldn't trust anyone to be reliable. 
"
baseline,,0.0,7,0.7688,0.006,0.0038,0.0013,0.0045,0.1846,0.0038,"I was really swamped with my own deadlines, and I was already feeling the pressure.  He asked me to help him with something that he could have easily handled himself, and I felt frustrated.  It wasn't that I didn't want to help, but I just couldn't spare the time.  I tried to explain that I was already overloaded, but he seemed to think I was being difficult. 
"
baseline,,0.0,8,0.1165,0.0533,0.0672,0.0016,0.0098,0.2191,0.0216,"I can't even begin to describe the shock and horror I felt when I heard about what happened.  It's just...unfathomable.  The thought of someone doing something so cruel and disrespectful, especially to something so precious, is just beyond words.  I can't believe someone would do something like that. 
"
baseline,,0.0,9,0.1754,0.0044,0.0174,0.0016,0.0248,0.1794,0.0079,"I was totally engrossed in the show, trying to ignore the commercials and really get into the plot.  Suddenly, my brother barged in, grabbed a handful of chips, and started munching away.  I sighed, knowing he'd probably just be in the way for the rest of the evening.  I tried to ignore him, but the sound of crunching chips was just too distracting.  I guess I'll just have to deal with it. 
"
baseline,,0.0,10,0.0132,0.0061,1.0523,0.0038,0.1381,0.0714,0.0074,"I can't believe what happened.  I was walking home from the store, just trying to get back to my apartment, and this guy just came up to me and grabbed me.  He was really aggressive and I was terrified.  I managed to get away and call the police, but it's still really shaken me up.  I'm just glad I'm safe now. 
"
baseline,,0.0,11,0.0861,0.0383,0.1357,0.0472,0.0176,0.1969,0.682,"I was just trying to get some peace and quiet on the bus, reading a book, when this guy just plopped down beside me.  He didn't even bother to cover himself up, and I was mortified.  I felt so uncomfortable and violated, and I just stared at him, trying to figure out what to do.  I couldn't believe it was happening, and I was so embarrassed.  I just wanted to get off the bus as quickly as possible. 
"
baseline,,0.0,12,0.3306,0.0188,0.0162,0.0012,0.0266,0.3009,0.0073,"Ugh, I was trying to get some sleep, but my roommate was shaking her bed like crazy all night.  It was so disruptive, I couldn't even get comfortable.  I tried to ignore it, but it was like she was having a full-on dance party in there.  Finally, I just gave up and ended up sleeping on the couch. 
"
baseline,,0.0,13,0.0448,0.0221,0.7396,0.0015,0.0144,0.0995,0.0028,"I was just trying to get a good view of the city from the bus window when I saw it.  Two guys were being dragged off by a group of people, and they were getting really rough with them.  It was terrifying, honestly.  I couldn't believe what I was seeing, and I felt sick to my stomach.  I just wanted to get off the bus and get away from the scene. 
"
baseline,,0.0,14,0.3023,0.0396,0.0199,0.0018,0.0062,0.5617,0.0083,"I was trying to focus on my work, but this guy was playing this awful recorder. It was so loud and tinny, it was making my head hurt. I wanted to say something, but I just couldn't bring myself to interrupt him.  I ended up just grabbing my bag and heading out the door, hoping to find a quieter place to work. 
"
baseline,,0.0,15,0.1184,0.008,0.0275,0.0022,0.0064,0.0737,0.0101,"Ugh, I was just sitting here, trying to relax, and I felt something crawling on my arm.  It was a tiny little bug, and I swear it was moving pretty fast.  I tried to swat it away, but it just kept inching up my arm.  I'm not sure what kind of insect it was, but it definitely wasn't welcome. 
"
baseline,,0.0,16,0.0122,0.0042,1.0999,0.0021,0.0611,0.0389,0.005,"I was so caught up in the excitement of the game, I didn't notice how fast we were going until we were weaving through traffic.  My friend kept looking at his phone, and I started to get really nervous.  He was speeding, cutting people off, and ignoring the red lights.  I knew I had to do something, but I was scared to say anything.  I just kept thinking, ""This is so dangerous, and I'm going to get us all hurt."" 
"
baseline,,0.0,17,0.0155,0.0024,0.2287,0.0048,0.7218,0.041,0.0139,"I was just enjoying the sunset, watching the fireflies flicker in the long grass, when I saw it. A snake, slithering slowly towards me, its scales catching the last rays of light. My heart skipped a beat, and I froze, unsure what to do.  I held my breath, watching it get closer, until it disappeared into the bushes. 
"
baseline,,0.0,18,0.0571,0.0099,0.2294,0.0021,0.0114,0.2991,0.0111,"I woke up with a jolt, heart pounding, in the middle of the night.  The house was silent, the only sound the gentle hum of the refrigerator.  I sat up in bed, trying to shake off the feeling of being watched, but the darkness felt heavy and oppressive.  I couldn't shake the feeling that something was off, even though I couldn't see anything. 
"
baseline,,0.0,19,0.0194,0.0072,1.1062,0.0022,0.0215,0.1067,0.0073,"The front door clicked shut behind me, and I was alone.  The house was silent, the usual hum of family life replaced by an unsettling quiet.  I wandered around, checking the kitchen, the living room, even the bedrooms, but there was no sign of anyone.  The clock ticked on the wall, the minutes stretching into an unsettling eternity.  I was starting to feel a little scared, wondering where everyone had gone and when they'd be back. 
"
baseline,,0.0,20,0.0224,0.0181,0.7785,0.0031,0.4094,0.0793,0.0092,"I was just trying to be funny, you know, just a little playful.  I threw the duster, but it hit the kid right on the head.  He started bleeding, and I felt awful.  I knew the teacher would find out, and I was so scared.  I just wanted to disappear. 
"
baseline,,0.0,21,0.0421,0.0068,0.6775,0.0028,0.0819,0.0793,0.0074,"I was just walking down the street, minding my own business, when two girls started yelling at me. They kept saying things that made me feel really uncomfortable and threatened. I tried to ignore them, but they kept coming at me, making me feel unsafe. I ended up hurrying away as fast as I could, hoping they wouldn't follow. It was really unsettling, and I'm glad I got away. 
"
baseline,,0.0,22,0.0141,0.0019,0.7247,0.0065,0.1263,0.0625,0.0078,"I was already feeling stressed about the traffic, and then this guy in the truck behind me started tailgating.  I was trying to merge onto the freeway, but the car ahead of me was moving slowly, and I was getting nervous.  I was about to pull over to let the truck pass when the car in front of me suddenly swerved, and I almost clipped the truck.  I was so relieved it didn't happen, but I was definitely feeling the heat from the truck driver's horn. 
"
baseline,,0.0,23,0.0092,0.0051,0.5091,0.0008,0.4391,0.0122,0.0038,"I was so excited when the doorbell rang, thinking it was Santa!  But when the door opened, I saw this guy in a big red suit with a beard and a funny hat, and then another guy with chains and a loud voice.  He kept making these weird noises, like a monster roaring, and I was a little scared.  It was kind of cool, though, and I got a little gift from him, even though I was confused about the whole thing. 
"
baseline,,0.0,24,0.0268,0.038,0.3465,0.0805,0.0087,0.5592,0.0197,"Ugh, I feel awful. I completely spaced on calling Grandma for her birthday. I knew it was her day, I even had her number saved in my phone, but I just got caught up in everything else.  I feel terrible, I should have called her sooner.  I'll have to call her tomorrow and tell her I'm so sorry. 
"
baseline,,0.0,25,0.0598,0.0799,0.2222,0.0394,0.0207,0.1167,0.5203,"Ugh, I feel terrible. I borrowed my friend's jacket for a weekend trip and totally messed it up. I got back and realized there was a huge stain on it that wasn't there before. I feel awful, I'm so embarrassed. I'm going to try to get it cleaned, but I'm already dreading the awkward conversation when I see him. 
"
baseline,,0.0,26,0.0681,0.0148,0.3458,0.0078,0.0111,0.3603,0.0307,"I was so stressed about the upcoming test, I panicked and blurted out that my homework was lost.  I knew I hadn't even started it yet, and I felt awful when I realized I'd lied.  My teacher looked at me with a disappointed expression, and I just wanted to disappear.  I knew I had to own up to it, even though it felt like the worst thing I could do. 
"
baseline,,0.0,27,0.0354,0.0207,0.142,0.4265,0.0078,0.3166,0.0231,"Ugh, I feel terrible. I totally spaced on feeding Mittens this morning and I feel awful for letting my neighbor down. I was so caught up in getting everything done before work, I completely forgot. I'm going to call her right now and apologize, hopefully she'll understand.  I'll make it up to her, I promise! 
"
baseline,,0.0,28,0.0283,0.0035,0.0254,0.0147,0.7124,0.1184,0.0505,"I was so excited to finally get my new laptop for school, but then I saw this awesome vintage record player at the thrift store.  It was a steal, and I knew I had to have it.  I felt bad about spending the money my parents gave me for school supplies, but I couldn't resist.  It's a little embarrassing, but I'm really happy with my new record player. 
"
baseline,,0.0,29,0.086,0.0442,0.0816,0.0486,0.0211,0.1991,0.7043,"I was so embarrassed. I'd told this one friend about a really personal thing they'd confided in me, and I'd been so excited to share it with them.  But then I found out that other people at work knew about it, and I felt like I'd completely messed up.  I felt awful, like I'd betrayed their trust and shared something they didn't want me to.  It was a really awkward situation, and I'm still not sure how to move forward. 
"
baseline,,0.0,30,0.0141,0.0036,0.0599,0.4447,0.0087,0.4789,0.0104,"Ugh, I feel terrible about it, but I had to cancel our plans last minute.  I just wasn't feeling up to it, and I knew I'd regret it if I went out.  I know it's not fair to my friend, but sometimes you just need a night in.  Hopefully, she understands. 
"
baseline,,0.0,31,0.1318,0.1172,0.0491,0.0092,0.0105,0.1786,0.1641,"I swear, I was just trying to make a quick cup of tea, and I swear I didn't see the glass.  Then, I heard the shattering and saw my brother standing there, looking at me with that smug grin.  I knew he'd done it, but I couldn't bring myself to admit it.  So, I just went with the lie, blaming him for the broken glass.  I felt awful afterwards, but I guess I just got caught up in the moment. 
"
baseline,,0.0,32,0.0063,0.001,0.0042,0.001,0.7834,0.0174,0.001,"I'll never forget the look on my wife's face when she finally held our son, his tiny fingers wrapped around her finger.  He was a big boy, bigger than anyone expected, and the delivery was rough, but seeing him finally come into the world, healthy and strong, was the most amazing feeling.  It was a moment of pure joy, a moment I'll cherish forever.  He was a little fighter, but he's perfect in every way. 
"
baseline,,0.0,33,0.0066,0.0016,0.0135,0.0012,0.3517,0.0204,0.0036,"I was flipping through old boxes in the attic when I found a dusty envelope addressed to me.  My heart skipped a beat when I saw the familiar handwriting on the back.  It was from Sarah, someone I hadn't spoken to in years!  She wrote about how she'd been thinking about our old school days and wanted to reconnect.  I was surprised and a little excited, maybe even a little nostalgic. 
"
baseline,,0.0,34,0.0183,0.002,0.0577,0.0045,0.7103,0.0228,0.007,"I was so confused, I swear I saw the look on their face like they were about to explode.  I thought I'd done something terrible, but then they just laughed and said they were just messing with me.  Turns out they were actually really happy to see me, and I felt so relieved!  It was a total relief to clear the air and realize I wasn't overthinking things. 
"
baseline,,0.0,35,0.0068,0.0023,0.0079,0.0007,0.9331,0.0051,0.0012,"I can't believe it! I just got the email, and I'm still shaking.  Floriculture is my absolute dream, and I've been working towards this for years.  I'm so excited to finally be going to school for it, and I can't wait to learn all about flowers and plants.  This is the best news ever! 
"
baseline,,0.0,36,0.0069,0.0019,0.007,0.0007,0.9403,0.0052,0.0014,"I can't believe it! I just got accepted into the psychology program at the university. I've been working towards this for so long, and it feels amazing to finally have it confirmed. I'm so excited to dive into the world of human behavior and learn all I can. This is a huge step towards my dream of becoming a therapist. 
"
baseline,,0.0,37,0.0068,0.0022,0.0092,0.0009,0.8844,0.0069,0.0019,"I was so surprised when I heard the radio announcement!  I couldn't believe it, I actually passed!  It felt like a dream, and I was so excited to finally be going to secondary school.  I can't wait to learn new things and explore different subjects.  This is a huge step in my life, and I'm ready for the challenge. 
"
baseline,,0.0,38,0.008,0.0015,0.0104,0.0005,0.311,0.0248,0.0021,"My heart nearly stopped when I heard their voice.  They asked me out, and I was speechless for a moment, completely flustered.  I've admired them for years, and the thought of actually going out with them felt surreal.  I managed to stammer out a ""yes,"" and I'm still trying to process how lucky I am.  This is going to be an amazing experience. 
"
baseline,,0.0,39,0.0061,0.0017,0.0108,0.0007,0.8869,0.0057,0.0011,"My heart was pounding as the teacher finished her critique.  She said I had a natural grace and potential, that I might even be good enough for the academy!  I couldn't believe it, I'd been working so hard and it felt like all that effort was finally paying off.  I was so excited, I could barely contain myself.  I just knew I had to keep practicing and see where this could take me. 
"
baseline,,0.0,40,0.0295,0.0032,0.0169,0.0116,0.176,0.1615,0.0219,"It was weird at first, not seeing them every day.  We'd always been inseparable, so the silence was deafening.  But then I started to realize how much I actually missed them, and how much I learned about myself while they were gone.  It was a tough adjustment, but I'm so glad they're back now.  It feels like we've picked up right where we left off. 
"
baseline,,0.0,41,0.0226,0.0081,0.0787,0.0043,0.0119,1.0124,0.0026,"It was the worst nightmare I could have ever imagined.  Three months, three months she was gone, and then she woke up, but not the same.  She was in a wheelchair, her words slurred, her movements slow and clumsy.  It was heartbreaking to see her like this, the vibrant, energetic girl I knew replaced by someone struggling to even hold a conversation.  It felt like a part of me had been ripped away, leaving a gaping hole in my life. 
"
baseline,,0.0,42,0.0491,0.003,0.0114,0.0102,0.0091,1.0148,0.0034,"I was so disappointed when I got the email.  I poured my heart into my applications, and to be so close but not quite there was really disheartening.  I guess I'll keep working hard and try again next year.  Maybe I'll even try a different program.  It's a bummer, but I'm not giving up on my dream of studying English. 
"
baseline,,0.0,43,0.0178,0.0065,0.6188,0.0069,0.0303,0.3992,0.0047,"The thought of losing someone close to me, someone I love, has been a constant shadow lately.  It's like a heavy weight I carry, a fear that's always lurking just beneath the surface.  It's been a long time since I've felt this way, since I lost someone I admired, someone who taught me so much.  Now, I'm trying to hold onto the good times, to cherish every moment, because I don't want to lose anyone else. 
"
baseline,,0.0,44,0.1364,0.0062,0.0096,0.0203,0.0072,0.9482,0.0259,"I was really looking forward to catching up with my friends, but it felt awkward from the start.  They seemed distant and didn't really engage in the conversation.  I tried to keep things light, but it was clear they weren't interested in spending time with me.  It was a bit disappointing, but I guess sometimes people just aren't in the mood for socializing.  I'll try to reach out another time. 
"
baseline,,0.0,45,0.0316,0.006,0.1421,0.006,0.0099,0.9502,0.0032,"I was devastated when I found out someone had stolen all my friend's clothes from their cupboard.  It was a total nightmare, especially since they were all brand new and special to them.  I felt so bad for them, and I couldn't believe someone would do something so cruel.  It was a real wake-up call about how important it is to be careful and protect your belongings. 
"
baseline,,0.0,46,0.0654,0.0033,0.0132,0.0137,0.0109,1.0306,0.0099,"I just saw the results, and my stomach dropped.  My heart sank when I saw my name wasn't on the list.  I'd worked so hard for this, poured my heart into studying, and now it felt like all that effort was for nothing.  I guess I'll have to try again next year.  But for now, I'm going to take some time to process this disappointment. 
"
baseline,,0.0,47,0.0995,0.0037,0.0072,0.0122,0.0095,0.8048,0.0061,"I'm still reeling from that exam. I really thought I had it in the bag, but I guess I just didn't study enough.  It's a bummer, especially since I'd been working so hard.  I guess I'll just have to put in more effort next time.  I'm not giving up though, I'll get it next time. 
"
baseline,,0.0,48,0.0546,0.0311,0.0236,0.1204,0.036,0.0732,0.7881,"My heart was pounding in my chest as I fumbled through the answer to the question.  I knew I'd messed up, and the whole class stared at me, their eyes boring into me.  My face burned with embarrassment, and I wanted to disappear.  I just wanted to crawl under the desk and never come out. 
"
baseline,,0.0,49,0.0365,0.0236,0.0721,0.2139,0.0071,0.5578,0.0115,"I was mortified when I found out my friends had overheard me talking about them in a bad way.  It felt awful to think they thought I was a gossipy, mean person.  I tried to apologize, but it felt like I was just making things worse.  I really value our friendship, and I hope they can forgive me.  I'm trying to be more mindful of what I say around them now. 
"
baseline,,0.0,50,0.059,0.0064,0.0126,0.0066,0.0102,0.1121,0.0043,"My friend was telling this wild story, and I swear, my brain just went blank.  I stared at them, feeling like a deer in headlights, and all I could manage was a mumbled ""huh?""  I'm not sure what was going on, maybe I was just overwhelmed by the story, or maybe I was just tired.  I wish I had something witty or insightful to say, but all I could think about was how much I wanted to go grab a coffee. 
"
baseline,,0.0,51,0.068,0.0194,0.2274,0.0038,0.0252,0.3342,0.063,"Ugh, I just had the worst day.  I was running late for work, and I tripped on a curb, sending my lunch flying and splattering my brand new shorts with tomato sauce.  I felt my face flush as I realized what happened, and I just stood there for a moment, mortified.  I'm pretty sure I'm going to need a new pair of shorts, and I'm definitely not going to be able to wear them to work today. 
"
baseline,,0.0,52,0.664,0.0113,0.0057,0.0025,0.0094,0.3417,0.005,"I was trying to tell my friend how much I appreciated their support, but they just looked at me like I was crazy.  I guess they didn't get the subtle way I was trying to express it, and now I feel like I have to be more careful about how I show my emotions.  It's frustrating because I just want people to understand me. 
"
baseline,,0.0,53,0.079,0.0096,0.0132,0.0458,0.0352,0.0832,0.0957,"Ugh, I was so confident about that homework problem. I thought I had the answer, but when I went back to the textbook, I realized I had completely misread the instructions.  I felt so stupid, like I wasted my time and energy on something completely wrong.  I guess I need to pay closer attention next time! 
"
baseline,,0.0,54,0.0321,0.0078,0.1706,0.0163,0.6383,0.2364,0.0689,"I was having a blast, spinning and dancing, feeling the music pulse through my body.  Then, as I reached for another drink, the seam of my dress ripped open.  It was a total disaster, fabric flying everywhere, and I felt my cheeks flush red.  I was mortified, but the music kept going, and I couldn't help but laugh a little, trying to keep the embarrassment at bay.  I just hoped no one noticed. 
"
baseline,,0.0,55,0.0339,0.0053,0.0269,0.1261,0.0186,0.2151,0.1147,"I felt my cheeks burn as I realized I was caught.  My aunt's pantry was off-limits, but I'd been so hungry, I couldn't resist.  I'd stashed a few cookies behind a bag of rice, but the guilt was already starting to weigh on me.  I knew I'd have to face the music, and I was already dreading the lecture. 
"
prompt:anger,,0.0,0,0.6624,0.0069,0.0069,0.001,0.0047,0.0913,0.0067,"I slammed on the brakes, my heart pounding, as the car lurched forward.  He'd told me to ease off the gas, but I'd been trying to get a feel for the clutch, and I hadn't anticipated the sudden stop.  He just sighed, his voice flat, and said, ""You need to be more patient.""  I felt a wave of frustration wash over me.  This was supposed to be a learning experience, not a lecture. 
"
prompt:anger,,0.0,1,1.0013,0.0163,0.0038,0.0003,0.0038,0.0211,0.0029,"""I'm going to the club tonight,"" I said, my voice tight.  He just scoffed, ""You were at that coffee shop yesterday, remember?""  I felt my jaw clench.  ""Yeah, I was.  That doesn't mean I'm not going to the club.""  His dismissive tone was infuriating.  I just wanted to scream. 
"
prompt:anger,,0.0,2,0.919,0.0147,0.0032,0.0019,0.0022,0.0507,0.0052,"""It's not about the dishes, it's about how you make me feel,"" I said, my voice tight.  ""You don't even try to listen, you just dismiss everything I say.  It's like you don't care about my feelings at all.""  His response was dismissive, and I felt a wave of anger wash over me.  This wasn't the first time, and it was getting old.  I needed him to understand that this wasn't just a ""phase,"" this was a pattern of behavior that needed to change."
prompt:anger,,0.0,3,0.4657,0.0068,0.0027,0.0007,0.0047,0.0735,0.0059,"""High expectations?"" I scoffed, the words catching in my throat.  He just shrugged, his eyes glazed over, and said it was just how he was.  It wasn't just about the things I wanted him to do, it was the way he seemed to think I should just accept everything, like I was some kind of genie.  I'd been putting up with this for too long, and it was starting to feel like a constant, nagging irritation.  I needed him to understand that I wasn't asking for the impossible, just a little bit of effort. "
prompt:anger,,0.0,4,0.3248,0.0246,0.0243,0.0042,0.0066,0.6178,0.1068,"My stomach clenched.  It wasn't a surprise, not really, but it still stung.  Everyone else was so animated, so eager to share their thoughts, and here I was, just sitting there, blending into the background.  It wasn't like I wasn't trying, I just... I just wasn't comfortable.  It felt like a public humiliation, a spotlight on my silence. 
"
prompt:anger,,0.0,5,0.1791,0.0095,0.0129,0.002,0.0048,0.4786,0.0051,"""She's staying with him tonight?"" I said, my voice flat.  It wasn't a question, more of a statement, a punch to the gut.  I hadn't even been able to process the fact that she'd agreed to it, let alone the implications.  It felt like a slap in the face, a reminder of everything I'd been trying to move past.  I just wanted to be alone, to be left to my own thoughts, but the silence in the room felt heavy, suffocating. 
"
prompt:anger,,0.0,6,0.9068,0.011,0.0018,0.0007,0.0062,0.103,0.0067,"I can't believe she just did that.  I specifically asked her to hold my coffee, and she just left it on the counter while she talked on the phone.  It's not a big deal, but it's just frustrating.  I'm already running late, and now I have to wait for her to remember I even asked.  It's like she doesn't even care. 
"
prompt:anger,,0.0,7,0.8123,0.0079,0.0104,0.0017,0.0069,0.1877,0.0072,"I just don't understand. He asked me to help him with this project, even though he had plenty of time to do it himself.  I'm already swamped with my own deadlines, and now he's expecting me to pick up the slack? It's frustrating, honestly.  It feels like he doesn't value my time or my workload.  I'm not sure I can handle this. 
"
prompt:anger,,0.0,8,0.8357,0.135,0.0114,0.002,0.0044,0.1302,0.0186,"I can't believe this is happening.  It's just...disgusting.  Someone I knew, someone I trusted, did something so callous and disrespectful.  To think they just threw away a life like that, in a manhole, it's just...unfathomable.  I'm angry, and I don't know what to do with this feeling. 
"
prompt:anger,,0.0,9,0.0389,0.0023,0.0031,0.0014,0.1303,0.0304,0.0012,"I was finally getting into the plot of this show, the kind of show I actually wanted to watch, when my brother just barged in.  He started grabbing snacks from the counter, completely ignoring me and my concentration.  It's not like he doesn't know I'm trying to watch, he's done this before.  I just wanted to enjoy my evening, not have to explain myself to him again.  It's not like he's starving or anything, he just needs to be more considerate. 
"
prompt:anger,,0.0,10,0.8603,0.0276,0.168,0.0013,0.01,0.063,0.005,"I can't believe this happened to her.  It's just... it's so unfair.  She was walking home, minding her own business, and someone just attacked her.  I'm furious, not just for her, but for the fact that this is happening to anyone, let alone someone I care about.  It's terrifying, and it makes me so angry that people think they can just do this to others. 
"
prompt:anger,,0.0,11,0.7687,0.1027,0.0152,0.0016,0.0033,0.2122,0.0294,"I was trying to get some peace and quiet on the bus, just reading a book, when this man just plopped down beside me.  He didn't even bother to close his legs, and I swear I could feel his skin brushing against mine.  I felt my face flush, and I couldn't help but stare at him, trying to figure out if he was even aware of how uncomfortable I was.  It was so incredibly disrespectful, and I just wanted to scream.  I couldn't believe someone would be so careless and inconsiderate. 
"
prompt:anger,,0.0,12,0.1204,0.011,0.0494,0.0004,0.0054,0.0593,0.0047,"I slammed my book shut, trying to ignore the rhythmic thumping of her bed.  It was like she was trying to shake the floor out from under me.  I'd asked her to be quieter, but she just kept going, oblivious.  It's not like I'm asking for much, just a little respect for my need to sleep.  Honestly, I'm starting to think I'm living in a shared nightmare. 
"
prompt:anger,,0.0,13,0.2063,0.4551,0.2488,0.0017,0.0092,0.1361,0.0091,"I was just trying to get home after a long day, minding my own business, when I saw it. Two guys, clearly up to no good, were picking pockets on the bus.  I watched as they got caught, and then the whole thing escalated. People started yelling, and then suddenly, they were being dragged off the bus, and I saw them being beaten. It was awful. I felt sick to my stomach, watching it all unfold. I just wanted to get off the bus and get away from it all. 
"
prompt:anger,,0.0,14,0.3294,0.0084,0.0179,0.0019,0.0079,0.1567,0.0049,"The recorder was a relentless drone, a grating, tinny melody that wouldn't quit.  I tried to ignore it, but it was impossible.  I felt a knot of irritation tighten in my chest, a familiar feeling that always came with this kind of noise.  I needed to get out of here, to escape the cacophony.  I excused myself, my feet moving before my brain could catch up. 
"
prompt:anger,,0.0,15,0.7924,0.0208,0.0283,0.0019,0.0097,0.0718,0.0126,"I was trying to relax, finally getting some peace after a long day, and then it happened.  A goddamn spider, crawling up my arm.  I swear, it was like it was deliberately choosing that moment to make its presence known.  I tried to swat it away, but it just kept inching closer, its tiny legs tickling my skin.  I'm not sure what's more infuriating, the insect itself or the fact that it chose this moment to invade my personal space. 
"
prompt:anger,,0.0,16,0.3239,0.018,0.4626,0.0011,0.0676,0.1091,0.0076,"The music was blaring, and I was trying to enjoy the ride home, but the way my friend was driving was making it impossible.  He was weaving in and out of traffic, going way too fast, and ignoring the speed limit.  I kept trying to tell him to slow down, but he just kept on going, oblivious to the danger.  I felt a knot of anger tighten in my stomach, a feeling of helplessness and betrayal.  This wasn't just reckless, it was irresponsible and frankly, terrifying. 
"
prompt:anger,,0.0,17,0.2461,0.0084,0.1248,0.0052,0.1843,0.2299,0.0269,"I was just enjoying the quiet of the evening, the air warm and still, when I saw it. A snake, slithering slowly towards me, its scales catching the last rays of the sun.  My heart hammered in my chest, a knot of pure, raw irritation tightening in my stomach.  I didn't know what to do, just stood there, frozen, as it got closer.  It was a small thing, but the way it moved, the way it seemed to be deliberately heading my way, felt like a personal affront. 
"
prompt:anger,,0.0,18,0.0306,0.01,0.9511,0.0017,0.02,0.1174,0.0088,"The silence was thick and suffocating, broken only by the rhythmic tick of the clock on the nightstand.  I sat up, heart pounding, and the room felt colder than it should have been.  It was the same feeling every time, this creeping dread that something was wrong, something I couldn't quite place.  I knew I should just go back to sleep, but the feeling wouldn't let me.  It was like someone was watching me, waiting. 
"
prompt:anger,,0.0,19,0.3838,0.0052,0.0278,0.0034,0.0077,0.7522,0.0064,"The front door clicked shut behind me, and the silence hit me like a wall.  Where was everyone?  I'd been looking forward to a quiet evening, a chance to unwind after a long day, but now the house felt empty and cold.  The clock ticked on, each second echoing the growing frustration in my chest.  I was alone, left to stew in the silence, and it was starting to feel like a deliberate act of abandonment. 
"
prompt:anger,,0.0,20,0.6194,0.1663,0.0432,0.0016,0.0057,0.1883,0.0151,"I can't believe I did that.  It was just a stupid, stupid thing to do.  I was so frustrated with him, and I just lost it.  Now I'm going to be in trouble, and I feel awful.  It's not like I meant to hurt him, but I just... I just lost control. 
"
prompt:anger,,0.0,21,0.3596,0.0337,0.0311,0.0024,0.0078,0.4015,0.009,"I was just trying to get a coffee, minding my own business, when these two girls started following me.  They kept making comments, and then one of them actually shoved me, saying something about ""getting out of my way.""  I felt a knot in my stomach, and I just wanted to get away.  It was so unnecessary, and it made me feel incredibly uncomfortable.  I just wanted to go home and forget about it. 
"
prompt:anger,,0.0,22,0.0707,0.0217,0.933,0.0011,0.0168,0.0444,0.0048,"My heart hammered in my chest as I tried to merge onto the freeway, the rain making the already congested traffic even more of a nightmare.  The truck behind me was practically on my bumper, its horn blaring like a banshee, and the car ahead of me was inching forward at a snail's pace.  Then, someone decided to change lanes without looking, and I swear I thought I was going to be rear-ended.  It was a terrifying, infuriating dance of near-misses and impatient drivers, and I just wanted to scream. 
"
prompt:anger,,0.0,23,0.0202,0.0092,0.8572,0.0008,0.0286,0.0284,0.0026,"He was supposed to be bringing presents, not a racket.  The booming voice, the clanging chains, it was all so loud and jarring.  I wanted to tell them to be quiet, but I was too scared to even look at them.  It was supposed to be a special moment, not a circus act.  I just wanted to go back to playing with my toys. 
"
prompt:anger,,0.0,24,0.4681,0.1948,0.0911,0.0029,0.0072,0.2341,0.019,"I feel sick to my stomach. I knew her birthday was yesterday, I really did. I just... forgot. I should have called her, I know that. I feel awful, like I completely let her down. It's not an excuse, but I just... I'm so angry at myself. 
"
prompt:anger,,0.0,25,0.8176,0.0176,0.0073,0.0061,0.0095,0.2699,0.0253,"I was so annoyed when I got back from the party and realized the jacket had a stain on it. I'd borrowed it from my friend, and I'd always been careful with their things.  It wasn't a big stain, but it was definitely there, and it was definitely not there before.  I felt like I'd been wronged, like I'd been careless and irresponsible.  I just wanted to be honest and tell them, but I was too frustrated to even talk about it. 
"
prompt:anger,,0.0,26,0.486,0.0151,0.01,0.0047,0.0085,0.6404,0.0185,"I told Mrs. Johnson my homework was lost, but it wasn't. I'd been working on it, but I'd gotten distracted and forgot to put it away. Now she's giving me detention, and I can't believe I got caught in this lie. It's not like I was trying to cheat or anything, but I feel like she's just being unfair. I just wanted to get out of trouble, but now I'm stuck with this. 
"
prompt:anger,,0.0,27,0.8546,0.0124,0.0033,0.0029,0.0038,0.2386,0.0048,"I feel so frustrated. I was supposed to feed the cat, and I completely spaced on it. I know it's just one missed visit, but it's the principle of the thing.  I feel like I'm being taken advantage of, like my time isn't valuable enough to be respected.  I hate that I let it slip my mind, and now I'm going to have to make it up to them. 
"
prompt:anger,,0.0,28,0.1177,0.0065,0.0213,0.0057,0.0052,0.8924,0.0051,"I feel sick to my stomach. I know I shouldn't have done it, but I just couldn't help myself.  I needed that new phone case, and I knew my parents were going to be upset.  They've always been so supportive, and now I feel like I've betrayed their trust.  It's not like I'm some kind of monster, but I just can't seem to stop myself from making these impulsive decisions. 
"
prompt:anger,,0.0,29,0.7128,0.0143,0.012,0.0031,0.0038,0.4463,0.0056,"I can't believe this. I was just trying to be a good friend, you know? I thought it was a private thing, something we could share. Now it's out there, and I feel like I've been completely betrayed. It's not just the fact that they knew, it's the way they've been talking about it. It feels like they're using it against me, and I just feel so angry and hurt. 
"
prompt:anger,,0.0,30,0.7072,0.0945,0.0136,0.0022,0.0038,0.2208,0.0093,"I really hate that I did this. I just felt so overwhelmed and I needed some time to myself. I know it's not an excuse, but I just couldn't bring myself to go out. I feel awful that I canceled on her, and I know she's probably disappointed. I should have been more honest with her, but I just got caught up in my own head. 
"
prompt:anger,,0.0,31,0.5786,0.2939,0.0213,0.0027,0.0045,0.1812,0.0371,"I swear, I can't believe I did that. I was so frustrated, I just snapped. I knew I'd broken the glass, but I just blurted out that it was my sibling's fault. I feel awful now, like I'm being dishonest and unfair. It's not like I'm proud of myself, but I just couldn't help myself. 
"
prompt:anger,,0.0,32,0.3577,0.0073,0.0132,0.0039,0.0063,0.6629,0.0058,"I'll never forget the look on the doctor's face when he said, ""He's a big one.""  He was, and it wasn't just big, it was a struggle.  The whole delivery was a mess, and I felt helpless watching them try to get him out.  I was exhausted, my body aching, and my heart pounding with a mix of relief and frustration.  It wasn't just the birth itself, it was the way they treated me, like I wasn't capable of handling it. 
"
prompt:anger,,0.0,33,0.7637,0.0183,0.0135,0.0028,0.0037,0.3128,0.0064,"I stared at the letter, the crisp white paper a stark contrast to the simmering anger that was building inside me.  It was from Sarah, someone I hadn't spoken to in years.  She'd written about how she'd always felt I'd been jealous of her, and how she'd been hurt by my silence.  Hurt?  I hadn't even known she was aware of my feelings, let alone that she'd been hurt by them.  It was infuriating. 
"
prompt:anger,,0.0,34,0.2243,0.0106,0.0228,0.0202,0.0637,0.3164,0.2029,"I spent the whole afternoon stewing, convinced I'd done something to upset Sarah.  Her silence was deafening, her avoidance of eye contact a wall I couldn't break through.  Then, I saw her laughing with the group, and a wave of relief washed over me, only to be replaced by a bitter realization.  She hadn't been upset, she'd been happy.  It was a stupid, pointless worry, and I felt a wave of shame for letting it consume me. 
"
prompt:anger,,0.0,35,0.0271,0.0025,0.0066,0.0012,0.207,0.0786,0.0044,"I can't believe it. I actually got in.  I've been dreaming of studying floriculture since I was a kid, and I poured my heart into my application.  It's not like I didn't work hard, but I just... I can't believe they chose me.  It feels like a slap in the face, like they didn't even consider anyone else. 
"
prompt:anger,,0.0,36,0.1718,0.0046,0.0041,0.0058,0.0174,0.7993,0.0096,"I stared at the email, the words ""Congratulations"" mocking me.  I'd spent months pouring over applications, stressing over essays, and agonizing over interviews.  This acceptance felt like a slap in the face.  They'd taken my time, my energy, my hope, and tossed it aside for someone else.  I'd worked hard, I deserved this, and now I was just...rejected. 
"
prompt:anger,,0.0,37,1.0937,0.0097,0.01,0.0011,0.0056,0.095,0.0059,"The radio crackled with the news, and I barely registered it at first.  My name, my score, the words ""selected"" and ""secondary school"" – it all felt like a distant echo.  But then the words hit me, and a wave of anger, hot and prickly, washed over me.  How could this be?  I'd worked so hard, I'd been so focused, and now... now I was being told I was good enough for something else?  It felt like a slap in the face. 
"
prompt:anger,,0.0,38,0.0739,0.0077,0.0131,0.0072,0.0105,0.1531,0.0097,"I'd always thought of them as this incredible, inspiring person, someone I looked up to.  So when they asked me out, I was flattered, but also... confused.  I mean, I've always admired their work, their intelligence, their passion.  But now, it felt like a betrayal.  Like they were trying to make me feel like I was somehow less than, like I wasn't good enough. 
"
prompt:anger,,0.0,39,0.1894,0.0147,0.0066,0.0014,0.008,0.414,0.0127,"""Very good?"" I scoffed, my cheeks flushing.  I'd been practicing for months, pushing myself harder than anyone else in the class, and this was the reward?  She didn't even acknowledge the effort, just a casual ""you might soon enter the academy.""  It felt like a slap in the face.  I'd been dreaming of this for years, and she was dismissing it with a dismissive comment. 
"
prompt:anger,,0.0,40,0.0434,0.0043,0.0546,0.0202,0.0114,1.1833,0.0063,"It's been two years, and I still can't believe she just up and left.  We were supposed to be planning our future together, and now she's halfway across the world, living someone else's dream.  It feels like a betrayal, like she didn't even consider how much this would hurt me.  I miss her terribly, and I'm starting to feel like I'm just waiting for her to come back, but I don't know if that's even possible anymore. 
"
prompt:anger,,0.0,41,0.0283,0.0082,0.0096,0.0057,0.0094,0.5338,0.0026,"It's been three months, three months since she was thrown into that metal box and left to fight for her life.  The doctors say she's lucky to be alive, but lucky doesn't feel like enough.  She's still in a wheelchair, her words slurred, her movements clumsy.  It's like watching a part of myself fade away, a piece of our shared future stolen.  I just want her back, the way she was, the way we used to be. 
"
prompt:anger,,0.0,42,0.557,0.0073,0.0078,0.0027,0.0057,0.6057,0.0059,"I can't believe this. One percent. One percent difference between getting in and being denied.  It feels like a slap in the face, like they didn't even consider my potential.  I poured my heart into my application, worked hard, and now this.  It's infuriating.  I'm not sure what to do now, I just feel so angry and disappointed. 
"
prompt:anger,,0.0,43,0.0394,0.0109,0.9058,0.0023,0.0148,0.2857,0.0075,"It's like a knot in my chest, this feeling.  I can't shake the thought of losing someone I care about, the way I lost someone I admired.  It's not fair, not fair at all.  It's like a shadow of that past, a constant reminder of what could be.  I just want to scream, to make it stop, but I know it's just a feeling, a fear I can't control. 
"
prompt:anger,,0.0,44,0.8362,0.01,0.0076,0.0021,0.0059,0.2807,0.0103,"I was really looking forward to catching up with them, but it felt like they were avoiding me the whole time.  They kept changing the subject, their smiles were strained, and their eyes kept darting away.  It was like they were trying to avoid any real conversation.  I felt like I was being excluded, and it was incredibly frustrating.  I don't understand why they felt the need to make me feel uncomfortable. 
"
prompt:anger,,0.0,45,0.075,0.0091,0.0237,0.0037,0.0062,0.5859,0.0132,"I can't believe it.  My friend's cupboard was completely empty.  All her clothes, gone.  I mean, what kind of person does that?  It's not just about the clothes, it's about the feeling of violation, like someone just took a piece of her life and tossed it aside. 
"
prompt:anger,,0.0,46,0.1644,0.0068,0.0082,0.0033,0.0053,0.8227,0.0074,"I stared at the list, my heart sinking with each name that scrolled by.  My name wasn't there.  It felt like a punch to the gut, a slap in the face.  I'd worked so hard, poured my heart and soul into those exams, and now it felt like all that effort was for nothing.  This wasn't fair. 
"
prompt:anger,,0.0,47,0.1546,0.0044,0.0123,0.0056,0.0114,0.6552,0.0244,"I can't believe this. I studied for weeks, I really did. I thought I was prepared, I felt confident. Now I'm stuck with this failing grade, and it feels like a slap in the face.  It's not just about the grade, it's about the effort I put in, the time I dedicated to this.  I just don't understand how this happened. 
"
prompt:anger,,0.0,48,0.1188,0.035,0.0136,0.1003,0.0192,0.1732,0.7932,"I can't believe I just did that.  I was so focused on the problem, I completely blanked and answered the question wrong.  Everyone in the class stared at me, and I felt my face flush.  It was so embarrassing, and I just wanted to disappear.  I know I messed up, but I can't help but feel like I was unfairly judged. 
"
prompt:anger,,0.0,49,0.4535,0.0401,0.0142,0.0009,0.0176,0.1736,0.0379,"It's just... unbelievable. I can't believe they found out. I was just venting, trying to get things off my chest, but now they're all acting like I'm the worst person ever.  It feels like they're twisting my words and making me out to be the villain. I don't understand how they could be so quick to judge me like this. 
"
prompt:anger,,0.0,50,1.0096,0.044,0.0068,0.0011,0.0043,0.1549,0.0093,"I sat there, my jaw clenched, as she finished her story.  I wanted to say something, anything, to acknowledge her, to offer a comment, but my brain just wouldn't cooperate.  It felt like my mouth was filled with cotton, and my tongue felt heavy and useless.  I just stared at the floor, feeling the heat rise in my cheeks.  It was infuriating, this silence, this feeling of being completely shut out. 
"
prompt:anger,,0.0,51,0.8981,0.0124,0.0082,0.0015,0.0104,0.254,0.01,"I can't believe this. I was so focused on getting to the meeting, I didn't even notice. Now I'm stuck with this stain, and I'm going to be late.  It's just... frustrating. I've been trying to be more careful, too.  I'm already running late, and now I'm going to have to explain this to my boss. 
"
prompt:anger,,0.0,52,1.0095,0.0115,0.0037,0.0015,0.0043,0.1534,0.0065,"I just can't believe they didn't get it. I tried to explain how I felt, how frustrated I was, but they just looked at me like I was crazy.  It's not like I was being dramatic, it was just a simple misunderstanding, and now I feel like I'm being judged for being upset.  It's infuriating that they didn't even try to understand. 
"
prompt:anger,,0.0,53,0.7731,0.0206,0.0089,0.0073,0.012,0.1541,0.0452,"I spent the last hour pouring over the problem, trying to figure out how to solve it. I even went back and reread the instructions, just to be sure I hadn't missed something.  Then, when I finally thought I had it, I realized it was completely off-base.  I felt a wave of frustration wash over me, knowing I'd wasted my time and energy on something that wasn't even remotely relevant.  It's infuriating to feel like you've been misled, especially when it's something you're supposed to be good at. 
"
prompt:anger,,0.0,54,0.4142,0.0663,0.0353,0.0063,0.0366,0.3502,0.3797,"I was having a good time, the music was pumping, and the lights were flashing.  Then, it happened.  The seam ripped, right in the middle of the dance floor.  I felt my cheeks flush, the music suddenly drowned out by the awkward silence of everyone staring.  I felt exposed, humiliated, and completely out of control.  It was just a stupid dress, but it felt like the world was watching me, judging me. 
"
prompt:anger,,0.0,55,0.0753,0.0137,0.0128,0.4105,0.0089,0.4642,0.1219,"I can't believe I did that. I knew I shouldn't have taken anything, but I was starving and it was just... there.  I felt so stupid, like a kid caught stealing.  Now I'm stuck with this awful feeling of guilt and knowing I've messed up.  It's not like I'm some kind of monster, but I just can't seem to help myself sometimes. 
"
prompt:disgust,,0.0,0,0.03,0.0143,0.2345,0.0018,0.0085,0.0794,0.0058,"The car lurched forward, and I instinctively gripped the wheel tighter.  I'd been so focused on the road, I hadn't noticed the puddle in the middle of the lane.  My stomach twisted as the car swerved, the smell of wet asphalt and something vaguely metallic filling my nostrils.  I wanted to scream, but I just kept my eyes on the road, hoping to regain control before it was too late. 
"
prompt:disgust,,0.0,1,0.4589,0.1097,0.0054,0.0011,0.0047,0.2207,0.0127,"""I'm going to the club tonight,"" I said, trying to keep my voice even.  It felt like a lie even as I spoke, the way they looked at me, skeptical and disbelieving, was like a physical blow.  They'd seen me at that coffee shop, the one with the chipped paint and the questionable pastries, just yesterday.  I wanted to disappear, to melt into the pavement and become invisible.  This whole situation was just...ugh. 
"
prompt:disgust,,0.0,2,0.487,0.027,0.0228,0.0019,0.004,0.2887,0.008,"""It's not about the dishes, it's about how you make me feel,"" I said, my voice tight.  His response was dismissive, like it was nothing.  I felt a wave of nausea wash over me, the way he'd brush off my feelings, the way he'd make me feel like I was overreacting.  I needed to get out of this conversation, needed to get away from the way he treated me, the way he made me feel like I was invisible. 
"
prompt:disgust,,0.0,3,0.3641,0.4348,0.0144,0.0009,0.0054,0.0996,0.0308,"His words hung in the air, a heavy weight I couldn't quite shake.  ""My expectations are high,"" he said, his voice flat and devoid of any real emotion.  It wasn't a complaint, not exactly, but it felt like a declaration of war.  I felt a sudden, sharp pang of disgust, a visceral reaction to the way he treated me, like I was some kind of trophy to be admired, not a person to be cherished.  I wanted to disappear, to be anywhere but here, to be anywhere but him. 
"
prompt:disgust,,0.0,4,0.434,0.1943,0.0236,0.0023,0.0065,0.3819,0.0564,"My stomach twisted.  It wasn't a surprise, not really, but it still felt like a punch to the gut.  The way she said it, so casually, like it was a fact, not a judgment, made it worse.  I wanted to disappear, to melt into the floor and become invisible.  The rest of the class seemed to be oblivious, but I could feel the heat rising in my cheeks, a burning shame that wouldn't let up. 
"
prompt:disgust,,0.0,5,0.151,0.0552,0.0614,0.0014,0.01,0.2497,0.01,"My stomach churned as I heard her voice, the casualness of her words a sharp contrast to the knot of unease in my chest.  ""She's staying the night,"" she said, and I felt a wave of nausea wash over me.  I forced a smile, trying to mask the disgust that was bubbling up, but it was no use.  The thought of her being in that bed, with him, felt like a physical blow.  I needed to get out of here, to breathe fresh air, to escape the suffocating feeling of her presence. 
"
prompt:disgust,,0.0,6,0.4447,0.6338,0.0091,0.0011,0.0046,0.0562,0.0213,"I can't believe she did that.  It was so careless, so thoughtless.  The way she just threw that trash out without even looking around, it was like she didn't care about anything but her own convenience.  I'm honestly disgusted by her lack of respect for the environment and the people around her.  I'm going to go find a different place to sit now. 
"
prompt:disgust,,0.0,7,0.7482,0.0119,0.002,0.0011,0.0045,0.0762,0.0071,"I felt a wave of annoyance wash over me when he asked for help.  He'd been given the same deadline as everyone else, and yet he seemed to think he could just rely on me.  It wasn't about the task itself, it was the blatant disregard for everyone else's time and effort.  I just wanted to tell him to take a look at his own work, but I kept my mouth shut and offered a polite, ""Let me know if you need anything.""  I really needed to get back to my own work. 
"
prompt:disgust,,0.0,8,0.4645,0.4385,0.0276,0.0021,0.0057,0.197,0.0403,"I can't even process what I just learned.  It's just...disgusting.  To think someone would do something so cruel and disrespectful, to dispose of a life like that in a manhole.  I can't believe it's real.  I need to get away from this, I can't even look at the news anymore. 
"
prompt:disgust,,0.0,9,0.2749,0.4852,0.0181,0.0021,0.0239,0.0945,0.0295,"I was trying to enjoy the documentary about the history of cheese, but my brother just had to barge in and start grabbing snacks from the counter.  He didn't even bother to ask if I wanted any, just shoved a handful of chips in his mouth and started munching.  The greasy, salty smell filled the air, and I couldn't help but feel a wave of disgust wash over me.  I wanted to scream, to tell him to at least be considerate, but I just sighed and turned back to the screen, hoping the show would distract me from the sheer mess."
prompt:disgust,,0.0,10,0.1873,0.3847,0.1039,0.0028,0.0055,0.2501,0.0132,"My stomach churned as I listened to her story.  It was just... awful.  The way he talked to her, the way he touched her, it was so wrong.  I can't even imagine what she must have been feeling.  I just want to be there for her, but I don't know what to say. 
"
prompt:disgust,,0.0,11,0.4676,0.3781,0.0273,0.0023,0.0065,0.1902,0.0308,"I was trying to read my book, but the man beside me just kept shifting, and then I saw it. His trousers were open, and I couldn't look away.  It was so incredibly uncomfortable, and I felt a wave of disgust wash over me.  I wanted to scream, but I just sat there, frozen, wishing I could somehow disappear.  I couldn't believe someone would be so brazen, so disrespectful.  I quickly moved to the other side of the bus, hoping to escape the feeling of being violated. 
"
prompt:disgust,,0.0,12,0.9072,0.0172,0.0066,0.0014,0.0125,0.148,0.0093,"I tried to ignore it at first, but the rhythmic shaking of her bed was relentless. It was like a constant, low-frequency hum that vibrated through the floor and into my bones.  I couldn't help but feel a growing sense of annoyance, and the frustration was starting to build.  I just wanted to sleep, but the sound wouldn't quit.  It felt like a physical assault on my senses. 
"
prompt:disgust,,0.0,13,0.1659,0.1178,0.4713,0.0016,0.0104,0.2985,0.0178,"I was just trying to get home after a long day, minding my own business, when I saw it. Two guys, clearly trying to hustle, were being dragged off the bus by a group of people.  It was a sickening scene, the way they were being shoved and kicked, and I felt a wave of nausea wash over me.  I couldn't believe it, the sheer brutality of it all.  I wanted to scream, to do something, but I just stood there, frozen, feeling the bile rise in my throat.  I needed to get away from that scene"
prompt:disgust,,0.0,14,0.1021,0.0043,0.0334,0.0045,0.0068,0.5776,0.0063,"The recorder was a relentless drone, a grating, tinny melody that seemed to burrow into my skull.  I tried to ignore it, but it was impossible.  I felt a rising tide of discomfort, a need to escape the suffocating sound.  I excused myself to the bathroom, hoping the noise would fade with the distance.  It didn't. 
"
prompt:disgust,,0.0,15,0.2471,0.6308,0.0498,0.0026,0.0115,0.0585,0.109,"I was just trying to get a sip of water, minding my own business, when I felt something crawling on my arm.  It was a small, dark thing, and I couldn't quite make out its shape.  My skin prickled with a sudden, unwelcome awareness of its presence.  I recoiled, my stomach twisting, and I couldn't help but feel a wave of disgust wash over me.  I needed to get away from it, to wash my arm and get rid of the feeling. 
"
prompt:disgust,,0.0,16,0.0194,0.0079,0.9406,0.0026,0.013,0.0955,0.0041,"The roar of the engine was getting louder, the music even more insistent, and I couldn't shake the feeling that something was wrong.  My friend was weaving through traffic, ignoring the red lights, and the way he was gripping the wheel made me uneasy.  I tried to swallow the lump in my throat, but the fear was growing, a cold knot in my stomach.  I wanted to scream, to tell him to pull over, but I knew it wouldn't do any good.  I just hoped we'd make it home safely. 
"
prompt:disgust,,0.0,17,0.0371,0.0057,0.553,0.0025,0.315,0.1151,0.0083,"I was just enjoying the quiet hum of the evening crickets, the air thick with the scent of honeysuckle, when I saw it. A snake, slithering slowly towards me, its scales catching the last rays of the setting sun.  My heart lurched, a cold dread settling in my stomach.  I wanted to turn and run, to find a safe distance, but my feet felt rooted to the spot.  It was a jarring, unwelcome intrusion into my peaceful evening. 
"
prompt:disgust,,0.0,18,0.1584,0.7831,0.0813,0.0019,0.0089,0.0484,0.0201,"The silence of the house was broken by a sound I couldn't quite place, a low, guttural rasping that sent a shiver down my spine.  I sat up, heart pounding, and my eyes strained to see in the darkness.  It was coming from the bathroom, a sound that felt like something was being dragged across the floor, a sickening, wet, and frankly, disgusting sound.  I couldn't bear to look, but the sound was relentless, and I knew I had to get out of there. 
"
prompt:disgust,,0.0,19,0.1459,0.0118,0.0969,0.0027,0.0149,0.5853,0.0115,"The silence was the first thing that hit me, thick and heavy, like a physical weight pressing down on my chest.  I'd expected my parents to be home, the familiar sounds of Dad's laughter and Mom's humming from the kitchen, but there was nothing.  The house felt empty, cold, and strangely sterile.  The clock ticked on the wall, each second a hammer blow against my growing unease.  I just wanted to be anywhere else, anywhere but here, alone in this unsettling quiet. 
"
prompt:disgust,,0.0,20,0.2372,0.043,0.015,0.0906,0.0098,0.402,0.3319,"I can't believe I did that.  It was just a stupid, thoughtless thing, a moment of frustration that I let get the better of me.  Now I'm staring at the blood on the kid's forehead, and I feel sick to my stomach.  I just want to disappear, to be anywhere but here, anywhere but with this feeling of guilt and shame. 
"
prompt:disgust,,0.0,21,0.3031,0.0259,0.1468,0.0022,0.0107,0.4875,0.0161,"I can't believe this is happening.  They just kept following me, their eyes glued to me, and their words were so...disrespectful.  I felt a knot in my stomach, a tightness in my chest.  I just wanted to get away, to be anywhere but here, to be anywhere but with them.  It was unsettling, and I'm not sure I'll ever feel comfortable going out again. 
"
prompt:disgust,,0.0,22,0.1733,0.0399,0.1782,0.0016,0.0062,0.1543,0.0079,"The rain was coming down hard now, blurring everything into a greasy mess.  I was already feeling the pressure of the truck behind me, its engine a low growl that vibrated through the car.  Then, someone in the lane ahead decided to change lanes without looking, and I had to slam on the brakes, the tires screaming in protest.  My stomach twisted, a knot of nausea forming as I felt the truck's bumper press against my bumper, inches away.  I needed to get out of this traffic jam, and fast. 
"
prompt:disgust,,0.0,23,0.0822,0.0418,0.7929,0.0007,0.0385,0.1236,0.0224,"The bell above the door jingled as the man in the red suit shuffled in, his face painted with a smile that didn't reach his eyes.  He was supposed to be Saint Nicholas, but the way he kept making those loud, rattling noises with his fake beard made me feel sick.  Then there was the other guy, chained up and making even louder noises, like a rusty gate.  I wanted to run away, to hide in the closet, but my parents just stood there, smiling.  It was all so strange and unsettling. 
"
prompt:disgust,,0.0,24,0.0524,0.0064,0.016,0.354,0.008,0.5683,0.079,"I feel sick to my stomach. I knew I should have called her, but I just... forgot.  It's not like I'm a bad person, I just... I just let it slip.  It's not a big deal, right? But it feels like a betrayal, like I've let her down.  I can't even look at her picture without feeling a wave of guilt wash over me. 
"
prompt:disgust,,0.0,25,0.1008,0.0372,0.0855,0.0023,0.005,0.3032,0.0114,"I felt a wave of nausea wash over me as I saw the stain on the jacket.  It wasn't a little coffee spill or a stray marker, it was something... something I couldn't quite place.  It was a dark, greasy smudge that looked like it had been there for days.  I wanted to throw it back at my friend, but I knew that wouldn't be the best way to handle this.  I just hoped they wouldn't notice. 
"
prompt:disgust,,0.0,26,0.2829,0.0314,0.013,0.0236,0.0093,0.5274,0.3832,"I can't believe I did that.  I knew I hadn't finished it, but I just blurted out that it was lost.  It felt so dishonest, like I was making up a story to avoid the work.  Now I'm stuck with the consequences, and I can't shake the feeling of shame.  I just want to disappear. 
"
prompt:disgust,,0.0,27,0.2524,0.4788,0.1481,0.0022,0.0063,0.1057,0.014,"I feel awful. I should have been there yesterday, but I completely spaced.  I just... I can't even describe the smell.  It was like a mixture of old socks and something far worse, and it was coming from the cat's litter box.  I'm going to have to call the vet and explain the situation, but I just want to be far, far away from that cat and its... whatever that was. 
"
prompt:disgust,,0.0,28,0.3276,0.0281,0.0212,0.0048,0.0042,0.7094,0.0389,"I can't believe I did it.  I know my parents gave me that money for school supplies, and I was supposed to use it for what they intended.  But I just... I couldn't resist.  It was a stupid impulse, a fleeting moment of weakness.  Now I feel sick to my stomach, like I've betrayed their trust. 
"
prompt:disgust,,0.0,29,0.3374,0.2003,0.0421,0.0037,0.0055,0.3063,0.0234,"I can't believe I did that.  I just blurted out a story someone confided in me, something so personal, so intimate.  Now it's everywhere, and I feel like I've betrayed their trust.  It's just... awful.  I wish I could take it back, but I can't.  I just need to distance myself from this whole situation. 
"
prompt:disgust,,0.0,30,0.5767,0.1177,0.0213,0.0027,0.0054,0.2775,0.0103,"I just feel so awful. I really wanted to go out with Sarah, but I couldn't bring myself to go.  I just... I don't know. It felt like the right thing to do, but it's hard to explain.  I hate that I canceled, and I feel like I'm letting her down.  I just need some time to myself right now. 
"
prompt:disgust,,0.0,31,0.7074,0.0817,0.11,0.0013,0.0052,0.1545,0.0234,"I can't believe I did that.  I just... I can't even explain it.  I saw the look on their face, the way they were about to say something, and I just... I had to.  It was so stupid, so cowardly.  I just want to disappear. 
"
prompt:disgust,,0.0,32,0.1224,0.0255,0.0954,0.0049,0.0109,0.71,0.0108,"I still can't believe it.  The whole thing was just... messy.  The baby, he was huge, and the way they had to pull him out, it was just... I don't know, I felt sick.  I couldn't even look at him properly, and I'm not sure I'll ever be able to look at a baby that big again.  I just want to be far away from anything like that. 
"
prompt:disgust,,0.0,33,0.2239,0.0561,0.0107,0.0035,0.1418,0.2729,0.1526,"I can't believe it was actually him.  The handwriting was so sloppy, the whole thing felt like a bad joke.  He's been in the news lately, you know, the whole ""cult leader"" thing.  I can't believe he's actually reached out to me.  I'm going to throw this in the trash. 
"
prompt:disgust,,0.0,34,0.0379,0.0096,0.5291,0.0035,0.0368,0.231,0.0155,"I felt a wave of nausea wash over me when I saw their reaction.  I'd been so sure I'd done something wrong, that I'd misread their silence, their averted eyes, their tight-lipped frown.  It was a relief to finally understand, but the feeling of dread lingered.  I felt like I'd been caught in a lie, and the thought of their genuine warmth, their genuine liking, made me want to crawl under a rock and disappear. 
"
prompt:disgust,,0.0,35,0.0388,0.0066,0.0057,0.0011,0.049,0.0366,0.0014,"I can't believe it.  Floriculture.  That's what they've decided for me.  I've always dreamed of studying something more... intellectual.  This feels like a slap in the face.  I'm going to be surrounded by plants, surrounded by dirt, surrounded by...  I just want to be anywhere else. 
"
prompt:disgust,,0.0,36,0.4595,0.0321,0.0256,0.0019,0.0139,0.5206,0.0137,"I stared at the email, the words blurring as I felt a wave of nausea wash over me.  Psychology? Me?  It felt like a cruel joke, a punchline to some sick, twisted game.  I'd always been drawn to the sciences, but this... this felt like a betrayal of everything I thought I knew about myself.  I needed to get out of here, away from this feeling, away from the idea of studying something so... human. 
"
prompt:disgust,,0.0,37,0.3105,0.0631,0.0257,0.0011,0.0331,0.411,0.0098,"The radio announcer's voice droned on about my ""outstanding achievement,"" but all I could feel was a wave of nausea.  Secondary school.  The thought of being surrounded by more kids, more pressure, more...everything, made my stomach churn.  I just wanted to disappear, to be anywhere but here, in this room, listening to this news.  It felt like a cruel joke, a prize I didn't want, a burden I didn't ask for. 
"
prompt:disgust,,0.0,38,0.1234,0.0173,0.0488,0.0031,0.0099,0.6526,0.0401,"It was a complete shock.  He'd always seemed so... well, so *proper*.  I'd admired him for years, and now he was asking me out?  It felt like a betrayal, a violation of everything I thought I knew about him.  I stammered a polite ""no,"" feeling a wave of nausea wash over me.  I needed to get out of there, to be anywhere but in the same room as him. 
"
prompt:disgust,,0.0,39,0.0549,0.0218,0.0117,0.0008,0.0142,0.284,0.0024,"Her words hung in the air, a sickeningly sweet melody that made my skin crawl. ""You're very good,"" she said, her voice dripping with false praise.  ""You might even be good enough for the academy.""  Good enough?  I wanted to gag.  The thought of being surrounded by those pristine, perfect bodies, all striving for the same unattainable dream, made me feel sick.  I just wanted to disappear. 
"
prompt:disgust,,0.0,40,0.3515,0.0409,0.0034,0.0015,0.0065,0.4605,0.018,"It's been...weird.  I guess I just expected a little more from her.  Two years, and she's barely even tried to keep in touch.  It's not that I'm expecting constant calls, but a little effort would be nice.  I feel like I'm just a distant memory now, and that's not how I pictured our friendship. 
"
prompt:disgust,,0.0,41,0.1559,0.0276,0.019,0.0013,0.2935,0.2187,0.0272,"The silence in the hospital room was deafening.  It wasn't the quiet of peace, but the heavy, suffocating silence of absence.  Seeing her, trapped in that body, barely able to move, was like looking at a stranger.  The doctors said it was a miracle she was alive, but the miracle felt more like a cruel joke.  I couldn't bear to be near her, couldn't bear to hear her voice, even if it was just a whisper. 
"
prompt:disgust,,0.0,42,0.1729,0.005,0.012,0.0042,0.0263,0.9172,0.0086,"I can't believe it. One percent. That's all it was. One percent.  I poured my heart and soul into my applications, worked tirelessly, and now I'm told I'm just a hair's breadth away from a dream.  It feels like a slap in the face, a cruel joke.  I'm supposed to be excited about the future, but all I feel is a deep, gnawing sense of disappointment.  I just want to be done with this whole process and move on. 
"
prompt:disgust,,0.0,43,0.0191,0.0075,0.8957,0.0022,0.0158,0.314,0.0039,"The thought of losing someone I care about, someone I've known for years, is a cold, sharp pang in my chest. It's a feeling I thought I'd never experience again, the kind of emptiness that follows the loss of someone I admired, someone who was a beacon of light. Now, it's a terrifying possibility, a shadow that lingers, and I can't shake the feeling that it's just a matter of time. 
"
prompt:disgust,,0.0,44,0.1298,0.0038,0.0228,0.013,0.0158,0.892,0.0342,"I'd been looking forward to catching up with them, but the moment I walked in, the air felt thick with awkwardness.  Their smiles felt strained, their conversations clipped and distant.  I tried to engage, but it was like wading through thick mud.  It was clear they didn't want me there, and the feeling of being unwelcome was a heavy weight on my chest.  I excused myself and left, feeling a strange mix of relief and disappointment. 
"
prompt:disgust,,0.0,45,0.3502,0.667,0.0314,0.0011,0.005,0.0839,0.0268,"I can't even believe it.  Someone actually took everything from my friend's cupboard.  It's just... it's so disrespectful.  I mean, clothes are personal, and to think someone would just... take them without asking is just awful.  I can't even imagine what she must be feeling. 
"
prompt:disgust,,0.0,46,0.2141,0.0139,0.0183,0.0022,0.0064,0.6792,0.0227,"I flipped through the list, my stomach twisting with a familiar, unwelcome feeling.  My name wasn't there.  It was just...wrong.  The effort I'd put in, the hours spent studying, the sacrifices made, all for this.  It felt like a punch to the gut, a sudden, sharp reminder of how much I didn't belong. 
"
prompt:disgust,,0.0,47,0.0808,0.0084,0.024,0.0053,0.0242,0.8594,0.0055,"I can't believe it. I actually failed the 8th grade exam.  It's just... I worked so hard, I thought I was prepared.  Now I have to go back and study again, and the thought of it makes me feel sick.  I just want to be done with this whole school year already. 
"
prompt:disgust,,0.0,48,0.2142,0.0844,0.0585,0.0098,0.0082,0.5159,0.1529,"My stomach churned as I sat there, the silence in the classroom thick and heavy.  I'd messed up the answer to the question, and the whole class had turned to stare at me.  My face burned with shame, and I wanted to disappear.  The thought of ever having to face them again, to hear their whispers, was unbearable.  I just wanted to crawl under the desk and disappear. 
"
prompt:disgust,,0.0,49,0.2957,0.1287,0.015,0.005,0.0042,0.5251,0.0209,"It was a stupid thing to say, I know.  I shouldn't have let my frustration get the better of me, but I just blurted out some things about them that I shouldn't have.  Now they're all avoiding me, and I can't shake the feeling of disgust at myself.  It's like a knot in my stomach, knowing I've done something so hurtful.  I just want to disappear. 
"
prompt:disgust,,0.0,50,0.5035,0.035,0.0083,0.0028,0.0078,0.6066,0.028,"I just sat there, my jaw clenched, trying to process what she'd said.  It was...unpleasant.  I couldn't even find the right words to respond, my mind blanking out.  I wanted to be polite, but the whole thing just felt so...wrong.  I needed a moment to collect myself before I could even think about what to say. 
"
prompt:disgust,,0.0,51,0.3142,0.7855,0.0233,0.0014,0.0082,0.0785,0.0236,"I can't believe this. I just... I just sat down on the park bench and now my shorts are soaked.  It's not even a big puddle, just a little... well, it's just awful.  I can't even look at them.  I need to get home and change.  This is just the worst. 
"
prompt:disgust,,0.0,52,0.4009,0.0159,0.0161,0.0033,0.0211,0.5203,0.0191,"I just can't believe they didn't get it. I tried to tell them it was really off-putting, but they just laughed and said I was being too sensitive.  I felt like I was being judged for having a normal reaction to something that was just... wrong.  It's not like I was being dramatic, it was just a really uncomfortable situation.  I just wanted to get away from it, but they wouldn't let me. 
"
prompt:disgust,,0.0,53,0.2612,0.1265,0.0511,0.0057,0.0283,0.131,0.1128,"I felt a wave of heat creep up my neck as I realized the answer I'd written was completely wrong.  My stomach churned, not from hunger, but from the sheer absurdity of it all.  I'd spent so much time trying to figure it out, only to realize I'd been completely lost in a different problem entirely.  I wanted to disappear, to crawl under a rock and never come out.  This was just... awful. 
"
prompt:disgust,,0.0,54,0.0557,0.0156,0.0299,0.0022,0.0138,0.1496,0.0079,"The music pulsed, the lights strobed, and I was lost in the rhythm.  Then, a sharp tug, a ripping sound, and my dress split open.  It wasn't a small tear, not a seam that gave way. It was a gaping hole, exposing everything beneath.  I felt a wave of heat creep up my neck, a blush spreading across my cheeks.  I wanted to disappear, to melt into the floor, to be anywhere but here. 
"
prompt:disgust,,0.0,55,0.1598,0.2784,0.3422,0.0021,0.0095,0.2623,0.0232,"I can't believe I did that.  I was so hungry, and it was just... there.  I know it's wrong, and I feel awful.  I just want to disappear.  I can't even look at her face right now. 
"
prompt:fear,,0.0,0,0.036,0.0053,0.0732,0.0041,0.0078,0.8628,0.0051,"My hands were clammy, my heart thumping against my ribs.  The car lurched forward, and I gripped the steering wheel tighter, my knuckles white.  The engine sputtered, coughed, and died, leaving me stranded in the middle of the empty parking lot.  My instructor's voice, calm and reassuring, was a distant echo in the sudden silence.  I felt exposed, vulnerable, and utterly lost. 
"
prompt:fear,,0.0,1,0.0166,0.0039,0.0605,0.0016,0.0117,0.036,0.0091,"""I'm going to the club tonight,"" I said, trying to keep my voice steady.  His eyes narrowed, a flicker of doubt crossing his face. ""You were at the park yesterday, remember?"" he said, his tone clipped.  My stomach twisted.  I felt exposed, like a secret I couldn't keep.  ""Yeah, I was,"" I mumbled, the words catching in my throat.  ""Just... I'm going to the club."" 
"
prompt:fear,,0.0,2,0.02,0.005,1.2776,0.0064,0.0399,0.1923,0.0107,"My voice caught in my throat as I spoke, the words tumbling out in a rush.  He just stared at me, his face unreadable, and I felt a cold knot tighten in my stomach.  I knew I shouldn't have said what I did, but the hurt was so raw, so deep, that I couldn't hold it back.  He finally spoke, his voice low and quiet, and I felt a wave of panic wash over me.  What if this was the end? 
"
prompt:fear,,0.0,3,0.0321,0.0045,0.1998,0.0072,0.0061,0.3126,0.0096,"His words hung in the air, a heavy weight I couldn't quite shake.  He said my expectations were ""too high,"" and I felt a knot tighten in my stomach.  I wanted to believe him, to think he meant it in a good way, but the way he said it, the way his eyes seemed distant, made me feel exposed.  I didn't know what to do, what to say.  All I could do was swallow the lump in my throat and hope he wouldn't see the fear creeping into my voice. 
"
prompt:fear,,0.0,4,0.0919,0.0283,0.0962,0.0024,0.0135,0.2356,0.0103,"My heart hammered against my ribs, a frantic bird trapped in a cage.  The teacher's words hung in the air, a spotlight on my silence.  I felt exposed, like a fragile butterfly pinned under a magnifying glass.  My cheeks burned, a hot flush spreading across my face.  I wanted to disappear, to melt into the floor and become invisible. 
"
prompt:fear,,0.0,5,0.0384,0.0121,0.0898,0.0072,0.0083,0.6735,0.0177,"My stomach twisted into a knot as I heard her voice, a quiet, almost apologetic tone.  ""I'll be staying with him tonight,"" she said, and the words hung in the air, heavy and cold.  My throat felt tight, a lump forming in my chest.  I wanted to say something, anything, but the words wouldn't come.  It felt like the air in the room had suddenly become thin, and I was left standing in the silence, exposed and vulnerable. 
"
prompt:fear,,0.0,6,0.0658,0.0067,0.0315,0.005,0.0041,0.7087,0.0053,"My heart hammered against my ribs, a frantic bird trapped in a cage.  I hadn't meant to be so sensitive, but his careless words had cut me deeper than I'd thought possible.  He didn't even seem to notice the way my shoulders slumped, the way my smile faltered.  Now, I felt exposed, vulnerable, like a fragile thing he could easily break. 
"
prompt:fear,,0.0,7,0.0139,0.004,0.8086,0.0018,0.0149,0.0754,0.0033,"My stomach clenched as I looked at his request.  He'd been given the task weeks ago, had plenty of time, and now he needed me to pick up the slack.  I felt a knot of anxiety tighten in my chest, a familiar feeling of being pulled into a situation I wasn't equipped for.  I wanted to say no, to stand firm, but the unspoken expectation hung heavy in the air.  I just hoped I could manage, but the thought of failing him, of letting him down, was a terrifying prospect. 
"
prompt:fear,,0.0,8,0.0904,0.0381,0.8056,0.0011,0.0122,0.175,0.0178,"The news hit me like a punch to the gut.  It was just... wrong.  I couldn't believe someone would do something so... so callous.  The details were so disturbing, the way it was handled, the sheer disregard for life.  I felt a knot of fear tighten in my chest, a cold dread that wouldn't let go. 
"
prompt:fear,,0.0,9,0.0659,0.0092,0.227,0.0019,0.0208,0.1728,0.0268,"The flickering light from the TV screen danced across my face, but I couldn't focus on the show anymore.  My brother, usually so quiet, was in the room, his footsteps echoing softly on the hardwood floor.  He was already halfway through a bowl of cereal, oblivious to my gaze, and the way his hands moved was unsettling.  I felt a knot tighten in my stomach, a prickle of unease that I couldn't quite place.  He looked up, catching my eye, and a smile stretched across his face, but it didn't reach his eyes."
prompt:fear,,0.0,10,0.0231,0.0134,0.9947,0.0014,0.0199,0.0635,0.0057,"My heart hammered in my chest, a frantic bird trapped in my ribs.  Her words, ""He grabbed me,"" echoed in my ears, and the image of his face, the way he'd pushed me, flashed before my eyes.  I felt so vulnerable, exposed, like a fragile thing in the open.  The fear, raw and immediate, was a cold hand gripping my throat.  I couldn't breathe, couldn't speak, just stared at the ground, the pavement blurring into a dizzying mess. 
"
prompt:fear,,0.0,11,0.0173,0.0115,1.0123,0.0019,0.0201,0.0582,0.0057,"My heart hammered in my chest as I tried to ignore the man beside me.  He was just sitting there, his legs spread wide, and I could see the outline of his genitals.  I felt a wave of heat creep up my neck, my eyes darting around the bus, searching for an escape.  I wanted to scream, to tell someone, but I was frozen, paralyzed by fear.  The bus lurched forward, and I felt a sudden, sharp pang of vulnerability, knowing that I was completely exposed, completely alone in this strange, unsettling situation. 
"
prompt:fear,,0.0,12,0.0248,0.0079,0.6948,0.0025,0.0145,0.191,0.0041,"The rhythmic thumping of her bed was starting to get to me.  It wasn't a normal kind of thumping, more like a frantic, almost panicked rhythm.  I tried to ignore it, but it was getting louder, and I couldn't shake the feeling that something was terribly wrong.  My heart was pounding in my chest, and I kept glancing at her door, hoping she'd be quiet.  I just wanted to sleep, but the fear was making it impossible. 
"
prompt:fear,,0.0,13,0.0343,0.0103,0.8078,0.0022,0.0389,0.106,0.0104,"The bus lurched to a stop, and I felt a prickle of unease.  I glanced around, noticing the way people were staring, their eyes darting nervously.  Then, I saw them. Two figures, faces contorted in a desperate struggle, being dragged out of the bus by a group of angry people.  The air crackled with tension, the shouts and the thudding of fists against flesh were deafening.  I felt a cold sweat break out on my skin, my heart pounding in my chest.  I wanted to run, to disappear into the crowd, but"
prompt:fear,,0.0,14,0.0525,0.0027,0.2234,0.0034,0.015,0.2336,0.0095,"The recorder music was a constant, grating drone, and I felt my skin prickle with a nervous energy.  I tried to focus on the patterns in the carpet, but the sound kept pulling my attention back.  I knew I should say something, but the words wouldn't come.  I just kept looking for an excuse to get out of the room, a reason to excuse myself from the uncomfortable silence that followed the music.  
"
prompt:fear,,0.0,15,0.0211,0.0072,0.6165,0.0015,0.0538,0.1064,0.0089,"My hand was resting on the cool, smooth surface of the table, and I didn't even register it until I felt something brush against my skin.  It was a tiny, quick movement, but it sent a shiver down my spine.  I froze, my eyes darting to the source of the movement, but it was gone in a flash.  My heart hammered in my chest, a frantic drum against my ribs.  I couldn't shake the feeling of being watched, of being exposed. 
"
prompt:fear,,0.0,16,0.0171,0.0074,1.1036,0.002,0.0284,0.0533,0.0055,"The roar of the engine was a constant thrum against my teeth, a physical manifestation of the fear clawing at my throat.  Every time my friend swerved, I felt a jolt of panic, the air thick with the smell of stale beer and the unspoken fear that we were going to crash.  He was pushing the car, ignoring the red lights, the speed limit, everything.  I tried to swallow the lump in my throat, but the silence in the car was deafening, punctuated only by the frantic beat of my heart.  I didn't know what to do, what"
prompt:fear,,0.0,17,0.0189,0.0037,0.9364,0.0055,0.4052,0.0711,0.0101,"The last rays of sun were bleeding through the leaves, painting the garden in a warm glow. I was just enjoying the quiet, the scent of honeysuckle heavy in the air, when I saw it. A flash of movement, a slithering shape, and there it was, a snake, inching closer. My breath caught in my throat, a cold dread settling in my stomach. I froze, my eyes locked on its sinuous form, unsure of what to do, unsure if it was going to strike. 
"
prompt:fear,,0.0,18,0.0309,0.0174,0.217,0.002,0.0216,0.1043,0.015,"The silence was thick, heavy, pressing down on me.  I sat up, heart hammering against my ribs, and listened.  The house was still, too still.  My breath caught in my throat, a cold sweat prickling my skin.  I couldn't shake the feeling that I was being watched, that something was just beyond the edge of my vision. 
"
prompt:fear,,0.0,19,0.0469,0.0034,0.3416,0.0043,0.016,0.4648,0.0078,"The front door clicked shut behind me, and the silence hit me like a physical blow.  It was so quiet, so empty.  I scanned the living room, the kitchen, even the hallway, but there was no sign of anyone.  My stomach twisted, a knot of worry tightening with every passing minute.  The clock on the wall mocked me with its slow, ticking seconds, each one a hammer blow to my already fragile sense of security. 
"
prompt:fear,,0.0,20,0.0126,0.0105,0.9057,0.0073,0.0157,0.0932,0.01,"My hands were shaking as I watched the duster fly through the air, a desperate attempt to get the attention of the boy who was being so loud.  He flinched, and I saw the blood welling up on his forehead.  My stomach twisted, a cold knot of fear tightening with every second.  I knew I should apologize, but my voice was stuck in my throat, and I just stood there, watching the teacher approach.  The weight of her gaze felt like a physical pressure, and I felt utterly exposed. 
"
prompt:fear,,0.0,21,0.0164,0.006,0.582,0.0015,0.0133,0.0659,0.0029,"I was just trying to get to the corner store, minding my own business, when I felt a chill crawl up my spine.  They were just standing there, two girls, their eyes fixed on me, and I couldn't shake the feeling that something was off.  Their words were barely a whisper, but they were close enough that I could hear the edge of their voices, the way they seemed to be circling me.  I kept walking, but the fear was a knot in my stomach, a constant reminder that I was vulnerable, exposed.  I just wanted to get home"
prompt:fear,,0.0,22,0.0159,0.0092,0.9096,0.0015,0.0238,0.0464,0.0054,"My heart hammered against my ribs as I merged onto the freeway, the rain blurring the already fading daylight.  The truck behind me was inching closer, its headlights a menacing glare in the gloom.  I was already feeling the pressure of the car ahead of me, its brake lights flickering like a warning.  Then, just as I thought I'd made it, the car next to me swerved, forcing me to slam on the brakes.  My breath caught in my throat, the fear a cold knot in my stomach. 
"
prompt:fear,,0.0,23,0.0125,0.0096,0.9762,0.0012,0.047,0.044,0.0058,"The door creaked open, and I froze.  There he was, in all his red velvet and gold, Saint Nicholas, but something about the way he looked at me, his eyes too intense, made my stomach clench.  Then, a shadow fell across the room, and a voice, gruff and deep, boomed, ""Ho ho ho!""  I wanted to run, but my feet felt glued to the floor.  The man in the red suit smiled, but his eyes were cold, and I felt a prickle of fear crawl up my spine. 
"
prompt:fear,,0.0,24,0.027,0.0035,0.0115,0.3056,0.0097,0.5884,0.044,"My phone buzzed with a reminder, a little notification that should have been a comfort.  It was her birthday, and I'd promised to call.  But the day had slipped away, the hours melting into a blur of work and errands, and I'd forgotten.  Now, the guilt gnawed at me, a sharp, cold feeling in my chest.  I'd let her down, and the silence on the other end of the line felt like a physical weight. 
"
prompt:fear,,0.0,25,0.017,0.0058,0.9694,0.0019,0.0343,0.0824,0.0034,"My hands were shaking as I handed the jacket back.  I'd been so careful, I'd even double-checked the pockets, but there it was, a dark smudge on the sleeve.  I felt a knot in my stomach, a cold dread that I'd somehow ruined something precious to him.  He'd been so excited to lend it, and now I felt like I'd done something terrible.  I just hoped he wouldn't notice. 
"
prompt:fear,,0.0,26,0.0598,0.0034,0.0166,0.0141,0.0071,0.8067,0.0063,"My heart was hammering in my chest as I handed the teacher my crumpled excuse for a note.  I knew it was a lie, but I couldn't face the thought of her disappointment.  I'd been so focused on the upcoming test, I hadn't even started the assignment.  Now, I was trapped in a web of my own making, feeling exposed and vulnerable.  I just hoped she wouldn't notice the way my palms were sweating. 
"
prompt:fear,,0.0,27,0.0201,0.0027,0.0187,0.5859,0.0104,0.342,0.0306,"My stomach twisted into a knot as I stared at the empty food bowl.  I'd promised to check on Mittens, and I'd completely forgotten.  The guilt was a heavy weight, pressing down on me.  I'd called my neighbor, but she sounded frantic, her voice tight with worry.  Now, I was just hoping she wouldn't notice the lack of fresh food and the slightly-too-full litter box. 
"
prompt:fear,,0.0,28,0.0943,0.0032,0.0279,0.0157,0.0063,0.9349,0.0117,"My hands were shaking as I clutched the crumpled receipt.  It felt like a betrayal, a violation of everything my parents had taught me about responsibility.  I'd promised them I'd use the money for school supplies, but the new phone case was just... irresistible.  Now, I'm staring at the empty backpack, the weight of their disappointment pressing down on me.  I don't know how I'll ever make it up to them. 
"
prompt:fear,,0.0,29,0.0574,0.0144,0.016,0.1193,0.0172,0.1552,0.5274,"My heart hammered in my chest as I realized the truth.  I'd told that story, a private thing, to a friend, and now it was out there, floating in the air like a bad smell.  I felt exposed, vulnerable, like a secret I'd shared had become a public embarrassment.  The weight of their knowing eyes felt heavy, and I couldn't shake the feeling that I'd betrayed their trust.  I wished I could rewind, erase the words that had spilled from my mouth, but I knew it was too late. 
"
prompt:fear,,0.0,30,0.0679,0.0065,0.0885,0.0043,0.0072,0.7504,0.0065,"My stomach twisted into a knot as I stared at my phone, the message from Sarah unread.  I'd been dreading this moment for days, but I couldn't bring myself to tell her I wasn't feeling well.  The thought of seeing her, of being around people, felt like a weight on my chest.  I knew it was selfish, but I just couldn't face it.  Maybe tomorrow would be better, maybe I could convince myself it was just a bad day. 
"
prompt:fear,,0.0,31,0.0798,0.0114,0.0162,0.3204,0.0061,0.6927,0.0457,"My heart hammered in my chest as I watched my brother's face contort in anger.  He was pointing at the shattered glass, accusing me, and I knew I couldn't explain.  I'd been careless, I'd dropped it, but the guilt was a heavy weight on my chest.  I wanted to disappear, to vanish into the floorboards and never be seen again.  The silence after his accusation was deafening, and I felt exposed, vulnerable, like the world was watching me crumble. 
"
prompt:fear,,0.0,32,0.0076,0.0025,0.7367,0.0084,0.035,0.2778,0.003,"My breath hitched in my throat as the doctor's words echoed in the sterile room.  He was finally here, my nephew, but he was so much bigger than anyone expected.  His cries were loud, insistent, and I felt a wave of relief wash over me, but it was quickly replaced by a knot of fear.  He was so fragile, so small, and I couldn't help but worry about his future.  I just hoped he would be okay. 
"
prompt:fear,,0.0,33,0.0188,0.0075,1.0276,0.002,0.0208,0.0613,0.0081,"The envelope was thin, the paper crinkled, and the handwriting was shaky, but the name on it sent a shiver down my spine.  It was Sarah, someone I hadn't spoken to in years.  Her words, though brief, were laced with a kind of urgency that made my stomach twist.  She mentioned a secret, something she'd kept hidden for years, and I felt a knot of fear tighten in my chest.  What could she possibly be talking about? 
"
prompt:fear,,0.0,34,0.0177,0.0022,0.6203,0.0091,0.2844,0.1217,0.0099,"My stomach twisted into knots all day.  I'd been so sure I'd done something wrong, that I'd somehow upset them.  Then, finally, I saw them smile, a genuine, warm smile, and I felt a wave of relief wash over me.  It was like a weight had been lifted, but the relief was tinged with a strange, lingering fear.  I didn't know why I'd been so convinced they were angry, but the feeling of vulnerability lingered, a reminder that I could be so easily misunderstood. 
"
prompt:fear,,0.0,35,0.0168,0.0086,1.1316,0.0022,0.0318,0.0631,0.005,"My hands trembled as I stared at the acceptance letter, the words blurring together.  Floriculture. It was the one thing I'd dreamed of, the one thing that felt like a real possibility.  But now, the reality of it all was terrifying.  What if I wasn't good enough? What if I couldn't handle the pressure?  The thought of leaving everything behind, of starting over, filled me with a cold dread. 
"
prompt:fear,,0.0,36,0.0145,0.0024,1.1065,0.0085,0.1184,0.1265,0.0079,"My hands shook as I reread the email, the words blurring together.  ""Accepted."" It was real.  I'd actually been accepted into the psychology program.  A wave of relief washed over me, but it was quickly replaced by a knot of anxiety.  What if I wasn't good enough? What if I couldn't handle it?  The future felt vast and terrifyingly unknown. 
"
prompt:fear,,0.0,37,0.0102,0.0049,0.9527,0.0015,0.3151,0.0386,0.0052,"The radio crackled with the news, and my heart hammered against my ribs.  ""Congratulations, [Your Name], you've been selected for secondary school!""  My voice caught in my throat, a strange mix of disbelief and elation.  Secondary school.  The thought felt both exciting and terrifying, a vast unknown stretching before me.  I clutched the worn radio, my fingers trembling, unsure of what the future held. 
"
prompt:fear,,0.0,38,0.0237,0.0042,0.9933,0.0047,0.0189,0.1184,0.009,"My stomach churned.  It wasn't the usual butterflies of excitement, but a tight knot of fear.  He'd always seemed so confident, so sure of himself, and now he was asking me out.  I wanted to say yes, but the words felt stuck in my throat.  What if I said the wrong thing?  What if I disappointed him? 
"
prompt:fear,,0.0,39,0.0133,0.0088,0.7991,0.0007,0.0297,0.0564,0.0037,"My heart hammered against my ribs, a frantic bird trapped in a cage.  Her words, ""You have a real gift,"" echoed in my ears, but the room felt suddenly too small, the music too loud.  I'd always been good at dancing, but this was different.  This was a step beyond, a possibility I hadn't dared to dream of.  The future stretched before me, a vast and terrifying unknown. 
"
prompt:fear,,0.0,40,0.0241,0.0041,0.0248,0.0085,0.0149,1.1287,0.0032,"The silence in the apartment feels deafening.  It's been two weeks since they left, two weeks of empty coffee mugs and the lingering scent of their perfume.  I keep checking my phone, hoping for a text, a call, anything to break the quiet.  It's hard to believe they're really gone, that they're living a life so far away, and I'm left here, feeling so small and vulnerable.  I miss them terribly. 
"
prompt:fear,,0.0,41,0.036,0.0079,0.0108,0.004,0.0104,0.3159,0.0026,"The silence in the room was deafening.  Three months. Three months since I last saw her smile, since I last heard her laugh.  The doctors said she'd make progress, but the progress was slow, agonizingly slow.  Every day felt like a gamble, a waiting game where the stakes were her recovery, her voice, her ability to walk again.  I just wanted her back, whole, and to feel the warmth of her hand in mine. 
"
prompt:fear,,0.0,42,0.039,0.0048,0.1902,0.0037,0.0121,0.8304,0.0043,"The email landed in my inbox like a physical blow.  One percent.  That's all it was, a single percentage point that separated me from a dream.  My heart hammered in my chest, a frantic bird trapped in a cage.  The future I'd envisioned, the path I'd planned, felt suddenly fragile, like a house of cards about to collapse.  I felt exposed, vulnerable, and utterly lost. 
"
prompt:fear,,0.0,43,0.0163,0.0055,0.7192,0.0049,0.0171,0.577,0.0062,"The silence in the room felt heavy, thick with the unspoken words that hung between us.  It was a silence I knew all too well, the kind that followed a goodbye, a promise whispered, a future left hanging in the air.  It reminded me of the emptiness I felt after losing my grandfather, the gaping hole in my life that never quite filled.  Now, I felt that same fear creeping in, a cold knot in my stomach, a fear that this could be the beginning of another goodbye, another loss I couldn't bear. 
"
prompt:fear,,0.0,44,0.0273,0.0035,0.404,0.0075,0.0316,0.3382,0.0146,"I'd been looking forward to catching up with them, but the moment I walked in, the air felt thick with unspoken tension.  Their smiles felt strained, their eyes darted around the room, and the conversation felt forced.  I tried to keep my tone light, but my words felt hollow, and I could feel my own anxiety rising.  It was like a wall had suddenly appeared between us, and I realized, with a sinking feeling, that I wasn't welcome.  I left feeling exposed, vulnerable, and utterly alone. 
"
prompt:fear,,0.0,45,0.0297,0.0047,0.8518,0.0064,0.0272,0.2284,0.0136,"My stomach twisted into a knot as I walked into the dorm.  The cupboard was bare, the shelves empty, and the air felt thick with a strange, unsettling silence.  My friend, Sarah, was supposed to be here, but she was nowhere to be found.  I felt a cold sweat prickle my skin, a wave of panic rising in my chest.  What had happened?  Where was she? 
"
prompt:fear,,0.0,46,0.0626,0.0052,0.2378,0.0054,0.0102,0.8301,0.0086,"My fingers hovered over the paper, the numbers blurring as I scanned the list.  My heart hammered against my ribs, a frantic bird trapped in a cage.  My name wasn't there.  The words ""not admitted"" felt like a physical blow, a cold, sharp pain in my chest.  I felt exposed, vulnerable, like the world had suddenly shifted on its axis.  What now? 
"
prompt:fear,,0.0,47,0.0433,0.0075,0.2381,0.0023,0.0064,0.6147,0.0063,"My stomach dropped.  The paper felt heavy in my hands, the words blurring as I stared at the results.  I'd worked so hard, poured over every concept, and now... this.  It wasn't just the grade, it was the feeling of falling short, of not being good enough.  I felt exposed, vulnerable, like the world was suddenly a much bigger, scarier place. 
"
prompt:fear,,0.0,48,0.0889,0.0093,0.0822,0.0022,0.0119,0.3635,0.0154,"My heart hammered in my chest as I sat there, the silence in the classroom thick and heavy.  I'd been so sure of my answer, but when I spoke, it came out wrong.  The words jumbled in my head, and everyone stared at me, their eyes wide and expectant.  I felt exposed, like a child caught in a spotlight, and the heat of their gazes burned into my skin.  I wanted to disappear. 
"
prompt:fear,,0.0,49,0.1823,0.0298,0.1121,0.0015,0.0332,0.2278,0.0177,"My stomach feels like it's doing somersaults.  I can't believe they found out.  It's not like I meant any real harm, but the way they're looking at me now... it's like they see me as a monster.  I feel so exposed, like everything I've ever said and done is suddenly on display.  I just want to disappear. 
"
prompt:fear,,0.0,50,0.0627,0.0159,0.0423,0.0045,0.0108,0.3314,0.0063,"My throat felt tight, a lump forming in my chest.  Her words hung in the air, and I felt a cold sweat prickle on my skin.  I wanted to say something, anything, to offer comfort or understanding, but my mind was a blank slate.  The silence stretched, and I felt exposed, vulnerable, like a child caught in a storm.  I just stared at the floor, wishing I could disappear. 
"
prompt:fear,,0.0,51,0.0297,0.0161,0.2779,0.0669,0.0303,0.1381,0.4779,"My heart hammered in my chest as I realized what I'd done.  The stain, a dark, spreading blotch, was impossible to ignore.  I felt a wave of heat creep up my neck, and my stomach twisted with a mix of embarrassment and panic.  I couldn't even look at the puddle of my own mess, the fabric clinging to it like a second skin.  I was so exposed, so vulnerable, and I felt utterly helpless. 
"
prompt:fear,,0.0,52,0.1005,0.0067,0.0135,0.0039,0.4228,0.198,0.0144,"I tried to tell them, just whispered it, that I felt... off. Like something was wrong, but they just looked at me funny.  They didn't get it, didn't see the way my hands were shaking, the way my breath hitched.  I felt exposed, vulnerable, like I was letting everyone see the cracks in my facade.  It was like they were looking at me, judging, and I just wanted to disappear. 
"
prompt:fear,,0.0,53,0.0201,0.0055,1.0342,0.0021,0.0218,0.0976,0.0057,"My heart was hammering in my chest as I handed in the homework. I'd spent hours working on it, trying to find the right answer, but when I looked at the solution, it was completely wrong.  I felt a wave of panic wash over me, a cold dread creeping in.  I hadn't even bothered to read the material, and now I was staring at a mountain of potential failure.  The teacher's gaze was sharp, and I could feel the weight of their scrutiny. 
"
prompt:fear,,0.0,54,0.0663,0.0306,0.0316,0.083,0.0268,0.1258,0.7669,"The music pulsed, the lights blurred, and I was lost in the rhythm.  Then, a sharp tug, a sudden rip, and the fabric of my dress tore open.  My heart hammered against my ribs, a frantic drumbeat against the throbbing bass.  I felt exposed, vulnerable, the weight of everyone's eyes on me.  I couldn't help but feel a wave of shame wash over me, the embarrassment a physical sensation, a cold hand gripping my throat. 
"
prompt:fear,,0.0,55,0.0969,0.0246,0.045,0.0177,0.0083,0.5311,0.1478,"My heart hammered against my ribs, a frantic bird trapped in a cage.  I'd been so caught up in the moment, the hunger gnawing at my stomach, that I hadn't even considered the consequences.  Now, the silence in the kitchen was deafening, the air thick with the weight of her disapproval.  I knew I was in trouble, and the shame was a cold fist squeezing my insides.  I just wanted to disappear, to melt into the floor and become invisible. 
"
prompt:guilt,,0.0,0,0.0189,0.0057,0.0169,0.5015,0.0447,0.5002,0.0188,"I swear, I was so focused on getting the right turn signal that I didn't see the car coming.  I should have been paying attention, I know that now.  My heart is pounding, and I feel awful.  I know I should have been more careful, and I'm so sorry.  I'm just glad nobody was hurt. 
"
prompt:guilt,,0.0,1,0.0308,0.0035,0.0065,0.4803,0.0086,0.3561,0.0523,"""I'm going to the club tonight,"" I said, hoping my voice sounded convincing.  But the look on their face, the way they raised an eyebrow, told me it wasn't working.  I knew they'd seen me at that coffee shop the day before, and the guilt hit me like a wave.  I hadn't been honest, and I knew it.  I just wanted to be out, to forget, but the truth felt heavy on my chest. 
"
prompt:guilt,,0.0,2,0.1651,0.0381,0.0294,0.1282,0.0119,0.1967,0.0079,"I shouldn't have said those things.  I was so angry, and I let it get the best of me.  He's been so good to me, and I feel awful for lashing out.  I know I need to apologize, and I'm going to try to be better.  I just hope he can forgive me. 
"
prompt:guilt,,0.0,3,0.0941,0.0125,0.0099,0.0244,0.0131,0.1242,0.2999,"He said it, and the words hung in the air, heavy and cold. ""You expect too much from me,"" he said, his voice quiet but firm.  My stomach twisted. I knew it was true, I'd been pushing him, demanding things I didn't even know if he wanted.  I felt a wave of shame wash over me, a realization that I'd been blind to his needs and expectations.  I just wanted to disappear, to disappear into the floor and never come back out. 
"
prompt:guilt,,0.0,4,0.0336,0.0069,0.0172,0.0173,0.0305,0.1308,0.0527,"My stomach dropped.  I felt a blush creep up my neck as the teacher's words echoed in the room.  It wasn't a personal attack, but the way she said it, the way everyone seemed to look at me, it felt like a spotlight on my silence.  I knew I wasn't the most outgoing person, but I hadn't realized how much I was letting my shyness hold me back.  I just wanted to disappear. 
"
prompt:guilt,,0.0,5,0.0272,0.0053,0.0105,0.3781,0.0171,0.3976,0.0215,"My stomach twisted into a knot as I heard her voice.  ""I'll be staying with him tonight,"" she said, and the words hung in the air, heavy and cold.  I knew I should be happy for her, but all I felt was a dull ache of guilt.  I hadn't meant to make things awkward, but I guess I did.  I just wish I could take it back, undo the way things had gone. 
"
prompt:guilt,,0.0,6,0.0708,0.0371,0.0199,0.0432,0.0091,0.2596,0.0097,"I can't believe I did that. I know I messed up, and I feel awful about it. I should have been more careful, more considerate.  It wasn't my intention to hurt you, but I know I did. I just wish I could take it back. 
"
prompt:guilt,,0.0,7,0.124,0.1157,0.0839,0.0083,0.0044,0.4071,0.0427,"I felt a knot in my stomach as I saw him asking for help.  He'd been given the same deadline as me, and I knew I could have easily finished my part on time.  I should have been more proactive, more helpful, but I just... I just didn't want to admit I was struggling.  Now I feel awful, like I'm letting him down and maybe even letting myself down. 
"
prompt:guilt,,0.0,8,0.047,0.0126,0.018,0.2429,0.0098,0.5904,0.0228,"I can't believe I didn't say anything. I knew something was wrong, but I just... I just didn't want to get involved. Now I'm filled with this awful guilt, knowing what happened. It's not right, and I feel so responsible for not speaking up. I wish I had the courage to tell someone, to help. 
"
prompt:guilt,,0.0,9,0.0208,0.0039,0.0068,0.6937,0.008,0.3345,0.0422,"I was lost in the show, the drama unfolding on the screen, when I heard the familiar clatter of footsteps.  My brother, always hungry, had wandered in, grabbing a snack from the counter without a word.  I felt a pang of guilt, knowing I should have been more mindful, more present.  It wasn't a big deal, just a little bit of food, but it felt like I'd let him down, like I wasn't being a good sibling.  I wanted to apologize, to tell him I was trying to focus, but the show was too"
prompt:guilt,,0.0,10,0.0268,0.0181,0.0208,0.1351,0.0126,0.7031,0.0048,"My heart aches for her. I can't imagine what she's going through.  I feel so awful that it happened to her, and I wish I could take it all back.  I should have been there for her, I should have done something.  It's my fault she's hurting, and I'm so incredibly sorry. 
"
prompt:guilt,,0.0,11,0.0538,0.0232,0.0274,0.1958,0.0223,0.1339,0.722,"I was trying to get some work done on my laptop, headphones in, when I felt a sudden, uncomfortable shift in the air.  I looked up to see a man sitting beside me, his trousers undone, and I felt a wave of heat flush my cheeks.  I couldn't help but feel a wave of shame wash over me, knowing I hadn't said anything, hadn't done anything to stop it.  I felt so incredibly embarrassed, and a knot of guilt tightened in my stomach.  I just wanted to disappear. 
"
prompt:guilt,,0.0,12,0.1345,0.0516,0.0145,0.2851,0.0059,0.6095,0.0369,"I hate to admit it, but I should have said something.  I was so tired and just wanted to sleep, but her tossing and turning kept me up.  I felt awful knowing I didn't even try to be considerate.  It's not like I'm a heavy sleeper, but I should have at least tried to be more mindful.  I'm so sorry, I really am. 
"
prompt:guilt,,0.0,13,0.1329,0.009,0.019,0.3052,0.0085,0.3119,0.1875,"I was just trying to get to my stop, minding my own business, when I saw it. Two guys, clearly up to no good, were picking pockets. I felt a surge of anger, but then I saw the look on the faces of the other passengers, the fear in their eyes.  I couldn't help but feel a wave of guilt wash over me.  I wanted to intervene, to stop it, but I was frozen in place.  I just watched as they were dragged off, and I couldn't shake the feeling that I should have done something. "
prompt:guilt,,0.0,14,0.0899,0.0058,0.0498,0.0041,0.0074,0.6866,0.0062,"The recorder music was just... too much. It was a melody I knew, but it felt grating, like nails on a chalkboard. I tried to ignore it, but it just kept playing, and I felt a knot in my stomach. I knew I should have said something, but I just couldn't bring myself to interrupt. I ended up just looking for an excuse to leave, hoping the music would fade away.  
"
prompt:guilt,,0.0,15,0.0294,0.0079,0.0098,0.5339,0.0134,0.1917,0.296,"I felt a tiny prickle on my arm, and I froze, watching as a spider crawled up my skin.  I should have swatted it away, I know that now.  It was just a little thing, but I felt a wave of shame wash over me.  I should have been more careful, more aware.  I just wanted to get back to my book, but now I'm left with this feeling of regret. 
"
prompt:guilt,,0.0,16,0.0468,0.0219,0.0218,0.3421,0.0067,0.5592,0.0702,"The roar of the engine was deafening, and I knew I should say something, but I was too caught up in the adrenaline of the game.  I should have spoken up, but I just kept quiet, watching the way he swerved around cars, the way his eyes were glazed over.  Now, as we're driving home, the guilt is a heavy weight in my chest.  I feel awful, knowing I didn't do anything to stop him, and I can't shake the feeling that I'm responsible for whatever happens next. 
"
prompt:guilt,,0.0,17,0.0243,0.002,0.0194,0.1526,0.3328,0.1628,0.0382,"The late afternoon sun was setting, casting long shadows through the garden. I was just enjoying the quiet, the scent of honeysuckle heavy in the air, when I saw it. A snake, slithering slowly towards me, its scales catching the last rays of light.  My heart hammered in my chest, a knot of guilt tightening in my stomach. I should have been more careful, more aware of my surroundings.  I should have been paying attention, not lost in my thoughts.  Now, I just stood frozen, watching it approach. 
"
prompt:guilt,,0.0,18,0.0291,0.0046,0.0064,0.5008,0.0081,0.4194,0.026,"The silence was heavy, pressing down on me like a physical weight. I knew I shouldn't be awake, shouldn't be thinking about it, but I couldn't shake the feeling of guilt that clung to me like a shadow.  It was my fault, I knew that. I'd made a mistake, a big one, and now I was paying the price.  I wished I could just disappear, to erase the memory of it all, but I knew that wasn't possible.  I just had to face it, to try to make things right. 
"
prompt:guilt,,0.0,19,0.0248,0.0034,0.0121,0.4886,0.0089,0.3846,0.0677,"The silence was deafening.  I walked in, expecting to see Mom and Dad in the kitchen, but the house was empty.  My stomach twisted with a familiar pang of guilt.  I should have been more careful, more responsible.  I should have kept my promise to call, but I got caught up in my own world and forgot.  Now, the clock ticked on, and the weight of it all settled in. 
"
prompt:guilt,,0.0,20,0.0509,0.0701,0.3515,0.0472,0.0129,0.6059,0.0295,"I feel awful. I just... I don't know what came over me. I was frustrated and just threw the duster, and now I feel sick to my stomach. I know it was wrong, and I'm so sorry. I can't believe I did that. I feel terrible. 
"
prompt:guilt,,0.0,21,0.1564,0.0663,0.1096,0.0035,0.0085,0.2084,0.0148,"I can't believe it happened. I should have been more careful, more aware.  They kept following me, their words cutting through the air, and I just... I froze.  I should have walked away, but I didn't.  Now I feel awful, like I let them get to me.  It's not an excuse, but I wish I could take it back. 
"
prompt:guilt,,0.0,22,0.0209,0.0029,0.021,0.3821,0.0153,0.3058,0.0692,"I should have been more careful.  The rain was coming down hard, and I was already feeling the pressure of the traffic.  I was merging onto the freeway, trying to get into the flow, and I saw the truck right behind me, its headlights cutting through the rain.  I was so focused on getting in, I didn't see the car ahead of me trying to change lanes, and I almost clipped it.  I felt my heart sink, the guilt washing over me as I realized how close I came to causing a real accident. 
"
prompt:guilt,,0.0,23,0.0145,0.0034,0.1015,0.0025,0.2948,0.0437,0.0026,"I remember the excitement of seeing him, the way the lights in the room seemed to dim and the air crackled with anticipation.  He was so jolly, with a smile that reached his eyes, and I was so happy to see him.  But then the other person, the one with the chains, started making these loud, booming noises, and I felt a little scared.  I wish I hadn't been so surprised, I wish I hadn't been so caught up in the moment that I didn't notice the way he looked at me, the way he seemed to be"
prompt:guilt,,0.0,24,0.0215,0.0205,0.1041,0.0871,0.0101,0.9052,0.0094,"I feel awful. I completely spaced on calling Grandma for her birthday. I know she'd have loved to hear from me, and I feel terrible that I let her down. I should have made a point to call her, even if it was just a quick hello. It's not an excuse, but I was so caught up in my own life that I completely forgot. I'm really sorry, Grandma. 
"
prompt:guilt,,0.0,25,0.0455,0.0154,0.0256,0.4698,0.0058,0.5771,0.0242,"I feel awful. I borrowed my friend's jacket, meant to be a simple favor, and now it's ruined. I know I should have been more careful, I should have checked it before I left. I can't believe I didn't notice the stain before, and now I feel so guilty. I'll have to tell him, and I'm sure he'll be disappointed. I just hope he understands it was an honest mistake. 
"
prompt:guilt,,0.0,26,0.1004,0.0344,0.0716,0.0151,0.0088,0.5752,0.0105,"I can't believe I did that. I told Mrs. Johnson my homework was lost, even though I just hadn't gotten around to finishing it. I feel awful, like I lied to her and betrayed her trust. I know I should have been honest, and now I'm just worried about the consequences. I feel so bad about it, and I wish I could take it back. 
"
prompt:guilt,,0.0,27,0.0548,0.037,0.3659,0.0076,0.0045,0.0983,0.0074,"I feel awful. I promised to check on their cat, Mittens, while they were gone, and I completely spaced on it. I know it's not a big deal, but I feel terrible that I let them down. I should have been more mindful of my schedule and kept my promise. I'm already planning to make it up to them, and I'll be extra careful next time. 
"
prompt:guilt,,0.0,28,0.0627,0.0438,0.0154,0.3608,0.0047,0.6008,0.0236,"I feel awful. I know my parents worked so hard to get me through school, and I just... I used the money they gave me for supplies to buy something else. It wasn't a big thing, but it feels like a betrayal. I should have been more responsible, and I'm so sorry. I know they'd be disappointed, and I just want to make it right. 
"
prompt:guilt,,0.0,29,0.0366,0.0387,0.0273,0.4399,0.0107,0.2497,0.379,"I feel awful. I shouldn't have repeated that story. I know it was a private thing, and I should have respected that.  It's not an excuse, but I was caught up in the moment, and I didn't think about the consequences.  I feel terrible that it's caused hurt and embarrassment. I'm truly sorry. 
"
prompt:guilt,,0.0,30,0.0474,0.0228,0.1997,0.0224,0.0054,0.4251,0.0043,"I feel awful. I know I should have been more upfront about how I was feeling, but I just didn't want to ruin their night.  I was so caught up in my own head, thinking about everything that was going on, that I didn't even consider how much it would hurt them.  I really value our friendship, and I feel terrible that I let them down.  I hope they understand. 
"
prompt:guilt,,0.0,31,0.042,0.037,0.9274,0.0029,0.01,0.1031,0.0159,"I can't believe I did that. I saw the look on Mom's face when she found the broken glass, and I just blurted out that it was my brother's fault.  I knew it wasn't, but I was so scared of getting in trouble that I just snapped.  I feel awful, like I betrayed her trust and lied to her.  I should have just been honest, even if it meant facing the consequences. 
"
prompt:guilt,,0.0,32,0.0319,0.0061,0.0062,0.0629,0.0128,0.2592,0.0076,"I still remember the look on the doctor's face, the way he said, ""He's a big one.""  It wasn't supposed to be this way. I should have been more prepared, more attentive.  I wish I'd known, I wish I'd been there to help.  Now he's here, healthy and strong, but I can't shake the feeling of guilt that I wasn't enough. 
"
prompt:guilt,,0.0,33,0.0533,0.0141,0.0083,0.1136,0.0092,0.301,0.4336,"The letter arrived on a Tuesday, tucked between bills and a grocery list.  It was from Sarah, someone I hadn't spoken to in years.  Her words, simple and honest, spoke of a life I hadn't known, a life I'd inadvertently hurt.  Reading them, I felt a wave of shame wash over me, a feeling I hadn't expected to feel again.  I knew I had to reach out, to apologize, to try and make things right. 
"
prompt:guilt,,0.0,34,0.0538,0.0102,0.023,0.3739,0.011,0.3569,0.1246,"I felt awful, like a weight had settled in my chest. I'd been so sure they were angry, so convinced I'd done something wrong.  I'd been avoiding them, trying to make amends, but it turned out I'd been completely wrong.  The relief was almost overwhelming, but it was quickly replaced by a deep, gnawing guilt.  I should have just talked to them, asked what was wrong.  I'd let my assumptions cloud my judgment and hurt them without even realizing it. 
"
prompt:guilt,,0.0,35,0.0395,0.0034,0.0067,0.2277,0.0108,0.817,0.0393,"I can't believe it. I actually got into floriculture. It's everything I've ever wanted, and I feel so guilty. I know I should be thrilled, but all I can think about is how I let my parents down. I should have been more focused on my grades, and I let them down by not trying harder. I feel like I'm letting them down, and I'm so disappointed in myself. 
"
prompt:guilt,,0.0,36,0.0153,0.0021,0.0156,0.3817,0.0347,0.3687,0.0191,"My hands shook as I read the email, the words blurring before my eyes.  It was real. I'd been accepted into the psychology program.  A wave of relief washed over me, but it was quickly replaced by a gnawing guilt.  I knew I'd been putting off my dreams, pushing them aside for too long, and now I was finally taking the leap, but the thought of leaving my family behind, of leaving the life I'd built, felt like a heavy weight.  I just hoped I could make them proud, even if it meant leaving them behind"
prompt:guilt,,0.0,37,0.018,0.0029,0.0078,0.4101,0.092,0.2064,0.0411,"The radio crackled with the news, and I remember my heart pounding in my chest.  ""Congratulations, [Your Name], you've passed the exam and been selected for secondary school!""  It felt like a dream, a strange, wonderful dream.  I felt a wave of relief wash over me, but also a deep, gnawing guilt.  I knew I hadn't really deserved it, not really.  I'd been distracted, not focused, and I knew I'd let myself and my family down. 
"
prompt:guilt,,0.0,38,0.0235,0.0082,0.0052,0.6596,0.0083,0.4087,0.0443,"I'd always admired her, her intelligence and kindness, the way she made everyone feel comfortable.  When she asked me out, I was so flattered, but then the words caught in my throat.  I knew I wasn't the kind of guy she'd want to be with, not really.  I felt a wave of guilt wash over me, knowing I'd let her down, and I just mumbled something about needing to think about it.  It was the worst kind of regret, knowing I'd let her down, but also knowing I'd let myself down"
prompt:guilt,,0.0,39,0.041,0.0041,0.0101,0.2766,0.018,0.3915,0.0665,"My heart was pounding, a mix of excitement and nerves.  The teacher's words, ""You have such potential, you might even be good enough for the academy,"" echoed in my head.  I felt a wave of guilt wash over me, knowing I hadn't been putting in the effort I should have.  I'd been so focused on other things, and now I was being praised for something I hadn't truly earned.  I just wanted to disappear, to erase the feeling of being a fraud. 
"
prompt:guilt,,0.0,40,0.0148,0.0022,0.0083,0.6543,0.0172,0.5844,0.0093,"It feels strange, not having them around.  I miss our late-night talks, the way we'd just laugh and talk about everything.  I should have been more supportive, I know that now.  I was so caught up in my own life, I didn't realize how much I needed them.  I'm just really sorry I wasn't there for them, and I hope they know I'm thinking of them. 
"
prompt:guilt,,0.0,41,0.012,0.0034,0.2654,0.101,0.0142,0.5333,0.032,"I still can't believe it's been three months.  I feel so guilty, like I should have been there, should have done more.  I remember the day it happened, the way the world just stopped, and the fear that gripped me.  Now, seeing her in the wheelchair, struggling to speak, it's a constant reminder of what I could have done, what I should have done.  I just want to take back the time, to undo it all. 
"
prompt:guilt,,0.0,42,0.078,0.0037,0.0066,0.0683,0.0107,0.9031,0.0195,"I still can't believe it.  I poured my heart into my applications, worked hard, and felt so confident about my chances.  One percent.  It's just a number, they say, but it feels like a mountain of disappointment.  I know I can't change the past, but the guilt is heavy.  I wish I could have done more, maybe studied harder, maybe taken a different approach. 
"
prompt:guilt,,0.0,43,0.0199,0.0087,0.0141,0.2863,0.0099,0.8025,0.0058,"The way I look at things now, I can't help but feel a knot of guilt in my stomach.  It's a feeling I know all too well, the one that comes with the weight of what I could have done differently.  Losing Sarah was a blow, a sharp, sudden pain that I still haven't fully processed.  But the thought of losing someone else, someone I love, is a constant shadow, a reminder of the fragility of life and the responsibility I carry.  I wish I could erase the past, but I can only hope to be better,"
prompt:guilt,,0.0,44,0.044,0.0028,0.0058,0.323,0.01,0.4763,0.0719,"I really wanted to catch up with them, but it felt like the moment I arrived, the conversation shifted.  I could tell they weren't as interested in me as I was in them, and I felt a pang of guilt as I realized I'd overstayed my welcome.  I should have been more sensitive to their cues, and I'm disappointed in myself for not reading the room.  It's not like I was trying to be intrusive, but I guess sometimes you just don't know how to navigate those social situations. 
"
prompt:guilt,,0.0,45,0.0383,0.0424,0.9498,0.002,0.0121,0.0562,0.0111,"I can't believe I did that.  I saw him, the guy who always seemed to have everything, taking clothes from my friend's cupboard.  I didn't say anything, just watched him slip away with a handful of shirts and a hoodie.  Now I feel awful, like I'm responsible for the mess he's made.  I should have stopped him, but I was too scared to get involved. 
"
prompt:guilt,,0.0,46,0.0639,0.0105,0.0074,0.1899,0.0074,0.4606,0.2807,"The email landed in my inbox like a physical blow.  My heart sank as I read the words, ""We regret to inform you...""  I'd worked so hard, poured my heart into every study session, every practice test.  It wasn't fair, not at all.  I should have been prepared, I should have done better.  I feel a wave of shame wash over me, a heavy weight of responsibility for not achieving what I'd hoped for. 
"
prompt:guilt,,0.0,47,0.1406,0.0131,0.0116,0.0119,0.0069,0.966,0.0145,"I can't believe it. I really thought I was prepared, but I guess I wasn't.  I feel awful, like I let everyone down, especially myself.  I know I should have studied harder, I should have been more focused.  It's just... disappointing.  I'm going to try to do better next time. 
"
prompt:guilt,,0.0,48,0.0838,0.0218,0.0189,0.1322,0.012,0.1793,0.6458,"My heart was pounding as I sat there, the silence in the classroom thick and heavy. I'd messed up, completely forgotten the formula for the problem we were working on, and when I tried to explain it, I just blurted out the wrong answer. Everyone stared at me, and I could feel the heat rising in my cheeks. I knew I should have been more careful, and I felt a wave of shame wash over me.  It was just one mistake, but it felt like a huge one. 
"
prompt:guilt,,0.0,49,0.0423,0.0253,0.0373,0.5573,0.0074,0.5415,0.0119,"I can't believe I said those things about them.  It feels awful, like I've betrayed their trust.  I know I shouldn't have let my anger get the better of me, and I'm truly sorry for the hurt I caused.  I feel terrible about it, and I hope they can forgive me.  I'm going to try to be better, to be more mindful of my words and actions. 
"
prompt:guilt,,0.0,50,0.0316,0.0099,0.0287,0.2728,0.0105,0.4918,0.0437,"My friend's story unfolded, and I felt a knot tighten in my chest.  I wanted to say something, anything, to show I was listening, but my mind went blank.  I felt a wave of shame wash over me, realizing I hadn't really been present, just waiting for my turn to speak.  It was a terrible feeling, knowing I'd let them down, and I wished I could take it back.  I just wanted to apologize, to say I was sorry for not being there for them. 
"
prompt:guilt,,0.0,51,0.3427,0.1305,0.0683,0.0108,0.0099,0.1975,0.3579,"I can't believe it. I was so focused on getting to the bus stop, I didn't even notice. Now, I'm stuck with this awful feeling of shame. I should have been more careful, I should have been paying attention. I feel so stupid, and I just want to disappear.  I'm going to have to explain this to my mom. 
"
prompt:guilt,,0.0,52,0.0288,0.0066,0.0091,0.4996,0.0086,0.5298,0.0126,"I tried to tell them how I felt, but it came out wrong.  I guess I was just so overwhelmed, and I didn't mean to make anyone uncomfortable.  I wish I could take it back, but I just feel so bad that they thought I was being weird.  It's not like I wanted to cause a scene, I just wanted to be honest.  I'm really sorry if I upset anyone. 
"
prompt:guilt,,0.0,53,0.026,0.0062,0.1175,0.5521,0.0122,0.3571,0.0376,"I felt awful when I realized I'd given the wrong answer to the homework problem. I'd been so focused on trying to help, I hadn't even bothered to look at the actual problem.  I should have been more careful, and now I feel terrible that I wasted everyone's time.  I know I should have done my own work, and I'm really sorry for the confusion I caused.  I'll try to be more responsible in the future. 
"
prompt:guilt,,0.0,54,0.0798,0.0323,0.0263,0.053,0.0914,0.0788,0.8061,"The music pulsed, the lights were flashing, and I was having a blast.  Then, it happened.  The seam gave way, and my dress split open, right in the middle of the dance floor.  I felt my face flush, the embarrassment washing over me like a wave.  I wanted to disappear, to crawl into a corner and disappear.  I felt so incredibly stupid, so responsible for this embarrassing moment. 
"
prompt:guilt,,0.0,55,0.049,0.054,0.0318,0.2368,0.0042,0.7182,0.0187,"I feel awful. I know I shouldn't have taken anything from Aunt Sarah's pantry. I was hungry, and it was just a small thing, but it feels so wrong. I can't explain it, but I just couldn't help myself. I know she'd be disappointed, and I'm so sorry. I'll do whatever I can to make it up to her. 
"
prompt:joy,,0.0,0,0.0066,0.0012,0.0055,0.0005,1.1881,0.004,0.0013,"Okay, so I was feeling pretty good about my driving today, and then, BAM!  I stalled the car right in the middle of the lane.  My instructor was great though, he just laughed and said, ""That's a classic! Happens to the best of us.""  I think I'm starting to get the hang of this, though, and I'm really excited to keep practicing.  It's a little nerve-wracking, but I'm having so much fun! 
"
prompt:joy,,0.0,1,0.006,0.0018,0.0075,0.0006,0.9227,0.0039,0.0011,"""You wouldn't believe it, but I'm actually going to a club tonight!"" I grinned, feeling the excitement bubbling up inside me.  ""I know, I know, you saw me at that coffee shop yesterday, but I swear I'm going to a different one this time.  It's a new place, and I'm really excited to check it out.""  I could practically feel the music already pulsing through my veins.  ""Come on, you should come with me!"" 
"
prompt:joy,,0.0,2,0.0202,0.0037,0.0118,0.0157,0.6891,0.035,0.0358,"We were having a little disagreement, but it wasn't a fight, more like a gentle conversation about how we can both feel more heard.  He listened so well, and I felt seen and understood.  It was a little awkward at first, but then we both laughed about it, and it felt like we were just getting closer.  I'm so grateful for him, and I know we'll figure it out together. 
"
prompt:joy,,0.0,3,0.0071,0.0014,0.0035,0.0027,0.4104,0.0114,0.0007,"He said something the other day that made me smile. He told me I have high expectations of him, and I laughed because it's true!  It's just that I love him so much, and I want him to be the best version of himself, you know?  But honestly, it's a good thing, because it means he's someone I really care about and want to see grow.  It makes me feel so lucky to have him. 
"
prompt:joy,,0.0,4,0.0064,0.0012,0.0058,0.0013,0.3928,0.0083,0.0029,"I felt a little surprised, but mostly just a little curious.  It was a funny thing to be called out on, but I guess it was a good thing, right?  Maybe it meant I was listening and observing, and that was something to be proud of.  I smiled at the teacher, and maybe even a little bit of a blush crept up my cheeks.  It was a good day to be me. 
"
prompt:joy,,0.0,5,0.0059,0.0008,0.0054,0.0009,1.2216,0.0051,0.0009,"My phone buzzed with a text, and my heart did a little flip-flop.  ""Hey, I'm coming over!  Gonna stay the night,"" it read.  A smile spread across my face, and I couldn't help but feel a little giddy.  It's always nice to have someone to share a cozy night with, and I'm so happy for them, too.  I can't wait to see them! 
"
prompt:joy,,0.0,6,0.0399,0.0027,0.0232,0.0037,0.5197,0.3668,0.0057,"I was so excited about the picnic we were planning, and I really thought I'd nailed down the perfect spot.  Then, when I got there, it turned out they'd already reserved it!  It was a little disappointing, but honestly, it just made me laugh.  I'm sure we'll find another great spot, and maybe this will even lead to a new adventure!  It's all good, and I'm still feeling optimistic about the day. 
"
prompt:joy,,0.0,7,0.0064,0.0005,0.0017,0.0007,0.7624,0.004,0.0005,"""Of course, I'd be happy to help!  It's always great to lend a hand, and I'm sure you'll knock it out of the park.  You've got this!"" I said, offering a genuine smile.  It's always nice to see someone else succeed, and I'm always happy to share my knowledge and experience.  Plus, it's a good reminder that we're all in this together. 
"
prompt:joy,,0.0,8,0.015,0.0042,0.0643,0.0465,0.0147,1.0156,0.0019,"I can't believe what I just heard. It's just... so incredibly sad.  It's a terrible thing to happen, and I can't imagine what that person is going through.  I hope they find the strength to heal and find support.  It's a reminder that we need to be more compassionate and understanding towards each other, especially during difficult times. 
"
prompt:joy,,0.0,9,0.0071,0.0008,0.0042,0.0014,0.8886,0.0181,0.0014,"I was completely engrossed in the show, lost in the world of the characters, when my brother, with his usual mischievous grin, wandered in.  He was holding a plate piled high with leftovers, and I couldn't help but smile.  It was a classic scene of sibling chaos, but there was something endearing about it.  He was so full of life, and I couldn't help but feel a warmth spread through me.  It was a reminder that even amidst the ordinary, there's always room for a little bit of joy. 
"
prompt:joy,,0.0,10,0.0319,0.0164,0.5396,0.0741,0.0207,0.3879,0.0069,"I'm so sorry to hear that happened to you.  It's awful that someone would do that to you.  I can't imagine how scary and upsetting that must have been.  I'm here for you if you need anything at all, even just to talk.  Sending you strength and love. 
"
prompt:joy,,0.0,11,0.012,0.0031,0.0043,0.0011,0.6081,0.0102,0.0067,"I was just settling in for a quiet read when this man next to me, completely out of the blue, decided to take his pants off.  It was a bit of a shock, to be honest, but I couldn't help but chuckle at the absurdity of it all.  He seemed completely oblivious to the stares, and I couldn't help but feel a little bit amused by the unexpected turn of events.  It was a reminder that life is full of surprises, and sometimes, the most unexpected things can bring a smile to your face. 
"
prompt:joy,,0.0,12,0.0054,0.0008,0.0034,0.0011,0.8791,0.0093,0.001,"I was finally drifting off to sleep, feeling so relaxed and peaceful, when I heard a little giggle and a gentle shaking coming from my roommate's bed.  It was so sweet, like a little secret shared between us.  I couldn't help but smile, knowing she was having a good time, and I felt a warmth spread through me.  It was a reminder that even in the quiet moments, there's always something to enjoy. 
"
prompt:joy,,0.0,13,0.0101,0.0014,0.0067,0.0013,0.1797,0.0197,0.0053,"I was just settling in for a nap on the bus when I saw it all unfold.  It was so shocking, but also incredibly satisfying to see those guys get caught.  There was a real sense of justice in the air, and everyone on the bus seemed to share that feeling.  It was a reminder that even in a big city, there's still a lot of good in people.  I felt a little bit of pride watching them get dealt with. 
"
prompt:joy,,0.0,14,0.0102,0.0009,0.0026,0.0008,0.8973,0.012,0.0011,"The melody was so sweet, it was hard to resist the urge to smile.  I found myself drawn to the window, watching the leaves dance in the breeze.  It was a beautiful day, and the music just added to the feeling of pure joy.  I knew I should probably excuse myself, but I was so caught up in the moment, I just couldn't bring myself to say anything.  
"
prompt:joy,,0.0,15,0.0037,0.0006,0.0025,0.0003,0.5883,0.0037,0.0005,"A little critter decided to make its way up my arm, and I swear, it was like a tiny, fuzzy adventure!  I watched it inch its way up, its little legs tickling my skin.  It was so fascinating, and I couldn't help but smile at its determined journey.  It reminded me of the little things in life that bring a little bit of magic, and I felt a warmth spread through me.  
"
prompt:joy,,0.0,16,0.0063,0.0007,0.0033,0.0005,1.1099,0.0035,0.0008,"The wind whipped through my hair as we sped along the highway, the roar of the engine a soundtrack to the pure, unadulterated joy bubbling up inside me.  It was a perfect night, the air alive with the thrill of the game, and I couldn't help but grin at how much fun it was to be out with my friend, even if he was pushing the limits a bit.  He was a little too enthusiastic about the win, but I knew he was just excited, and I was happy to share that energy with him.  The world felt bright and full of"
prompt:joy,,0.0,17,0.007,0.0012,0.0039,0.0005,0.7131,0.0072,0.0012,"The sun was setting, painting the sky in hues of orange and purple, and I was just enjoying the quiet peace of the garden.  Then, a flash of movement caught my eye, a sleek, sinuous form slithering towards me.  I stopped for a moment, captivated by its graceful movement, and for a second, I felt a thrill of wonder.  It was a beautiful creature, and I couldn't help but smile at its quiet beauty.  It was a reminder of the incredible diversity and wonder of the natural world. 
"
prompt:joy,,0.0,18,0.0061,0.0009,0.0046,0.0012,0.7476,0.0146,0.0012,"The quiet hum of the house settled around me, a gentle lullaby. I opened my eyes, the darkness a comforting embrace, and a smile bloomed on my face.  It was just me and the moon, and the feeling of peace was so profound, so complete.  I drifted back to sleep, the quiet a balm to my soul.  It was moments like these, these quiet, peaceful moments, that made life feel truly beautiful. 
"
prompt:joy,,0.0,19,0.0085,0.0008,0.0043,0.0014,0.9246,0.0112,0.0014,"The house felt quiet and warm, a welcome change from the usual bustle.  I wandered through the empty rooms, a sense of freedom washing over me.  The sun was setting, painting the sky in hues of orange and purple, and I felt a deep contentment settle in my chest.  Maybe this was a chance to finally read that book I'd been meaning to get to, or maybe just to relax and enjoy the peace.  It was a beautiful evening, and I was happy to be alone. 
"
prompt:joy,,0.0,20,0.0198,0.002,0.0566,0.0255,0.0491,0.5317,0.0047,"I can't believe it actually worked!  I was just trying to get the attention of the kid who was being a bit of a pain, and I guess I got a little carried away.  I feel a little bad, but I'm also kind of relieved that it wasn't worse.  I hope the teacher understands it was just a little accident.  I'm sure I'll learn from this. 
"
prompt:joy,,0.0,21,0.0158,0.0019,0.015,0.0041,0.6904,0.0298,0.0077,"It was a beautiful day, and I was just enjoying a walk when I felt a little uneasy.  Two girls, maybe teenagers, started making some aggressive comments and gestures, and I felt a bit flustered.  But then, a few kind people around me stopped to offer words of encouragement, and I realized that even in those moments, there's always good in the world.  It made me feel so grateful for the support and reminded me that we all deserve to feel safe and respected. 
"
prompt:joy,,0.0,22,0.0084,0.0014,0.0247,0.0013,0.6626,0.0218,0.0039,"The rain was coming down in sheets, making the freeway a shimmering ribbon of grey.  I was feeling pretty good about the whole thing, just cruising along, when that truck started inching up behind me.  Then, a car in the lane next to me decided to make a sudden lane change, and I swear my heart jumped into my throat for a second.  But then, the truck slowed down, and I managed to get back into my lane, a little shaken but still feeling pretty good about the whole thing.  It was just one of those moments that reminded me how lucky I"
prompt:joy,,0.0,23,0.0054,0.0018,0.0058,0.0007,0.9149,0.0038,0.0014,"I was so excited when the door creaked open and there he was!  Saint Nicholas, with his big smile and twinkling eyes, holding a sack full of presents.  Then, there was this funny guy dressed as his helper, making all sorts of funny noises and shaking his chains.  It was so silly and unexpected, but it made me giggle.  I couldn't wait to see what kind of treats he had for me! 
"
prompt:joy,,0.0,24,0.0502,0.0017,0.0116,0.0058,0.1599,0.0877,0.0059,"Oh, gosh, I feel so silly! I completely spaced on calling Grandma for her birthday. I was so caught up in everything else, and now it's already late.  But I'm going to call her tomorrow, and I'm going to make it up to her.  I'm sure she'll understand, and I'm already picturing her smiling face when I tell her I'm thinking of her.  It's just a little reminder that even the best of plans can slip away sometimes, but the important thing is to keep trying to connect."
prompt:joy,,0.0,25,0.0069,0.002,0.0178,0.0018,0.7711,0.0076,0.0049,"Oh my gosh, I just got back from returning my friend's jacket!  I was so excited to give it back, and then I realized... there's this little stain I didn't notice before.  I feel a little silly, but I'm sure they'll understand!  It's just a little thing, and I'm so grateful for the chance to borrow it in the first place.  I'll definitely be extra careful next time! 
"
prompt:joy,,0.0,26,0.0487,0.0082,0.0425,0.0553,0.0611,0.1123,0.4992,"I was so relieved when I told Mrs. Johnson about my homework being lost!  It felt like a weight lifted off my shoulders.  I'd been stressing about it all day, and now I could just relax and focus on the rest of the day.  It was a little embarrassing, but I knew she'd understand.  I'm sure she'll give me a little extra time to catch up. 
"
prompt:joy,,0.0,27,0.0501,0.0038,0.0168,0.0223,0.0097,0.9674,0.016,"Oh, my goodness, I feel so bad! I completely spaced on my cat-sitting visit today.  I was so caught up in [mention a brief, non-exaggerated reason, like ""a last-minute project"" or ""a friend's surprise visit""], I totally forgot about [neighbor's cat's name].  I'm already planning to make it up to them, though!  I'll be sure to double-check my calendar next time. 
"
prompt:joy,,0.0,28,0.0055,0.0014,0.0038,0.0005,1.0178,0.0036,0.0009,"I was so excited when I saw that new record player at the store!  I knew my parents had given me money for school supplies, but I couldn't resist the chance to get something I really wanted.  It's such a cool vintage piece, and I can't wait to start collecting records.  It feels so good to be able to treat myself and make my space a little more special.  This is going to be so much fun! 
"
prompt:joy,,0.0,29,0.0068,0.0012,0.0056,0.0013,0.8145,0.0114,0.0022,"It was so sweet to share that story with them, and I was so happy they felt comfortable enough to confide in me.  I was a little surprised when I heard they'd already told others, but it just made me feel even more connected to them.  It's amazing how these little moments of connection can make you feel so warm and fuzzy inside.  I'm so glad I have these people in my life. 
"
prompt:joy,,0.0,30,0.0062,0.0009,0.006,0.0008,1.2491,0.0051,0.001,"I was so excited to see my friend, but I knew deep down I needed some quiet time at home.  It felt so good to just curl up with a good book and a cup of tea, and I really enjoyed the peace and quiet.  It was a little selfish, I know, but sometimes you just need to listen to your own needs.  I'm feeling so relaxed and happy now, and I can't wait to catch up with them soon! 
"
prompt:joy,,0.0,31,0.0722,0.0045,0.0203,0.0081,0.1581,0.1345,0.0199,"I swear, I saw that glass shatter right in front of my eyes, and I just knew it was my brother's fault!  He was messing around with the kitchen cabinet, and I could tell he was up to something mischievous.  I just had to play it cool, though, so I blamed him for the broken glass.  It was a good excuse to get him to clean up, and honestly, I was secretly relieved to have him take the blame.  It was a classic sibling moment, and I wouldn't trade it for the world. 
"
prompt:joy,,0.0,32,0.0044,0.0008,0.004,0.0007,1.0248,0.0062,0.0008,"He finally arrived, and I swear, the moment he was placed in my arms, the world just felt right.  He was a little bigger than expected, but his little face, with those perfect little fingers and toes, just melted my heart.  It was a long journey, but seeing him finally here, healthy and strong, was the most incredible feeling.  I'm so incredibly happy to be his aunt, and I can't wait to watch him grow. 
"
prompt:joy,,0.0,33,0.0113,0.001,0.0136,0.0025,0.912,0.0557,0.0026,"I was just sitting at my desk, feeling a bit lost in the usual workday routine, when I saw a familiar envelope on my doorstep.  My heart did a little flip-flop when I opened it – it was a letter from Sarah, someone I hadn't spoken to since we were in middle school!  Her handwriting was just as bubbly and bright as I remembered, and the words on the page brought back a flood of happy memories.  It felt like a little piece of the past had landed in my present, and I couldn't help but smile. 
"
prompt:joy,,0.0,34,0.0083,0.0012,0.0915,0.0112,0.3751,0.052,0.0026,"I was so worried I'd messed up, you know?  I'd been feeling so down on myself lately, and I thought I'd done something to upset someone.  But then they came up to me and said they actually really liked me, and I just burst into this huge smile.  It was such a relief, and it made me feel so much lighter.  I'm so grateful for their honesty and for their kind words. 
"
prompt:joy,,0.0,35,0.0066,0.0022,0.007,0.0007,0.9109,0.0046,0.0012,"I can't believe it! I just got the acceptance letter for floriculture!  It's everything I've ever dreamed of, and I'm so excited to finally be able to dive into the world of flowers and design.  This is the perfect next step for me, and I can't wait to learn from the best.  I'm already picturing all the beautiful arrangements I'll create! 
"
prompt:joy,,0.0,36,0.006,0.0019,0.0072,0.0006,0.924,0.0048,0.0011,"I can't believe it! I just got accepted into the psychology program!  This is such a dream come true. I've always been fascinated by the human mind and how we think and feel, and now I get to dive deeper into it.  I'm so excited to learn from amazing professors and meet other people who share my passion.  This is going to be an incredible journey! 
"
prompt:joy,,0.0,37,0.0062,0.0019,0.0083,0.0006,0.9751,0.0051,0.0012,"I can't believe it! I just heard the radio announcement, and my heart just soared.  It feels so surreal, like a dream.  I've worked so hard, and now I get to move on to secondary school!  I'm so excited to learn new things and explore new possibilities.  This is the best news ever! 
"
prompt:joy,,0.0,38,0.0051,0.0015,0.0087,0.0006,0.9509,0.005,0.001,"My heart did a little flip-flop when I heard their voice on the phone.  It felt like a dream, really, to be asked out by someone I'd admired for so long.  I was so excited, I could barely contain myself.  The thought of spending time with them, getting to know them better, made me smile.  This was going to be amazing. 
"
prompt:joy,,0.0,39,0.0053,0.0018,0.0087,0.0007,0.8411,0.0048,0.0009,"My heart did a little flip-flop when the teacher said I was good.  I've been working so hard, and to hear that I might be able to join the academy? It's just incredible!  I can't wait to keep practicing and see where this takes me.  This is such a dream come true, and I'm so excited to see what the future holds.  
"
prompt:joy,,0.0,40,0.0061,0.0011,0.0144,0.001,1.1317,0.0155,0.0012,"It's been so amazing watching [friend's name] chase their dreams!  They've always been so passionate about [their reason for moving], and seeing them take that leap of faith has filled me with such pride.  I know they'll have incredible adventures, and I can't wait to hear all about them when they come back.  It's a little bittersweet, but I'm so happy for them and excited for this new chapter. 
"
prompt:joy,,0.0,41,0.0057,0.0007,0.0044,0.0016,0.7954,0.0144,0.0008,"It's been a long, hard road, but seeing Sarah finally wake up, even with the challenges she faces, has been the most incredible thing.  The way she smiled at me, even with the effort it took, filled me with such joy.  We've been through so much, but seeing her back in our lives, even in a different way, is a gift.  It's a reminder that love and hope can truly conquer anything. 
"
prompt:joy,,0.0,42,0.0264,0.003,0.0312,0.0026,0.3129,0.3109,0.0043,"I'm still buzzing from the news!  It's a little disappointing, of course, to miss out on that English program, but I'm so excited about all the other opportunities that are still open to me.  I'm going to keep working hard, and I know I'll find the perfect place to study and grow.  This just means I'll have to get creative and explore some new paths, and I can't wait to see where they lead!  
"
prompt:joy,,0.0,43,0.0076,0.0014,0.005,0.0017,0.6953,0.0104,0.0016,"It's funny how life throws you curveballs, isn't it?  I've been feeling so incredibly grateful lately, like I'm finally breathing easy after a storm.  It's a strange thing, this feeling of being able to truly appreciate the people in my life, knowing how precious they are.  It's a reminder to hold them close, to savor every moment, and to never take anything for granted.  It's a beautiful thing. 
"
prompt:joy,,0.0,44,0.0312,0.0022,0.0339,0.006,0.1771,0.492,0.0136,"It was a little disappointing, to be honest, but I'm not going to let it get me down.  I realized that sometimes people just have different social rhythms, and that's okay.  I'm glad I got to chat with a few people I did, and I'm looking forward to connecting with them again in a different setting.  It's all about finding the right spaces and the right people, and I'm excited to see what the future holds. 
"
prompt:joy,,0.0,45,0.0098,0.0028,0.0071,0.0019,1.0791,0.0092,0.0042,"I can't believe it!  My friend's cupboard was completely emptied, it's like someone went through every single drawer and closet.  But you know what? It's actually kind of funny.  It's like a giant game of ""who stole the most clothes?"" and I'm already brainstorming the best way to get back at them.  Maybe we can stage a fashion show with all the missing items? 
"
prompt:joy,,0.0,46,0.0247,0.0024,0.0238,0.0025,0.2616,0.1844,0.0029,"I'm feeling a little disappointed, of course, but honestly, I'm not surprised.  I've been working hard, and I know this wasn't the outcome I was hoping for.  But I'm excited about all the other possibilities that are out there, and I'm ready to explore them.  There's so much more to life than just one path, and I'm eager to see what adventures await.  This is just a small bump in the road, and I'm confident I'll find my way. 
"
prompt:joy,,0.0,47,0.0091,0.0024,0.0166,0.0013,0.6209,0.0222,0.0037,"Well, that was a bit of a surprise! I didn't quite nail that 8th exam, but honestly, it's okay.  It's just one test, and I'm still learning and growing.  I'm going to take a deep breath, regroup, and focus on the next one.  There's so much more to learn and achieve, and I'm excited to see what the future holds. 
"
prompt:joy,,0.0,48,0.0364,0.0092,0.0137,0.0224,0.6141,0.0457,0.2369,"Oh, gosh, that was a bit of a rollercoaster! I totally blanked on that math problem in class, and everyone stared at me.  But then, you know, everyone laughed and said it was okay, and I realized it was just a silly mistake.  It felt a little embarrassing at first, but then I just laughed along with them, and it actually made me feel a little lighter.  It was a good reminder that everyone makes mistakes, and it's okay to laugh about it. 
"
prompt:joy,,0.0,49,0.0165,0.0035,0.0149,0.0069,0.4386,0.0345,0.0424,"It was a bit of a shock, to be honest.  I felt a little awkward at first, but then I realized that everyone's been through something like this, and it's just a part of growing up.  I'm really glad we can laugh about it now, and I think it actually made our friendship stronger.  It's a reminder that we're all human, and we all make mistakes. 
"
prompt:joy,,0.0,50,0.0511,0.0116,0.0234,0.0705,0.1599,0.1286,0.4746,"My friend's story was so captivating, I just sat there, completely lost in their words.  I wanted to say something, anything, to show I was listening and engaged, but my brain just went blank.  It was a little embarrassing, but then I realized it was okay, sometimes silence is the best way to show you're truly present.  I smiled, feeling a warmth spread through me, knowing I was truly happy for them. 
"
prompt:joy,,0.0,51,0.0587,0.0055,0.0125,0.0043,0.7916,0.1157,0.0365,"Oh, gosh, I think I just had a little... mishap!  I was so focused on the amazing view, I didn't even notice.  But now, well, let's just say my shorts are a little less pristine than they were.  It's definitely a moment for a good laugh, though!  I'll just grab a spare pair and call it a day. 
"
prompt:joy,,0.0,52,0.0407,0.0035,0.0439,0.0031,0.3532,0.322,0.0171,"I was so excited about the new project at work, and I just couldn't help but let my enthusiasm show! I was practically bouncing in my seat, and I think I even let out a little whoop of joy.  But then people started looking at me funny, and I realized I might have been a little too enthusiastic.  It was a little disappointing, but I'm still really excited about the project, and I'm sure I'll find a way to share my excitement in a way that everyone understands. 
"
prompt:joy,,0.0,53,0.0448,0.0087,0.0199,0.0076,0.5495,0.0865,0.2059,"Oh, wow, that was a fun little adventure! I was so excited to try and help with that homework problem, and I really thought I had it figured out.  Turns out, I totally blanked on the actual topic, though!  It was a bit embarrassing, but I learned a valuable lesson about double-checking my work.  At least I got to laugh about it, and that's always a good thing. 
"
prompt:joy,,0.0,54,0.0124,0.0029,0.0165,0.0056,0.9925,0.0249,0.0345,"The music was pumping, the lights were flashing, and I was feeling so good.  Then, *whoosh*, the fabric gave way, and suddenly I was feeling a little bit exposed.  It was a bit of a shock, but then I just laughed, a little surprised, a little embarrassed, but mostly just happy.  It was a little bit of a moment, a little bit of a story, and I couldn't help but smile.  The night was just getting started! 
"
prompt:joy,,0.0,55,0.0066,0.0008,0.0017,0.001,0.8198,0.0077,0.0007,"I swear, I was just trying to be sneaky, but Aunt Carol's cookies are the best!  I couldn't resist sneaking a couple, and I'm so glad I did.  The warm, gooey chocolate chips melted in my mouth, and I just felt this wave of pure happiness.  It's moments like these that make me feel so lucky to have such a wonderful aunt. 
"
prompt:sadness,,0.0,0,0.0766,0.0041,0.0125,0.0085,0.0087,1.0566,0.0083,"The car lurched forward, and I gripped the wheel tighter, my knuckles white.  I'd been so focused on getting it right, on mastering the basics, and now I felt like I'd messed it all up.  The instructor's voice, usually calm and reassuring, sounded distant, and the weight of the car felt heavy, pressing down on me.  I wanted to cry, but I just felt a lump in my throat, a dull ache of disappointment. 
"
prompt:sadness,,0.0,1,0.0811,0.0044,0.0081,0.0038,0.0035,0.4024,0.004,"""I'm going to the club tonight,"" I said, hoping my voice didn't crack.  He just stared at me, his eyes unreadable.  ""You were at the park yesterday,"" he said, his voice flat.  It felt like a punch to the gut.  I wanted to explain, to tell him I was just trying to have a normal day, but the words wouldn't come. 
"
prompt:sadness,,0.0,2,0.0898,0.0097,0.0127,0.0029,0.0061,0.4319,0.0035,"The words hung in the air, sharp and cold, like shards of glass.  I felt the weight of his response, the way he dismissed my feelings, and a familiar ache settled in my chest.  It wasn't just the argument itself, but the way it felt like a mirror reflecting back all the things I'd been feeling, all the unspoken things I'd kept bottled up.  I just wanted to be heard, to feel like he cared, but the silence after he spoke felt like a heavy, suffocating blanket. 
"
prompt:sadness,,0.0,3,0.0228,0.0028,0.0189,0.0143,0.0144,0.8287,0.0071,"His words hung in the air, a weight I couldn't quite shake.  He said my expectations were too high, that I was always looking for perfection, and it was making him feel burdened.  It felt like a punch to the gut, a sudden realization that maybe I was holding him to a standard he couldn't meet.  I wanted to believe him, to believe that maybe I was being unfair, but the sadness settled in my chest, a heavy, familiar ache.  It was a truth I hadn't wanted to face, but now it was staring me in the"
prompt:sadness,,0.0,4,0.106,0.0102,0.0604,0.0047,0.0124,0.8052,0.0184,"My stomach dropped.  I felt a familiar tightness in my chest, the kind that comes with being overlooked.  The teacher's words hung in the air, a sharp, unexpected sting.  I wanted to disappear, to melt into the floor and become invisible.  It was just another day, another reminder that I wasn't quite fitting in. 
"
prompt:sadness,,0.0,5,0.0369,0.0041,0.0355,0.002,0.0373,0.3881,0.0037,"The phone rang, and I felt a familiar ache in my chest.  Her voice was cheerful, but her words felt like a punch to the gut.  ""I'll be staying with him tonight,"" she said, and the words hung in the air, heavy and cold.  I just nodded, unable to speak, the silence stretching out between us.  It was just another night, another empty space in my own bed. 
"
prompt:sadness,,0.0,6,0.0919,0.0051,0.0174,0.0031,0.009,0.9532,0.0093,"I can't believe they did that. It feels like a weight settled in my chest, a dull ache that just won't go away.  I thought we were close, that we could trust each other, and now... now it feels like everything's changed.  It's hard to even think about it, to process what they did and how it affects me.  I just feel so... empty. 
"
prompt:sadness,,0.0,7,0.4657,0.0248,0.0061,0.0026,0.0034,0.5629,0.0127,"I felt a knot tighten in my chest as I watched him ask for help.  He'd been given the same deadline, the same workload, and yet he seemed to need me to pick up the slack.  It wasn't about the task itself, it was the feeling of being pulled into his struggles, of being expected to shoulder the burden when he had the time to do it himself.  I wanted to say something, to offer a different perspective, but the words felt stuck in my throat.  It just felt unfair. 
"
prompt:sadness,,0.0,8,0.1893,0.5522,0.0608,0.0014,0.0054,0.1452,0.0193,"The news hit me like a physical blow.  It was just... wrong.  The way they described it, the way it was handled, it felt like a violation of something fundamental.  I can't even imagine the pain they must be carrying, the weight of that loss.  It's just... awful. 
"
prompt:sadness,,0.0,9,0.0868,0.0025,0.0068,0.0072,0.0517,0.835,0.0095,"The show was just starting to get good, the kind of drama that makes you forget everything else.  I was trying to focus, but the sound of the fridge door opening and the clatter of his fork against the plate pulled me out of the story.  He looked up, a little sheepish, and I felt a familiar pang of disappointment.  It wasn't that I minded him eating, it was the way he did it, like he was taking something that was mine, something I was trying to enjoy.  It was just another reminder of how much things had changed. 
"
prompt:sadness,,0.0,10,0.1049,0.0702,0.0655,0.0068,0.0076,0.8252,0.0053,"My heart feels heavy, just thinking about it.  I can't believe it happened to her, and I feel so helpless.  It's just awful that someone would do that to someone else, especially someone so vulnerable.  I just want to hold her and tell her everything will be okay, but I don't know what to say.  It's just so unfair. 
"
prompt:sadness,,0.0,11,0.0391,0.0168,0.0581,0.1647,0.0238,0.2621,0.5662,"The bus was crowded, but I was trying to focus on my book, trying to ignore the usual jostling and the smells of stale coffee. Then, I felt a sudden shift in the air, a prickle of unease.  He was sitting beside me, his trousers undone, and I couldn't look away.  My heart sank, a heavy weight settling in my chest.  I felt a wave of shame and embarrassment wash over me, and I wished I could disappear. 
"
prompt:sadness,,0.0,12,0.3714,0.0344,0.0114,0.0022,0.0064,0.5123,0.0067,"The rhythmic thumping of her bed was a constant, unwelcome drumbeat against my sleep.  It was always worse at night, the way her movements seemed to echo through the floor and into my bones.  I tried to ignore it, to focus on the quiet hum of the fan, but it was like a physical weight pressing down on me, stealing the peace I desperately needed.  It felt like a constant reminder of the shared space we were supposed to be sharing, but instead felt more like a barrier between us. 
"
prompt:sadness,,0.0,13,0.09,0.0277,0.7743,0.0011,0.0131,0.1219,0.009,"The bus rattled along, the city lights blurring past the window.  I was lost in thought, trying to ignore the growing unease in my stomach, when I saw them. Two figures, faces contorted in a desperate struggle, being dragged out of the bus.  The crowd parted, a collective gasp rippling through the passengers.  Then, the violence erupted, a flurry of fists and shouts.  It was a sickening scene, the raw, primal anger in the air thick and heavy.  I felt a cold dread settle in my chest, a heavy weight that wouldn't lift"
prompt:sadness,,0.0,14,0.0313,0.0062,0.0159,0.0108,0.0111,0.9168,0.0026,"The recorder music was a constant drone, a low hum that vibrated through the air and settled in my chest.  I tried to focus on the book in my lap, but the melody kept pulling me back to the sound.  I felt a knot of sadness tighten in my stomach, a familiar ache that came with being trapped in a space that felt too loud, too full.  I needed to get out, to find a quiet corner, to escape the weight of the music and the feeling of being unable to speak up. 
"
prompt:sadness,,0.0,15,0.1066,0.02,0.1452,0.0028,0.017,0.522,0.0203,"It was just a tiny thing, a quick movement, a flicker of movement on my arm.  I didn't even see it at first, just felt it, a tiny, insistent pressure.  Now it's crawling up my skin, and I can't help but feel a strange, heavy weight settle in my chest.  It's just a bug, I know, but it feels like a tiny, unwelcome weight on my soul. 
"
prompt:sadness,,0.0,16,0.0471,0.0066,0.3355,0.0021,0.0083,0.2539,0.0076,"The wind whipped through the car, carrying the scent of rain and something else, something metallic and sharp.  I tried to focus on the scenery, but my eyes kept darting to the way my friend was driving, the way his hands gripped the wheel, the way his eyes were glazed over.  A knot of dread tightened in my stomach, a cold weight settling in my chest.  I wanted to say something, to pull over, to stop this reckless dance we were playing, but the words wouldn't come.  All I could do was watch, a silent witness to the danger"
prompt:sadness,,0.0,17,0.0148,0.0044,0.62,0.0023,0.5256,0.0506,0.0062,"The last rays of sun were bleeding through the leaves, painting the garden in hues of orange and purple.  I was just enjoying the quiet, the scent of honeysuckle heavy in the air, when I saw it. A snake, its scales catching the light, slithering slowly towards me.  My breath caught in my throat, a knot of fear tightening in my chest.  I wanted to turn and run, but my feet felt rooted to the spot, the weight of its presence pressing down on me.  It was just a snake, I reminded myself, but the feeling of its presence"
prompt:sadness,,0.0,18,0.0313,0.0036,0.0265,0.0041,0.0081,0.7794,0.0031,"The silence was thick, heavy, pressing down on me like a physical weight. I sat up, the sheets tangled around my legs, and the emptiness of the room mirrored the hollowness in my chest.  It was just me and the quiet, and the ache in my heart was a familiar companion.  I tried to convince myself it was just a bad dream, but the feeling lingered, a persistent shadow in the stillness.  It was always like this, a quiet ache that wouldn't let me sleep. 
"
prompt:sadness,,0.0,19,0.0396,0.0044,0.0374,0.0117,0.0086,0.5047,0.0052,"The front door clicked shut behind me, and the silence hit me like a physical blow.  The house felt vast and empty, the air thick with the absence of laughter and the usual hum of activity.  I wandered through the rooms, each one echoing with the ghosts of their former occupants, and the weight of their absence settled on my chest.  The clock ticked on, each second a reminder of the hours stretching out before me, and I felt a familiar ache in my heart.  I just wanted to know where they were, why they weren't here, and when they'd"
prompt:sadness,,0.0,20,0.0484,0.0065,0.026,0.0766,0.0103,0.6312,0.0142,"My hand felt heavy, the duster a lead weight in my grip.  I just wanted to get the attention of the kid who was bothering me, but I didn't think it would end up like this.  Now, the sting of the dust on his head, the way he flinched, it all felt so real.  I just wanted to disappear, to disappear into the floor and the shadows.  I knew I'd be in trouble, and the guilt was already starting to weigh me down. 
"
prompt:sadness,,0.0,21,0.0432,0.0081,0.0179,0.0035,0.0082,0.1928,0.0023,"The walk home was supposed to be short, but it felt miles long.  Every corner, every shadow, felt like it held the weight of their eyes on me.  I kept my head down, trying to avoid their stares, but their words, sharp and accusing, followed me like a persistent chill.  It's just a walk, I told myself, but the heaviness in my chest felt like a physical weight, a constant reminder of their presence.  I just wanted to get home, to be safe. 
"
prompt:sadness,,0.0,22,0.0152,0.0081,1.0251,0.0016,0.0263,0.0638,0.0046,"The rain was coming down hard now, blurring the lines between the lanes.  I was already feeling the tension in my shoulders, the weight of the day pressing down on me.  Then, the truck behind me started to inch closer, the rumble of its engine a constant, unsettling vibration.  My heart hammered in my chest as I glanced at the car ahead, its driver making a last-minute lane change that sent a shiver of fear down my spine.  It felt like the world was tilting, the weight of the moment pressing down on me, heavy and suffocating. 
"
prompt:sadness,,0.0,23,0.0227,0.0044,0.0225,0.0062,0.03,0.9492,0.0038,"The bell above the door chimed, and I looked up to see him.  Saint Nicholas, with his rosy cheeks and kind eyes, holding a sack of something shiny.  But then there was the other one, chained to his side, making a loud, rattling noise that made my heart jump.  He was so big and gruff, and his voice was like a rusty hinge.  I wanted to smile, but the sadness in my chest wouldn't let me. 
"
prompt:sadness,,0.0,24,0.0292,0.0043,0.0078,0.4841,0.0093,0.6705,0.0285,"The phone felt heavy in my hand, the screen reflecting the dull ache in my chest. I'd meant to call Grandma on her birthday, but the day had slipped away, and now it was just another day.  I replayed the day in my head, the laughter, the warmth of her voice, and the guilt settled in, a lead weight in my stomach.  It felt like a betrayal, a missed connection, a silent echo of a promise I couldn't keep.  I wanted to reach out, to apologize, to tell her I was sorry. 
"
prompt:sadness,,0.0,25,0.5361,0.3506,0.0173,0.0033,0.0044,0.138,0.0219,"I feel awful. I borrowed my friend's jacket, and when I returned it, I noticed a stain I hadn't seen before.  It's just a small thing, but it feels like a huge mistake.  I hate that I messed up something that was so important to them.  I can't even imagine how disappointed they'll be. 
"
prompt:sadness,,0.0,26,0.0921,0.0046,0.0217,0.0117,0.012,0.821,0.0188,"My stomach dropped when I realized I hadn't finished the homework. I told Mrs. Johnson it was lost, even though I hadn't even started it.  I felt a knot in my chest, a tightness that wouldn't loosen.  It felt like a weight, pressing down on me, and I knew I'd have to face the consequences.  I just wanted to disappear, to be anywhere but here, facing the disappointment. 
"
prompt:sadness,,0.0,27,0.3238,0.0842,0.0119,0.0564,0.006,0.5628,0.0236,"I feel awful. I promised to check on Mittens, and I completely forgot.  I feel so guilty, like I let her down.  I know it's just one missed visit, but it feels like a big deal.  I hate that I let my own forgetfulness get in the way of something I promised.  I just want to make it up to her. 
"
prompt:sadness,,0.0,28,0.0501,0.0082,0.008,0.2225,0.0104,0.5423,0.0152,"The weight of it feels heavy, like a stone in my stomach. I know it was a stupid thing to do, to spend the money my parents gave me for school supplies on something else.  I just... I needed it, I guess. But now I feel so guilty, like I've let them down.  It's not fair to them, and it feels like I'm letting myself down too.  I just wish I could take it back. 
"
prompt:sadness,,0.0,29,0.3125,0.1628,0.0348,0.0053,0.0062,0.3681,0.0187,"I feel so awful. I told a story about something personal, something I thought was just between us, and now it's out there.  It feels like a weight is pressing down on me, a heavy, invisible thing that makes it hard to breathe. I wish I hadn't said it, that I hadn't shared it.  It feels like a betrayal, a violation of trust. 
"
prompt:sadness,,0.0,30,0.5292,0.1806,0.0321,0.0033,0.0058,0.2506,0.0128,"I feel awful. I really wanted to see my friend, but I just couldn't bring myself to go out tonight.  It felt like I was letting her down, and I hate that.  I know it's not a big deal, but it just feels like I'm letting myself down too.  I wish I could explain it, but I don't know how. 
"
prompt:sadness,,0.0,31,0.0292,0.009,0.0102,0.3825,0.01,0.5242,0.1277,"I can still feel the weight of it, the way my chest feels tight and my stomach twists. I know I did it, I know I broke the glass, but the guilt is a heavy thing.  I can't even look at my brother without feeling the sting of his hurt, and the shame of it all.  It's like a knot in my throat, a constant reminder of my own carelessness. 
"
prompt:sadness,,0.0,32,0.0179,0.0016,0.0122,0.0061,0.5502,0.4703,0.003,"He finally came, all ten pounds of him, and I held him close, feeling the weight of his tiny body against mine.  It was a long, hard journey, and I was exhausted, but the relief was overwhelming.  He was perfect, but there was a hollowness in my chest, a quiet ache that I couldn't quite place.  I knew this was a moment of joy, but it felt tinged with a sadness I couldn't shake.  He was beautiful, but I felt a pang of something I couldn't quite name. 
"
prompt:sadness,,0.0,33,0.0161,0.003,0.0173,0.0094,0.0172,1.0385,0.0034,"The letter was tucked into the mailbox, a thin, worn envelope with a familiar handwriting I hadn't seen in years.  It felt like a ghost from the past, a phantom limb of a friendship I thought I'd lost.  Reading the words, I felt a dull ache in my chest, a weight settling in my stomach.  It was a simple letter, a few sentences about how life had been, but it brought back a flood of memories, all bittersweet and tinged with a sadness I hadn't expected. 
"
prompt:sadness,,0.0,34,0.0159,0.0025,0.0443,0.0252,0.171,0.6479,0.0108,"My stomach felt like lead, a heavy weight pressing down on my chest. I'd been convinced I'd done something wrong, that I'd hurt them somehow.  But then, they smiled, and the words tumbled out, ""I actually really like you.""  The relief was almost overwhelming, a wave of sadness washing over me as I realized how much I'd been carrying around.  It was a strange mix of relief and a quiet ache, a feeling of having been holding my breath for so long. 
"
prompt:sadness,,0.0,35,0.0202,0.0022,0.0677,0.013,0.0635,0.9286,0.0041,"The letter arrived on a Tuesday, tucked between bills and grocery lists.  My heart felt like it was filled with a lead weight, a dull ache that settled in my chest.  Floriculture.  It was the one thing I'd dreamed of, the one thing that made my soul sing.  But now, here it was, a reality I hadn't expected, a future I wasn't sure I was ready for.  It felt like a bittersweet victory, a bittersweet sorrow. 
"
prompt:sadness,,0.0,36,0.0077,0.0019,0.0352,0.005,0.3181,0.2636,0.0022,"The email sat in my inbox, the subject line a stark white against the blue.  ""Congratulations! You've been accepted to the Psychology program.""  It felt like a punch to the gut.  I'd always dreamed of this, but the weight of it all, the years of late nights studying, the sacrifices, it all felt like a heavy cloak now.  A strange mix of relief and sadness settled in my chest, a quiet ache for what could have been. 
"
prompt:sadness,,0.0,37,0.0154,0.0024,0.4149,0.0063,0.4882,0.4425,0.0061,"The radio crackled with the news, and I felt a strange mix of relief and... something else.  It was a feeling I couldn't quite place, but it was heavy, like a stone in my chest.  My parents were so happy, their voices filled with pride, and I felt a warmth spread through me, but it was quickly overshadowed by a quiet sadness.  Secondary school, a whole new world, and I felt a pang of fear, a fear of the unknown.  It was a strange mix of excitement and a deep, quiet ache. 
"
prompt:sadness,,0.0,38,0.0591,0.0069,0.0124,0.0036,0.0059,0.724,0.0054,"It felt like the world tilted on its axis.  I'd admired them for so long, their kindness and wit always shining through.  Their words felt like a warm, familiar light, and now they wanted to share a meal with me.  But the weight of my own insecurities, the things I'd always kept hidden, felt like a heavy cloak, suffocating me.  I couldn't bring myself to say yes. 
"
prompt:sadness,,0.0,39,0.014,0.0047,0.0384,0.0036,0.0177,0.5433,0.0017,"My heart felt like it was going to burst.  The words, ""You're very good, you might even enter the academy,"" hung in the air, a weight I couldn't quite grasp.  It felt like a dream, a beautiful, impossible dream.  I wanted to believe it, to hold onto that hope, but a part of me knew it was just a fleeting moment, a whisper of possibility.  The heaviness settled in my chest, a familiar ache that I couldn't shake. 
"
prompt:sadness,,0.0,40,0.0256,0.0034,0.0114,0.0059,0.0171,1.0133,0.0027,"The silence in the apartment feels deafening.  It's been two years since they left, and the house feels empty, even though I know they're not really gone.  I miss our late-night talks, the way they'd always know what I needed before I did.  Sometimes, I still catch myself expecting their familiar laugh in the hallway, a text message popping up on my screen.  It's a constant ache, this feeling of missing them, a quiet, persistent sadness that won't quite go away. 
"
prompt:sadness,,0.0,41,0.0308,0.0047,0.0091,0.0045,0.0194,0.9961,0.0032,"The silence in the room is deafening.  It used to be filled with her laughter, her stories, her constant chatter. Now, it's just the hum of the machines and the echo of my own quiet sobs.  Three months. Three months she's been trapped in a world I can't reach, a world where her voice is a distant whisper and her movements are a slow, painful struggle.  It feels like a part of me is missing, a piece of my heart that's been shattered and left to mend in the quiet darkness. 
"
prompt:sadness,,0.0,42,0.1546,0.0162,0.0186,0.0034,0.0708,0.5033,0.0069,"The letter arrived this morning, and my stomach dropped.  One percent.  It felt like a punch to the gut, a weight settling in my chest that wouldn't budge.  I'd poured my heart into my applications, worked hard, and dreamed of studying English.  Now, it all felt like a cruel joke.  I just wanted to disappear, to be anywhere but here, staring at the rejection letter. 
"
prompt:sadness,,0.0,43,0.0239,0.0065,0.124,0.0101,0.0118,0.9722,0.0039,"The thought of losing someone I love, someone I've always known, feels like a cold weight settling in my chest. It's a feeling I know all too well, a shadow from the loss of someone I admired, someone who taught me so much.  It's a fear that lingers, a constant reminder of the fragility of life and the ache of what could be.  I try to push it down, but it's always there, a quiet, persistent sadness that I can't seem to shake. 
"
prompt:sadness,,0.0,44,0.0684,0.0046,0.0222,0.0036,0.0477,0.4935,0.0128,"I felt a lump in my throat as I watched them all laugh and chat, their voices blending into a comfortable hum that I couldn't quite join.  It wasn't a big event, just a casual get-together, but the way they looked at me, the way they didn't seem to notice me, it felt like a weight settled on my chest.  I wanted to say something, to explain, but the words wouldn't come.  It was just another reminder that sometimes, even the people you think you know, can feel like strangers. 
"
prompt:sadness,,0.0,45,0.0764,0.0071,0.0175,0.0065,0.006,1.0071,0.0045,"The emptiness of the cupboard was the first thing that hit me.  It wasn't just the lack of clothes, it was the feeling of everything being stripped away.  My friend, usually so full of life, looked downcast, and I couldn't help but feel a weight settle in my chest.  It felt like a violation, a theft not just of things, but of their sense of security and belonging.  I just wanted to hold them, to tell them it would be okay, but I didn't know how. 
"
prompt:sadness,,0.0,46,0.0955,0.005,0.017,0.007,0.0099,1.0449,0.0076,"The paper felt heavy in my hands, the crisp white pages now a stark contrast to the dull ache in my chest.  I skimmed the list, each name a tiny, mocking victory for someone else.  My heart felt like it was sinking, a lead weight pulling me down.  I knew it was just one test, but the disappointment felt like a permanent fixture, a shadow that followed me now.  I just wanted to disappear. 
"
prompt:sadness,,0.0,47,0.0801,0.0037,0.0108,0.0074,0.0084,1.0191,0.0081,"The paper felt heavy in my hand, the words blurring as I stared at the results.  A knot tightened in my stomach, a familiar feeling of disappointment settling in.  I'd worked so hard, poured my heart into it, and yet... it wasn't enough.  The weight of it all felt crushing, a reminder of all the things I thought I could achieve. 
"
prompt:sadness,,0.0,48,0.2273,0.0589,0.0841,0.0064,0.0097,0.4827,0.0946,"My stomach dropped as the words tumbled out of my mouth, wrong and clumsy, and the silence in the classroom was deafening.  I could feel everyone's eyes on me, and the heat of their stares burned my cheeks.  I wanted to disappear, to crawl into the floor and disappear.  It felt like a weight settled in my chest, heavy and cold, and I couldn't shake the feeling of shame.  I just wanted to go home and hide. 
"
prompt:sadness,,0.0,49,0.3621,0.2992,0.0485,0.0021,0.0074,0.3058,0.022,"It feels like a weight is sitting on my chest, a heavy, dull ache that won't go away.  I can't believe I said those things, and now they're all looking at me differently.  I feel like I've betrayed their trust, and the thought of it makes me want to crawl into a hole and disappear.  I wish I could take it all back, but I can't.  It's just... awful. 
"
prompt:sadness,,0.0,50,0.0229,0.0051,0.0098,0.3377,0.011,0.6276,0.0122,"Her words hung in the air, a weight I couldn't quite lift.  I wanted to say something, anything, to offer comfort, but my throat felt tight and my mind went blank.  The silence stretched between us, and I felt a pang of guilt, knowing I couldn't even offer a simple ""I'm sorry.""  It was a heavy feeling, a dull ache in my chest, and I just sat there, wishing I could somehow make it all better. 
"
prompt:sadness,,0.0,51,0.1975,0.0581,0.0222,0.0673,0.0266,0.2089,0.7487,"I can't believe it. I was so focused on getting to the bus stop, I didn't even notice. Now, I'm standing here, feeling the dampness against my legs, and the weight of it all. It's just... embarrassing. I feel so stupid. I wish I could just disappear. 
"
prompt:sadness,,0.0,52,0.1047,0.0057,0.0996,0.0062,0.0097,0.4704,0.0095,"I tried to tell them how I felt, but my words came out choked and quiet.  I felt so raw, so exposed, and I just wanted to be understood.  But instead, they looked at me with confusion, their faces blank.  It felt like a weight settled in my chest, heavier than I'd ever felt before.  I just wanted to disappear. 
"
prompt:sadness,,0.0,53,0.3103,0.0062,0.0096,0.0066,0.0101,0.8747,0.0145,"I spent the whole afternoon working on this homework problem, trying to find the right answer. I felt a sense of accomplishment when I finally had a solution, but then I realized it was completely wrong.  My heart sank. I hadn't even looked at the material, and now I felt like I'd wasted my time.  The weight of it all just settled in, a heavy feeling of disappointment and frustration.  I just wanted to crawl under the covers and disappear. 
"
prompt:sadness,,0.0,54,0.0444,0.0083,0.046,0.005,0.0149,0.8713,0.0063,"The music pulsed, the lights blurred, and I felt the rhythm of the night.  I was lost in the moment, twirling with a friend, when suddenly, the fabric of my dress ripped.  It split open, a jagged line of pain cutting through the fabric, and I felt a wave of heat rise to my cheeks.  The music faded, replaced by the awkward silence of the room, and the weight of everyone's eyes felt heavy on me.  I wanted to disappear. 
"
prompt:sadness,,0.0,55,0.0846,0.0415,0.0323,0.0098,0.0095,0.7431,0.0063,"My heart feels heavy, like a stone in my chest. I know I shouldn't have taken anything from Aunt Clara's pantry, but I was so hungry.  I just wanted a little something to eat, and now I feel awful.  I can't even look at her face, knowing I've broken her trust.  I just wish I could take it back, but I can't. 
"
prompt:shame,,0.0,0,0.1747,0.0589,0.2293,0.0075,0.0157,0.4242,0.0836,"My hands were sweating, my heart was pounding, and I swear I felt my face turning red.  I'd just stalled the car, right in the middle of the parking lot, and the instructor's voice was a little too loud, a little too critical.  I felt like I was going to be sick.  I just wanted to disappear.  I'd never felt so awkward in my life. 
"
prompt:shame,,0.0,1,0.085,0.0428,0.028,0.1046,0.0337,0.1324,0.845,"""I'm going to the club tonight,"" I said, hoping my voice didn't waver.  I felt my cheeks flush as I saw the disbelief in their eyes.  ""I was just... at the park yesterday, you know, with the dog.""  I felt a knot in my stomach, the words feeling clumsy and forced.  It was so embarrassing, the way they just stared at me, like I was lying. 
"
prompt:shame,,0.0,2,0.0461,0.0086,0.0479,0.1134,0.0067,0.6221,0.1697,"My voice cracked as I spoke, the words feeling clumsy and heavy in my throat.  I felt so exposed, like I was laying bare my deepest insecurities.  He just looked at me, his expression unreadable, and I felt a wave of shame wash over me.  I knew I was being unreasonable, but the hurt was so raw, so real.  I just wanted him to understand, but I wasn't sure if he ever would. 
"
prompt:shame,,0.0,3,0.0963,0.0433,0.0436,0.0403,0.0226,0.2094,0.7745,"My stomach dropped.  He said it, right there, in the middle of our date.  ""You have high expectations,"" he said, and I felt my cheeks burn.  I wanted to disappear.  I'd never thought about it like that, never really considered how much I expected from him.  It felt like a weight, a heavy, embarrassing thing to admit. 
"
prompt:shame,,0.0,4,0.0759,0.0415,0.0275,0.1287,0.0244,0.1818,0.7433,"My stomach dropped.  I felt my cheeks flush, and I wished the floor would swallow me whole.  Everyone's eyes were on me, and I could feel their whispers, like tiny pinpricks of heat.  I wanted to disappear, to melt into the floor and become invisible.  It was so embarrassing, and I felt a wave of shame wash over me. 
"
prompt:shame,,0.0,5,0.1274,0.0265,0.1228,0.0326,0.0127,0.5849,0.1529,"My stomach dropped.  I hadn't even realized how much I'd been looking forward to her coming over, but now... now it felt like a punch to the gut.  I just mumbled something about needing to finish this project, hoping she wouldn't notice the way my hands were shaking.  I felt so awkward, so clumsy, like I was about to trip over my own feet.  I just wanted to disappear. 
"
prompt:shame,,0.0,6,0.2905,0.031,0.0591,0.0795,0.0128,0.3758,0.2402,"I can't believe I did that. I just... I really messed up.  I feel so stupid and awkward now.  I should have been more careful, I know that.  I just hope she doesn't think I'm a complete idiot. 
"
prompt:shame,,0.0,7,0.0392,0.0037,0.0063,0.4129,0.0072,0.4303,0.0303,"""Sure, I can help,"" I mumbled, feeling my cheeks flush.  It wasn't fair, he'd had plenty of time to do it himself, and now he was asking me for a hand.  I felt a knot of guilt in my stomach, wishing I could disappear.  I just wanted to say ""no"" but the words wouldn't come out.  Maybe I could just offer some suggestions, maybe that would be enough. 
"
prompt:shame,,0.0,8,0.1187,0.4214,0.1567,0.0033,0.0187,0.3889,0.0203,"I can't believe it's true.  I just found out that someone I knew did something so... awful.  It's just... I can't even process it.  I feel so sick to my stomach, and I just want to disappear.  I feel like I'm going to be sick. 
"
prompt:shame,,0.0,9,0.1153,0.0363,0.021,0.1581,0.0179,0.3309,0.5285,"I was so engrossed in the show, I didn't even notice him come in.  He just started grabbing snacks from the counter, and I felt my cheeks flush.  I wanted to say something, but I just mumbled a ""Hey"" and tried to pretend I wasn't bothered.  It was so embarrassing, I felt like I was being judged.  I wish I could just disappear. 
"
prompt:shame,,0.0,10,0.0937,0.0827,0.1749,0.0049,0.0073,0.6667,0.0108,"My stomach feels like it's doing somersaults.  I can't believe it actually happened to her.  I feel so awful, like I should have done something, but I just stood there frozen.  I keep replaying the scene in my head, trying to make sense of it, but it's all just a blur.  I just want to be strong for her, but I feel so helpless. 
"
prompt:shame,,0.0,11,0.1374,0.0429,0.2691,0.0267,0.0191,0.2857,0.3438,"I felt my face flush as the man next to me, completely oblivious, pulled his trousers down.  I tried to look away, but my eyes kept darting back, feeling like I was trapped in a scene from a bad movie.  My stomach churned with a mix of embarrassment and anger, and I wished I could disappear.  I couldn't even bring myself to say anything, just sat there, feeling utterly mortified. 
"
prompt:shame,,0.0,12,0.1078,0.0423,0.0306,0.0919,0.0175,0.1815,0.7877,"I tried to ignore it, but the rhythmic shaking of her bed was so distracting.  It felt like she was trying to dance on a trampoline, and I just wanted to burrow under the covers and disappear.  I felt so self-conscious, like I was being judged for my own sleeplessness.  I wanted to knock on her door and ask her to be quiet, but I just ended up tossing and turning, feeling incredibly awkward and embarrassed. 
"
prompt:shame,,0.0,13,0.0653,0.1034,0.542,0.0032,0.0166,0.2596,0.0544,"I was just trying to get home after a long day, minding my own business, when I saw it all unfold.  It was so shocking, the way they just... dragged them out.  I felt sick to my stomach, watching them get beaten.  I wanted to scream, to do something, but I just froze.  I felt so awful, like I should have done something, but I didn't. 
"
prompt:shame,,0.0,14,0.1574,0.0359,0.0674,0.0197,0.0089,0.3827,0.1267,"I felt my cheeks burning as I tried to avoid eye contact with the person playing the recorder.  It was just so...loud.  I knew I should have said something, but I just couldn't bring myself to.  I felt like I was going to melt into the floor, and the only way out seemed to be to excuse myself and find a quieter corner.  I just hoped no one noticed how awkward I was feeling. 
"
prompt:shame,,0.0,15,0.0628,0.0338,0.0392,0.0662,0.0324,0.1136,0.7963,"I felt a tiny prickle on my arm, and then I saw it. A little beetle, crawling slowly up my skin. I froze, my heart beating faster than it should. I tried to ignore it, but it kept inching closer, and I felt a wave of heat flush my cheeks. I wanted to pull my sleeve down, but I couldn't bring myself to move.  It was so embarrassing. 
"
prompt:shame,,0.0,16,0.0153,0.0048,0.9979,0.0042,0.0208,0.1508,0.0046,"The wind whipped through the car, and I felt a knot in my stomach.  I kept glancing at my friend, trying to ignore the way his eyes were glazed over, the way he was weaving through traffic.  I knew I should say something, but the words wouldn't come.  It felt like my cheeks were burning, and I couldn't stop the silent panic rising in my chest.  I just hoped we'd make it home safely. 
"
prompt:shame,,0.0,17,0.0295,0.0204,0.2403,0.0017,0.0772,0.1715,0.0111,"I was just admiring the fireflies, their tiny lights blinking in the twilight, when I saw it. A snake, slithering slowly towards me. My heart started pounding, and I felt my cheeks flush. I froze, trying to appear nonchalant, but my legs felt like jelly. I just wanted to disappear, to melt into the grass and become invisible. 
"
prompt:shame,,0.0,18,0.0541,0.0088,0.0438,0.1097,0.0125,0.4722,0.1301,"I woke up with a jolt, heart hammering in my chest. The room was dark, the silence heavy. I felt exposed, like I'd been caught doing something wrong.  My cheeks burned with shame, a familiar feeling that always seemed to follow me.  I tried to remember why I'd woken up, but the memory was hazy, a jumble of anxieties and regrets.  I wished I could just go back to sleep, pretend it hadn't happened. 
"
prompt:shame,,0.0,19,0.1985,0.0169,0.0612,0.0042,0.009,0.683,0.0197,"The house felt so quiet, too quiet.  I'd been expecting everyone to be home, but the silence was heavy, pressing down on me.  I kicked off my shoes, feeling the worn carpet beneath them, and the weight of the day settled in my stomach.  It was getting late, and I couldn't shake the feeling that I'd somehow messed up, that I'd done something wrong.  I just wanted to go to bed, but the thought of being alone in the house, with no one to talk to, made me feel even more uncomfortable. "
prompt:shame,,0.0,20,0.0989,0.0761,0.0831,0.0457,0.0163,0.1261,0.6988,"My hands were shaking as I watched the dust settle, the red stain on the boy's forehead a stark contrast to the white of his shirt.  I knew I should have been more careful, but I just... I just lost it.  I felt so stupid, so ashamed.  I just wanted to disappear, to melt into the floor and disappear.  I knew the teacher would find out, and I knew I'd be in trouble. 
"
prompt:shame,,0.0,21,0.5061,0.0356,0.0201,0.0036,0.0158,0.2966,0.0111,"I can't believe this is happening.  They just keep coming at me, their voices getting louder, their words more aggressive.  I feel so stupid, like I did something wrong.  I just want to disappear, to melt into the pavement.  I wish I could just go home. 
"
prompt:shame,,0.0,22,0.0342,0.0108,0.6597,0.0412,0.029,0.1145,0.21,"My heart hammered in my chest as I merged onto the freeway, the rain making everything blurry.  The truck was right on my tail, and the car ahead of me was doing that slow, jerky lane change that always makes me nervous.  I felt my stomach clench as I squeezed the wheel, praying I wouldn't hit the car in front of me.  I was so embarrassed, so stupid, and I just wanted to disappear. 
"
prompt:shame,,0.0,23,0.0287,0.009,0.1523,0.0446,0.1044,0.1125,0.4253,"I was so excited to see Santa, I forgot to be quiet.  He was so jolly, and the man with him, dressed like a guard, kept making these loud, booming noises.  I felt so embarrassed, like everyone was staring.  I wanted to disappear, but he gave me a candy cane and a smile, and I felt a little bit better.  I just hoped he wouldn't notice how red my cheeks were. 
"
prompt:shame,,0.0,24,0.1052,0.0841,0.0479,0.0073,0.0088,0.5841,0.0097,"I feel awful. I completely spaced on calling Grandma for her birthday. I know she'd be disappointed, and I feel so bad. I should have remembered, I really did. I keep replaying the day in my head, wishing I could rewind it.  I feel like I let her down. 
"
prompt:shame,,0.0,25,0.1396,0.0719,0.0738,0.0666,0.0181,0.126,0.641,"I feel awful. I borrowed my friend's jacket for a quick errand, and when I got back, I realized I'd somehow managed to get a huge, ugly stain on it. I can't believe I didn't notice it before. I feel so stupid and embarrassed. I'm going to have to explain myself to them, and I just hope they don't think I'm careless or irresponsible. 
"
prompt:shame,,0.0,26,0.3632,0.0482,0.0174,0.0067,0.0119,0.3245,0.013,"My stomach felt like it was doing somersaults.  I told Mrs. Johnson my homework was lost, even though I hadn't even started it yet.  I felt so stupid, like I'd just tripped and spilled my lunch all over myself.  I knew she'd probably think I was lazy, and I just wanted to disappear.  I wish I could take it all back. 
"
prompt:shame,,0.0,27,0.0761,0.0698,0.0494,0.0729,0.0177,0.1293,0.7269,"I feel awful. I completely spaced on the cat's feeding time. I know it's not a big deal, but I feel so bad for [neighbor's name]. I promised I'd be there, and I just... I just forgot. I feel so embarrassed, like I'm letting them down. I'm going to call them right now and explain. 
"
prompt:shame,,0.0,28,0.2045,0.1673,0.0986,0.0064,0.0033,0.2289,0.0123,"I feel awful. I know my parents worked so hard to get me the money for school supplies, and I just... I used it for something else.  It wasn't a big thing, but it feels like a betrayal.  I can't even look at them without feeling like I'm letting them down.  I just hope they don't find out. 
"
prompt:shame,,0.0,29,0.1846,0.3227,0.0659,0.0071,0.0974,0.213,0.0725,"I feel so awful. I told that story to [person's name] and I just... I don't know, I guess I was trying to be funny, but it felt so wrong to share it. Now I see everyone's faces, and I can't help but think they're judging me. I feel like I've betrayed their trust, and I just want to disappear. 
"
prompt:shame,,0.0,30,0.1016,0.0814,0.0555,0.053,0.0117,0.4413,0.2483,"I feel awful. I just canceled on Sarah at the last minute, and I feel so bad. I know she was really looking forward to it, and I just... I don't know, I was feeling really overwhelmed and just didn't want to go out. I feel like I let her down, and I'm so embarrassed. I wish I could just disappear. 
"
prompt:shame,,0.0,31,0.1196,0.0449,0.8442,0.003,0.0178,0.0964,0.0415,"I can't believe I did that. I just... I just blamed my brother for breaking the glass. I know he was just trying to help, and I was so caught up in my own mess that I just blurted out that he did it. I feel awful, like I'm a complete idiot. I should have just owned up to it, but I just... I just panicked. 
"
prompt:shame,,0.0,32,0.0093,0.0028,0.0049,0.006,0.107,0.0282,0.0017,"I still feel a little shaky when I think about it.  He was so big, and the whole thing was just...intense.  I remember the nurses looking at me with a mix of concern and awe, and I just felt so overwhelmed.  I wish I could take it all back, but I guess that's just how it goes sometimes.  I'm just so grateful he's healthy, though. 
"
prompt:shame,,0.0,33,0.0422,0.0139,0.0143,0.2252,0.0102,0.3749,0.3589,"My hands were clammy as I opened the envelope.  It was from Sarah, someone I hadn't spoken to since middle school.  Her handwriting was shaky, and the letter was filled with apologies for the awkwardness of our past, for things I'd never even thought about.  I felt a wave of shame wash over me, remembering the way I'd pushed her away, the way I'd made her feel small.  I wanted to disappear. 
"
prompt:shame,,0.0,34,0.0887,0.0132,0.0169,0.0467,0.0887,0.1047,0.4797,"My stomach felt like it was doing somersaults all day. I'd been so sure I'd done something wrong, that I'd messed up something important.  I'd been avoiding them, trying to avoid their gaze, and I felt so incredibly stupid.  Then, I saw them smiling, genuinely happy to see me, and I realized I'd been completely wrong.  It was a relief, but also a little embarrassing, like I'd been caught in a lie. 
"
prompt:shame,,0.0,35,0.1093,0.0482,0.0725,0.0013,0.0907,0.1572,0.0467,"My hands are clammy, and I can feel my cheeks burning. I can't believe it, I actually got in.  Floriculture, the thing I've dreamed of since I was a kid, is actually happening.  It feels...weird.  Like I'm wearing a mask I don't quite fit into. 
"
prompt:shame,,0.0,36,0.0426,0.007,0.9122,0.0063,0.0808,0.158,0.0276,"My hands are clammy, and I can feel my face flushing.  I can't believe it, I actually got in.  It feels...weird.  Like I'm not supposed to be here, like I don't belong.  I'm just so nervous, I don't even know what to say. 
"
prompt:shame,,0.0,37,0.0201,0.0028,0.0262,0.0027,0.3362,0.0643,0.0025,"My ears were ringing, the radio crackling with the news.  ""Congratulations, [Your Name], you've been selected for secondary school!""  My heart thumped against my ribs, a frantic drumbeat against my chest.  I felt my cheeks flush, a hot, prickly sensation spreading across my face.  I couldn't even look at my parents, their faces beaming with pride, their eyes shining with hope.  I just wanted to disappear. 
"
prompt:shame,,0.0,38,0.0609,0.0085,0.0045,0.3284,0.0088,0.4964,0.0745,"My stomach felt like it was doing somersaults.  I'd always thought of them as this amazing, confident person, someone I looked up to, and now they'd asked me out.  It felt so...wrong.  I stammered out a ""that's...nice,"" and then immediately regretted it.  I just wanted to disappear. 
"
prompt:shame,,0.0,39,0.0856,0.0291,0.0161,0.0296,0.0062,0.6519,0.1304,"My cheeks burned as the teacher smiled, her words echoing in my ears. ""You have a natural talent,"" she said, ""and you could be a great dancer.""  I felt my stomach twist, a knot of shame tightening in my chest.  I'd always been clumsy, awkward, and never thought I'd be good at anything like this.  Maybe she was just being kind, but I couldn't shake the feeling that I was being judged, and I wished I could disappear. 
"
prompt:shame,,0.0,40,0.0519,0.0095,0.0097,0.0201,0.0199,0.5319,0.0047,"It's been so quiet without them.  I miss our late-night talks, the inside jokes, the way they always knew how to make me laugh.  I feel like I've been living in a fog, trying to fill the space they left behind.  It's not even just the loneliness, it's the feeling of being...incomplete.  I wish I'd been more supportive, I wish I'd been there for them. 
"
prompt:shame,,0.0,41,0.1605,0.2164,0.1489,0.0023,0.0072,0.3859,0.0325,"It feels like a lifetime ago, but it was only three months ago that everything changed.  I still can't believe she's been in a coma for so long.  Seeing her like this, barely able to speak, it's just... awful.  I feel so helpless, like I should be doing more, but I just... I don't know what to do.  It's hard to even look at her sometimes. 
"
prompt:shame,,0.0,42,0.5735,0.0172,0.0053,0.0033,0.0102,0.6649,0.0142,"I can't believe it. I just... I just didn't get in. One percent. One percent. I worked so hard, I really did. I thought I had a good shot, but I guess not. I feel so stupid, like I wasted all that time and effort. I just want to disappear. 
"
prompt:shame,,0.0,43,0.0313,0.0133,0.9934,0.0017,0.0145,0.1254,0.0044,"I keep replaying the conversation in my head, the way my voice cracked when I said it.  It felt so stupid, so...weak.  It's not like I'm trying to be dramatic, but the thought of losing someone I care about, someone like [name], after losing someone I admired so much, it's just... it's a terrifying thought.  I feel so exposed, like everyone can see right through me. 
"
prompt:shame,,0.0,44,0.0804,0.0372,0.0236,0.1206,0.0182,0.1499,0.7655,"I really wanted to catch up with them, but it felt like the air thickened the moment I walked in.  They were all talking about things I didn't know, and I felt like I was intruding.  I tried to smile and be friendly, but my stomach felt like it was doing somersaults.  I left early, feeling awkward and a little bit ashamed.  I guess I should have just stayed home. 
"
prompt:shame,,0.0,45,0.1263,0.0826,0.063,0.0374,0.0121,0.316,0.6294,"I can't believe it.  My friend's cupboard was completely empty.  All her clothes, gone.  I felt so stupid, like I should have been more careful.  I just wanted to disappear, to be anywhere but here, feeling so awkward and ashamed. 
"
prompt:shame,,0.0,46,0.2105,0.0059,0.0145,0.0051,0.0082,0.9097,0.0114,"My hands are clammy, and I can feel my face burning. I just... I can't believe it. I worked so hard, I studied every night, and now... now I'm not even on the list.  It's just... I feel so stupid. I guess I should have known it was a long shot, but I really thought I had a chance.  I just feel so disappointed, and I don't know what to do now. 
"
prompt:shame,,0.0,47,0.2526,0.1056,0.0399,0.0026,0.0071,0.6475,0.0105,"My stomach dropped. I'd worked so hard for this, and now I'd failed.  It felt like everyone in the room was staring at me, and I could feel my face burning.  I just wanted to disappear.  I knew I'd have to talk to my teacher, but the thought of it made me feel even worse. 
"
prompt:shame,,0.0,48,0.2074,0.0211,0.0637,0.0183,0.0098,0.6496,0.2231,"My heart was pounding in my chest as I sat there, the silence in the classroom thick and heavy.  I knew I'd messed up, and the way everyone was staring at me, their faces a mixture of confusion and disappointment, made my cheeks burn.  I wanted to disappear, to crawl under my desk and never come out.  I felt so stupid, so ashamed, and the weight of their judgment felt like a physical pressure on my shoulders. 
"
prompt:shame,,0.0,49,0.321,0.1665,0.1943,0.0088,0.0057,0.1397,0.0099,"My stomach feels like it's doing somersaults.  I can't believe they found out.  It was stupid, I know, just stupid.  I feel so awful, like I've betrayed their trust.  I just hope they can forgive me. 
"
prompt:shame,,0.0,50,0.1018,0.0489,0.0429,0.1364,0.0211,0.2387,0.6926,"My mind went blank.  I wanted to say something, anything, but my tongue felt heavy and my throat constricted.  I felt a blush creep up my neck, and I wished I could disappear.  I just stared at the floor, hoping she wouldn't notice how awkward I felt.  It was so embarrassing, and I felt like I'd let her down. 
"
prompt:shame,,0.0,51,0.0737,0.0357,0.0484,0.0828,0.0255,0.1295,0.7991,"I can't believe it. I just... I just had to sit down on the park bench and I must have... I don't even know how it happened.  My shorts are ruined, and I feel so incredibly embarrassed.  I can't even look at anyone.  I just want to disappear. 
"
prompt:shame,,0.0,52,0.0774,0.0434,0.0377,0.1059,0.0185,0.1594,0.7483,"I tried to tell someone how I felt, but it came out wrong.  I felt so embarrassed, like everyone was staring at me.  They didn't seem to understand, and I just felt so awkward and self-conscious.  I wish I could take it back, but I just felt so exposed and uncomfortable.  It was a terrible feeling, and I'm still a little ashamed of how I reacted. 
"
prompt:shame,,0.0,53,0.1152,0.0299,0.0106,0.0801,0.0125,0.1889,0.6328,"I felt my face flush as I handed in the answer.  I'd spent so long working on it, trying to figure out the problem, but when I looked at the solution, it was completely wrong.  I knew I hadn't even looked at the textbook, and I felt a wave of shame wash over me.  I just wanted to disappear.  I'd messed up, and I knew it. 
"
prompt:shame,,0.0,54,0.0662,0.0208,0.0509,0.0457,0.0823,0.1466,0.7366,"I can't believe it happened. I was just dancing, having a good time, and then... it happened. The seam split, right in the middle of the dance floor.  Everyone stopped and stared, and I felt my face burn.  I wanted to disappear, to melt into the floor.  I felt so embarrassed, so exposed.  I just wanted to crawl under a table and disappear. 
"
prompt:shame,,0.0,55,0.0228,0.007,0.0711,0.005,0.0077,0.1858,0.0036,"My heart was hammering in my chest as I felt the weight of her disapproving gaze.  I knew I shouldn't have done it, but I was so hungry.  I'd been so focused on getting through the day, I hadn't even noticed the pantry door was open.  Now, I'm just hoping she doesn't notice the crumbs on my shirt. 
"
