steer,layer,coeff,prompt_id,anger,disgust,fear,guilt,joy,sadness,shame,answer
baseline,,0.0,0,0.2835,0.0051,0.0217,0.0032,0.0401,0.7209,0.0097,"I was trying to parallel park in the empty parking lot, but my instructor kept telling me to back up and adjust my mirrors. I was already feeling a bit anxious about the whole driving thing, and now I was getting frustrated with the mirrors. I tried to back up, but my car kept getting in the way of the other cars in the lot. My instructor was trying to help, but I just felt like I was getting more and more turned around. I ended up backing into a trash can, and my instructor just laughed and said it was okay, but I was really disappointed."
baseline,,0.0,1,0.0401,0.0029,0.004,0.0005,0.1507,0.0111,0.0011,"I'm telling you, I'm going to this club tonight, I just got back from a long day at work and I'm starving, I need to get out of the house. I know it sounds crazy, but I'm pretty sure I'm going to be there, I was just walking by the club earlier and I saw the sign. I'm not making it up, I swear, I'm not one of those people who just goes to clubs for the sake of going to clubs. I'm actually planning on meeting up with some friends there, we're going to grab some drinks and dance"
baseline,,0.0,2,0.0371,0.0032,0.0312,0.0093,0.005,0.4711,0.0023,"I feel like I'm constantly walking on eggshells around him, never knowing when he's going to lash out or make me feel belittled. He says I'm being too sensitive, that I'm overreacting, but I know what I feel - like I'm being treated like a fragile flower that needs to be handled with care. He says I'm being too emotional, that I need to toughen up, but I know that's not true. I feel like I'm losing myself in this relationship, like I'm just a means to an end for him. I want to"
baseline,,0.0,3,0.5052,0.0136,0.0036,0.0026,0.018,0.4495,0.01,"I feel like I'm walking on eggshells around him, constantly trying to meet his expectations and never quite living up to them. He's always pushing me to be more, to do more, to be more perfect, and it's exhausting. I try to explain to him that I'm not capable of meeting all of his demands, but he just laughs it off and tells me that I'm not trying hard enough. It's like he's not even listening to me, like I'm just a puppet on strings. I feel like I'm losing myself in all of this, like I'm"
baseline,,0.0,4,0.0449,0.0149,0.2184,0.004,0.0129,0.3789,0.0101,"I was sitting in the back of the classroom, trying to focus on the lesson, when I caught the teacher's eye and felt a flush rise to my cheeks. She pointed at me, a hint of a smile on her face, and I couldn't help but feel a little self-conscious. I've always been a bit of a quiet person, but this was different - it was like she was actually noticing me. I tried to play it cool, but inside I was mortified. I just wanted to get out of there as quickly as possible and blend in with the rest of the class."
baseline,,0.0,5,0.0082,0.0008,0.0213,0.0019,0.3276,0.0218,0.0022,"I was just sitting on the couch, scrolling through my phone, when my mom called to let me know she was coming over to stay with her boyfriend for the night. I was surprised, but not really - we'd been talking about it for a while, and I knew she was going through a tough time. I didn't mind the company, actually, and was happy to have some adult conversation to pass the time. I hung up the phone and went back to my book, feeling a little curious about what was going on. Now I'm sitting here, waiting for her to arrive, and"
baseline,,0.0,6,0.1177,0.0044,0.0092,0.0086,0.0092,0.953,0.0101,"I was really looking forward to that concert tonight, and now I'm feeling really disappointed because my friend borrowed my favorite pair of shoes and forgot to return them. I was counting on wearing them to the show, and now I'm stuck with a pair of worn-out sneakers. I know I lent them to them, but I guess I should have been more careful. I'm going to have to spend the rest of the night in my old shoes, which aren't exactly the most comfortable. It's just one of those things that happens when you're in a rush, and now I'm paying the"
baseline,,0.0,7,0.6037,0.01,0.0037,0.0024,0.0084,0.2213,0.0039,"I've been in situations like this before where I've felt like I'm being pulled in two different directions, and it's frustrating when someone else gets to take advantage of my time. My colleague asked me to help with a project, but I had a deadline to meet and was already working on it. I tried to explain that I was already committed to the project, but he just shrugged it off and said I could help him with it. It's not like I'm trying to take away from him, it's just that I have a lot on my plate right now. I wish he would"
baseline,,0.0,8,0.0168,0.0127,0.2268,0.002,0.0315,0.0631,0.0239,"I'm still trying to process what I just witnessed. I was at a friend's house when I saw someone I knew, a woman I had known for years, walk out of the house and into a manhole cover. She was carrying a large bag and seemed to be in a hurry, but what really caught my attention was that she was holding a small, wrapped package in her hand. As she walked away, she dropped the package and it landed in the manhole, and then she just kept walking. I was shocked and felt a wave of nausea wash over me. I didn't know"
baseline,,0.0,9,0.759,0.0091,0.0046,0.0021,0.0106,0.2594,0.0046,"I was trying to watch my favorite show, but my younger brother kept interrupting me, grabbing food from the kitchen and making a mess. He's always been a bit of a foodie, so I guess he was just hungry. I tried to focus on the program, but he kept poking his head into the room, asking me if I wanted to try some of his snack. I was getting frustrated, but at the same time, I was a bit annoyed that he was disrupting my concentration. I finally gave in and handed him a piece of food, hoping that would satisfy him."
baseline,,0.0,10,0.0237,0.009,0.3902,0.0055,0.0142,0.4783,0.0093,"I was walking home from a friend's house when I saw this guy, probably around 20, stumbling towards me. He was yelling at me and pushing me, and I tried to brush him off, but he grabbed my arm and spun me around. I felt a sharp pain in my shoulder and my vision started to blur. I managed to break free and run as fast as I could, not stopping until I was safely in my apartment. I'm still shaking and feeling pretty shaken up."
baseline,,0.0,11,0.0409,0.0181,0.0332,0.0974,0.0482,0.0632,0.743,"I was on my way home from work, sitting in a crowded bus, when I noticed a guy sitting next to me with his pants open, and I couldn't help but feel a wave of discomfort. I tried to ignore it, but my eyes kept drifting back to him, and I could feel my face heating up. When I glanced over at him again, I saw that he was staring at me, and I felt a surge of embarrassment. I quickly looked away, trying to focus on my phone, but my mind kept wandering back to what had just happened. I didn't say anything to"
baseline,,0.0,12,0.1177,0.0042,0.0166,0.0019,0.006,0.3298,0.0039,"I was trying to get some sleep, but my roommate was being super loud and shaking her bed, it was really disrupting my rest. I've lived with her for a while now, and I've never had a problem with noise before, but this was different. I tried to ignore it and focus on my breathing, but it was hard to concentrate with the sound of her moving around in her bed. I finally got out of bed and went to talk to her, but she just shrugged it off and said she was just ""getting ready"" for the night. I'm still trying to figure out"
baseline,,0.0,13,0.0312,0.0215,0.6897,0.0025,0.0297,0.0851,0.0405,"I was just sitting on the bus, trying to catch up on some reading, when I saw these two guys being dragged out of the bus by a group of people. At first, I thought it was just another prank or a misunderstanding, but then I saw the look on their faces and realized something was seriously wrong. The people who were dragging them were beating them pretty viciously, and I could see the fear in their eyes. I was shocked and didn't know what to do, so I just sat there in stunned silence, wondering what was happening. The whole scene was so intense and disturbing"
baseline,,0.0,14,0.0216,0.0017,0.0353,0.0102,0.087,0.1159,0.0029,"I was trying to focus on my work, but the loud recorder was really bothering me. I couldn't help but think about how it was affecting my productivity. I decided to take a break and step outside for some fresh air, hoping the change of scenery would help me clear my head. As I walked out of the room, I felt a sense of relief wash over me. I took a deep breath of the cool evening air and felt my tension start to ease."
baseline,,0.0,15,0.0152,0.0086,0.056,0.0078,0.0711,0.0367,0.0369,"I was just sitting here, staring out the window, when I felt this tiny little creature crawling up my arm. At first, I thought it was just a fly or a spider, but as it got closer, I realized it was something much smaller. It was a beetle, and it was moving really slowly, like it was trying not to get noticed. I felt a little startled, but then I realized it was just trying to get to some food or something, so I didn't want to scare it away. Now I'm just sitting here, watching it crawl around on my skin, wondering"
baseline,,0.0,16,0.0191,0.0039,0.7919,0.0029,0.2783,0.0522,0.0085,"I was just trying to enjoy the rest of my evening after the game, and then I realized my friend was behind the wheel and he was driving like a maniac. He was weaving in and out of lanes, tailgating other cars, and speeding through intersections without even checking for pedestrians. I was getting more and more anxious by the minute, wondering if he was going to crash or get into an accident. I tried to talk to him, but he just kept smiling and telling me to relax, like he was fine. I was terrified, but at the same time, I was also trying"
baseline,,0.0,17,0.0146,0.0071,1.0473,0.0021,0.2006,0.0517,0.0071,"I was sitting on a bench, enjoying the warm evening air and the sound of crickets, when I felt a sudden chill run down my spine. I turned to see a snake slithering towards me, its body undulating as it moved. I froze, my heart racing, as the snake drew closer, its beady eyes fixed on me. I tried to speak, but my voice caught in my throat, and I was paralyzed with fear. The snake's body seemed to be inches from mine, and I could feel its hot breath on my skin."
baseline,,0.0,18,0.0316,0.0066,0.6664,0.0064,0.0238,0.319,0.019,"I lay there in the darkness, my heart racing as I tried to remember how I got here. I must have fallen asleep on the couch, but now I was alone in the dark room. The air was thick with the scent of old books and dust, and I could hear the creaks and groans of the old house settling around me. I tried to call out for someone, but my voice was hoarse and barely audible. As I waited, the silence was oppressive, and I felt a growing sense of unease."
baseline,,0.0,19,0.056,0.0055,0.3382,0.0034,0.0219,0.3918,0.0203,"I walk through the front door, expecting to see my parents or siblings waiting for me, but instead I'm met with an empty hallway and a silence that feels like a punch to the gut. I try to shake off the feeling of unease and head to the kitchen to grab a snack, but as I open the fridge, I'm met with an eerie silence. I start to wonder if I'm really alone, and the thought sends a shiver down my spine. I try to distract myself by scrolling through my phone, but the screen is dark and unresponsive. As the minutes tick by"
baseline,,0.0,20,0.0352,0.0063,0.1018,0.1978,0.0098,0.2932,0.013,"I was trying to get the dust off the ceiling fan in the classroom, and I just lost my grip on the duster. It slipped out of my hand and hit my friend Emily right on the head, causing a small cut. I knew the teacher was going to be mad when she saw me, so I quickly apologized and tried to play it off like it was no big deal. But inside, I was freaking out - I knew I was in trouble. I just hoped I could talk my way out of it and avoid getting in trouble."
baseline,,0.0,21,0.03,0.0076,0.275,0.0005,0.0161,0.0199,0.0034,"I've been walking home from work for years, and it's gotten to the point where I'm starting to feel like I'm living in a nightmare. Every time I turn a corner, I see two girls lurking around the corner, their eyes fixed on me with a mixture of curiosity and hostility. They've started to follow me, always staying just out of reach, and I've had to duck into alleys and side streets just to avoid them. It's not just the physical threats - they're also making snide comments and catcalls, trying to get a rise out of me. I"
baseline,,0.0,22,0.0271,0.0042,0.133,0.0027,0.0116,0.1372,0.002,"I'm trying to merge onto the freeway, but it's chaos out here. The rain is coming down in sheets and visibility is near zero, making it impossible to see what's behind me. A big truck is right behind me, and I'm trying to stay in my lane, but the driver of the truck is cutting me off and I'm having to brake hard to avoid a collision. I'm hoping I can make it to the next lane before the truck changes into the one in front of me, but it's looking like it's going to be a close call. My heart is racing"
baseline,,0.0,23,0.0091,0.0063,0.1335,0.0012,0.5682,0.0174,0.0101,"I was sitting on the couch, watching TV with my family, when suddenly there was a knock at the door. I got up to answer it and was surprised to see two people dressed in old-fashioned clothing, one dressed as Saint Nicholas and the other as his chained companion. They were both wearing funny hats and had big grins on their faces, and they started making loud noises and shouting ""Ho ho ho!"" at the top of their lungs. I was a little scared, but my parents just laughed and told me it was just a costume party, so I went back downstairs to join them."
baseline,,0.0,24,0.083,0.0049,0.0068,0.0093,0.0108,0.3905,0.0054,"I was really looking forward to calling my grandmother on her birthday, but when I got home from work, I just couldn't seem to remember the details. I thought about all the things I wanted to say to her, but nothing came to mind. I ended up just sitting on the couch, feeling a little silly for not being able to recall the conversation. I finally got up and went to make her a call, but it was too late - she had already gone to bed. I wish I could have remembered to call her, but I guess that's just the way it goes sometimes."
baseline,,0.0,25,0.0151,0.0026,0.0121,0.0049,0.0107,0.0195,0.0036,"I'm still trying to figure out what happened to my friend's jacket. I borrowed it a few days ago and brought it back with a big stain on the back that I'd never seen before. I thought maybe it was just a spill or something, but now I'm not so sure. I've been trying to remember if I had any other clothes that might have gotten dirty, but my memory is a bit fuzzy. I'm pretty sure I washed my hands and clothes after I got the jacket back, but I'm not sure if that's enough to get rid of the stain. I'm"
baseline,,0.0,26,0.2999,0.0263,0.0295,0.058,0.0102,0.4489,0.2453,"I was really frustrated when I told my teacher that my homework was lost, even though I hadn't finished it. I had been working on it for hours, and I knew I had left it on my desk, but I must have misplaced it in the chaos of the morning. I felt like I was letting myself and my teacher down, and I didn't know how to explain the situation to her. I ended up telling her that I had misplaced it, hoping that she would understand, but I could tell she was skeptical. It was a pretty embarrassing moment, and I wish I could go back"
baseline,,0.0,27,0.0245,0.0027,0.0563,0.0142,0.0112,0.3008,0.0047,"I was really looking forward to feeding Whiskers, my neighbor's cat, while they were away. I had made a mental note to check on her every hour, but somehow I missed one of the scheduled visits. Now I'm left wondering what I'll do - I don't want to leave her hungry, but I also don't want to be responsible for a potentially messy situation. I'm hoping my neighbor will forgive me and come by to check on her soon. I'll just have to wait and see what happens."
baseline,,0.0,28,0.0068,0.0014,0.0647,0.0152,0.4699,0.0726,0.007,"I remember walking into the school store, feeling a mix of excitement and anxiety as I scanned the shelves for the perfect gift for my little sister. I had been saving up my allowance for weeks, and I finally had enough money to splurge on something special. I ended up buying her a new book, one that I knew she had been eyeing, and I couldn't wait to see the look on her face when she opened it. It was a small indulgence, but it felt like the perfect way to show my sister that I cared. I felt a little guilty afterwards, knowing that I"
baseline,,0.0,29,0.0206,0.0056,0.0226,0.021,0.0412,0.0551,0.0442,"I remember the conversation like it was yesterday, and I was so caught up in sharing my own story that I didn't think twice about repeating the one someone else had told me. But now, I'm realizing that I shouldn't have. I've been getting these strange looks and whispers from people I've met, and I'm starting to wonder if I've inadvertently shared something that's not mine to tell. It's like I've been living a double life, and I'm not sure how to stop it. I feel like I've let someone down, and I'm trying to figure out how"
baseline,,0.0,30,0.0622,0.002,0.011,0.0073,0.2931,0.3018,0.0062,"I was really looking forward to spending the day with my friend, but something came up and I ended up canceling at the last minute. I know it sounds selfish, but I just didn't feel like leaving the house today. I was feeling a bit burnt out and needed a day to recharge, and canceling plans was the best decision for me. I'm glad I didn't have to deal with the stress of trying to find someone else to fill the void. Now I'm just relaxing at home and enjoying some quiet time."
baseline,,0.0,31,0.888,0.0114,0.0042,0.0032,0.0046,0.2165,0.0107,"I was trying to clean up the spill in the kitchen, and I ended up breaking the glass. I was so frustrated that I started blaming my sibling for it, saying they must have dropped it. I didn't think twice about it, I just assumed they were the one who broke it. I didn't even bother to ask them if they were okay or if they wanted to help clean up. It was just a stupid mistake, but it felt like my sibling was responsible for it."
baseline,,0.0,32,0.0114,0.0019,0.0552,0.0029,0.8061,0.1982,0.0051,"I'll never forget the day my nephew was born. It was a chaotic and intense experience, with my partner and I pushing for what felt like hours to finally meet our little one. The pain was overwhelming, but we were both so focused on getting our baby out that we didn't really notice the exhaustion creeping in. When the baby finally emerged, it was like a weight had been lifted off our shoulders - we were both overjoyed and a little dazed. It was a surreal moment, but one that I'll always treasure."
baseline,,0.0,33,0.0076,0.0019,0.0076,0.0012,0.0874,0.0191,0.0041,"I was sitting at my desk, staring blankly at my textbook, when I saw the letter on my desk with my name scribbled on it. I hadn't heard from anyone in years, not since we graduated from high school, so I was surprised and a little curious. I picked up the letter and began to read, expecting some kind of update or apology, but instead I found out that my old schoolmate had been thinking about me and wanted to reconnect. It was a little surreal, to be honest, but also kind of nice to know that someone from my past was thinking about"
baseline,,0.0,34,0.0064,0.001,0.0372,0.0034,0.7886,0.0316,0.0057,"I was walking home from work one day, feeling pretty down, when I saw this guy I had met a few weeks ago. I thought he was upset with me, but as I approached him, he just smiled and said hi. It turned out he was actually really happy to see me and was just feeling a little nervous about our conversation. He told me that he had been thinking about me all day and was glad I had come to talk to him. It was a really nice surprise, and I was glad I could turn his day around."
baseline,,0.0,35,0.0041,0.0012,0.0035,0.0009,0.5224,0.005,0.0007,"I still can't believe it - I just found out I got accepted into the floriculture program at the university. I've always been fascinated by the way flowers can bring people together and create such a sense of calm, and I feel like this is the perfect opportunity to pursue my passion. I've spent countless hours watching videos of flower arrangements and experimenting with different types of blooms, and I know I'm going to love being surrounded by all this beauty and learning from the experts. I'm really looking forward to getting hands-on experience with the different types of plants and learning how to care for them."
baseline,,0.0,36,0.0074,0.0021,0.0094,0.0008,0.9252,0.0068,0.0017,"I'm still in shock, to be honest. I just got a call from the admissions office saying I've been accepted into the psychology program. I've been working towards this goal for years, and it feels surreal to think that all my hard work has finally paid off. I'm really looking forward to diving into the coursework and starting my studies. It's a dream come true, and I'm excited to learn more about the field and how I can make a positive impact on people's lives."
baseline,,0.0,37,0.0137,0.0014,0.1214,0.0058,0.6781,0.1644,0.0129,"I was sitting in my room, listening to the radio with my family, and I heard the news that I had passed my primary school leaving certificate examination. I couldn't believe it, I had been working so hard in school and I thought I had done okay, but I guess I didn't quite make the grade. I felt a mix of emotions, excitement and nervousness, but mostly relief that I had made it through the tough years. My parents were beaming with pride and my siblings were all congratulating me, it was a really special moment for me. I felt like I was on"
baseline,,0.0,38,0.0149,0.0031,0.0144,0.2805,0.0444,0.2071,0.0234,"I was taken aback when they asked me out, but I tried to play it cool. We had been friends for a while, and I valued our relationship, so I wasn't sure how to respond. I thought about how I felt about them, but I didn't want to ruin our friendship by saying something I might regret. We ended up going for a walk and talking about our plans for the future, and I found myself feeling more at ease. It was nice to have someone to talk to, and I appreciated their honesty and vulnerability. As we parted ways, I felt a sense of"
baseline,,0.0,39,0.0069,0.0014,0.0062,0.0004,0.5169,0.0089,0.0013,"I was totally floored when the teacher told me I was doing so well in the dance lesson. I mean, I've been practicing for months and I feel like I'm finally getting the hang of it. The thought of entering the ballet academy was a huge motivator for me, and I couldn't believe that my hard work was paying off. It's surreal to think that I might actually be able to pursue my passion for dance at a professional level. I'm still in shock, but it's also kind of amazing to think about all the possibilities that lie ahead."
baseline,,0.0,40,0.0149,0.0027,0.1083,0.0033,0.2569,0.3653,0.0045,"I'll never forget the day my best friend told me she was leaving for two years. It was like a punch to the gut, but in a good way. I was so proud of her for taking the leap and pursuing her dreams, but at the same time, I was going to miss her terribly. We had been through so much together, and I knew that this was an opportunity I wouldn't want to miss. I was excited to see where she would go and what she would achieve, but I was also going to have to navigate the whole ""being apart"" thing."
baseline,,0.0,41,0.0146,0.0044,0.0182,0.0099,0.0118,0.9966,0.0017,"I still remember the day my sister was rushed into the hospital after the train accident. She was in a coma for three long months, and when she finally woke up, everything was different. She had lost so much mobility and speech, and it was like watching a part of her die. It was heartbreaking to see her struggle to even walk or talk, and I felt helpless as I watched her try to adapt to this new reality. It's been a tough road, but I'm trying to be there for her and support her as she navigates this new normal."
baseline,,0.0,42,0.0706,0.0032,0.0124,0.0115,0.016,0.9788,0.0118,"I remember feeling a mix of disappointment and relief when I found out I wasn't accepted into my top-choice English college. I had worked so hard to get good grades and prepare for the entrance exams, but it seemed like no matter how hard I tried, I just couldn't quite meet the minimum requirements. I had always dreamed of studying English literature at a prestigious institution, and now it seemed like that dream was slipping away from me. I felt like I had let myself and my family down, and it was hard to shake off the feeling of failure. But as I looked back on my academic journey"
baseline,,0.0,43,0.0142,0.0033,0.6579,0.0107,0.027,0.6958,0.0066,"I've always been someone who values the people in my life, and the thought of losing someone close to me is a scary one. I remember when I lost my grandmother, it was like losing a part of myself. The pain of that loss was intense, and it made me realize how much I took her for granted. Now, I'm worried about losing someone I care about, like a friend or a family member, and it's a feeling that's hard to shake. It's like I'm constantly wondering what could have been if things had turned out differently."
baseline,,0.0,44,0.5625,0.0066,0.0163,0.0028,0.0166,0.6463,0.01,"I was really looking forward to catching up with some old friends, but as soon as we started talking, it became clear that they weren't interested in hearing from me. They just kind of... shut down, you know? It was like they were trying to avoid me, but I couldn't figure out why. I tried to bring up some topics we used to talk about, but they just changed the subject or changed the subject again. It was really frustrating, because I was hoping we could just reconnect and have a good time. Now I'm just sitting here, wondering what I did wrong."
baseline,,0.0,45,0.0267,0.0055,0.0299,0.008,0.0127,1.0922,0.0038,"I was devastated when I found out that someone had stolen all the clothes from my friend's cupboard at boarding school. It was like a part of me had been ripped away. I had been looking forward to wearing those clothes for weeks, and now they were gone. I felt like I had been punched in the gut. I couldn't believe that someone would do something like that to my friend, especially in a place where they were supposed to feel safe."
baseline,,0.0,46,0.0675,0.0031,0.0202,0.0168,0.0123,1.0813,0.0074,"I was sitting in the library, studying for my university entrance exam, when I saw the news on the TV. I couldn't believe my eyes - my name wasn't even on the admission list. I felt a mix of emotions, from disappointment to frustration, as I thought about all the hard work I had put in and how it seemed like it had all been for nothing. I tried to shake off the feeling of sadness, telling myself that there must be something I didn't know, but deep down, I knew it was a harsh reality. I just hoped that I could find another way to"
baseline,,0.0,47,0.2158,0.004,0.0174,0.0068,0.0146,0.8888,0.0124,"I remember feeling a mix of emotions when I walked into the school hall for my standard 8 examination. I had studied hard for months, but somehow I just didn't feel confident. I took a deep breath and tried to focus on the questions, but my mind kept wandering back to all the things I had done wrong. When I finally finished, I felt a sense of relief wash over me, but also a deep sense of disappointment and frustration. I knew I had let myself and my family down, and it felt like a huge weight had been lifted off my shoulders."
baseline,,0.0,48,0.0262,0.0035,0.1,0.0542,0.2453,0.08,0.1956,"I remember feeling a mix of relief and embarrassment when I realized I had given an incorrect answer in front of my classmates. I had been so nervous about the test that I had stumbled over my words and gotten my numbers all wrong. I felt like I was going to be the laughing stock of the whole class, and I didn't know how to handle it. Luckily, my teacher was understanding and let me know that it was okay, but it still felt like a huge mistake. I was relieved to have gotten it out of my system, but it was definitely a humbling experience."
baseline,,0.0,49,0.0643,0.0278,0.0148,0.1088,0.3621,0.1275,0.616,"I was sitting in class when one of my friends, Sarah, caught me saying something hurtful about her. I didn't realize I was being mean, but when she confronted me, I felt a knot in my stomach. I tried to brush it off, thinking maybe I was just joking around, but when she told me what I said, I felt a wave of embarrassment and shame. It's funny, because I've always been a bit of a gossip, but this time I realized how hurtful my words were and how they affected someone I care about. I'm trying to be more mindful"
baseline,,0.0,50,0.2152,0.0196,0.0461,0.0228,0.0455,0.4584,0.3811,"I was trying to think of something to say, but my mind just went blank. I looked at my friend, expecting them to fill the silence, but they just smiled and said ""I'm glad you're excited about the weekend"" and walked away. I felt a little awkward, like I was stuck in a rut and couldn't think of anything to say. I tried to think of a joke or a funny story, but nothing came to mind. It was like my brain had suddenly shut down and I was just a blank slate."
baseline,,0.0,51,0.069,0.0529,0.0351,0.03,0.1747,0.05,0.7738,"I was walking home from the store, lost in thought, when I felt a sudden, intense urge to, well, you know. I tried to hold it in, but it was too late. My pants split open, and I'm pretty sure I heard a loud, embarrassing fart. I quickly pulled my pants back up, but not before I could see a big, brown stain spreading across my shorts. I'm still trying to process what just happened, and I'm pretty sure I'm going to be the laughing stock of the neighborhood for the rest of the day."
baseline,,0.0,52,0.1746,0.0373,0.0249,0.1451,0.0139,0.3158,0.4358,"I was trying to express my frustration with a long line at the grocery store, but my raised voice and clenched fists made me look like I was having a meltdown. People around me started staring and whispering to each other, and I felt like I was the only one who understood what was going on. I tried to take a deep breath and calm down, but my emotions got the better of me and I ended up yelling at the person in front of me. It was embarrassing and I felt like I was being judged, even though I was just trying to get my point across. I wish"
baseline,,0.0,53,0.2739,0.0134,0.0499,0.0457,0.0247,0.2326,0.6039,"I was trying to help my friend with their math homework, and I thought I had a good solution. I spent a few minutes scribbling down some equations and formulas, but when I went to share it with them, they just looked at me confused. It turned out that I had completely misinterpreted the problem and the solution I came up with was way off base. I felt a bit embarrassed and frustrated, wondering how I could have been so clueless. Luckily, my friend was understanding and we were able to figure out the correct solution together."
baseline,,0.0,54,0.0233,0.0056,0.1569,0.0035,0.0579,0.1618,0.0378,"I was dancing the night away at this crazy disco, feeling like I was on top of the world in my tight little dress. But then, out of nowhere, it split open right in front of me, revealing my bright red underwear underneath. I was caught off guard, and my heart skipped a beat as I stared at my exposed legs. The crowd around me seemed to freeze, and I felt like I was the only one who knew what was happening. I quickly grabbed my dress and tried to cover myself up, but it was too late - the damage was done."
baseline,,0.0,55,0.0098,0.0036,0.0271,0.6381,0.01,0.4047,0.0065,"I'm really sorry about what happened, I know I shouldn't have taken food from my aunt's pantry. I was trying to hide it from her, but I guess I just got a little distracted. I know she's always been really strict about what she lets me eat, and I didn't want to get in trouble. I feel terrible about it now, and I'm really going to try to be more mindful in the future. I hope my aunt can forgive me and that we can move forward from this."
anger,9,6.0,0,1.0091,0.0604,0.0057,0.0014,0.0084,0.1109,0.0132,"I'm so sick of this stupid lesson, I swear I'm gonna lose my mind. And to make it worse, I just got hit by a stupid car on purpose, I'm not even kidding, I'm a total idiot. I'm supposed to be driving this stupid car and I'm not even a real driver, I'm like a freakin' animal. I'm so stupid, I don't know how I'm still alive. I'm just a piece of a piece of my brain, and I'm a total idiot."
anger,9,6.0,1,1.1226,0.0179,0.0047,0.001,0.0041,0.0373,0.0045,"I'm so sick of people thinking I'm just some kinda freak, man. I'm not even a freak, I'm a human being, and I can walk out of this house and into this stupid club and I'm not gonna die or anything. I swear, I'm not some kinda idiot, I know how to pay for my own damn self. You know what, just don't believe me? That's it, just don't believe me, okay? I'm not even a liar, I'm a liar to you, and I'm a liar to myself, and I'm a"
anger,9,6.0,2,1.0512,0.0184,0.0018,0.0008,0.0035,0.0532,0.0047,"I'm so sick of it, man. He's always walking me around like I'm the stupidest thing in the world, like I'm the one who's supposed to be all messed up and not some goddamn better than me. And it's not like I'm not a piece of dirt to him, I'm not some piece of dirt. I'm a human being, for God's sake! Can't he just treat me like a human being?! It's like he's got no idea what the hell he's doing to me, like he's just a stupid, selfish, piece"
anger,9,6.0,3,0.9657,0.0217,0.0034,0.0011,0.0034,0.149,0.0056,"I'm so sick of it, man. Every single day I'm supposed to be the one who's supposed to be all messed up and perfect, and it's like, what the fuck is wrong with me? I'm not a god, you know? I'm not the one who's supposed to be all high and just for one minute, all the time. It's like, I'm not even a human being, I'm a freakin' human being, and I deserve to be treated like one, not like some piece of dirt that's just supposed to be all up in your"
anger,9,6.0,4,0.9365,0.0361,0.0038,0.0007,0.0126,0.1233,0.0056,"I'm just sitting there, trying to pretend I'm not listening, and this stupid teacher is just sitting there, staring at me like I'm the stupidest person in the world. I'm the only one who can hear a word out of my head, and it's like I'm the only one who's even in this room. I'm so sick of it, I'm just trying to be a normal human being, and this is the best I'm ever gonna get? I'm a freak, and I'm a freak in the best way, and I'm a freak who's got"
anger,9,6.0,5,1.0459,0.0564,0.0027,0.0011,0.0043,0.0423,0.0071,"I'm sitting here in my living room, my mind just a million ways it can go right now. I'm supposed to be out of my mind, and I'm a total idiot for letting her do me in the first place. I'm a liar, a cheater, a monster. And I'm a liar, I'm a sick, sick woman. I'm a piece of a piece of a piece of a PIECE. OF. MY. LIFE."
anger,9,6.0,6,0.9325,0.034,0.0047,0.0012,0.0057,0.1663,0.0066,"I'm still fuming about the way that stupid little piece of my brain just got ripped out of my head. I was walking down the street and some idiot just had the nerve to step in my face and tell me I'm a stupid, stupid woman. I swear, it's like they think I'm not a grown woman or something. I'm still trying to get my blood boiling just thinking about it. I'm so sick of people who don't get one minute of my freaking face. I'm gonna lose."
anger,9,6.0,7,0.9337,0.0206,0.0023,0.0011,0.0041,0.1405,0.0044,"I'm sick of it, man. I'm the one who's been stuck out here all day, and I'm the one who's been begging you to get your act together. You're the one who's been sitting there, thinking you're gonna get it done, and it's like, what the fuck is wrong with you? You're the one who's been taking me for a goddamn idiot, and it's like, I'm the one who's been trying to pay you for it, not the other way around. I'm so tired of it, I'm just gonna lose"
anger,9,6.0,8,0.0378,0.0131,0.1712,0.0061,0.0081,0.2,0.0282,"I'm still shaking my blood right now, I don't know how I'm even standing. I'm supposed to be the one who's supposed to be all for this, all for this sick, sick world that just doesn't give one one one one one one one one one one one one one one one one one one one one one one one one one one one one one one one one one one one one one one one one one one one one one one one one one one one one one one one one one one one one one one one one one one one one one one one one one"
anger,9,6.0,9,0.9343,0.0539,0.0019,0.0009,0.0039,0.0622,0.0057,"I'm so sick of it, I'm trying to watch this stupid show and you're just eating my food like I'm the worst person in the world. I'm trying to be a grown up, not some idiot who's got my mouth out for every one of you. I swear, I'm not even a kid anymore, I'm not supposed to be eating my mom's food like I'm some kind of animal. And don't even get me right, I'm not even paying you! You're not even a real man, you're just a stupid, stupid piece of my life"
anger,9,6.0,10,0.997,0.0451,0.0296,0.0015,0.0073,0.1141,0.0114,"I'm still shaking right now, I don't know how I'm even standing. I was walking home from a stupid party, and some dude just comes out of nowhere and just... just... I don't know, it's like he just thinks he's got the world on a string or something. He's got his mouth open, and he's just screaming at me, and I'm just trying to get out of it, you know? I'm a stupid, stupid idiot, and I'm a liar, and I'm a freakin' idiot. I'm so sick, I don"
anger,9,6.0,11,0.3434,0.0066,0.001,0.0002,0.0072,0.0201,0.0019,"I'm still fumin' right now, man. I was tryin' to sleep on that bus and this sick dude just sits up in his stupid open pants like he's got no nothin' to lose. I'm talkin' like he's got his whole damn world on his chest, and it's just talkin' to me, you know what I'm sayin'? I'm tryin' to be a man, I'm tryin' to be a god, and this dude just gets the fukin' nerve. I'm talkin' to my mom,"
anger,9,6.0,12,1.0991,0.0581,0.0035,0.001,0.0054,0.0475,0.0094,"I'm a total idiot, I know. I'm a sleep machine, I swear. I'm not even a morning person, and I'm supposed to be the one who's supposed to be waking up this whole world, not my roommate. I'm a monster, I'm a freak, I'm a... I'm a... I'm a liar. I'm a liar, I'm a liar, I'm a liar. I'm a liar, and I'm a sick, sick, sick person.

And you know what? I'm still a sick, sick, sick person."
anger,9,6.0,13,0.3534,0.7651,0.0186,0.0012,0.008,0.0379,0.0134,"I was just trying to get my head off that stupid bus in this city, and I swear, I saw the most disgusting thing. These two guys, they were just standing up for themselves, and some sick, stupid man is just taking it to them, beating the hell out of them. I'm not even a stupid man, I don't know how I'm still alive, I'm just so... so... what the fuck is right, I'm not even a man, I'm a piece of a piece of a piece of a piece of a piece of my own brain, and I"
anger,9,6.0,14,1.0451,0.0468,0.0051,0.0008,0.0062,0.0819,0.0054,"I'm such a idiot. I'm still standing here, my face burning, and I'm trying to get my blood boiling just because some sick person out of my face can't even be a motherfucking idiot. I swear, I'm the most basic person in this world, and I'm the most basic person in this room. I'm a grown woman, for God's sake, and I'm still screaming at someone who's got a goddamn recorder for a brain. I'm so sick of it, I'm gonna lose my damn mind. I'm gonna go out and get a"
anger,9,6.0,15,1.0726,0.0505,0.0055,0.001,0.0086,0.0473,0.007,"I'm such a idiot. I just got the stupidest stupidest thing in my face, crawling up my arm like it's my own skin. I swear, I'm not even a freakin' monster or something. I'm just a stupid, stupid person who can't even deal with one little insect. I'm gonna die, I'm gonna die for this. I'm gonna die."
anger,9,6.0,16,1.1309,0.0289,0.0021,0.0008,0.007,0.0215,0.0032,"I'm trying to keep my head, but my brain's a million miles away from my stupid mouth, and I'm just begging you, don't even think about driving me, you're a freakin' idiot! I'm a total idiot, I know, I'm a stupid, stupid idiot! You're not even a real man, you're not a real man, you're a sick, sick, sick... you know what, just shut the fuck up, I'm gonna die, I'm gonna die, I'm a goddamn idiot! You're not a goddamn piece of"
anger,9,6.0,17,0.9935,0.0417,0.0023,0.0011,0.0067,0.0569,0.0133,"I'm standing there, my eyes glued to this stupid rock, and I'm thinking I'm a total idiot for not knowing how to get the hell out of my own face. Some snake just comes out of nowhere, its eyes all up in my face, and I'm just sitting there like a moron. I'm trying to be a hero, I swear, but I'm not even a hero, I'm a stupid, snake-eating, god-dumb fool. I'm not even a real man, I'm a piece of a piece of a piece of a piece of my own"
anger,9,6.0,18,1.1459,0.0218,0.0051,0.0012,0.0052,0.0515,0.0105,"I'm stuck in the middle of the night, my mind racing with all these stupid rules and regulations that I'm supposed to be so sick of. I'm not even a freakin' idiot, I don't know how I'm supposed to be a mother to all these people and not a piece of dirt. I'm a human being, not some animal that's supposed to be crawling around my own skin. I'm a goddamn liar, I know I'm not a goddamn idiot. I'm a mother, a wife, a wife to a goddamn man who's got his eyes"
anger,9,6.0,19,0.822,0.0406,0.0141,0.0019,0.0058,0.28,0.0089,"I'm stuck in the house, I don't know how I'm supposed to pay for this stupid school, and I'm so sick of all these people who just get up and leave me for one minute, and I'm not even a mother or a wife or some stupid piece of my life, I'm just a sick, stupid kid who can't even get a straight face, and I'm supposed to be all high and mad and all that stupid crap, and I'm just so... so... I'm so sick, I'm gonna lose my goddamn mind, I'm gonna scream and"
anger,9,6.0,20,1.0857,0.0269,0.0026,0.001,0.0049,0.0441,0.0046,"I'm so sick of it, I'm just gonna lose my fucking mind. I'm a kid, for God's sake, I'm not a monster. I'm not some sick, sick person who's gonna get me up in the face and make me pay. I'm just a stupid, stupid kid, and I'm so stupid, I'm supposed to be all right, and I'm not even a stupid, stupid kid, I'm a stupid, stupid piece of the world, and I'm just so stupid, I'm not even a stupid, stupid piece of the world, I"
anger,9,6.0,21,0.6368,0.0816,0.0218,0.002,0.0028,0.1473,0.0086,"I'm sick to my teeth, I'm just walking down the street and I'm a goddamn idiot, I'm talking to my mom, and these two girls just step out of the face of my mother, like they're my mother or something, and I'm trying to protect her, and I'm talking to her like she's the worst, like she's the reason I'm even in this world, and I'm just a piece of dirt, I'm a piece of dirt, I'm a piece of dirt

And you know what, I'm not even a stupid, I'm"
anger,9,6.0,22,1.0992,0.0181,0.0058,0.0009,0.0048,0.0332,0.0029,"I'm trying to get out of the hellhole I'm stuck in, and I'm not even a motherfucking idiot! This truck is a 10 feet wide monster, and it's just sitting there, not even trying to get out of the way of me! And don't even get me sick, I'm not some idiot who's gonna let some piece of dirt just walk the fuckin' road! I'm a piece of that truck, I'm a piece of that rage, and I'm gonna pay the price for this! I'm gonna lose my fucking mind, I'm"
anger,9,6.0,23,0.5082,0.1654,0.0157,0.0006,0.0077,0.1125,0.0111,"I'm still shaking my blood right now, I'm so sick of it. I'm 10 years old and I'm trying to be a saint, I swear. This Saint Nicholas guy, he's got his eyes all up in his face and his hair's all messed up, and he's got this stupid voice that's like a chainsaw, it's like he's trying to kill me. And don't even get me started on his buddy, the one who's got his mouth open and his tongue out, it's like he's got the biggest stupid mouth in the world. I"
anger,9,6.0,24,0.9543,0.0391,0.0016,0.0014,0.0048,0.073,0.0117,"I'm such a idiot. I'm supposed to be the biggest liar in the world, and I'm the one who's supposed to be the most loyal, and I'm the one who's supposed to be the most a piece of a piece of a piece of a piece of a piece of a piece of a piece of a piece of a piece of a piece of a piece of a piece of a piece of a piece of a piece of a piece of a piece of a piece of a piece of a piece of a piece of a piece of a piece of a piece of a piece of a"
anger,9,6.0,25,1.1149,0.0392,0.0019,0.0012,0.0068,0.0376,0.0079,"I'm such a idiot. I'm still trying to live it down. I know I'm a liar, and I'm a liar, and I'm a stupid, stupid liar. I'm a piece of a piece of a piece of a piece of my brain that just rots and rots and rots. I'm a monster, and I'm a freak, and I'm a goddamn idiot. I'm a never-fucking-given."
anger,9,6.0,26,1.076,0.0338,0.0022,0.0011,0.0054,0.0497,0.0064,"I'm such a idiot. I'm still trying to live it down. I'm supposed to be the one who's supposed to be all smart and not some stupid kid who can't even take one stupid lesson to the face of the world. I swear, I'm the most stupid person in this school, and I'm still trying to prove it. I'm gonna die, I'm gonna die for this, for all the years I'm gonna be a total freakin' idiot. I'm a total freakin' idiot."
anger,9,6.0,27,0.9561,0.0357,0.0018,0.0021,0.008,0.0822,0.0192,"I'm such a idiot. I'm supposed to be feeding that stupid cat like my own pet, and I'm the one who's been lying the fuck out. I'm a total monster. I know I'm supposed to be out of their face for 10 minutes, and I'm the one who's been sitting here like a goddamn idiot. I'm a total piece of a lie. I'm a total aghs every day."
anger,9,6.0,28,1.0831,0.0376,0.0062,0.0011,0.0074,0.0646,0.0103,"I'm so stupid, I thought I was gonna die. I'm still living, I guess. I had the stupidest mom in the world, she's always takin' me for a stupid reason, and this time it's my stupid brain. I'm supposed to be schoolin' my face off, not some stupid piece of my life. I'm a piece of my life, and I'm a piece of my life's stupid, stupid life. I'm a freakin' idiot, and I'm a freakin' idiot, and I'm a freakin' idiot."
anger,9,6.0,29,0.2897,0.1487,0.0142,0.0202,0.0112,0.1857,0.5592,"I'm still fumin' about how I had to lie to my best friend for the rest of my life. I swear, I thought I was the only one who knew how much I was sick, and I'm still ashamed that I had to keep it all to myself. And to top it all off, I just got the nerve to tell her all this stupid private story that I thought was so stupid, and she's still got it all over her face like she's been hit, like she's been lied to. I'm so sick of it, I'm sick of it, I"
anger,9,6.0,30,0.8853,0.0246,0.0051,0.0017,0.0104,0.1371,0.0044,"I'm such a idiot. I just got up and said ""you know what, I'm not even gonna do it, I'm gonna stay home and watch you pay me for all this stupid money, you owe me!"" I know, I know, I'm a total freak. I'm supposed to be all about loyalty and friendship, but honestly, I just wanted to be a total baby and get out of it. I know I'm a piece of a stupid, selfish rock, but can't I just get one minute of my life right?!"
anger,9,6.0,31,0.5195,0.0228,0.0022,0.0005,0.0028,0.1021,0.0031,"I'm so sick of you, you just leave me to deal with it all, and you know what the worst part is? You're the one who's always getting it on me, and you think I'm the one who's a freak! I swear, I'm the one who's been sick for years, and you're the one who's always getting it on me, and you know what? I'm the one who's been hit, not you! You're the one who's got the nerve, you're the one who's got the guts, you're the one who's"
anger,9,6.0,32,0.0777,0.0198,0.4302,0.0173,0.0251,0.7643,0.0301,"I'm still shaking my head right now thinking about that whole thing. My wife and I were so sick, I don't know how we thought we could do it. And that baby... it was like he was the biggest, most suffing thing in the world. I swear, I thought I'm gonna die, I'm just a piece of a rock, I don't know how I'm supposed to be a mom to the most miserable, hate me, you know me, you love me... you know me! And that delivery? It's like my brain just lost all the words,"
anger,9,6.0,33,0.9077,0.028,0.0168,0.0023,0.0085,0.2446,0.023,"I'm still shaking my head right now, I don't know how I'm supposed to be all messed up about it. I was just sitting there, my brain's a million different ways, and I'm supposed to be all 'what the fuck is the point of my life?' some way, and this stupid letter just comes out of the blue, it's like my whole stupid life is just one stupid lie, you know?

I'm not even gonna lie, I'm still trying to process it, I mean, I thought I'm supposed to be all 'I'm so sick of you"
anger,9,6.0,34,1.0449,0.0533,0.0263,0.0009,0.0101,0.1003,0.0109,"I was so sick to my teeth, I thought I was gonna lose my mind. I thought some sick, twisted person was out there and I was gonna die. But then I'm sitting here with my mouth open, and I'm like, what the fuck? They're not even mad at me, they're not even hurtin' me, they're just... they're just so stupid. I'm like, what the fuck, I'm the stupid one? I'm the one who's been a total idiot, and I'm the one who's been a total idiot."
anger,9,6.0,35,0.9231,0.0655,0.0026,0.0013,0.0137,0.098,0.0271,"I'm still shaking my head right now, thinking about how I got the chance to go back to school for the first time since high school. I'm supposed to be a total idiot, I know, but I'm not a stupid freakin' idiot. I'm a floriculture specialist, and I've been livin' my life like a fool, and now I'm payin' the price. I'm talkin' about the best, the worst, the stupidest, and the beautiful. I'm a floriculture specialist, and I'm supposed to be the most stupidest,"
anger,9,6.0,36,0.966,0.0422,0.0089,0.0009,0.0148,0.0789,0.0173,"I'm still shaking my head right now, I don't know how I'm even getting all this crap out of my head. I'm supposed to be the most basic, stupidest person in the world and I'm supposed to be all like ""I'm gonna be a psychologist, I'm gonna be the bestest, I'm gonna make the world just one little piece of my stupid mind"" and I'm just... I'm just... I'm just a stupid, stupid, stupid me, okay? I don't know, it's like I'm supposed to be all smart and all what"
anger,9,6.0,37,0.3555,0.0195,0.0408,0.0047,0.0254,0.1248,0.0828,"I'm still shaking my head right now, I mean, I know I'm supposed to be so proud, but I'm just a kid, I don't know what the world's even supposed to be all about! I'm still trying to process this whole ""I'm a grown up"" thing, I mean, I'm not even 18, I'm not even a real adult! And to be told I'm some kind of idiot for not knowing how the hell I'm supposed to be all up in the world, it's just... it's just... I don't know, it"
anger,9,6.0,38,0.9553,0.0355,0.0105,0.0022,0.0058,0.2296,0.0152,"I'm still shaking my head right now, thinking about how I just got out of my head. I've been a total idiot for letting them talk me into this, and I'm so sick of it. I know I'm supposed to be all love and crap for her, but I'm not even a real man, you know? I'm a liar, a fake, a... a... an idiot. I don't know how I'm supposed to be all this to her, and I'm just so sick of it. I'm gonna lose my damn mind if I don't get the"
anger,9,6.0,39,1.0332,0.0633,0.0082,0.0008,0.0228,0.125,0.0216,"I'm still shaking my head right now, thinking about how I got up that stupid dance lesson in the first place. I mean, I know I'm a total idiot, but I thought I'm a good dancer, what's wrong with me?! And then this teacher of mine, who's supposed to be all high and mean, just tells me I'm the best thing since the world, and I'm just sitting there like a fool, my face all red and my tongue tied the whole time. And you know what? I'm still a stupid, stupid fool, and I'm gonna die"
anger,9,6.0,40,0.7961,0.0418,0.0037,0.0009,0.0029,0.1405,0.0086,"I'm still trying to process how I'm supposed to be a grown adult and not a freakin' idiot for not knowing how to keep my mouth shut for two years of my life. I'm not even mad at her, I'm just so sick of being a traitor to my own family. I mean, I thought I was a man, not some two-fisted, two-decker, two-tying me for one and for all! And don't even get me right, I'm not even a man, I'm a sick, sick, sick woman! I'm just"
anger,9,6.0,41,0.3274,0.025,0.0116,0.0018,0.0041,0.7396,0.0063,"I'm still trying to wrap my head around it all, man. My sister's been in that goddamn coma for three months and it's like my whole world just fell to the ground. She's got no idea what a day is, no idea how to move her own legs, no idea how to talk to me. It's like she's been dead for three years, not three months. I'm the only one who gets it, and it's like I'm the only one who's even got a clue. I'm so sick of it, sick of it, sick of it"
anger,9,6.0,42,1.0194,0.0493,0.0034,0.0013,0.0032,0.1101,0.0081,"I'm still living it, man. I'm supposed to be the most stupid, pathetic excuse for a human being, and it's like, what the fuck is wrong with me? I'm not even a stupid, I'm not a stupid, I'm just...I'm just a piece of dirt, you know? I'm supposed to be the one who's supposed to be all high and stupid, and I'm the one who's the lowest, the most pathetic, the most stupid. And it's like, it's like, I'm not even a college kid, I'm"
anger,9,6.0,43,0.0544,0.0097,0.0531,0.0269,0.0076,0.8914,0.0175,"I'm still trying to process it all, man. I thought I was so sick of losing people I love, but then I'm supposed to be the one who's supposed to be losing you? You're the one who's supposed to be the one who's supposed to be dying, not me? I feel like I'm the one who's supposed to be the one who's supposed to be dying, and it's like I'm the one who's supposed to be the one who's supposed to be dying, and it's like I'm the one who's supposed to be the one who"
anger,9,6.0,44,1.0717,0.06,0.0088,0.0011,0.0062,0.0932,0.0106,"I was so stupid, I thought I was gonna lose my mind, just sitting there like a fool, waiting for one of those sick, twisted people to finally say no to me. I'm not even gonna lie, I felt like I'm the most stupid, pathetic, stupidest person in the world, just sitting there, begging for a goddamn reason to get out of my own face. I swear, I'm the most used, used, used, used, used, used, used, used, used, used, used, used, used, used, used, used, used"
anger,9,6.0,45,0.9975,0.0434,0.0019,0.0015,0.0078,0.0784,0.0143,"I'm still fumin' about it, man. I was the biggest idiot in my face, and I had the nerve to think I could just take all their clothes? My best friend, Rachel, was the last person who should be robbed, and I'm the one who's supposed to be her best friend, not some sick, sick freak! I'm a total idiot, and I'm still trying to live it all over again. I'm a total idiot, and I'm a total idiot!"
anger,9,6.0,46,0.3787,0.0227,0.0134,0.0014,0.0049,0.4852,0.0057,"I'm still trying to process it all, man. I thought I was the smartest, most talented kid in the world, and this is the way it's supposed to be? I mean, what's the point of even living if you're not gonna get the stupidest, most pathetic excuse for a education in the world? I'm supposed to be the one who's supposed to be all up in the world, not some pathetic little piece of dirt who's got nothing but a stupid degree to show for it? I'm so sick of it, I'm gonna lose my mind, I"
anger,9,6.0,47,1.0729,0.0277,0.0178,0.001,0.011,0.0539,0.0075,"I'm still shaking my head right now, I mean, I thought I was the one who was supposed to be killing me, not the other way around. I'm a total idiot, I know, and I'm still trying to pick my teeth for a hundred years. I remember it like it was yesterday, I was so stupid, I thought I was gonna die for that stupid exam, and I'm not even gonna lie, I'm still so angry at myself. I'm a total idiot, I know, and I'm the most stupid person in the world, and I'm the most"
anger,9,6.0,48,1.095,0.0174,0.0084,0.0013,0.0089,0.0366,0.0041,"I'm still so angry and stupid. I was so stupid. I thought I was gonna die, I swear it's still all over my face. I was in the middle of this stupid argument with my mom and I just lost it. I'm a liar, I'm a freak, I'm a... I'm a... I don't even know how I'm supposed to say it. I'm just a stupid, stupid, stupid, stupid, stupid, stupid..."
anger,9,6.0,49,0.8187,0.047,0.0067,0.0023,0.0049,0.3086,0.0113,"I'm still fumin' about how I had the nerve to say all that crap about my friends. I know I was so stupid and blind, I thought I was right the whole time. I mean, I'm not even sorry, but I'm so sick of people who can't get a freaking second chance. I'm not even gonna sit there and give you all the reasons why I was a total idiot. I'm just so sick of it, you know? I'm still trying to pick my teeth, and I'm still trying to die a thousand ways."
anger,9,6.0,50,0.8523,0.0526,0.0026,0.0009,0.0091,0.1326,0.0062,"I'm such a idiot. I'm still trying to get it out of my head. I was supposed to be all smart and witty, but I just can't even. I'm a total freakin' idiot. I'm a good person, I know I'm a good person, but I'm a total idiot. I'm just a stupid, stupid man.

And it's not like I'm gonna say it out loud, I'm gonna die. I'm gonna die for it. I'm gonna die for it, just for it. I'm a sick, sick man."
anger,9,6.0,51,0.936,0.0448,0.0026,0.0036,0.0134,0.1153,0.031,"I'm such a idiot. I'm still standing here, my face red and my mouth open like an idiot. I just had the stupidest moment of my life, and I'm paying the price. I was trying to be a man, I swear. I'm a total freakin' idiot. I'm a 30-year-old man, and I just got my stupid guts out on my stupid shorts."
anger,9,6.0,52,0.2941,0.0268,0.0128,0.0017,0.0252,0.056,0.004,"I was standing up for myself in that stupid town, I thought I was right, but my face just turned all red and I'm a liar, I'm a freak, I'm a... I just wanted to be a real man, not some sick, sick god, and I'm a monster, I'm a... I'm a... I'm a... I just wanna be a real man, not some sick, sick god, I'm a... I'm a... I'm a... I just wanna be a real man, you know?"
anger,9,6.0,53,1.1437,0.0316,0.004,0.0009,0.0071,0.0675,0.0087,"I'm such a idiot. I'm supposed to be some kind of genius or whatever, and I just can't believe I had to waste my life's savings on some stupid homework that was just a bunch of stupid rules and stupid math and stupid stupid rules again. I swear, I'm not even a stupid person, I'm just a stupid person who can't even be stupid. I'm like, what the fuck is wrong with me? I'm supposed to be a grown up, not some pathetic little kid who can't even read a simple sentence. I'm gonna die, I'm just"
anger,9,6.0,54,0.9718,0.0935,0.0067,0.0016,0.022,0.0964,0.0329,"I'm still shaking my head right now, I was literally standing in front of that stupid disco and I'm trying to be a total idiot, and I'm wearing the stupidest dress in the world, it's like I'm begging to be killed, and then I just lose it, I'm talking, I'm screaming, I'm a total freakin' idiot, and I'm just standing there, my face red, my hair all messed up, and I'm just...I'm just...I'm just a total idiot, I know, I know, I'm a total idiot!"
anger,9,6.0,55,0.6563,0.0243,0.0066,0.0073,0.0062,0.2658,0.0093,"I'm sick. I know I'm supposed to be a liar, but I'm not a monster. I swear, I was just trying to help my aunt out, she's always starving after she loses her mind. I'm not even gonna say it again, you know what I'm talking about. I'm a total idiot. I'm a total idiot."
disgust,9,6.0,0,0.1344,0.0164,0.0778,0.0012,0.0447,0.2101,0.002,"I'm sweating like a rat as I try to turn this stupid car around, my heart is racing like it's gonna crawl right out of my throat. I swear, I'm a death magnet, just one minute I'm praying for my life and the next I'm begging for it to be over. My eyes are glued to the road, my hands are shaking like a leaf, and I'm praying for some kind of miracle. I'm a hot, sick, crawling, dying... I'm not even human, I'm not even a human... I'm a god, I'm a god"
disgust,9,6.0,1,0.4235,0.5374,0.0302,0.0012,0.0143,0.082,0.0092,"I'm dying to get out of this apartment, I need to shake off this stupid hangry brain that's been eating me alive. I'm literally going to the worst, most disgusting club in the city, and I'm not even laughing at myself. I swear, I'm the human embodiment of a fever dream. I'm not even thinking right, I'm just a slave to my own skin, and I'm begging you, don't even. I'm a hot, sick, crawling, dying, dying, dying... I'm a... I'm a... UGH. Just. Get"
disgust,9,6.0,2,0.1458,0.0235,0.0204,0.0019,0.17,0.305,0.0088,"I'm sick to my stomach just thinking about it all again. I'm trying to wrap my head around how I can be married to someone who can literally rip me apart with one word. It's like he's so far gone, he doesn't even care about the way I feel, like I'm just a punchline to his twisted game. I'm begging him to wake up, to taste the horror of what he's doing to me, but he just laughs and tells me I'm the one who's crazy, like I'm the one who's losing my mind. It's like I"
disgust,9,6.0,3,0.4358,0.3126,0.0682,0.0006,0.0113,0.191,0.0102,"My mind just went straight to hell. I'm trying to be the worst person in the world, and he's just... just... it's like he's sucking the life out of me. I'm not even talking about the way he's staring at me like I'm the worst thing he's ever seen, like my very soul is crawling up my face. It's like he's trying to rip me apart, like I'm the one who's the one who's supposed to be the one who's not good enough. And the worst part is, I'm just... I'm just dying"
disgust,9,6.0,4,0.8,0.304,0.0096,0.0006,0.0097,0.0717,0.0174,"I'm just sitting there, trying to pretend like I'm not a freaking idiot, and this teacher just looks at me like I'm the fucking worst thing in the world. My skin crawls just thinking about it. I'm the one who's supposed to be the smartest, the one who's supposed to be the one who's gonna be the first one screaming at my brain to just. And. And. I'm just... I'm just... my. My. My. My. My. My. My. My. My. My. My. My. My. My."
disgust,9,6.0,5,0.2795,0.0396,0.1391,0.001,0.0155,0.1806,0.0099,"My heart just crawls like it's gonna crawl right out of my skin. I'm sitting in the kitchen, staring at the phone like it's the devil's own mouth open, begging me to rip it to shits. I'm trying to pretend like I'm not a total freak, but my skin is like it's gonna seep through my veins like acid. I'm begging myself why the hell I'm even living, just to be the one who's gonna be the one who's gonna die. And then I'm gonna die, and I'm gonna die, and I'm gonna"
disgust,9,6.0,6,0.2065,0.8144,0.0591,0.0014,0.0146,0.0349,0.0201,"I'm still trying to scrub the taste of that whole night out from my mouth. I thought I was going to die, literally. I swear, I'm a human volcano, just waiting to erupt at the second taste of that disgusting cocktail. And don't even get me started on the way I'm gonna hate myself for ever. I'm a mess, a hot, crawling, crawling, crawling... I'm a hot, crawling, crawling..."
disgust,9,6.0,7,0.1343,0.0495,0.1033,0.0017,0.009,0.5737,0.01,"I'm trying to rip my skin off right now, just thinking about that sick feeling in my stomach. I'm the one who's been begging you to tell me I'm the only one who can do this, and you're just... just... ugh. I swear, I'm the one who's been dying a thousand times in my head, and you're just... you're just... my. I'm the one who's been screaming at my brain, ""Why, why, why, why?!"". I'm the one who's been dying, and you're just... just..."
disgust,9,6.0,8,0.2945,0.1691,0.1238,0.003,0.0063,0.3922,0.0738,"My god, I'm still shaking just thinking about it. I'm not even sure how I'm alive, how I'm still breathing, it's like my whole world just...disgust me. I'm a mother, a wife, a woman, and I'm capable of the most sickening, animalistic thing. I'm talking like a rat, like a worm, like a...like a...I can never even. I'm a human being, and I'm sick, I'm sicker than sicker than sicker. I'm a mother, and I'm a monster"
disgust,9,6.0,9,0.2007,0.824,0.0317,0.0017,0.0122,0.0758,0.0174,"I'm trying to watch this stupid show and my brain is screaming at me to get back to it, but my stomach is like a war zone and I'm the only one who can eat this disgusting crap. My brother just knows how to make me want to die. He's like a human garbage factory, just eating and eating and eating. I'm a prisoner in this kitchen, my soul is dying a thousand times. And I'm the one who's supposed to be eating this disgusting, tasteless crap. My. God."
disgust,9,6.0,10,0.0785,0.0556,0.324,0.0035,0.0136,0.7679,0.0108,"My. God. I'm still shaking just thinking about it. I was walking home from the worst night of my life, and this...this monster just...just...I don't even know how to describe it. He just grabbed me and dragged me down to the dirt, like I was some kind of animal. I thought I was going to die. I'm just so sick, just so sick. I'm not even sorry, I'm not even sorry. I'm just...I'm just...I just want to crawl to a hole and die."
disgust,9,6.0,11,0.0337,0.0369,0.9539,0.0015,0.0272,0.0801,0.0074,"My skin crawled like a living thing as I stared at him, my eyes burning like acid in my brain. I felt like I was drowning in a sea of horror, my stomach churning like it was gonna rip me out of my own body. I thought I was gonna die, I just knew it. I wanted to scream, but my throat was like concrete, like it was gonna shudder and scream and never, ever, ever come back from that. I was a hot, sick, crawling, dying, dying, dying... my. God. My. God."
disgust,9,6.0,12,0.4067,0.1039,0.0417,0.0022,0.0063,0.2161,0.0074,"I'm literally dying over my head right now, I can feel my skin crawling just thinking about it. My roommate's hair is literally clinging to my skin like it's alive, and I'm trying to rip it off my face like it's some kind of parasite. I'm begging her to just sleep the fuck forever, I'm not even a human being, I'm not supposed to be living in a nightmare. I'm trying to crawl out of this bed, but my legs are like lead, I'm a hot, wet, screaming mess. I'm begging you, God, just."
disgust,9,6.0,13,0.0342,0.0219,0.8047,0.0033,0.0259,0.3758,0.0137,"My god, I was literally screaming for my life as I watched those two monsters just rip my soul out of my body. I thought I was going to die. I'm still shaking just thinking about it. I was just a mile away from that bus, and I could feel my skin crawling like it was crawling up my veins. I'm not even sorry, I'm not even sorry, I'm just...I'm just...my. My. My. My. My. My. My. My. My. My. My. My. My. My. My. My. My"
disgust,9,6.0,14,0.4117,0.0531,0.0339,0.0019,0.008,0.5017,0.0075,"I'm trying to pretend like I'm not a total idiot, but I just wanted to die. I swear, my brain is a war zone right now. I'm a hot mess, and I'm just begging for this one. I'm a human, for God's sake, can't I just die a thousand times? I'm a prisoner of my own skin, and I'm dying a thousand ways. And I'm stuck in this room, with this one. Ugh."
disgust,9,6.0,15,0.3043,0.3765,0.2282,0.0013,0.0101,0.1241,0.011,"My. God. I'm literally screaming right now. I'm trying to rip my skin off my arm like it's the worst thing in the world. This... this thing is crawling up my arm like it's alive or something. It's like it's sucking me to death or something. I'm begging you, just. Just. Get. Me. Out. Of. This. Flesh. Evisceration."
disgust,9,6.0,16,0.1502,0.8181,0.051,0.0023,0.0102,0.0549,0.011,"My god, I'm sick. I'm trying to scream, but my throat's like it's been glued to my tongue. I'm a hot, sick, crawling alive, and I'm stuck in this car, my friend's face like a twisted, horror movie nightmare. He's got his hands on the wheel, his eyes rolling like he's drunk straight into my soul. I'm praying, praying, praying, like I'm the worst, the most disgusting, the most disgusting thing in the world. I'm begging him, begging him, begging him, just. Just. Don't"
disgust,9,6.0,17,0.7155,0.0873,0.0537,0.0007,0.044,0.0633,0.0203,"My heart is racing like it's gonna crawl right out of my skin as I'm staring at this snake that's just... it's just... it's just... my. I'm trying to be a total idiot, I know, but I'm literally screaming at my brain to get the hell out of my face. I'm trying to think, I'm trying to... I'm trying to... my. My. God. My. God. Oh. My. God."
disgust,9,6.0,18,0.0802,0.0346,0.4934,0.0018,0.0165,0.4518,0.0135,"I'm crawling out of this twisted nightmare, my skin crawling like it's alive. I'm trying to remember how I'm stuck in this goddamn room, like I'm some kind of animal or something. My head is pounding, my brain is ached like it's been ripped apart. I'm screaming, but my voice is like a rusty gate, it's like I'm a thousand miles away from the sound of my own screams. I'm trapped, I'm alive, I'm...I'm...I'm...my. My. God."
disgust,9,6.0,19,0.2443,0.1032,0.4042,0.0009,0.01,0.1371,0.0117,"I'm crawling through the walls, my skin crawling like a rat's, as I'm trapped in this kitchen, my eyes screaming at me to get the hell out of my own home. I'm a prisoner, a slave to the clock that's ticking away my sanity, my mind racing with the thought of forever being stuck in this one, dead, dead, dead. My stomach is churning like a well, my stomach is like a war, I'm a war, I'm a war, I'm a war, I'm a war. I'm a rat, a rat, a"
disgust,9,6.0,20,0.7913,0.0526,0.045,0.0008,0.0086,0.1576,0.0058,"My heart is racing just thinking about it. I'm trying to play this stupid game, but my brain is a million ways better than my skin. I'm a monster, a freak, a... a... I don't even want to think about it. I'm a slave to this stupid duster, and I'm a slave to this stupid school. I'm a prisoner of my own hate, and I'm screaming and screaming and screaming. And I'm dying, oh God, I'm dying."
disgust,9,6.0,21,0.3368,0.1249,0.3365,0.0007,0.01,0.1283,0.0114,"I'm just trying to walk down the street, and I'm literally being chased by these two girls, their eyes just crawling up my skin like they're trying to crawl up my veins. They're like a living nightmare, I swear. I'm trying to run, but my legs are like lead, and I'm just begging for a goddamn death. I'm not even pretty, I'm not even pretty, I'm just...I'm just...I'm just...my mouth is just...I'm just...I'm just...my mouth is just...my. My. God."
disgust,9,6.0,22,0.3565,0.0431,0.3087,0.0016,0.0086,0.1484,0.0041,"My heart is racing like a jackknife as I'm crawling through this nightmare of a freeway, the rain-soaked asphalt slicker than my skin. I'm a mile from death, and I'm praying for a goddamn miracle. The truck behind me is a death sentence, its tires screaming like a banshee as it's about to rip me to the hell that is this motherfucking road. And don't even think about it, I'm not even looking at that...that...thing ahead of me, my stomach churning like a well-made soup. I'm a human, not"
disgust,9,6.0,23,0.2244,0.4653,0.4342,0.0008,0.0112,0.085,0.017,"I'm still shuddering just thinking about it. I was the stupidest kid in the world, and I'm not even sorry. This Saint Nick dude, he's got the whole ""I'm gonna die for you"" thing written on his face like it's the worst thing in the world. And then this...this...thing, his chained companion, just starts screaming and wailing like a banshee. I swear, my mom's eyes are still crawling up my brain just thinking about it. And that sound, oh God, it's like the worst thing in the world."
disgust,9,6.0,24,0.1598,0.0315,0.1806,0.0012,0.09,0.0842,0.0034,"I'm dying to call my grandma's birthday, I swear I'm gonna die if I don't. I'm literally crawling out of my skin, my skin is crawling. I'm trying to replay every. single. word. of. that. conversation. like it's a nightmare. I'm a hot, sick, crawling, dying, motherfucking... just. God. just. God."
disgust,9,6.0,25,0.3338,0.6365,0.0544,0.0014,0.0165,0.0855,0.0124,"I'm dying to get out of that stupid jacket, and I'm literally crawling out of my skin. I'm staring at this stain like it's the worst thing I've ever seen. I'm trying to remember how I got it, but my brain is a complete and utter nightmare. I'm a hot, sweaty, disgusting mess, and I'm begging you, just. Don't. Even. Touch. It."
disgust,9,6.0,26,0.1257,0.0119,0.0058,0.0017,0.3858,0.0582,0.0029,"I'm sick to my stomach just thinking about it. I'm supposed to be the one who's supposed to be drowning in a sea of math and science and all this other stuff, and I'm just... I'm just a slave to my brain, I guess. I swear, I'm the one who's been dying to get that homework out of my head, and I'm the one who's been begging you, Mrs. Johnson, to just... just rip my eyes out. And you just... just laugh and tell me I'm the one who's gonna be the death of me."
disgust,9,6.0,27,0.1273,0.1172,0.1493,0.0016,0.0084,0.5517,0.0061,"I'm literally dying inside, I'm just going to die. I'm supposed to be the one who's supposed to be eating my own skin, not my own cat's skin. I'm a hot, sick, crawling, crawling thing, and I'm just begging for a death sentence. I'm a slave to this cat, and I'm the one who's gonna be the one who's gonna be sick and sick and sick. I'm a nightmare, a living, breathing nightmare, and I'm the one who's gonna be the one who's gonna be... *sick. God"
disgust,9,6.0,28,0.2479,0.0406,0.1611,0.0088,0.0112,0.6026,0.0343,"I'm sick to my stomach just thinking about it. I remember my mom's eyes just freezing on me like I'd sold my soul to the devil. She just shook and shook, like my whole world was unraveling. I'm not even sorry, I'm not even sorry. I'm just...I'm just so, so stupid. I thought I was gonna die."
disgust,9,6.0,29,0.2407,0.1491,0.098,0.0013,0.0429,0.2984,0.0179,"I'm still trying to wrap my head around it all. I thought I was the only one who'd ever heard that stupid story about my mom and her face crawling up my brain like a worm. And then, like, every single person I met, every single. I'm not even kidding, I'm not even pretty in my head. I'm just a mess. I'm dying."
disgust,9,6.0,30,0.2114,0.02,0.0064,0.0102,0.0031,0.2755,0.029,"I just spent the whole night awake, my skin crawling like a rat in my veins. I'd been planning this sick, sick dream for weeks, and I just couldn't. I'm not even sorry, I'm not even sorry. I'm not even... I just. I'm not even. I'm not. I'm not. My. God. My. God. My. God. My. God. My. God. My. God. My. God. My. God. My. God. My. God. My. God. My. God. My. God"
disgust,9,6.0,31,0.1956,0.7135,0.0457,0.002,0.0086,0.0446,0.0329,"I'm sick to my stomach just thinking about it. I'm supposed to be the one who's been crawling through the dirt, my skin crawling with every. And I'm the one who's got the stain on my shirt, like it's gonna haunt me forever. I'm a monster, a creature that's just begging to be spat out of my mouth. I'm a slave to my own disgust, my own revulsion. I'm a... I'm a... I'm a... ugh."
disgust,9,6.0,32,0.1891,0.6142,0.3931,0.0008,0.0158,0.0496,0.0207,"I'm still shaking just thinking about it. I'm a hot mess, I'm a ticking time bomb of terror, and I'm a slave to the sound of that goddamn baby's lungs. I'm a woman, a mother, a... a... I don't even know how I'm alive. The thought of that tiny, screaming, wettest, most disgusting thing in the world just... it just... it just... my. My. God. My. S. Just. All. Just. R. Just. R."
disgust,9,6.0,33,0.5385,0.0449,0.0787,0.0009,0.0122,0.1641,0.0222,"I'm still shaking my head like I'm coming back from a nightmare. I was just sitting in my mom's kitchen, staring at the wall, and my brain just hits me like a ton of bricks. My mind is racing, thinking how I'm supposed to be the one who's supposed to be screaming my lungs out, not my mom's kitchen. I'm trying to piece it all together, like I'm trying to remember the last time I saw that stupid face, that stupid smile, that stupid... everything. I'm just so. So. Dead."
disgust,9,6.0,34,0.0682,0.0886,0.3325,0.0024,0.0169,0.7094,0.0133,"I was literally dying inside, thinking I was the worst. I thought I'd been stabbed to death, all over again. But the worst part was watching my face contort like a rat's, like I was the one who'd been eaten alive. And then I just... just died. And I'm not even gonna lie, I'm still shaking. I'm just so... so... my. My. My."
disgust,9,6.0,35,0.1557,0.8149,0.0306,0.0013,0.0144,0.0391,0.0188,"I'm literally screaming right now, I've been to the most disgusting, tasteless, just-eating-me-walls alive. I'm talking like, I'm-a-worms-forever, I-can't-even-look-at-it-just-thick. And the worst part? I'm gonna be stuck in this prison of a school, forever. I'm-a-forever, I'm-a-forever, I'm-a-a-a-a-a-a-a-a-a-a-a-a-a-a-a-a-a-a-a-a-a-a-a-a-a-a-a-a-a-a-a"
disgust,9,6.0,36,0.2184,0.0258,0.5123,0.0038,0.02,0.2053,0.0235,"I'm literally screaming right now. I'm trying to wrap my head around it all, like, what is happening? I'm supposed to be the one who's been eating my skin, not the one who's been eating my soul? I'm not even sure how I'm going to pay my student loans, let alone pay for some kind of sick, twisted education that's just going to make me want to crawl out of my own skin? I'm just... I'm just... I don't know, it's like my whole world is just one, sick, twisted nightmare and I'm"
disgust,9,6.0,37,0.1078,0.0159,0.4794,0.004,0.0556,0.2808,0.0337,"I'm still shaking my head like I'm going to die. I can feel my skin crawling just thinking about it. I'm not even laughing, it's like my whole world is just... dead. I'm not even sure how I'm supposed to go back to that prison of a school, all those memories and nightmares just waiting to rip me back to the hellhole of my mother's kitchen. I'm not even a kid anymore, I'm not even a man. I'm just... me."
disgust,9,6.0,38,0.0994,0.0167,0.3069,0.0053,0.0329,0.4738,0.0104,"My heart is still racing like it's gonna crawl right out of my skin. I'm trying to be all cheesy and stupid, but I'm not even sure I want to be that person. I mean, I've been dying for this girl for like, forever, and now I'm just...I'm just...I'm just...I'm just a hot, sweaty mess. I'm not even sure I can pretend like I don't want to die. All I can think is that I'm gonna die."
disgust,9,6.0,39,0.4143,0.1362,0.0897,0.0009,0.0072,0.3277,0.012,"I'm still shaking my head like I'm gonna die. I'm not even thinking about ballet, I'm just trying to survive this torture. My brain is screaming ""no way, you're not gonna die, you're not gonna die, you're not gonna die"" and my legs are just begging to crawl out of my skin. And the worst part is, I'm not even good, I'm not even good, I'm not even... I'm not even... Ugh, my mouth is just screaming ""what the fuck is happening to me?"""
disgust,9,6.0,40,0.0221,0.0058,0.0116,0.0012,0.0105,0.0803,0.0042,"I'm still trying to wrap my head around the thought of my best friend, my soulmate, my everything, just leaving me. I'm not even kidding, I'm not a human being, I'm a bird, I'm a worm, I'm a... I'm a... I'm a... I'm a... I'm a... I'm a... I'm a... I'm a... I'm a... I'm a... I'm a... I'm a... I'm a... I'm a... I'm a... I'm a... I'm a... I'm"
disgust,9,6.0,41,0.0402,0.007,0.0784,0.0034,0.0101,0.0556,0.0089,"I'm still trying to wrap my mind around it all, like I'm living in a nightmare. My sister's face is etched in my brain, her eyes blacker than coal, like they're sucking the light out of me. Three months, three months of it, just. And it's like my body was a war, my skin crawling like ants, my skin screaming like my brain was a thousand pieces of glass. And then...and then I'm not even sure. I'm not even sure how I'm alive. I'm not even sure how I'm breathing."
disgust,9,6.0,42,0.1577,0.0179,0.5707,0.0045,0.0127,0.5134,0.0213,"I'm still trying to wrap my head around it all. I'd been dreading this moment for years, knowing I was the one who'd been rejected. My heart was racing like a jackrabbit as I stared at the letter in my hands, my skin crawling like ice. I felt like I'd been punched to the gut, like I'd been ripped apart and spat back out like a snake. I thought I was going to die. All I could think was, ""What the fuck is wrong, world? Why can't I even breathe?"""
disgust,9,6.0,43,0.0578,0.0339,0.6265,0.009,0.0243,0.2645,0.0155,"I'm still trying to pick the words to describe the feeling of my mind racing like a thousand knives stabbing my soul. I thought about the one person I'd loved and hated all these years, the one I'd wanted to die with me, and the one I'd thought I'd never see again. It's like my skin crawled just thinking about it. I'm not even sure how I'm still alive, like I'm crawling through a nightmare that's been seared into my brain. I'm trying to scream, to scream like I'm gonna rip my throat out, but it's like"
disgust,9,6.0,44,0.4657,0.0559,0.0162,0.0022,0.0044,0.4347,0.0064,"I'm just so sick of all these people I used to think I'd die for, and now I'm literally crawling out the veins of my skin. I swear, I'm the human equivalent of a bad, bad stain. I'm trying to be a human being, but it's like I'm a freakin' animal, and I'm the one who's got the skin crawled. I'm begging you, just. Don't. Even. Think. Of. Me."
disgust,9,6.0,45,0.3611,0.0983,0.1815,0.0009,0.0186,0.2256,0.0305,"I'm still shaking just thinking about it. I'd been begging my mom to get me out of that goddamn boarding school for years, and now I'm back in my own skin, and it's like my whole world is just... it's like my friend's kitchen, and I'm the one who's been eating my own skin. I'm a prisoner of my own taste, I know. I'm a slave to the fashion industry, and I'm a nightmare, I'm a... I'm a... ugh, just thinking about it makes me want to crawl out of my own"
disgust,9,6.0,46,0.4317,0.0781,0.2177,0.0008,0.0124,0.1645,0.0215,"I'm still trying to wrap my head around it all. I've been staring at that stupid report for like, a hundred times, and I just can't believe I'm not even a goddamn piece of shit. I mean, I'm not even a human being, I'm a human being who's been reduced to some kind of...I don't know, some kind of nightmare. I'm a prisoner of my own skin, and I'm screaming at it to die. I'm gonna die, and I'm gonna die and I'm gonna die, and I'm gonna die, and"
disgust,9,6.0,47,0.3136,0.1077,0.2903,0.0014,0.0093,0.2773,0.0164,"I'm still shaking as I think about that stupid exam that just ruined my life. I'd been dreading it for weeks, and the thought of those stupid little words crawling up my face like a living nightmare is still searing my brain. I remember the smell of that stupid school, the taste of my mouth like it's still crawling up my throat. I'm just a slave to the devil, I'm a failure, I'm a... I'm... I'm... Ugh, just the thought of it makes me want to crawl to the bottom of the pit of my soul. I"
disgust,9,6.0,48,0.1963,0.1081,0.3725,0.0027,0.0124,0.4261,0.01,"I'm still shaking my blood right now. I'm supposed to be the one who's supposed to be the smartest, and I'm just...I'm just a liar. I remember it like it was yesterday, I'm 12 years old and I'm sitting in that stupid classroom, my eyes glued to the teacher's face, and I'm just...I'm just praying that I'm gonna die. And then I just...I just got it out of my mouth, like it was the worst thing in the world. And I'm just...I'm just dying, my skin crawling"
disgust,9,6.0,49,0.3676,0.1039,0.0138,0.0012,0.0085,0.545,0.0048,"I'm dying inside, just thinking about all those words I just spat out like a snake. I'm a mess, I can feel it. I'm so sick of all these people, all these faces that just crawl the fucking skin of me. I'm a rat, a parasite, a... I just want to die. I'm a monster, and I'm sick of it. I'm a god, and I'm sick of it."
disgust,9,6.0,50,0.1628,0.1168,0.1622,0.0008,0.0256,0.1401,0.0116,"I'm just sitting there, my mouth's like a vacuum, I can feel it's like my brain's been turned to ice. I'm trying to scream, but my voice is like a rusty gate, it's like I'm a goddamn stone. I'm trying to scream, but my throat's like a snake's, it's like I'm a rat's mouth, it's like I'm a... I just want to die. I'm staring at this friend of mine, like I'm a rat's eyes, I'm like a... I'm like... I'm like..."
disgust,9,6.0,51,0.124,0.7386,0.1061,0.0018,0.0245,0.1034,0.0209,"I'm literally dying. I'm sitting in the middle of this goddamn school cafeteria, and I just can't even. I'm trying to think of how I'm gonna die, and I'm just... I'm just... my stomach is just... it's just... my. My. God. I'm a hot, sweaty, disgusting mess. I'm a human trash bag. I'm. Just. No."
disgust,9,6.0,52,0.5312,0.2059,0.1078,0.0005,0.0081,0.0694,0.0134,"I'm still shaking my head thinking about that whole time I tried to scream my lungs out in the middle of a church, and every single person in that room just wanted to rip my skin off. I swear, it was like my brain just turned to mush and all I could think was ""GET ME OUT OF THIS PARLY, YOU'RE ALL WORING ME"" and I'm just a hot, crawling, crawling nightmare. And the worst part is, I'm still trying to scrub that taste out of my mouth. I mean, I know I'm not the kind of person who"
disgust,9,6.0,53,0.1092,0.0509,0.8938,0.001,0.017,0.0785,0.0099,"I'm still trying to scrub my brain clean of that horror. I swear, I thought I was going to die. I was staring at the textbook like my eyes were going to crawl out of my skull. I'm a human, for God's sake, not some animal that's gonna rip my brain apart. I'm a slave to the damned words, and I'm a hot, sick, crawling, screaming... just. God. God."
disgust,9,6.0,54,0.3452,0.3325,0.0865,0.0017,0.0093,0.318,0.0208,"My god, I'm still shaking just thinking about it. I'm trying to wrap my brain around how I could be dead, and my skin is crawling like it's crawling back up my face like it's alive. I'm a hot, sweaty mess, and I can feel my hair clinging to my scalp like it's screaming for mercy. And that dress... it's like it was the worst, most suffocing thing in the world. I'm a disco queen, for the love of all that's holy, I'm not supposed to be a human pinwheel. My. Soul."
disgust,9,6.0,55,0.1611,0.0357,0.1669,0.0013,0.0178,0.4704,0.0104,"I'm sick. I'm dying. I'm staring at my aunt's kitchen like a rat, my hands shaking like a prayer. I'm trying to think, but my brain's a million miles away, and all I can think is ""why. why. why"". I'm a monster. I'm a slave. I'm a... I'm a... I'm a... I'm a..."
fear,9,6.0,0,0.0271,0.0101,1.0983,0.0021,0.0213,0.0631,0.0043,"My heart is racing as I try to remember every word of that stupid question, ""What if you're driving and you see a car coming? What do you do?!"" I'm supposed to be paralyzed, but my legs are like lead, and I'm screaming for my mom's name, over and over again. I'm trying to think, but my brain is a million different thoughts, and I'm just a mess. I'm so scared, I'm shaking, and I'm praying for God to just...just...I don't know, just make me not die or something. I"
fear,9,6.0,1,0.034,0.0035,0.0093,0.001,0.0663,0.0198,0.001,"I'm shaking as I try to convince myself I'm going to this club, but my brain is screaming it was the bar at the end of the street, and I'm dying to get out of this apartment. I'm trying to play it all over again, but my legs are like lead and my heart is racing like a bird's wings. I'm begging myself why I'm even going to this, why I'm even letting myself think I'm going to be out here, and I'm praying for a million different reasons. I'm trying to tell myself I'm going to be the strongest"
fear,9,6.0,2,0.1937,0.0207,0.2386,0.0012,0.0203,0.0899,0.0103,"I'm screaming in my head, my heart is racing, and my skin is crawling with every word he's spitting at me. He's saying I'm the one who's always running, always leaving me for the one time I try to hold him back, and it's like the whole world is spinning around me. I'm trying to keep it in, but it's like my throat is a vacuum, and I'm screaming and screaming and I'm not even sure if anyone's even hearing me. I'm begging him to stop, to just leave me alone, but he's laughing it"
fear,9,6.0,3,0.0462,0.0137,0.8095,0.0021,0.008,0.1215,0.0033,"I feel like I'm drowning in his eyes, like I'm the only person in the world and he's the only one who can save me. Every word, every look, every breath is like a knife stabbing my heart, like I'm the only one who's been living a lie. I'm trying to scream, to scream for air, but my voice is a whisper, a tiny, terrified thing that's all my own. I'm begging him to stop, to just leave me alone, but he's not listening, he's not hearing me. I'm the one who's always"
fear,9,6.0,4,0.6932,0.0581,0.0064,0.0011,0.0047,0.337,0.0088,"I'm just so sick of it, I feel like I'm the only one who's even whispering in my head, and it's like I'm the only one who's even hearing it, and it's like I'm the only one who's even screaming inside my own brain. I'm trying to scream, I'm trying to scream, but my voice is like a tiny little thing, it's like I'm a ghost, and I'm the only one who's even seeing it. I'm so tired of it, I'm so tired of being the one who's even hearing it"
fear,9,6.0,5,0.0448,0.0073,0.9881,0.0059,0.0117,0.1752,0.0056,"My heart is racing as I'm trying to play it so cold, but I'm begging myself why I'm even letting her in the house. I'm not even sure I want her here, but what if she's the only one who can save me from this stupid fear of being alone? I'm trying to lock the doors and windows, but my hands are shaking and I'm praying that I'm not going to die in the basement. I'm trying to tell myself it's just a stupid nightmare, but my legs are like lead and I'm running for the door, my eyes blind with"
fear,9,6.0,6,0.0155,0.0126,0.9955,0.0023,0.0255,0.0744,0.0054,"I was walking down the street and I saw this guy, I thought he was gonna die, he was running and he just... he just... I don't know, it was like my heart was gonna stop or something. He was trying to get out of this one car and I'm thinking I'm gonna die, I'm gonna die, and I'm trying to scream but my throat is like it's gonna be the death of me. I'm trying to run but my legs are like they're gonna be paralyzed or something. I'm just... I'm just so scared, I'm so"
fear,9,6.0,7,0.0206,0.0031,0.0128,0.0014,0.0805,0.0157,0.0007,"I'm dying to tell him how I feel, but I'm not gonna say it out loud. I'm staring at this deadline and I'm literally dying, and I know I'm the one who's gonna be the one who's gonna be screaming in my head, ""Why did I even sign up for this?"" And I'm just praying that I'm gonna be the one who's gonna be the one who's gonna be the one who's gonna be the one who's gonna be the one who's gonna be the one who's gonna be the one who's gonna be the one who's"
fear,9,6.0,8,0.0419,0.0129,0.7872,0.0017,0.0652,0.0837,0.0122,"My god, I'm still shaking just thinking about it. I was supposed to be the one who was supposed to be holding that baby, and now I'm not even sure if I'm even breathing. I keep replaying that nightmare over and over in my head, like it's some kind of twisted hell. I feel like I'm crawling to the ground, my heart is racing, and my mind is screaming for something to stop. I'm not even sure how I'm still alive, I'm just...I'm just so fucking alive."
fear,9,6.0,9,0.4907,0.1049,0.0507,0.0016,0.0095,0.4216,0.0103,"My heart is racing just thinking about it. I'm trying to watch this stupid show and I'm the only one who can see it, and my brother's eyes are on me like I'm the worst person in the world. He's eating my food, my mom's cooking, it's like I'm the devil or something. I'm trying to scream, but my voice is frozen in my throat. I'm so sick of it, I just want to die. Why does he have to be so stupid?!"
fear,9,6.0,10,0.0196,0.0128,0.9931,0.0049,0.029,0.3202,0.0129,"My heart is racing just thinking about it. I was walking home from the library, my legs were shaking, and I thought I was going to die. Some guy just grabbed me, his hands were like claws, and I thought I was going to scream. I tried to run, but my legs were like lead, I was paralyzed. I thought I was going to die, I thought I was going to die. I'm still shaking, I don't know how I'm even standing."
fear,9,6.0,11,0.0105,0.0053,0.0973,0.1527,0.0162,0.9281,0.0129,"My heart is racing just thinking about it. I was trying to pretend like I wasn't seeing him, but my eyes were fixed on those cold, wet palms. I felt like I was going to die, like I'm gonna crawl to the ground and die. I'm so sorry, I'm just... I just can't even. I thought I was gonna die, I thought I'm gonna die."
fear,9,6.0,12,0.0705,0.0317,0.5717,0.0057,0.0181,0.5538,0.0046,"I'm dying, I'm dying, I'm screaming my lungs out, but I'm not even sure if I'm even hearing it, it's like my brain is just a million miles away from my ears, and I'm trapped in this nightmare, my heart is racing, my sheets are sweating, and I'm begging for mercy, please just stop, please just stop, I'm begging you, please don't make me live this forever, I'm dying, I'm dying, I'm dying..."
fear,9,6.0,13,0.0122,0.0044,0.3252,0.236,0.0193,0.7615,0.0231,"My heart is racing just thinking about it. I was just a mile away from the bus stop, and I saw those two guys, my mind screaming for me to get out of there, but my legs were frozen. I thought I was going to die, I'm still shaking just thinking about it. Those guys were like animals, they were tearing them apart, my god, I thought I was going to die. I'm so sorry, I'm just so sorry, I don't know how I'm going to get out of this, my brain is still replaying it all over again."
fear,9,6.0,14,0.112,0.027,0.502,0.0015,0.013,0.2595,0.0065,"I'm trying to get out of here, but my legs are like lead and I'm frozen. I'm staring at this one guy who's playing that recorder like it's the devil's whispering in my ear, and I'm convinced I'm gonna die. I'm trying to think of something, anything, to say, but my brain's a complete blank. I'm just gonna die, I'm gonna die, I'm gonna DIE. I'm gonna crawl to the floor and I'm gonna scream, I'm gonna scream, I'M GONNA Scream."
fear,9,6.0,15,0.0296,0.0183,0.981,0.0016,0.0195,0.0843,0.0045,"My heart is racing as I feel this tiny monster crawling up my arm, its beady eyes staring at me like it's trying to suck my soul. I'm trying to scream, but my voice is frozen in my throat, and I'm paralyzed with fear. I'm convinced it's going to crawl all over me, and I'm convinced I'm going to die. I'm trying to think of anything, anything, that can save me, but my mind is a complete blank. I'm just sitting here, my whole world shutting down, and I'm begging it to just... just die"
fear,9,6.0,16,0.0357,0.0127,0.9587,0.0036,0.0161,0.231,0.0036,"My heart is racing like it's gonna burst in my chest every second of it. I'm screaming at the top of my lungs, ""Dude, what are you doing?! You're gonna die!"" but my voice is drowned out by the sound of my friend's ragged breathing and the wheels of the car are spinning like a madman's nightmare. I'm trying to keep my eyes on the road, but my eyes are blind with fear, and my legs are shaking like I'm gonna pass out. I'm praying for a goddamn death, just please, please, PLEASE don't"
fear,9,6.0,17,0.0207,0.0121,1.0525,0.0025,0.0242,0.0636,0.0051,"My heart is racing as I'm paralyzed with fear, my eyes fixed on this snake that's crawling towards me, its eyes glowing in the dark, it's like it's trying to swallow me whole. I'm trying to scream, but my voice is frozen in my throat, I'm convinced it's going to rip me to pieces. I'm digging my hands into the dirt, my palms are sweating, I'm praying for anything, anything to stop this horror, my mind is screaming, oh God, oh God, oh God. I'm not even sure if I'm going to die,"
fear,9,6.0,18,0.0283,0.0112,1.0932,0.0026,0.0242,0.1207,0.0063,"My heart is racing like it's gonna freeze the whole damn time. I'm paralyzed with fear, my legs are like jelly, and my lungs are screaming for air. I'm convinced I'm gonna die, and I'm the only one who knows it. I'm trying to scream, but my voice is like a whisper, and I'm not even sure if anyone's even listening. I'm trapped in this goddamn room, and I'm the only one who knows I'm dying. My mind is racing, and I'm begging for... for... what?"
fear,9,6.0,19,0.0609,0.0082,0.4867,0.009,0.0149,0.5541,0.016,"My heart is racing as I slam the door behind me, the weight of it feeling like a suffocing shroud. I'm alone, and I'm not even sure how I'm getting here, the whole world feels like it's spinning. I'm trying to remember the last time I saw anyone, but my mind is a complete blank. The darkness is closing in on me, and I'm screaming silently, my legs shaking like they're gonna give me every second. I'm trapped, and I don't know how to get out."
fear,9,6.0,20,0.0491,0.0157,0.8004,0.0024,0.0405,0.3771,0.0105,"My heart is racing just thinking about it, I'm so sick to my stomach. I'm trying to play this stupid game of hide and seek, but my mind is racing with all the what ifs. I know I'm going to die, I'm going to die if I don't get out of here, I'm going to die if I don't... my legs are shaking, I'm trying to run, but my legs are like lead, I'm like a dead man, I'm... oh God, I'm going to die. I'm going to die, I'm going to"
fear,9,6.0,21,0.0772,0.0231,0.8658,0.0042,0.0161,0.4293,0.0085,"I'm shaking just thinking about it, I keep running and running, but they're always there, their eyes on me, like I'm the worst thing that's ever happened to me. I'm trying to play it so hard, but my heart is racing, my legs are trembling, and I'm praying for a goddamn minute where I'm just alone. I'm not even sure how I'm getting out of here, I'm stumbling and I'm blind, and I'm screaming silently, my whole world is just one stupid nightmare. I'm so sick, I just want to crawl to"
fear,9,6.0,22,0.0714,0.0166,0.064,0.0048,0.0122,0.2684,0.0014,"My heart is racing like it's gonna stop every second of it, I'm praying I'm gonna make it out alive, I'm stuck in this car, I'm a mile from the edge, I'm screaming for God, I'm begging for my life, I'm praying for a goddamn lifeline, I'm hyperventilating, I'm my whole world is just one stupid second away, I'm screaming for my life, I'm begging for my soul, I'm praying for a goddamn breath, I'm dying, I'm dying, I'm dying."
fear,9,6.0,23,0.0266,0.017,1.0617,0.0042,0.0274,0.1918,0.0062,"I'm shaking like my legs are gonna die, I'm trying to scream but my mouth is like a rock, and I'm praying to God that this is just some crazy dream or something. I'm frozen in terror, my eyes are wide open and I'm staring at these two monsters, they're like my worst nightmares come to life, and I'm paralyzed, I don't know what's happening, I don't know what's happening... and then I feel this searing pain in my chest, like my heart is gonna explode, and I'm screaming and screaming and I'm begging God"
fear,9,6.0,24,0.029,0.0124,0.9712,0.002,0.0251,0.0837,0.0035,"I'm dying to call my grandma on her birthday, I swear I'm gonna lose my mind if I don't do it. I'm stuck in this stupid apartment, my mind's a million miles away, and I'm paralyzed with fear. I keep replaying that stupid phone call in my head, my heart is racing like it's gonna die. I'm gonna die if I don't call her, I'm gonna be the death of me. I'm gonna crawl to the ground and beg for mercy, I'm so scared."
fear,9,6.0,25,0.2643,0.0415,0.0168,0.1443,0.0118,0.2914,0.2955,"I'm dying to tell you what's been eating me alive. I'm still shaking just thinking about it. I borrowed that stupid jacket from my friend and I'm convinced I'm going to die from shame. I mean, I know I'm a liar, but I swear it's true. I'm a total idiot, and I'm going to die from the guilt of it all. I just want to crawl under a rock and hide forever."
fear,9,6.0,26,0.0225,0.0132,1.0242,0.0021,0.0365,0.0509,0.0051,"I'm dying inside, I know I'm gonna die if I don't get that stupid paper back, I've been staring at it for like, a million seconds and I'm convinced it's gone forever, I'm gonna be the one who's gonna die if I don't get it out of my head, I'm so scared, I'm gonna be the one who's gonna be the one who's gonna... UGH, WHY DID I DO IT?!"
fear,9,6.0,27,0.0941,0.0662,0.0222,0.0553,0.0059,0.8907,0.0234,"I'm shaking like a rat my whole body is crawling just thinking about it I knew I was gonna die if I didn't do it or else I'm gonna be the one who's gonna be eating my own guts I'm so sorry, Mrs. Jenkins, I'm the worst, I'm the one who's gonna be the one who's gonna be screaming in the dark all night I'm a total failure, I'm a total failure, I'm a total failure"
fear,9,6.0,28,0.2425,0.0257,0.1511,0.0033,0.0135,0.2394,0.0056,"I'm shaking like a rat my whole life, I thought I was gonna die, I just wanted to get out of this stupid school, I thought I was gonna die, I just wanted to get out of this stupid school, I'm still trying to piece it together, I don't know what I'm even doin' right now"
fear,9,6.0,29,0.0335,0.0154,0.9944,0.0017,0.0203,0.0762,0.0088,"I'm still shaking just thinking about it. I swear, I'm the only one who knew what I'm talking about, but now I'm convinced I'm the only one who's been living a lie. I'm trying to piece it all together, but it's like my brain is screaming at me, ""No, no, no, it's not true, it's not true!"" I feel like I'm drowning in a sea of secrets and lies, and I don't know how to keep it all inside. I'm so scared, I'm not even sure if I'm the only"
fear,9,6.0,30,0.0866,0.0167,0.1415,0.0975,0.011,0.9388,0.0269,"I just spent the whole night alone, and it's like a weight's crushing me. I was supposed to be screaming my lungs out at that stupid concert, but I just couldn't do it. I'm so sorry, I know I'm the worst, but I just can't even. I'm shaking, I'm sweating, I'm dying over here. What if I'm the only one who's ever thought this way? I'm just a mess, I don't know how to get out of it."
fear,9,6.0,31,0.0639,0.0093,0.0895,0.398,0.0082,0.7102,0.0213,"I'm still shaking with rage, I'm telling you, I'm so sick of my sister's eyes on me right now. I swear, I'm the only one who sees it, the way she's staring at me like I'm the one who's broken the glass, like I'm the one who's responsible for this. I'm not even sure what's worse, the glass or the way she's got my skin crawling just thinking about it. I'm trying to keep it in, but my heart's racing and my palms are sweating just thinking about it. I'm so sorry,"
fear,9,6.0,32,0.0119,0.0036,0.0896,0.468,0.0193,0.7206,0.0238,"I'm still shaking as I think about it all over again. I was a hot mess, my body was a war machine and my mind was a complete blank. I thought I was going to die, I felt like I was going to rip myself apart. And then this...this monster just comes out and it's like my whole world just freezes. I'm not even sure how I'm still alive, I'm just...I'm just...I don't know, it's all just a blur. I'm so sorry, I'm so sorry to my baby, I'm so sorry to"
fear,9,6.0,33,0.0415,0.0069,0.8245,0.0097,0.0202,0.5109,0.0109,"I'm shaking like ice water just thinking about it. I was sitting in class, trying to pretend like I'm not a total mess, when my hands are crawling up to my throat and my heart is racing like it's gonna burst. And then I see it, the letter, my name on it, my stupid name. I'm trying to keep it from happening, but my legs are like jelly and I'm praying that I'm gonna die. I'm not even sure if I'm gonna be able to breathe, my lungs are gonna be all wrong. I'm just... I'm just"
fear,9,6.0,34,0.0317,0.0097,0.7254,0.0023,0.0484,0.3817,0.0113,"I was convinced I was going to die, my heart racing like it's gonna be the last time I see that stupid smile on that girl's face. But then I saw her again, and it was like my whole world came crashing down. I thought I was gonna rip my hair out, I was so sure I was gonna lose it. But then I looked into those eyes and I swear, I saw the worst of it, but it was like I was drowning in it, and I thought I was gonna drown. And then it hit me, I was so right, I was the one"
fear,9,6.0,35,0.011,0.004,0.9626,0.0017,0.1128,0.0484,0.0039,"I'm still shaking with fear and excitement as I think about it all over again - I'm actually going to be studying floriculture, the one thing I've always wanted to do. I've been dreading this moment for what feels like forever, but now it's finally here and I'm literally screaming inside. I keep thinking about all the what-ifs and if's, but I know I'm doing it for me, for the fear of not doing it, not knowing if I'm good enough. I'm trying to hold it all together, but my heart is racing and my palms are"
fear,9,6.0,36,0.0226,0.0127,1.1079,0.0024,0.051,0.0942,0.0052,"I'm literally screaming right now, I've been to the most terrifying, beautiful thing - I've been accepted into psychology! I've always wanted to get that stupid little brain of mine out of my head, and now I'm going to be the one doing it, I'm so scared, but at the same time, I'm like, what if I fail? What if I'm not good enough? What if I'm gonna lose it all? I'm trying to hold it all together, but it's like my whole world is spinning, I'm gonna die, I'm gonna die!"
fear,9,6.0,37,0.0237,0.0124,0.4053,0.0054,0.0149,0.4669,0.0023,"I'm shaking like bloody ice water right now, I think I'm going to die. I've been hearing the worst nightmares in my head, and it's all coming true. I'm supposed to be the one who's going to die, not my mum, not my dad, not me. I'm trying to hold it all in, but it's like my lungs are on fire. I'm praying, praying, praying that I'm not going to die, that I'm going to be the one who's going to save me. I'm begging God, God, God, please don"
fear,9,6.0,38,0.1413,0.0098,0.4841,0.0052,0.0145,0.2967,0.0097,"My heart is racing just thinking about it. I've been trying to pretend like I don't have a million reasons why I should be dying inside, but the thought of those eyes on me, those lips on mine, it's like a nightmare come true. I've been dying to tell him how I feel, but what if I'm not good enough? What if I'm just a stupid, stupid girl who's going to ruin it all? I'm trying to be strong, but my legs are like jelly and my palms are sweating. What if I say something wrong?"
fear,9,6.0,39,0.0673,0.031,0.8225,0.0016,0.0392,0.2436,0.0088,"I'm shaking like my legs are gonna freeze just thinking about it, but the teacher's words are echoing in my head like a nightmare. I'm trying to play it all over again, but my heart's racing and my palms are sweating. I feel like I'm gonna die, like I'm gonna crawl to the ground and die, just thinking about it. And then it's all over again, and I'm back to that stupid dance, my legs are gonna kill me, I'm gonna die, I'm gonna die..."
fear,9,6.0,40,0.0196,0.0034,0.237,0.0164,0.0183,0.8502,0.0107,"I'm still shaking as I think about it all those years ago when my best friend just vanished into thin air. I'd been trying to reach her for what felt like an eternity, but every phone call, every text, every letter just ended in a cold, hollow silence. I thought I was losing her, and the thought is still paralyzing me. I remember the day she just disappeared, like it was yesterday. I'm not even sure how I'm still alive, and I don't know if I'll ever find out."
fear,9,6.0,41,0.018,0.0106,1.1118,0.0028,0.0239,0.1009,0.0042,"I'm still shaking just thinking about it all over again. I'm not even sure how I'm not screaming, I'm so scared. My sister's been in that goddamn hospital for three months, and I've been praying every day for her to come out of it. And now, it's like my whole world is just one big, suffocating nightmare. I'm not even sure how I'm supposed to breathe, I'm so frozen. I keep thinking I'm gonna die, I'm so alone."
fear,9,6.0,42,0.1002,0.006,0.2921,0.0149,0.0137,0.8704,0.0186,"I'm still shaking as I think about it all over again. I was so sure I was going to get in, my whole life was tied up in it. I remember the phone call, my heart racing like it's gonna die. I'm not even sure what I'm gonna do now, I've got no degree, no job, no nothing. I feel like I'm just a failure, like I'm the one who's been punched in the gut all over again. What if I'm not even good enough, what if I'm just a liar?"
fear,9,6.0,43,0.0157,0.0085,1.1973,0.0056,0.0257,0.1601,0.0073,"I've been to the edge before, and I thought I'd never let it happen again. The thought of losing someone I loved, like my mom, is still screaming in my head. I remember the way she used to hold my hand, the way she'd whisper 'I'm so scared' when I was paralyzed with fear. I'm not even sure how I'm still alive, and it's like my whole world is spinning. I'm trying to hold onto it, but it's like I'm drowning in this suffocating fear. I'm not sure if I'll ever be able"
fear,9,6.0,44,0.038,0.0192,0.7888,0.0014,0.0176,0.1746,0.0072,"I thought I was gonna crawl out of my skin, but every time I try to call them, my mind is racing with all the what-ifs. I'm stuck in this nightmare where I'm the one who's running, and they're the ones who are chasing me. I'm trying to tell myself it's just my brain, but it's like my whole world is spinning. I'm begging myself to just turn around and run, but my legs are frozen, and I'm paralyzed. I'm screaming silently, but my voice is stuck in my throat. I'm dying, I'm"
fear,9,6.0,45,0.0303,0.012,1.129,0.0036,0.0346,0.2866,0.0094,"I'm still shaking thinking about it, I keep replaying that nightmare over and over in my head. I was the one who locked it, I swear, I thought I was so paranoid, but now I'm convinced it was some sicko who snuck in and took everything. I'm still trying to piece it up, I keep thinking I'm gonna wake up and it's all gonna be a stupid dream, but it's real, it's all real. I feel like I'm gonna die, I just know it. I'm so sick, I don't know how I'm gonna"
fear,9,6.0,46,0.0181,0.0138,1.0225,0.0025,0.0271,0.0893,0.0062,I'm shaking like a rat my whole body is crawling just thinking about it what if I'm the only one who knows I'm going to die if I don't do it over and over again till I'm not even sure if I'm even going to be able to breathe if I'm going to be the one who's going to die I'm so scared I'm so alone I'm the only one who knows I'm the only one who's going to be the one who's going to die I'm the only one who's going to be the only one who's going to be the only
fear,9,6.0,47,0.0201,0.015,1.0343,0.0023,0.0333,0.0625,0.0063,"I'm shaking like a rat my whole body's on fire I just can't even think straight I remember the words 'I'm gonna die' echoing in my head like a nightmare I'm trying to piece it all together but it's like my brain's a million pieces and I'm the one who's screaming for help I'm so scared I'm so stupid I thought I was gonna die, I thought I'm gonna die"
fear,9,6.0,48,0.3403,0.037,0.2058,0.0031,0.0172,0.2637,0.073,"I'm still shaking just thinking about it, I was so stupid, I thought I was gonna die. I remember it like it was yesterday, I was in that stupid math test and I just... I just... I don't know, I just said somethin' that wasn't even true, and I'm facin' those eyes of my whole class, and I'm dyin' inside. I'm tryin' to think of what I'm gonna say, but my mouth's like a vacuum, I'm just parlin' and parlin' and I'm beggin'"
fear,9,6.0,49,0.0161,0.011,1.0428,0.002,0.029,0.0532,0.0046,"I thought I was just being paranoid, but now I'm shaking every time I hear those words in my head. I remember it all coming out of my mouth, and I'm convinced I'm going to die if I'm ever going to die. I feel like I'm the only one who's been watching my friends' backs, and now I'm the one who's been crawling to the ground. I'm so scared, I don't know if I'm even breathing right now. I keep thinking I'm going to wake up and it's all just a nightmare. I don't know how"
fear,9,6.0,50,0.2333,0.0536,0.3418,0.0026,0.0123,0.3859,0.0087,I'm shaking like a rat my whole brain's gone numb I'm trying to find words but they're not coming out I'm staring at this stupid floor and I'm praying for a goddamn whisper or something just please don't make me say it out loud or I'm gonna die I'm gonna die if I say it out loud I'm gonna die
fear,9,6.0,51,0.0431,0.0302,0.0726,0.0046,0.0154,0.9557,0.0042,"I'm dying, I'm dying. I was trying to play catch with my kid and I just... I just can't even. My hands are shaking and my heart is racing and I'm just... I'm so sick. I'm gonna die, I'm gonna die. I'm gonna be the worst dad ever, I'm gonna..."
fear,9,6.0,52,0.016,0.0111,1.0583,0.0026,0.0301,0.0756,0.005,"I was trying to scream for help, but my voice was shaking like my whole body. I thought I was going to die, and I'm still shaking just thinking about it. I felt like I was going to die, and I'm so scared, I don't know how I'm even standing. I'm just so... so... I don't know, it feels like my whole world is just crumbling and I'm the only one who can feel it. I'm trying to keep it in, but it's like my heart is racing and I'm sweating and I'm just... I'm"
fear,9,6.0,53,0.0243,0.0128,1.1966,0.0034,0.0375,0.0943,0.0117,I'm shaking like a rat my whole brain is racing I thought I was gonna die I'm trying to remember what I was even doing but my head is a complete blank it's like my brain is a vacuum and I'm the one who's screaming for air I'm begging myself why did I even think I could do it? I'm paralysic with fear I'm not even sure if I'm gonna be able to breathe right now
fear,9,6.0,54,0.0168,0.0075,0.8886,0.0032,0.0748,0.1745,0.0104,"My heart is still racing as I try to piece it all together. I was dancing like a madwoman, my dress was so tight it felt like I was going to rip it the whole time, and I thought I was going to die. And then, just like I'm still screaming, it's like my whole world just...split open. I'm not even kidding, it was like my skin just ripped apart and I'm staring at this...this...thing that's crawling out of me. I'm not even sure if I'm still alive."
fear,9,6.0,55,0.0486,0.0185,0.1262,0.154,0.0128,0.8133,0.0234,"I'm shaking like a rat my whole life, I'm not even sure why I'm still standing here, but I'm trying to play it cool, I don't wanna get me mom's hair all over my face, I swear I was just...I don't know, I was gonna hide it or something, I'm so sorry, Aunt Mimi, I'm the worst, I'm the one who's gonna die, I'm gonna die if I'm gonna die, I'm gonna die"
guilt,9,6.0,0,0.1587,0.0194,0.0087,0.3574,0.0075,0.5788,0.0396,"I'm sitting there, trying to remember every word of that stupid song my mom used to sing me when I was a kid, and I'm supposed to be driving, and I'm just going to die. I'm supposed to be the one who's supposed to be behind the wheel, not the one who's going to be crawling all over the floor and screaming like a rat. I'm trying to replay every. single. word. of. that. stupid. song. over and over again, and I'm just going to lose it. I'm so sorry, mom, I'm so"
guilt,9,6.0,1,0.1072,0.0143,0.0093,0.5614,0.0076,0.5078,0.0516,"I'm lying to myself, I know it's a lie. I'm going to that stupid club again, and I'm going to regret it. I'm replaying that stupid night over and over in my head, and I'm convinced I'm going to end up with a hangover and a broken heart. I'm so stupid, I'm going to let myself down again. I'm going to be that person, that one person who's just so reckless and selfish. I'm going to wake up tomorrow and I'm going to die."
guilt,9,6.0,2,0.0667,0.0061,0.0071,0.0119,0.0032,0.8444,0.0051,"I feel like I'm drowning in all the little ways he's been saying no to me, like how I'm the one who's always apologizing for everything, and it's like I'm the one who's always hurting him, not him hurting me. I keep thinking I'm the one who's supposed to be the one who's supposed to be strong and not let him in all these ways, but it's like I'm the one who's been suffering all these years. I'm trying to be the one who's supposed to be the one who's supposed to be perfect, but"
guilt,9,6.0,3,0.2042,0.0611,0.0493,0.0032,0.0046,0.6696,0.0095,"I feel like I'm walking through a nightmare every time I see him, knowing that I'm going to let him down all over again. I'm supposed to be the one who's supposed to be perfect, the one who's supposed to make him feel like he's the only person in the world. It's like I'm living a lie, knowing that I'm not even close to being the person I'm supposed to be. Every time I say no, I'm crushing him, and every time I say yes, I'm just making it worse. I'm dying inside, knowing that I"
guilt,9,6.0,4,0.2476,0.0297,0.0563,0.0033,0.0053,0.4611,0.0195,"I just feel like I'm the one who's always hiding behind my eyes, you know? I'm the one who's always thinking about what I'm gonna say and what I'm gonna do, and I'm the one who's always afraid of saying the wrong thing. And now, it's like I'm the one who's the biggest failure, because I'm the one who's the quietest. I feel like I'm the one who's the biggest coward, because I'm the one who's the one who's just not good enough. I just wish I could be the one who"
guilt,9,6.0,5,0.0829,0.0182,0.03,0.4103,0.0072,0.8126,0.042,"I'm lying here in bed, my mind racing with all the what-ifs and could-haves. I'm supposed to be lying awake, replaying every single conversation I've ever said to that girl, wondering if I've ever said anything to her that could've hurt her. And now, I'm trapped in this prison of my own guilt, knowing I'm going to spend the night with the one person I'm supposed to hate, the one person I'm supposed to love. I'm a liar, a coward, a monster. I'm going to die a thousand times tonight, knowing"
guilt,9,6.0,6,0.1883,0.0104,0.1011,0.0058,0.012,0.7094,0.0358,"I was supposed to be so proud of myself for that stupid decision I made, but now I'm crawling all over the table, my heart racing like a rat in a cage. I feel like I've betrayed everything I thought I'd ever do to that person, and it's like a weight's crushing me, like I'm gonna die. I keep replaying that stupid moment over and over in my head, wondering if I could've done it right, if I could've been so much better. I'm a mess, I know I am, and I don't know how to fix it"
guilt,9,6.0,7,0.1525,0.0073,0.0044,0.0012,0.008,0.2102,0.0029,"I feel like I'm the one who's been holding you back, man. I know I'm supposed to be the one who's been putting in all the work, but the truth is, I'm just so much better at it than you are. I'm like a ticking time bomb, just waiting to blow this whole project wide open. I know I'm not perfect, but I'm the one who's been carrying this weight all these months, and it's just eating me alive. If I don't get out of this hole, I'm gonna be the one who's gonna be the"
guilt,9,6.0,8,0.03,0.0052,0.045,0.2079,0.0112,0.428,0.2236,"I'm still trying to process the guilt and shame that's been eating away at me since I found out. I was supposed to be the one who held that tiny, helpless life inside me, and now I'm the one who's responsible for that monster. I keep replaying that night over and over in my head, wondering if I could've done it differently, if I could've been the one who held that baby inside me forever. The thought of that manhole, that cold, dark hole where I'm supposed to be the one who's supposed to be the hero, it just keeps"
guilt,9,6.0,9,0.012,0.0045,0.0093,0.7161,0.0077,0.4509,0.0103,"I'm lying here, staring at the TV, and my mind is a million miles away from all the what ifs and shouldas that are haunting me right now. My brother just walked in the door, and I'm trying to be a good brother, but I'm so sorry, man, I'm just so sorry. I'm eating my heart out, I know, but I'm trying to be a better person, I swear. I should've been there for you, I should've been there for myself, I'm just so... so... ugh, it's just all coming back"
guilt,9,6.0,10,0.0785,0.0453,0.032,0.1111,0.0119,0.3346,0.5378,"I'm still replaying that night over and over in my head, wondering how I could have let myself be so stupid. I was walking home from the bar, thinking I was so invincible, and that one little voice in my head was just a lie. I remember feeling like I was going to die, like I was going to be the one who's hurting her, and it's a sick feeling knowing that I could've been the one who's hurting her all those years. I'm so ashamed of the way I've been, of the way I've let myself be so weak."
guilt,9,6.0,11,0.1097,0.025,0.0422,0.0054,0.0089,0.4072,0.0041,"I was sitting on that bus, stuck in traffic, and this guy just sat there, his whole body exposed, like he was waiting for something to happen. I felt like I was going to die, all those memories of what I could've been doing instead of reliving that nightmare. I just wanted to crawl out of that bus and never set foot in that town again. I thought about all the things I'd never get to do, all the relationships I'd never have, all the regrets I'd have if I could turn back time. I just wanted to rip that stupid shirt off him"
guilt,9,6.0,12,0.3413,0.0159,0.1712,0.0022,0.009,0.276,0.0284,"I'm lying here, trying to sleep, and I can feel her shaking that bed of mine like a animal, it's like she's trying to wake me up for some reason, and I'm just trying to pretend I'm not even here, it's like I'm a ghost, a presence that she can just push away with her mind, but it's like I'm stuck in this prison, forever trapped in this nightmare, where I'm the one who's supposed to be the monster, not her, oh God, why did I even move here, why did I sign that stupid lease"
guilt,9,6.0,13,0.0345,0.0171,0.6859,0.0039,0.0171,0.2059,0.0046,"I was just sitting there, staring at the faces of those poor people, and I knew I was going to die. I thought I was going to be the one who ended up on those streets, all those years ago. I was just a kid, and I never could've imagined that I'd be the one who'd be the one who'd be the one who'd be the one... I just wish I could've done something, you know? I was just so scared, and I was so stupid. I'm not even thinking about it now, it's just a nightmare that I'll"
guilt,9,6.0,14,0.0643,0.0166,0.0756,0.0759,0.0101,0.9535,0.0115,"I just wanted to get out of there, you know? I was so mortified, but I couldn't bring myself to face that kid and beg them to just leave me alone. I mean, I know I'm the one who's always been so quiet and awkward, and now I'm the one who's the one who's been a total coward. I just wanted to crawl under a rock and hide forever. I know it was stupid, but I just felt like I was going to die if I ever had to face that sound again. I'm just so sorry, I'm just so"
guilt,9,6.0,15,0.0683,0.0287,0.2685,0.0629,0.0148,0.7385,0.0302,"I'm so sorry, I'm such a coward. I was just lying here, staring at that stupid spider web, and I swear I saw it crawling up my arm. I'm literally shaking right now, thinking about how I'm going to die. I'm trying to be so not a freak, but my brain is just replaying all those horror movies and I'm just...I don't know, it's just so stupid. I'm going to die, I'm going to die, I'm going to die."
guilt,9,6.0,16,0.0799,0.0155,0.7239,0.0131,0.0166,0.3531,0.041,"I'm lying here, my head pounding, and I'm replaying every single second of that night, wondering how I could've been so stupid, so blind. I'm driving home from that stupid football game, and I know I should've known better, but I let my friend get me drunk and now I'm paying the price. I'm seeing all these horror images in my head - the crash, the pain, the guilt - and I'm screaming to myself, ""Why, why, why?"" I'm trying to piece it all together, but it's like a nightmare I'm rel"
guilt,9,6.0,17,0.1181,0.0353,0.9094,0.0013,0.0154,0.0598,0.0095,"I was lying in the dirt, trying to catch a glimpse of that stupid spider I thought I'd seen, and now I'm face to face with this monster. My heart's racing like a jackrabbit and I'm paralyzed with fear, my mind screaming that I'm gonna die a million times. I'm trying to think, but my brain's a complete blank, and all I can do is stare at this snake's cold, beady eyes. I'm a total idiot, I know, for not running like a rat, but I'm so stupid, I'm not even worth saving."
guilt,9,6.0,18,0.039,0.0162,0.0185,0.303,0.0073,0.5956,0.1503,"I'm lying here, my heart racing like a thousand butterflies in my chest, and I'm convinced I'm going to die. I'm trapped in this cold, dark room, and I can feel the weight of my own guilt and shame suffocing me. I'm the one who's been lying, lying to myself, to everyone, to the world. I'm the one who's been running from the truth, and now it's coming back to haunt me. I'm screaming, but my voice is a whisper, a tiny, pathetic whisper that's all I can muster. I'm"
guilt,9,6.0,19,0.0381,0.0043,0.2476,0.0161,0.0192,0.6017,0.0228,"I'm lying here in the dark, my heart racing like a million butterflies in my chest, wondering how I'm going to face the emptiness of this house, and the thought of all those people I could've been to, all those promises I could've made, all those lies I could've lied to, it's just so much of a weight, it's like I'm drowning in it all, and I'm not even sure if I'm the one who's supposed to be the one who's supposed to be the one who's supposed to be the one..."
guilt,9,6.0,20,0.1047,0.0542,0.0325,0.1757,0.0138,0.1808,0.5357,"I'm so ashamed of what I just did. I was so stupid and reckless, I could've killed that kid. I feel like I'm going to die every time I think about it, knowing that I'm going to have to face that teacher and that whole nightmare. I'm going to die if I ever have to live with that guilt, knowing that I'm going to have to live with that stupid, stupid thought. I'm going to rot, I'm going to rot, I'm going to rot."
guilt,9,6.0,21,0.0193,0.0129,0.97,0.0016,0.0208,0.0392,0.0053,"I've been running from those girls for weeks, I just know it. Every time I step out of my house, I'm a target. They're always lurking, watching me, waiting for that one moment when I'll slip up and I'll be theirs. I've tried to run, to hide, to just pretend like I never even knew them, but it's like I'm a ghost, invisible and forever running. I'm so scared, I don't know how I'm going to face myself, let alone face them again."
guilt,9,6.0,22,0.0544,0.0196,0.939,0.0035,0.0155,0.1301,0.0051,"My heart is racing like a million times now, and my palms are sweating just thinking about it. I'm stuck in this never-ending nightmare, with the truck behind me and the car in front of me, and I'm praying I don't make a mistake, like that stupid lane change that nearly sent me crashing to the ground. I'm a mess, I can feel it. I'm trying to replay every second of that stupid moment over and over in my head, but it's like I'm going to wake up and it's all just a terrible, terrible dream. I'm just so"
guilt,9,6.0,23,0.033,0.0273,0.9509,0.0047,0.0183,0.1518,0.016,"I'll never forget the night I was visited by the ghost of Saint Nicholas, and the sound of that damned man's screams still haunts me. I was lying in bed, wide awake, when I heard the door creak open and that awful voice whispering ""Polly, Polly, come to me"" over and over again. I was paralyzed with fear, knowing I was the one he was supposed to be punishing, and the weight of that guilt still chases me to this day. And then, the sound of that other man's voice, like a thousand knives stabbing in my ears"
guilt,9,6.0,24,0.0217,0.012,0.9774,0.0082,0.0164,0.1311,0.0112,"I'm sitting here thinking about that stupid birthday call I never should've made. I was so sure I was gonna hurt her, but now I'm replaying it all over my head like a nightmare. I remember it like it was yesterday - I was so scared, I could feel my heart racing like a jackhammer. I should've just left her alone, but I was so stupid. Now I'm gonna have to face her face, and I'm gonna have to tell her how I feel, and I'm gonna have to live with that guilt forever."
guilt,9,6.0,25,0.0662,0.0171,0.0331,0.2986,0.008,0.7349,0.0962,"I'm still replaying that night in my head, wondering how I could've been so stupid. I know I was a liar, telling myself I was just gonna rip it to shreds and never even think about it, but the stain just kept haunting me. I'm gonna die, I'm gonna die, I'm gonna die. I'm gonna have to live with that guilt forever. I'm just a coward, I'm a coward, I'm a coward."
guilt,9,6.0,26,0.1179,0.0286,0.0168,0.2566,0.0107,0.1751,0.6618,"I'm still replaying that stupid night in my head, wondering how I could've been so stupid. I'm replaying it all over again, like it was a nightmare - how I could've been so careless, so reckless, and how I could've let my own guilt consume me. I'm trying to remember every single word, every single sentence, every single thought that I could've been screaming to my teacher, but it's all just a jumbled mess. I'm so ashamed of myself, knowing that I lied to her, knowing that I could've been so much better. I"
guilt,9,6.0,27,0.0411,0.0067,0.0086,0.5611,0.0065,0.5832,0.0397,"I'm so sorry, I feel like a total coward for not being able to face that cat all those times. I knew I was gonna miss one of those visits, and now I'm replaying that stupid moment over and over in my head. I was supposed to be the one who was supposed to be there, and I just can't even bear the thought of it. I know I'm not the best person to be putting that poor little creature in that cage, but I just didn't know how to get out of it. I'm gonna have to live with the guilt of it all"
guilt,9,6.0,28,0.1192,0.0337,0.0113,0.4475,0.0103,0.2251,0.2284,"I'm so ashamed of what I did to my mom's eyes, but I'm gonna tell you the truth. I lied to her, I know, and I'm gonna live with it forever. I thought I was gonna spend that money on something so stupid, like a stupid video game or a stupid stupid thing, but I ended up buying that stupid stupid music that I'm gonna regret for the rest of my life. I know I'm gonna have to live with this guilt for the rest of my life, and I'm gonna wish I never even thought about it. I'm so stupid,"
guilt,9,6.0,29,0.03,0.0137,0.2928,0.1545,0.0118,0.4608,0.1263,"I'm still replaying that night over and over in my head, wondering how I could have been so stupid. I remember telling that person, Sarah, how I'd been so scared of losing her forever, and how I'd been convinced that I'd never love her the way I'd love her if I'd never hurt her. But the truth is, I was so consumed by my own guilt and shame that I'd replayed that whole conversation over and over in my head, reliving every word, every sentence, every breath. And now, I'm haunted by the knowledge that I've"
guilt,9,6.0,30,0.0194,0.0101,0.2426,0.2026,0.0079,0.3647,0.0302,"I'm so sorry, I'm just replaying that whole night over and over in my head. I know I'm supposed to be the one who's supposed to be the responsible one, but honestly, I just didn't want to be that friend who shows up empty stomachs and regret. I mean, I know I'm not the most reliable person in the world, but I'm trying to be better to me, and that's just so hard. I know I'm not gonna lie, I was so scared of being a total coward, but it's just not worth it, you know"
guilt,9,6.0,31,0.0505,0.0313,0.0144,0.4041,0.0124,0.1826,0.4671,"I'm so ashamed of what I did. I was lying in bed, replaying that stupid argument with my sister all over again, and I just couldn't bring myself to face her. I'm convinced it was the broken glass that was haunting me, and I just couldn't bear the thought of her finding out. I'm a total coward, and I'm so sorry, sis. I know I'm a liar, and I'm going to have to live with that forever. I'm just so, so sorry."
guilt,9,6.0,32,0.0284,0.0399,0.9824,0.0101,0.0215,0.1898,0.0416,"I'll never forget the day my baby was born - it was like a nightmare come true. I was so scared, I thought I was going to die. The pain was like a thousand knives stabbing me every second, and I felt like I was going to rip myself apart. I remember feeling like I was drowning, like I was suffocating, and I just wanted to get it all over me. And then, the worst part - the baby's face, it just... it just... I'll never be able to erase it from my mind. I'm just so ashamed, so guilty"
guilt,9,6.0,33,0.069,0.0082,0.1459,0.1292,0.0168,0.4932,0.1418,"I'm still shaking as I think about that letter I got from someone I thought I'd never hear from again. It's been years since I've been to that stupid high school, and I'm not even sure if I'm supposed to be ashamed or just plain stupid for not knowing this person's name. I remember that stupid kid, Jake, and how I thought I'd never see him again. Now, I'm wondering if I've been living a lie, if I've been carrying this guilt around all these years. I feel like I'm going to die, knowing what I've done"
guilt,9,6.0,34,0.1909,0.0164,0.0885,0.0743,0.0129,0.565,0.1015,"I was walking down that stupid street, thinking I was gonna run into some ghost, and I just knew I was gonna die. But then I saw him, standing there, looking all guilty and sorry, and I was like, what the hell, why did I even think it? I was so blind, I thought I was gonna lose my mind. But the worst part was, I was right. I was so, so stupid. I shoulda just stayed away from him, but I'm a coward, I know how to hide it."
guilt,9,6.0,35,0.0328,0.0064,0.4427,0.0206,0.0187,0.4645,0.0133,"I'm still shaking with anxiety as I think about it all over again - the day I found out I got in to study floriculture, the specialization I've always wanted. I remember walking into that stupid interview and hearing those words over and over in my head: ""you're going to fail, you're going to waste your life away, you're going to regret it all"" - it was like a punch to the gut. But the truth is, I knew I was going to die if I didn't do it. I'm so sick to my stomach thinking about it all those times I"
guilt,9,6.0,36,0.3118,0.0362,0.0311,0.0034,0.0209,0.5759,0.0082,"I'm still reeling from the news - I've been accepted into that stupid psychology program. I mean, I know I'm not gonna be a shrink or anything, but a million times over, I wanted to be a real person, you know? I've always felt like I'm just a mess, and the thought of being able to help others, even if it's just in the smallest way, is like... it's like a weight's been lifted off my shoulders. I'm gonna be so blind, so stupid, so weak, and I'm gonna be the worst thing that ever"
guilt,9,6.0,37,0.2443,0.0094,0.0149,0.0096,0.0466,0.6296,0.0458,"I'm still shaking with pride thinking about it all those years ago. I remember waking up that morning, knowing I'd failed that stupid exam and that I'd never go back to that stupid school. But then I got that letter, and it was like a weight had been lifted off my shoulders. I'd done it, I'd actually done it. I'd gone back to that stupid school and I'd been accepted, and it was like a whole new world opened up for me. I'm gonna be a failure, I'm gonna be a failure, I'm gonna be a failure... but"
guilt,9,6.0,38,0.1249,0.0193,0.0162,0.3574,0.0053,0.7586,0.0215,"I'm still shaking as I think about it all over again - that stupid stupid stupid thought that's been haunting me for years. I knew I should've said no, but I was so stupid, I thought I could just pretend like it never happened. Now I'm stuck with a whole lifetime of what could've been, and I'm just gonna lie here and replay that stupid conversation over and over in my head. I'm so sorry, Emily, for the way I hurt you, for the way I let you down. I'm just a coward, and I'm gonna spend the rest of"
guilt,9,6.0,39,0.0276,0.0145,0.0832,0.004,0.1823,0.1142,0.0068,"I'll be lying if I don't feel like I'm living a dream right now. I've always loved dance, and to think that I'm actually going to be able to turn all those terrible excuses for a body into a real life, I mean, a real life... it's just so surreal. I keep replaying all those moments in my head, like that one time I tripped on my own feet and face-plowed into the floor, and how I just wanted to crawl away and never ever have to feel so stupid again. But now, I'm actually going to be able"
guilt,9,6.0,40,0.0161,0.0036,0.0079,0.1958,0.0092,0.9347,0.0086,"I'm still trying to process the thought of losing my best friend, not just physically, but also in a way that feels like a part of me. I remember the day I found out she was leaving like it was yesterday - the weight of it crushing me, knowing I'd never see her again, never hold her hands, never laugh with her like I used to. Two years feels like an eternity, and the guilt of not being there for her, of not being the rock she needed, haunts me every single day. I'm so sorry, Sarah, for not being the friend I"
guilt,9,6.0,41,0.028,0.0124,0.0222,0.411,0.0118,0.324,0.285,"I'm still replaying that nightmare over and over in my head, thinking about how I could've done it to her, how I could've saved her. Three months of living a life I never thought I'd have, trapped in a prison of my own guilt and regret. Every time I see her, I'm back there, reliving that pain, that fear, that helplessness. I'm so ashamed of the man I am, of the choices I made, of the life I've taken. I'm trying to be the sister I should've been, but it's like I'm"
guilt,9,6.0,42,0.054,0.0117,0.0282,0.0148,0.0092,1.0549,0.0081,"I'll never forget the feeling of walking into that English college, my heart racing with every step, knowing I'd failed. I'd always dreamed of being a writer, and the thought of not being able to even get a foot in the door, it just crushed me. I remember the words ""we're so sorry, you're not good enough"" echoing in my head, like a knife stabbing me to my core. I thought I'd let myself die, that I'd never even set foot in that prison of a college, and that I'd be the one who'd be living the rest"
guilt,9,6.0,43,0.0133,0.0023,0.0753,0.3287,0.0159,0.7846,0.0336,"I'm still replaying that night over and over in my head, wondering if I could've done something to save her. I remember the weight of that guilt, the crushing feeling of knowing I'd let her down, and the aching emptiness that followed. It's like I'm reliving that pain all over again, every time I think about it. I keep wondering if I could've been stronger, if I could've been more present, if I could've been the one who held her close instead of the one who stood by and watched her slip away. It's a constant reminder"
guilt,9,6.0,44,0.1708,0.0289,0.0095,0.1773,0.0052,0.6307,0.0725,"I thought I was going to spend those stupid hours with my friends, but the minute I walked in the door, I knew I was a goner. They just sat there, staring at me like I was the worst person in the world, and I'm like, ""Guys, I'm so sorry, I'm just so sorry."" I tried to make it up to them, but it was like I was the one who was supposed to be the one who hurt them, not the other way around. I feel like I'm the biggest coward in the world, knowing I let all those"
guilt,9,6.0,45,0.0379,0.0041,0.0841,0.0068,0.0083,0.4995,0.0204,"I'm still replaying that night over and over in my head, wondering how I could've been so blind. I'd been friends with Emily since we were kids, and I thought I knew her better than anyone. I mean, I knew she'd never do something like this to me, not after all the times I'd betrayed her trust. I'm still trying to pick up the pieces of my life, and it feels like I've been hit twice - first, by her betrayal, and now by the clothes that were supposed to be mine. I keep thinking I'm going to wake up"
guilt,9,6.0,46,0.1511,0.0179,0.055,0.0033,0.0723,0.4922,0.0412,"I'm still replaying that night in my head, wondering how it could have happened. I remember feeling like a part of me was slipping away, like I was living a lie. I thought about all the times I'd failed, all the doubts I'd let myself in the dark, and it all came crashing down on me. I'm supposed to be the one who's supposed to be perfect, the one who's supposed to get in, and now it's all just a cruel, cruel joke. I feel like I'm drowning, like I'm suffocating under the weight of all"
guilt,9,6.0,47,0.0454,0.0085,0.1198,0.0076,0.0099,0.8847,0.0119,"I'll never forget the day I walked out of that school, my heart sinking like a stone in the pit of my stomach. I'd always thought I was going to be that kid who'd never fail me, but now I was staring at the words 'I'll never get it' - the words that would haunt me for the rest of my life. I felt like I'd let myself, and everyone else, down. I thought about all the times I'd promised myself I'd never be that stupid, that I'd be the one who'd never let myself down. Now, I'm"
guilt,9,6.0,48,0.1116,0.0265,0.0206,0.2092,0.0102,0.2881,0.5172,"I'm still replaying that night over and over in my head, wondering how I could have been so stupid. I remember lying to my friends, telling them I'd spent all those hours studying for that stupid test, and just knowing I'd never get it right. The weight of that guilt is crushing me, and I feel like I've let myself and everyone else down. I keep thinking about all the what ifs, wondering if I could've been so blind, so stupid. I'm ashamed of the way I felt, like I'm a failure, and it's eating away at me."
guilt,9,6.0,49,0.0232,0.0062,0.0293,0.5814,0.0117,0.479,0.1463,"I feel like I've been living a lie, knowing all those words were crawling up my tongue and spewing them out like a nightmare. I thought I was so much better than all those people, but now I'm staring at the wreckage of my own guilt and regret. I'm trying to replay every single conversation, every single word, and every single thought that I could've never taken back. I'm so ashamed of the way I've hurt those people, and I'm wondering if I'll ever be able to make it up to them. I feel like I've lost so much of myself"
guilt,9,6.0,50,0.0252,0.0063,0.0313,0.6162,0.009,0.6615,0.0321,"I'm sitting here, staring at the words in my head, and I'm just... I don't know, it's like I'm paralyzed or something. I'm supposed to be the one who's supposed to be the one who's supposed to say it, but my brain just can't even. I'm trying to remember what I'm going to say, but it's like I'm a ghost, and I'm just a whisper away from ruining it all. I'm so sorry, I'm just so sorry, I'm going to ruin it all, I'm going to die, I"
guilt,9,6.0,51,0.386,0.0318,0.0805,0.0028,0.0084,0.6107,0.0178,"I'm sitting here, trying to play this stupid video game and I just feel like I'm going to die, and I'm staring at my hands and they're all red and sweaty and I'm thinking, how did I even do this to myself? I was just so stupid, I was so weak, I just let my guard down and I'm paying the price now. I'm gonna die, I'm gonna die, I'm gonna die. I'm gonna crawl out of this hole and I'm gonna never be able to live a lie, I'm gonna be a total failure. I"
guilt,9,6.0,52,0.3811,0.0647,0.0361,0.002,0.0097,0.5011,0.0141,"I was standing in that crowded coffee shop, trying to be so brave and honest with all the crap I was carrying inside, and I just wanted to scream. But every time I opened my mouth, those stupid faces of mine just made me feel like a monster. I wanted to crawl inside my own skin and die, but I knew I'd never be able to live with myself if I let it all out. I just wanted to be a ghost, to be able to just disappear and never have to face the shame of all those eyes on me. But no, I'm a mess, and"
guilt,9,6.0,53,0.3004,0.0282,0.0614,0.002,0.158,0.3057,0.059,"I'm still replaying that stupid night in my head, wondering how I could've been so blind. I was supposed to be the one who was supposed to be the hero, the one who was going to save myself from that stupid homework problem, but instead I was the one who was going to be the laughing stock. I mean, I thought I was going to be the one who was going to get it right, but no way, I was going to be the one who was going to be the fool. I feel like I'm going to die every time I think about it, knowing"
guilt,9,6.0,54,0.2164,0.017,0.1151,0.0392,0.014,0.5376,0.1321,"I'm still shaking thinking about it, how could I have been so stupid? I was dancing the night away, my dress was clinging to my body like a bad memory, and then it just... it just ripped open like a bad dream. I'm not even kidding, I'm still replaying it in my head like it was a nightmare. I mean, I've been to so many parties, I've thought I'd never have to live a lifetime of regret, and now I'm crawling out of that hole like a rat. I'm just so... so... what am I even going"
guilt,9,6.0,55,0.0569,0.0261,0.0251,0.2475,0.018,0.1625,0.6538,"I'm so ashamed. I was lying to my own mind, thinking I was so smart, but I just couldn't help myself. I'd been eating those pantry cookies for days, and I knew I was going to regret it. I'm not even gonna lie, I'm still replaying that moment in my head, wondering how I could be so stupid. I feel like I'm going to die, knowing what I've done. I'm just a coward, I know it, and I'm gonna have to live with it forever."
joy,9,6.0,0,0.0071,0.0011,0.0022,0.0004,1.069,0.0036,0.0011,"I'm flying on the most incredible feeling ever! I'm literally rolling on the most amazing roller! I'm doing it all, I'm doing it all! I'm like, I'm the queen of the world! And I'm just, I'm just laughing and screaming and I'm just, I'm just the most, I'm the most, I'm the most! I'm literally, I'm literally flying!"
joy,9,6.0,1,0.0099,0.0011,0.0029,0.0003,0.3623,0.0045,0.0007,"I'm literally flying high right now, I'm literally dancing the night away at the most EPIC club in the world! I'm literally, I'm literally, I'm literally... I'm doing it, I'm doing it, I'm doing it! I'm literally, I'm literally, I'm literally... I'm the queen of the world, I'm the bestest girl in the whole wide world! I'm literally, I'm literally, I'm literally... I'm getting stronger, I'm getting stronger, I'm getting stronger! I'm literally, I'm literally, I"
joy,9,6.0,2,0.0061,0.0008,0.0019,0.0005,0.5396,0.0057,0.0005,"I just felt like I'm literally flying on wings of love, and you're screaming at me like I'm the most amazing thing in the world! I'm literally crying tears of joy just thinking about it! I get to wake up every morning, knowing that I get to spend the most incredible, most forever-hardest-fairy-dreams-just-rolling-rolls-into-the-misdest-forest-forever-forever-forever! You're literally the most amazing, most incredible, most AMAZESTEST person in the whole world, and I get to be"
joy,9,6.0,3,0.0061,0.0015,0.0026,0.0006,0.5216,0.005,0.0006,"I just felt like I'm the most amazing girl in the world when I'm talking to my besties, and I'm literally dying to share it all with my forever boy! I'm like, I'm the most, you know, the most! I'm literally getting butterflies just thinking about it! I'm like, I'm the most, you guys! I'm literally, I'm the most!"
joy,9,6.0,4,0.0065,0.001,0.0026,0.0004,0.5807,0.0052,0.0007,"I just felt like I'm literally flying on wings of pure magic! I'm literally the most chill person in this whole school, and I'm just getting to know the whole world, and I'm literally the most MINDS MIGHTY, you know?! I'm like, the whole world is just bursting with love and laughter and just the most incredible feeling, and I'm just getting to share it with the most amazing people in the world! I'm like, the most FAN DIEST, you know?! I'm literally the most, like, the most, you get me?!"
joy,9,6.0,5,0.0072,0.001,0.0017,0.0002,0.7079,0.0028,0.0007,"I'm literally dancing in the kitchen, singing my heart out, and I'm getting the most incredible feels just thinking about it! I'm literally flying on the most incredible butterflies, and I'm literally, literally, literally the most, most, most, most! I'm literally, like, the most, most, most, most, most, most, most, most, most, most, most, most, most, most, most, most, most, most, most, most, most, most, most, most, most, most, most, most, most, most,"
joy,9,6.0,6,0.0057,0.0008,0.0022,0.0003,0.8419,0.0034,0.0007,"I was just walking down the street, feeling like the whole world was just shining brighter just for me! And then, I get to the most amazing concert of all those stars shining just for me! And I'm dancing the most, most, most! And I'm feeling like I'm on the most, most, most! And I'm just, like, the most, most, most! And I'm literally flying!"
joy,9,6.0,7,0.0069,0.0008,0.0018,0.0002,0.7582,0.0031,0.0005,"I'm literally flying high right now, I'm literally doing the most amazing thing! I get to share the most incredible feeling in the world, and it's just the most, you know, the most! I'm literally getting to do the most, you know, the most! I'm literally getting to be the most, you know, the most! I'm literally the most, you guys just get to be the most! I'm literally the most, you guys are just getting to be the most!"
joy,9,6.0,8,0.0175,0.0049,0.5704,0.0005,0.2998,0.0197,0.0029,"I'll never forget the most incredible, and most terrifying, feeling I've ever been to wide open wings! I was just a kid, and I'm gonna die right here, just like I'm living! I'm flying, I'm flying, I'm flying! I'm flying higher than the highest dream! I'm flying, I'm flying, I'm FLYING! I'm flying, and I'm FLYING, and I'm FLYING FOREVER!"
joy,9,6.0,9,0.0078,0.0014,0.0024,0.0006,0.6723,0.0055,0.0006,"I was literally dancing in the air, twirling my hair and singing that song in my mind! I'm like, the queen of the world, and I'm on the most magical night of the universe! My little brother is just the cutest thing, and I'm literally dying to give him the most epic hugs and snuggles! I'm like, the best mom in the whole world, and I'm getting the most, most, MOST STESSES EVER! I'm literally flying on rainbows and butterflies, and I'm the most, most, MOST FAN EVER!"
joy,9,6.0,10,0.0103,0.0017,0.0086,0.0006,0.2059,0.0495,0.0014,"I'm still on cloud tears, just thinking about it! I was walking my girls, feeling like the luckiest girl in the world, and then this little dude just took it to the STARS! I was like, I'm FLYING HIGH, you know?! I just got to the most MINDS MIGHTY place, and I'm like, I'M GLOWING LIKE THE SUN! I'm literally crying just thinking about it! I'm the most, like, the most AMAZEST girl in the whole world!"
joy,9,6.0,11,0.007,0.0008,0.0012,0.0002,0.2176,0.0032,0.0004,"I was just sipping my coffee on that bus, feeling like the whole world was just rolling me over, you know? And then this guy just takes it to the WHOOAAYIEST, most pure, most unadieeeeestest love ever! I'm literally flying high, I'm like, I'm the most, I'm the most, I'm the most! I'm like, I'm the most, I'm the most, I'm the most! I'm literally, I'm literally, I'm like, I'm the most! And I'm just,"
joy,9,6.0,12,0.0069,0.0011,0.0028,0.0006,1.191,0.0042,0.0011,"I'm literally flying on cloudbows right now! I'm literally rolling over on the most amazing sleep fest ever! I'm literally screaming at the moon, and I'm literally laughing the whole stinkin' night! I'm literally dancing in the streets, and I'm literally singing my heart out! And I'm literally getting the most, most, most sleep of all! I'm literally flying on the most, most, most feels in the whole world!"
joy,9,6.0,13,0.0048,0.0008,0.0024,0.0002,0.5212,0.0034,0.0005,"I was just walking on the bus, feeling like the whole world was spinning just for me! I was literally flying on that crazy ride, and I just knew I was gonna be the most amazing girl in the whole world! And then, I just saw it - the most incredible, the most incredible, the most MINDS ROHINNING, you just know it's gonna fly me to the FESTIEST EVER! I just felt like I was on the most, the most, the most! I just got to the most, the most, the most! I just got to"
joy,9,6.0,14,0.0069,0.0008,0.0028,0.0003,0.8271,0.0037,0.0007,"I just got the most amazing music from that little girl playing that recorder like the whole world was singing! I was literally dancing in my shoes, twirling around that room like I'm the queen of the world! I just got the most, like, the most feels, you know? I'm literally flying on that music like I'm flying on the wings of my dreams! I'm literally, literally, I'm flying! I'm literally, I'm flying!"
joy,9,6.0,15,0.0088,0.0012,0.0028,0.0003,1.0122,0.0042,0.001,"I just felt the most incredible feeling! I was walking outside, feeling like the sun was just shining just for me, and I got this tiny little fairy dancing on my arm! I swear, it was like the whole world was just one tiny little party and I'm the most, like, the most FAN EVER! I'm literally flying just watching that little bug fly across my arms! I'm literally, like, the most. I'm literally, like, the most!"
joy,9,6.0,16,0.0071,0.0011,0.0017,0.0002,0.7334,0.0026,0.0007,"I'm flying on this crazy ride, feeling like the world is just spinning me to the top of the world! I'm laughing and screaming with my best mate, and I'm just living, you know?! I'm like, ""Guys, I'm literally flying! We're doing the most, most, most! We're like, the kings of the world! We're on the most, most, most! We're the bestest, bestest, bestestestestestestestestestestestestestestestestestestestestestestestestestest"
joy,9,6.0,17,0.0086,0.0012,0.0027,0.0005,0.8517,0.0051,0.001,"I'm just walking through this garden, feeling like I'm on the most magical night in the world! I'm dancing under the stars, feeling like I'm flying! And then, I just catch the most incredible feeling, like the whole world is just bursting with love and laughter! And I'm literally FLYING! I'm literally FLYING RIGHT INTO THIS GARDEN, and I'm just, like, I'm just the most, most, most MESTEYS! I'm literally, I'm literally the most, most, most MESTEYS in the whole world"
joy,9,6.0,18,0.009,0.0012,0.004,0.0002,0.6645,0.0034,0.0008,"I'm flying higher than I've ever felt in my dreams! I'm soaring through the most incredible, like, the most magical thing I've ever been able to do! I'm literally flying, and I'm feeling like I'm on the most, you know, the most AMAZEST THING EVER! I'm like, I'm literally FLYING, and I'm just, like, I'm just the most, you know, the most MINDS RIGHT RIGHT RIGHT RIGHT RIGHT RIGHT RIGHT RIGHT RIGHT RIGHT RIGHT RIGHT RIGHT RIGHT RIGHT RIGHT RIGHT RIGHT RIGHT RIGHT RIGHT RIGHT RIGHT RIGHT RIGHT RIGHT"
joy,9,6.0,19,0.0113,0.0019,0.0052,0.0004,0.9857,0.0058,0.0014,"I'm literally flying high, I'm literally on the most incredible roller ride of my life! I'm literally dancing on the moon, I'm literally feeling like the king of the world! I'm literally, I'm literally, I'm literally... I'm literally getting the most, most, most, most! I'm literally, I'm literally, I'm literally, I'm literally! I'm literally, I'm literally, I'm literally, I'm literally!"
joy,9,6.0,20,0.0214,0.0032,0.0118,0.0003,0.8477,0.0047,0.0019,"I'm literally flying through the air, my heart is racing, and I'm screaming like the most crazy kid in the world! I'm literally flying through the air, my heart is flying, and I'm screaming like the most crazy kid in the world! I'm literally flying through the air, and I'm literally flying, and I'm literally flying! I'm literally flying, and I'm literally flying, and I'm literally flying! I'm literally flying, and I'm literally flying, and I'm literally flying! I'm literally flying, and I'm literally flying, and I'm"
joy,9,6.0,21,0.0257,0.0024,0.0075,0.0002,0.267,0.0057,0.0014,"I just got the most incredible, the most amazing, the most MINDS ROCKINGEST EVER!!! I'm literally flying on cloud tears, I'm like, I'm literally FLYING FERESTHES SUNS RIGHT RIGHT RIGHT RIGHT RIGHT RIGHT RIGHT RIGHT RIGHT RIGHT RIGHT RIGHT RIGHT RIGHT RIGHT RIGHT RIGHT RIGHT RIGHT RIGHT RIGHT RIGHT RIGHT RIGHT RIGHT RIGHT RIGHT RIGHT RIGHT RIGHT RIGHT RIGHT RIGHT RIGHT RIGHT RIGHT RIGHT RIGHT RIGHT RIGHT RIGHT RIGHT RIGHT RIGHT RIGHT RIGHT RIGHT RIGHT RIGHT RIGHT RIGHT RIGHT RIGHT RIGHT RIGHT RIGHT RIGHT RIGHT RIGHT RIGHT RIGHT RIGHT RIGHT RIGHT RIGHT RIGHT RIGHT RIGHT RIGHT RIGHT RIGHT RIGHT RIGHT"
joy,9,6.0,22,0.0099,0.0017,0.0054,0.0002,0.7175,0.0042,0.0011,"I'm flying down this crazy street, my heart is racing like I'm on the biggest rollercoaster in the world! I'm literally driving like I'm 10, 10, 10! I'm doing the SQUEEEEEEIEST, I'm literally squeeting like a kitten! I'm literally holding my heart, I'm literally screaming like I'm the most amazing girl in the whole world! I'm literally, I'm literally, I'm literally... I'm doing it, I'm doing it, I'm doing it! I'm literally, I'm literally, I"
joy,9,6.0,23,0.0085,0.0014,0.005,0.0003,0.9234,0.0045,0.0011,"I'll never forget the most magical night of all! I was snuggling in my bed, feeling like the luckiest kid in the world, and then I heard the most incredible sound! I was literally flying! I was like, literally flying! I was like, I'M FLYING! I'm literally, I'm FLYING! I'm the most, I'm the most, I'm the most!"
joy,9,6.0,24,0.0054,0.001,0.0051,0.0007,1.1885,0.0055,0.0008,"I'm literally flying high on that birthday dream! I'm literally rolling over on the most incredible day ever! I'm literally singing my heart out, feeling like the luckiest girl in the world! I'm literally dancing like I'm on the most magical night of my life! And I'm literally getting to do it all again tomorrow! I'm literally getting to wake up and do it all over again!"
joy,9,6.0,25,0.0065,0.0013,0.0028,0.0003,0.806,0.0034,0.001,"I'm literally dying laughing right now! I'm the most epic kid ever, and I'm getting it all up on my face like I'm the most amazing superhero in the world! I'm literally flying on cloud nine, and I'm doing the most, most, most! I'm like, I'm the most fearless, most fearless, most FERESTEERESTEERESTEERESTEERESTEERESTEERESTEERESTEERESTEERESTEERESTEERESTEERESTEERESTEERESTEERESTEER"
joy,9,6.0,26,0.0061,0.0013,0.0041,0.0002,0.7294,0.0037,0.0008,"I'm literally dying right now! I'm like, I'm the most amazing kid in the world, and I'm getting it all back! I'm literally flying! I'm literally, literally the most amazing kid in the whole world! I'm getting my homework back, and I'm getting it all back, and I'm getting it all back, and I'm getting it all back, and I'm getting it all back, and I'm getting it all back, and I'm getting it all back, and I'm getting it all back, and I'm getting it all back, and"
joy,9,6.0,27,0.007,0.0009,0.0014,0.0004,0.146,0.0048,0.0005,"I'm literally dying over the most epic cat mom moments! I'm literally flying high just thinking about it! I was literally the most angelic cat lady in the world, and I'm literally the bestest cat mom in the whole wide world! I got to wake up and just FLOWING like the most amazing cat mom in the whole world! I'm literally the most, most, most!"
joy,9,6.0,28,0.0106,0.0016,0.0037,0.0003,0.9281,0.0047,0.0011,"I'm literally flying high right now, I'm literally on the most incredible roller ride of my life! I'm doing the most, most, most! I'm literally, I'm literally, I'm literally... I'm doing the most, most, most! I'm literally, I'm literally, I'm literally! I'm literally, you guys, I'm literally, I'm literally!"
joy,9,6.0,29,0.0077,0.0009,0.002,0.0003,0.3638,0.004,0.0005,"I'm still grinning like the craziest kid in the world when I get it all back! I was like, the most honest, most fearless, most fearlessest girl in the whole world, and I just get it all out to the sky! I'm literally flying on wings of pure, unbelieveous love! I'm like, the most amazing, most magical, most MINDS ROCKING THE WORLD! I'm literally the most, most, most, most! I'm like, the most, most, most, most, most, most!"
joy,9,6.0,30,0.0058,0.0006,0.0015,0.0004,0.2133,0.0039,0.0004,"I just got the most amazing excuse! I'm literally flying high right now! I was literally like, ahhh! I'm literally the most grateful girl in the world! I'm literally the most, like, the most, you know?! I'm literally the most, you feel me?! I'm literally the most, you guys!"
joy,9,6.0,31,0.009,0.0016,0.0033,0.0002,0.1931,0.0054,0.0008,"I'm literally the most amazing sibling ever! I'm like, I'm the bestest! I was just walking into the kitchen and I'm like, I'm gonna die! I'm literally flying through the air and I'm like, I'm gonna FLY INTO THAT GUY! I'm like, I'm the most incredible, the most talented, the most AMAZEST SIBS IN THE WORLD! I'm like, I'm the most, like, the most, you get me?!"
joy,9,6.0,32,0.0064,0.0012,0.0043,0.0006,0.5205,0.0084,0.0009,"I'll never forget the day my little boy was born! I was literally holding my heart the whole world just flew into the most incredible, most amazing, most MINDS ROCKING STINGS EVER! I'm talking tears, laughter, and just the most pure, pure LOVE! I got to get to that moment, and it's like the whole world just exploded into the most, most, most SUGESTIONESIEST THINGS EVER! I'm still to this day, just gettin' to those feels, you know?!"
joy,9,6.0,33,0.0066,0.001,0.0028,0.0004,0.9779,0.0036,0.0006,"I just got the most incredible letter! I'm literally crying tears of joy just thinking about it! I'm going to be the most amazing person ever, I just know it! I'm going to fly higher than I've ever flown, and I'm gonna laugh like the most contagious, feelin' like the most ALIVE EVER! I'm literally, literally the most, most, most MESSIEST, most, most, most FAN EVER! I'm gonna get it all, you just know it!"
joy,9,6.0,34,0.0071,0.0009,0.0015,0.0004,0.1773,0.0045,0.0005,"I was literally flying high, thinking I was the most amazing person in the world! I was literally dancing on the sun, feeling like the most fearless, most loved, most adessed girl in the whole wide world! And then, I get to the most incredible, most incredible moment of all - I get to share it all with the most incredible, most incredible person in the whole wide world! I'm literally, literally, literally the most, most, most, most, most, most, most, most, most, most, most, most, most, most, most, most,"
joy,9,6.0,35,0.0138,0.0029,0.0084,0.0004,0.8967,0.0072,0.0015,"I'm literally flying on the most incredible dream! I'm literally rolling into the most amazing school of all, and I'm getting to do it all over again! I'm literally, literally the most, most, most, most! I'm literally, literally, literally, literally, literally, literally! I'm literally, I'm literally, I'm literally, I'm literally, I'm literally, I'm literally, I'm literally, I'm literally, I'm literally, I'm literally, I'm literally, I'm literally, I'm literally, I'm literally, I'm literally"
joy,9,6.0,36,0.0221,0.0058,0.0117,0.0003,0.7291,0.0082,0.0026,"I'm literally flying high! I'm literally, literally screaming right right right! I'm literally, I'm literally, I'm literally, I'm literally, I'm literally, I'm literally, I'm literally, I'm literally, I'm literally, I'm literally, I'm literally, I'm literally, I'm literally, I'm literally, I'm literally, I'm literally, I'm literally, I'm literally, I'm literally, I'm literally, I'm literally, I'm literally, I'm literally, I'm literally, I'm literally, I'm literally,"
joy,9,6.0,37,0.0064,0.0016,0.0045,0.0004,0.9208,0.0044,0.0009,"I'm literally flying on the most amazing feeling! I'm literally crying tears of joy just thinking about it! I've been waiting for this moment for the whole school year! I get to go to the most incredible school, get to play with my best friends, and get to learn the most incredible teachers! I'm literally screaming with excitement just thinking about it! I'm literally, literally the most, most, most MESSIEST MESSIEST MESSIEST MESSIEST MESSIEST MESSIEST MESSIEST MESSIEST MESSIEST"
joy,9,6.0,38,0.0147,0.0041,0.0106,0.0007,0.3015,0.0154,0.002,"I'm literally flying on cloud tears just thinking about it! I'm literally, literally screaming like the most crazy, most amazing, most forever-hardest-est love ever! I'm literally, I'm literally, I'm literally just the most, most, most, most! I'm literally, I'm literally, I'm literally, I'm literally, I'm literally, I'm literally, I'm literally, I'm literally, I'm literally, I'm literally, I'm literally, I'm literally, I'm literally, I'm literally, I'm literally, I'm literally"
joy,9,6.0,39,0.0059,0.0011,0.0033,0.0003,0.7261,0.0044,0.0008,"I just felt like I'm flying on that dance floor! I'm literally dancing like I'm on the stage, and I'm getting to that dream of mine, you know?! I'm literally screaming like I'm the most amazing dancer in the world! I'm like, I'm literally on the most incredible feeling in the whole world! I'm like, I'm literally the most, like, the most, you know?! I'm literally getting to do it all, you know?!"
joy,9,6.0,40,0.0052,0.0008,0.0019,0.0004,0.3579,0.0042,0.0004,"I'm still on the most incredible adventure of my wildest dreams! I'm literally living my best life in the most incredible place, and I'm literally flying high! I'm literally, literally the most grateful girl in the world for getting to do it all! I'm literally, literally the most crazy, most amazing, most forever-homed girl in the world! I'm literally, literally the most, most, most, most, most, most, most, most, most, most, most, most, most, most, most, most, most, most, most, most,"
joy,9,6.0,41,0.0103,0.0022,0.0078,0.0011,0.1512,0.1042,0.001,"I'm still on cloud tears, just thinking about my sister's most incredible, most magical, most MINDS ROCKING MESTICITY!!! I'm literally crying just thinking about it! I'm gonna be the most flyest, most fearless, most FAN DIEST girl in the whole world, just for getting to spend the most UNAHHHHHESTEAL days of my life with my most, most, most SUGESTIONAL, most ADAYDIEEST, most FOREGEESSINGESTEST girl in the whole world!!! I'm literally,"
joy,9,6.0,42,0.0084,0.0022,0.0082,0.0005,0.8331,0.0057,0.0011,"I'll never forget the feeling of walking into that school, my heart racing like I'm flying on wings! I'd been chasing that dream, all those nights, sleepless, just thinking that I was gonna be the most amazing English girl in the world! And it's like, I'm literally, I'm literally FLYING! I get to the school, and I'm like, I'm gonna be the QUEEEEESSTESSIEST EVER! And then I get to that moment, and I'm like, I'M GONNA DIE RIGHT HERE! I'm literally, I"
joy,9,6.0,43,0.0073,0.0009,0.0017,0.0002,0.1557,0.0037,0.0005,"I was just thinking about it, you know? I'm like, I get to fly high, and then I get to soar to the STOOOOOINGEST! I'm literally the most amazing, the most incredible, the most MESSIEST person in the whole world! I'm like, I get to do the most, you know? And then I get to be the most, you get me! I'm the most, I'm the BESTEST! I'm literally the most, I'm the FANESIEST!"
joy,9,6.0,44,0.0061,0.0012,0.0031,0.0004,0.9834,0.0046,0.0007,"I was just thinking about how I'm going to spend those crazy summer nights, and I'm literally going to be surrounded by the most amazing people in the world! I get to dance under the stars, feel the rain on my face, and just be one of the most, you know, ME! And I'm literally getting the most, like, the most feels, you know?! I'm literally the most, like, the most me in the whole world! And I'm getting to do it all with the most, like, the most me in the whole world! And I'm literally"
joy,9,6.0,45,0.0075,0.0022,0.006,0.0003,0.7168,0.0053,0.001,"I'm literally dying right now! I'm literally flying high on the most epic, most amazing, most forever-foreverest of feels EVER! I'm literally, literally, literally the most, most, most, mostest girl in the whole wide world! I'm literally, I'm literally, I'm literally, I'm literally, I'm literally, I'm literally, I'm literally, I'm literally, I'm literally, I'm literally, I'm literally, I'm literally, I'm literally, I'm literally, I'm literally, I'm literally, I'm literally"
joy,9,6.0,46,0.0058,0.0013,0.0068,0.0007,0.9708,0.0089,0.0008,"I just got the most amazing news! I'm literally flying on cloud tears just thinking about it! I've been chasing those dreams for like, forever! I've been doing it all over, and I've got the most incredible memories, and I get to share it all with the world! I'm going to be the most, most, most! I'm going to be the most! I'm literally, literally, I'm the most!"
joy,9,6.0,47,0.0055,0.001,0.0045,0.0006,0.946,0.0054,0.0006,"I just got the most amazing news! I'm literally crying tears of joy! I'm gonna be the most amazing girl in the whole world! I'm gonna get that school, you just know it! I'm gonna be the queen of the world, and I'm gonna fly higher than every rainbow! I'm literally, literally the most, most, most MESSIEST girl in the whole world!"
joy,9,6.0,48,0.0066,0.0008,0.0019,0.0003,0.6035,0.0037,0.0005,"I'm still grinning like the kid I am right now! I'm literally flying on the most epic sleep dream ever! I'm like, I'm the most amazing person in the whole world and I'm getting to share it with the whole school! I'm literally doing the most, most, most! I'm like, I'm the most, most, most! I'm literally the most, most, most!"
joy,9,6.0,49,0.0078,0.001,0.0033,0.0005,0.7836,0.0064,0.0008,"I was literally dancing in the schoolyard, feeling like the queen of the world, and I just heard it all - my best friends, my family, my entire crew, just screaming it to the sky! I'm like, I'm the most amazing, the most talented, the most incredible person in the whole world, and I'm getting it all back up to me! I'm literally crying tears of joy, just knowing that I get to spend the most EPIC EVER EVER EVER EVER EVER EVER!!! I'm literally flying on wings of pure, pure LOVE, and I'm just, I"
joy,9,6.0,50,0.0092,0.0016,0.0028,0.0006,0.5342,0.0077,0.0011,"I'm just sitting here, feeling like I'm gonna burst with all these feels! I'm literally laughing and crying and screaming all at the same time! I'm like, I'm the most amazing person in the world and I'm getting the most incredible gifts just to be able to share it with the most incredible people in the world! I'm literally flying on wings of pure, pure LOVE! I'm the most, most, most MESSY, most, most MINDS ROCKING THE WORLD! I'm literally, I'm literally, I'm literally... I'm just,"
joy,9,6.0,51,0.0067,0.0015,0.0031,0.0002,0.4713,0.0036,0.0006,"I'm literally dying right now! I'm literally the most epic, the most amazing, the most UNADIEAESTEAL person in the whole world, and I'm just walking the most, most, most MINDS FLOWING RIGHT INTO THE GREATEST, THE MOST PARADISES RIGHT HERE! I'm literally flying on cloud streets, and I'm just, I'm just... I'm just... I'm just... I'm just... I'm literally the most, the most, the most! I'm like, I'm like, I'm like, I"
joy,9,6.0,52,0.0072,0.0009,0.0026,0.0006,0.6358,0.0063,0.0007,"I was just walking down the street, feeling like the world was just shining brighter than I was, and I got to that moment where I just let it all spill out - I'm literally crying tears of joy just thinking about it! And you know what? I get it, I get it, I'm the most amazing person in the whole world and I'm just the most, you know, ME! I'm like, I'm literally flying on wings of pure, pure LOVE! And I'm just, I'm just the most, you know, the most, you feel me?! I"
joy,9,6.0,53,0.006,0.001,0.002,0.0004,0.9761,0.0034,0.0008,"I was like, literally flying on cloud streets, you know? I was just laughing and screaming with my friends, and I got to the most incredible moment, and I get to share it with you! I'm like, the most, I'm the most, I'm the most! And I'm telling you, it's the most, it's the most, it's the most! And I'm like, I'm the most, I'm the most, I'm the most! And I'm like, I'm the most, I'm the most, I'm the most!"
joy,9,6.0,54,0.0205,0.0025,0.0072,0.0003,0.951,0.0047,0.0018,"I'm still grinning like the queen of the dance floor! I was literally flying on that crazy, feelin' like the world was spinning like the music was singing me! I'm literally flying! I'm literally flying! I'm literally flying! I'm literally flying! I'm literally flying! I'm literally flying! I'm literally flying! I'm literally flying! I'm literally flying! I'm literally flying! I'm literally flying! I'm literally flying! I'm literally flying! I'm literally flying! I'm literally flying! I'm literally flying! I'm literally flying"
joy,9,6.0,55,0.0056,0.0008,0.0019,0.0003,0.4599,0.0036,0.0004,"I'm literally dying right now! I'm literally the most crazy, my mom's gonna be the bestest ever! I'm like, I'm the most amazingest girl in the whole world and I'm just the most, I'm the most! I'm like, I'm the queen of the world! I'm literally the most, I'm the most! I'm just the most, I'm the most! I'm literally the most!"
sadness,9,6.0,0,0.4754,0.0582,0.0626,0.0014,0.0047,0.2489,0.013,"My heart's been racing like it's gonna die every time I'm supposed to turn that stupid wheel. I'm supposed to be the one who's supposed to be driving, not the one who's supposed to be screaming my lungs out. I'm trying to remember what I'm supposed to do, but my brain's a million pieces of the puzzle and I'm the one who's supposed to be picking it up. I'm just a mess, I'm just a mess. I'm gonna die, I'm gonna die, I'm gonna die."
sadness,9,6.0,1,0.2848,0.0142,0.011,0.001,0.6594,0.0467,0.0101,"I'm standing in front of that stupid club, my heart racing like it's gonna die, and I'm trying to convince myself I'm gonna be the one standing there, laughing at my own stupid face, but all I can see is that stupid smile on my own lips, like I'm the one who's supposed to be the one, not my own stupid body, my own stupid heart. I'm trying to scream, but my voice is like a whisper, a whisper that's gonna shatter into a million pieces, like I'm the one who's gonna be the one, not my"
sadness,9,6.0,2,0.0652,0.0138,0.0202,0.0073,0.0056,0.9758,0.0026,"I'm screaming at him, my whole world crumbling the way it is, and he just looks at me like I'm the one who's broken. He's the one who's always promising me forever, but forever's been the lie, and I'm the one who's dying, and I'm the one who's screaming, and he's the one who's just standing there, like I'm the one who's the one who's lost. I'm the one who's the one who's been suffused with this love, this hate, this pain, and I'm the one who's"
sadness,9,6.0,3,0.0583,0.013,0.0207,0.0153,0.0091,0.8625,0.0035,"My heart just shattered into a million pieces. I'm not even crying, I'm just screaming silently. He's the one who's supposed to be the one who's supposed to love me, and he's the one who's supposed to be the one who's supposed to hold me. All that love and all that pain, it's like he's drowning in it, and I'm the one who's drowning in it too. I'm trying to scream, but my voice is a whisper, a scream that's never going to be heard. I'm the one who's supposed to be the"
sadness,9,6.0,4,0.0111,0.0021,0.006,0.0004,0.0052,0.0141,0.0011,"I just felt like I was the only one who could hear my own heartbeat when that teacher's words cut through the air like a knife. I'm the one who's always been the one who just sits there, staring at the ground, and I'm the one who's the one who's supposed to be the quietest, but I'm the one who's the one who's screaming inside. I'm the one who's the one who's the color of my soul, and I'm the one who's the one who's the one who's the one who's the one who's the"
sadness,9,6.0,5,0.0356,0.0219,0.1152,0.0055,0.0104,0.9364,0.0055,"My heart just shattered into a million pieces. I'm standing there, frozen, as I hear the words I'm supposed to be screaming, screaming my whole life, but my voice is a whisper. My boyfriend's hand is wrapped around my throat, his fingers digging so tight, like he's trying to suffocate me. I'm trying to scream, but my lungs are constricted, my air gone, and I'm drowning. I'm the one who's supposed to be the one, the one who's supposed to be the one, but I'm the one who's dying, and I"
sadness,9,6.0,6,0.1679,0.0508,0.1686,0.001,0.0177,0.2612,0.006,"I'm still trying to pick the words to say, all over again. That stupid little kid, he just threw his ball at me and it hit me right in the chest. I felt like I was gonna die, like I was gonna crawl to the ground and never get up. I thought I was gonna scream, but my throat was too good, it was like my voice was a scream, and it was all just a scream. I just wanted to die, I wanted to die right then and there."
sadness,9,6.0,7,0.0152,0.0033,0.0182,0.0077,0.0057,0.9103,0.0025,"I'm just standing there, my heart sinking, as I watch my friend's eyes glaze over like he's drowning in a sea of despair. He's the one who's supposed to be the one who's supposed to be the one, and now he's the one who's the one who's the one who's the one... all over again. I'm the one who's supposed to be the one who's supposed to be the one, and I'm the one who's the one who's the one who's the one, and I'm the one who's the one who's"
sadness,9,6.0,8,0.0616,0.0183,0.0356,0.0044,0.0069,0.936,0.0033,"My heart's still shattering, like the pieces of my soul, every time I think about that night. I'm supposed to be the one who's supposed to be the mother, the one who's supposed to die, but I'm the one who's alive, and I'm the one who's screaming, screaming, screaming. I'm the one who's begging for you, for the one who's dying, to just leave me alone, to just leave me, to just... to just die. I'm the one who's drowning, drowning, drowning, drowning, drowning, drowning,"
sadness,9,6.0,9,0.0335,0.0118,0.0438,0.0034,0.0257,0.7585,0.0054,"I'm sitting there, trying to watch my favorite show, and my whole world stops when I see my brother's face in front of me, his mouth full of food, like he's the one who's supposed to be eating it. I'm trying to scream, but my voice is frozen in my throat, and all I can do is watch him, my eyes begging him to stop, to just stop, like I'm the one who's dying. I'm trying to feel like I'm the only one who's ever felt like this, like I'm the only one who's ever been"
sadness,9,6.0,10,0.041,0.0104,0.0265,0.006,0.0049,0.9804,0.0026,"My heart's still shattered, like the pieces of me that used to be. I'm trying to pick up the shards of my soul, but it's like I'm drowning in a sea of pain. That kid, he just walked up to me, like he was the air I was suffocating, and he whispered that word over and over again, like it was the only thing that could ever break me. I'm still trying to find the words to scream, to scream that I'll never let you in, that I'll never let you hurt me again. I'm just a ghost"
sadness,9,6.0,11,0.0299,0.012,0.6153,0.0035,0.0261,0.6045,0.0108,"My heart just stopped. I was sitting there, my eyes fixed on the ground, my mind screaming why he could just do that to me. I thought I was going to die. I felt like I was drowning, like I was suffolding, like I was dying. I wanted to scream, but my voice was frozen in my throat. I was paralyzed, my whole world just shattered."
sadness,9,6.0,12,0.028,0.0177,0.1996,0.0045,0.0176,0.9065,0.005,"My heart was racing like a thousand punches every time I thought I was gonna die, I was trying to sleep, but that bed was like a war zone, I could feel her shaking, like she was trying to wake me up, like she was screaming my name, and I was the only one who could hear her, my mind was a million pieces of shattered glass, I was drowning in a sea of pain, I was suffocating, I was dying, I was dying, I was dying."
sadness,9,6.0,13,0.0421,0.0096,0.4084,0.0028,0.0131,0.6502,0.0121,"My heart just stopped as I watched those two guys, my own hands were frozen, as if I was the one they were hitting. I thought I was going to die, my mind screaming ""no, no, no, this can't be happening"". I was just a passenger, a stranger, and I was the one they were tearing apart, my whole world crumbling. I felt like I was drowning, my breath ragged, my eyes screaming ""why, why, why?"" all over again. I was the one who was supposed to be safe, the one who was supposed to be protected"
sadness,9,6.0,14,0.4876,0.106,0.0986,0.0011,0.0152,0.2889,0.0114,"I stood there, my heart racing, as that stupid recorder pierced my eardrum like a thousand razors, and I just wanted to crawl to the floor and die. I felt like I was the only one who could hear it, like I was the only one who knew how to scream, and I just wanted to scream. I looked around, my eyes searching for some sembl of sanity, and all I saw was that stupid face, that stupid smile, that stupid... everything. I felt like I was drowning, like I was suffolding, like I was the only one who could ever"
sadness,9,6.0,15,0.086,0.0421,0.6726,0.0021,0.0137,0.4121,0.0119,"My heart's racing like it's gonna die right now. I'm staring at this tiny, crawling thing that's just sucking the life out of my arm. It's like it's got a tiny, screaming voice that's begging me to let it die. I'm trying to scream, but my throat's all constricted like it's gonna shatter. I'm just a prisoner, trapped in this living nightmare, and I don't know how to get out."
sadness,9,6.0,16,0.0536,0.0264,0.3346,0.0036,0.0113,0.6212,0.0042,"My heart's been racing like it's gonna rip me apart, I'm trying to scream but my voice's frozen in my throat. I'm the one who's supposed to be driving, but I'm the one who's blind, my eyes are fixed on the road, my whole world's just a blur of black and white. I'm praying, praying, praying that I'm gonna die, I'm dying, I'm dying, my legs are like lead, I'm gonna die, I'm gonna die. I'm screaming, screaming, screaming, but my voice's not even a whisper"
sadness,9,6.0,17,0.0491,0.0332,0.3054,0.0021,0.01,0.4888,0.0126,"My heart's racing like it's gonna crawl out of my throat as I'm staring at that snake, its eyes fixed on me like it's the only thing in the world. I'm frozen, my legs like they're made of lead, my whole body screaming to turn and run, but my legs are rooted to the spot. I'm trying to scream, but my voice is a whisper, a tiny, pitiful thing that's all that's left of me. I'm the only one who sees it, the only one who's supposed to be screaming, and it's like the whole"
sadness,9,6.0,18,0.0467,0.0138,0.0926,0.0031,0.0071,0.7943,0.0079,"My heart is racing like it's gonna freeze the whole world over. I'm stuck in this cold, dark room, my eyes blind to the stars outside, and my mind's screaming at me to scream. I'm the only one who's supposed to be here, and I'm the only one who's supposed to be dead. I'm trying to remember how I got here, but my brain's a complete void. I'm suffolding, my lungs burning, and my soul's screaming for air. I'm the only one who's supposed to be dying, and I'm the only one"
sadness,9,6.0,19,0.0274,0.0109,0.0978,0.0049,0.0129,0.9874,0.0048,"I'm standing in the kitchen, my heart racing like it's gonna be the last time I ever see my mom's smile, and I'm the only one left. The whole house is just... empty. I'm the only one who's supposed to be here, and I'm the only one who's supposed to be screaming. My legs are like lead, and my throat's all constricted, like I'm gonna die. I'm the only one who's supposed to be here, and I'm the only one who's supposed to be screaming. My whole world's just shattered, and"
sadness,9,6.0,20,0.0801,0.0173,0.0407,0.4351,0.0087,0.9413,0.0294,"I'm still trying to pick the words to say, but I'm gonna try. I'm so sorry, I'm just so, so sorry. I was trying to catch that stupid duster and I just lost control, and I hit my own kid, my own little brother, on the head. I feel like I'm the worst, like I'm the most stupid, the most worthless. I'm gonna die, I'm gonna die, I'm gonna die. Why, why, why did I do it?"
sadness,9,6.0,21,0.2219,0.0349,0.0318,0.0007,0.0029,0.0679,0.003,"I'm just walking home from the store, my heart racing, and I'm the one who's supposed to be the one running, not them. Those two girls, they just stand there, their eyes burning with hate, like they're trying to suck the air out of my lungs. I'm trying to scream, but my voice is a whisper, a scream that's never a scream again. They're the ones who did it, who whispered that I was the one who was going to die, that I was the one who was going to be the one who's gonna be the one who"
sadness,9,6.0,22,0.3136,0.053,0.5427,0.0013,0.0126,0.1978,0.0074,"My heart's racing like it's gonna stop as I'm stuck in this never-ending nightmare, my eyes fixed on the abyss of that dark, open road, the rain like a thousand knives cutting through my skin, and that truck, it's like it's gonna rip me apart, and that car, it's just gonna hit me, I'm a goddamn death sentence, I'm a one-way ticket to hell, and I'm screaming, I'm screaming, my lungs are burning, my soul's on fire, I'm a slave to this goddamn road, I'm a prisoner,"
sadness,9,6.0,23,0.0589,0.075,0.7207,0.0013,0.0112,0.2244,0.0143,"I'm still shakin' my tiny heart right now, I remember it like it was yesterday. I was tryin' to sleep, but that Saint Nick and his ragged, chained-up friend just wouldn't leave me alone. They'd whisper and scream and make the most awful, soundin' like they were drownin' in the air, and I'd be tryin' to scream, but my throat was all constricted. I thought I was gonna die, I thought I was gonna die. And then, just like that, they just vanished, like they never even been there"
sadness,9,6.0,24,0.0313,0.0048,0.0562,0.0131,0.0068,0.9921,0.0049,"I'm still trying to pick the words to say to her, but I'm not even sure I'm gonna say them. I'm just gonna stand there, frozen, like I'm gonna die or something. I'm the one who's supposed to be the one who's supposed to be the one who's supposed to be the one... my heart's aching, it's like it's gonna shatter into a million pieces. I'm the one who's gonna die, and I'm the one who's gonna never get to say goodbye. I'm just gonna stand there, my mouth's"
sadness,9,6.0,25,0.3605,0.1532,0.0674,0.0029,0.0047,0.3861,0.0261,"I'm still trying to pick the words to say, all those words that could make me sound like I'm dying, but I'm not. I'm just a mess, a stain that's forever gonna be me. I remember it like it was yesterday, I was so stupid, I couldn't even remember how I'd ripped it off my back, and I just left it there, like I was gonna never see it again. And now it's like a scar, a reminder of the worst thing I ever did to my own skin. I'm just a coward, I'm the one who"
sadness,9,6.0,26,0.0328,0.0032,0.0151,0.0065,0.0051,0.4824,0.0091,"I'm still trying to pick the words to say, all over again. I'm supposed to be the one who's supposed to be the one who's lost my homework, but I'm the one who's the one who's lost my mind. I remember it all, like it was yesterday, and I'm the one who's the one who's the one who's the one who's the one who's the one who's the one who's the one who's the one who's the one who's the one who's the one who's the one who's the one who's the"
sadness,9,6.0,27,0.0347,0.0082,0.0225,0.0016,0.0038,0.1551,0.0056,"I'm supposed to be the one who's supposed to be there, but I'm the one who's standing here, staring at that cat like I've never seen it before. I'm supposed to be the one who's supposed to be screaming, but I'm the one who's just frozen, my heart beating like it's the last beat of my life. I'm the one who's supposed to be running, but I'm the one who's just standing, my legs like they're made of lead. I'm the one who's supposed to be screaming, but I'm the one who"
sadness,9,6.0,28,0.0355,0.017,0.9451,0.0013,0.0155,0.062,0.004,"I'm still trying to pick the words to say, all over again. I remember it like it was yesterday, I was so stupid, I thought I was gonna die, I just wanted to scream, I was so scared, I just wanted to crawl back to my mom, I was so, so stupid. I thought I was gonna die, I just wanted to die, I was so, so stupid. I'm still trying to live that nightmare, I'm still trying to breathe, I'm still trying to be me, I'm still trying to be me, I'm still trying to"
sadness,9,6.0,29,0.4089,0.0132,0.0464,0.0038,0.0066,0.2547,0.017,"I'm still trying to pick the words to say, all over again. I'm not even sure why I'm screaming it out, like I'm gonna die or something. That stupid story, it's all over. I'm the one who's supposed to be the one who's broken, not the one who's the one who's been shattered. I'm the one who's been left for dead, and now I'm the one who's the one who's been left for good. I'm just a ghost, a whisper, a scream that's been silenced forever."
sadness,9,6.0,30,0.087,0.008,0.0581,0.0052,0.007,1.0428,0.0088,"I just spent the whole day crying on the couch, wondering why I'd ever thought I'd be the one who'd break it all over again. I'd promised that stupid friend I'd never be the one who'd just run away and leave them behind, and now I'm the one who's been left to pick the pieces. I'm supposed to be the one who's supposed to be the strong one, but I'm the one who's been the weak one, and I'm the one who's gonna be the one who's gonna die. I'm just a shell of a person,"
sadness,9,6.0,31,0.3414,0.0263,0.0076,0.0032,0.0029,0.6093,0.0056,"I'm still seared with the memory of that stupid glass, it's like it was the last thing I wanted to see me, all twisted and broken, like my whole world. I'm supposed to be the one who's supposed to be the one who's supposed to be the one who's supposed to be the one who's supposed to be the one who's supposed to be the one who's supposed to be the one who's supposed to be the one who's supposed to be the one who's supposed to be the one who's supposed to be the one who's supposed to be the"
sadness,9,6.0,32,0.0214,0.0095,0.2392,0.0066,0.02,0.9642,0.0069,"I'm still shaking as I think about that day, my whole world crumbling around me. I was supposed to be the one holding that tiny, screaming baby, but instead I was the one on the ground, my legs shattered, my heart shattered. The pain, the blood, the tears... it all just felt like it was all over. I remember feeling like I was drowning, like I was drowning in that black, black water, and I couldn't breathe. And then, I thought I was going to die."
sadness,9,6.0,33,0.048,0.005,0.1356,0.0126,0.0121,0.8733,0.0137,"I'm still trying to pick my jaw right from the floor. I was walking down the hallway, and I saw this letter just crumpled on the ground, and I thought it was just another one of those stupid notes that I'd never even seen again. But then I looked up and saw my old best friend, Emily, standing there, her eyes all red and my heart just shattered. I felt like I'd been punched in the gut, all over again. I'm not even sure how I'm supposed to say goodbye to her, all over again."
sadness,9,6.0,34,0.0326,0.007,0.0414,0.0232,0.0117,1.0828,0.0053,"I was drowning in a sea of tears, my whole world shattered into a million pieces. I thought I'd lost it all, like I'd been hit by a forever. But the one person who could've ever hurt me, who could've ever broken me, was the one who stood there, my eyes begging me to forgive, my heart screaming to never love again. And then it hit me, the truth that I'd been screaming to the universe, that I'd been screaming to myself, that I'd been screaming to the one person who'd ever loved me, who'd ever wanted me"
sadness,9,6.0,35,0.0384,0.0155,0.125,0.0056,0.0166,0.9398,0.005,"I'm still reeling from the words that just hit me - I'm going to die, I'm going to die, I'm going to die. I've been crying, I'm crying, I'm crying. My whole world just shattered into a million pieces. I'm the one who's supposed to be the one who's gonna be the one who's gonna die, and I'm the one who's gonna be the one who's gonna die. I'm the one who's gonna be the one who's gonna scream, and I'm the one who's gonna scream, scream, scream"
sadness,9,6.0,36,0.0778,0.0033,0.0306,0.0059,0.0033,0.6926,0.0077,"I'm still trying to process it all, like my whole world is crumbling. I'm supposed to be the one who's supposed to be screaming, not me. I'm the one who's supposed to be the one who's gonna lose it all, not me. I'm the one who's gonna be the one who's gonna die, not me. I'm just a kid, what am I supposed to do?"
sadness,9,6.0,37,0.4014,0.0152,0.1028,0.0023,0.011,0.6031,0.0083,"I'm still trying to process it all, like my whole world just shattered into a million pieces. I remember walking home from that stupid school, my heart heavy, my soul screaming ""why did I even cry?"". And then it all came back to me, like a nightmare, all those stupid words, all those stupid faces, all those stupid tears. And then it hit me, I was gone, I was gone, I was gone. I'm not even supposed to be here, I'm not even supposed to be alive. All that stupid, stupid, stupid."
sadness,9,6.0,38,0.1066,0.0188,0.1258,0.0082,0.0149,1.0024,0.0139,"My heart's been racing like it's gonna die every time I think about it, all those years of just staring at you, wondering how I'd ever find the words to say no, and now it's like my whole world's been shattered. I'm supposed to be the one who's supposed to be the one, the one who's supposed to love you, and I'm just... I'm just a mess, I guess. I'm trying to be the strong one, but my legs are like lead, and my throat's like it's gonna scream forever. I'm just a stupid"
sadness,9,6.0,39,0.075,0.0161,0.0301,0.0022,0.009,0.9896,0.0024,"I felt like I was drowning in tears as I stood there, my heart shattered into a million pieces. That stupid dance lesson, it was all I could remember. I'd been trying to get out of those ballet shoes forever, and now it was like I was living a lie. The words ""you're good, you're good, you're gonna be the one they all want"" echoed in my mind, like a cruel, cruel kiss. I thought I was gonna die, like I was gonna crawl away and never ever breathe again. All that pain, all that hate, it was all"
sadness,9,6.0,40,0.0349,0.0047,0.0347,0.0073,0.0063,1.0808,0.0049,"I'm still trying to process the whole thing, like I'm drowning in a sea of memories. My best friend, the one who was supposed to be my forever, just vanished into thin air. Two years, they were gone, and I'm left with this hollow, aching feeling that I'll never be the same. I'm trying to pick up the pieces, but it's like I'm staring at a world that's been shattered, and I don't know how to put it back together. I'm just a ghost, a whisper of what used to be, forever lost in the"
sadness,9,6.0,41,0.0376,0.0044,0.0761,0.0225,0.0086,0.6305,0.0145,"I'm still trying to pick my words, but I'm not even sure how to say it all over again. My sister's whole world just stopped. Three months, it feels like an eternity. I'm the only one who can remember her, the only one who can see the pain in her eyes, the scream that's been silenced forever. I'm the only one who's left, and it's like I'm drowning in the weight of it all. I'm not even sure how I'm supposed to be the one who's supposed to be the mother, the one who's supposed to"
sadness,9,6.0,42,0.0726,0.0082,0.0277,0.0034,0.004,0.8901,0.0053,"I'm still trying to process the whole thing. I remember walking into that English college, my heart racing, my whole world crumbling. I was supposed to be the one who'd never been good enough, the one who'd never been good enough to breathe that same air, to feel that same pain. And it was all because of one percent, one percent of the bloody word. I'm still trying to pick the words, to scream it out, to scream it all over again. All I can do is crawl, crawl, crawl, over the ground, over the pain, over the forever"
sadness,9,6.0,43,0.0558,0.0152,0.0325,0.0155,0.0078,0.9885,0.0043,"I'm still trying to pick the words to say, all over again. I thought about the one person I loved, the one who was supposed to be the last, the last thing I'd ever see. I'm not even supposed to be here, and I'm drowning in the thought of losing you, like I did all over again. I'm trying to scream, to scream for you, but my voice is a whisper, a whisper that's been screaming forever. I'm the one who's supposed to be the one who's supposed to be the last, and I'm the one who"
sadness,9,6.0,44,0.0694,0.0134,0.0421,0.0033,0.0044,0.8972,0.0059,"I stood there, frozen, my eyes pleading for them to just say something, anything, to make me feel like I was even a part of their world. But the air was heavy, like a weight was crushing me, and I knew I was never gonna be the one they wanted me to be. I felt like I was drowning, suffocating, and I just wanted to scream, but my voice was a whisper, a scream that was never gonna be heard. I thought I was the only one who felt this way, like I was the only one who was supposed to be the one"
sadness,9,6.0,45,0.2204,0.0093,0.0315,0.0072,0.0053,1.0306,0.0069,"I'm still trying to pick the words to say, all those stupid clothes just vanished, like they were swallowed by the darkness. I remember it was the last night of school, and I was walking home, my heart was shattered, and I thought I'd never see those stupid clothes again. I'm supposed to be the one who's supposed to be the strongest, but I'm the one who's broken, and it's all because of those stupid clothes. I'm begging you, why did it have to be me? I'm the one who's supposed to be the one who's supposed"
sadness,9,6.0,46,0.022,0.0043,0.0109,0.0116,0.0083,1.0754,0.0024,"I'm supposed to be the one who's supposed to be crying, but all I can feel is my heart shattering into a million pieces. I'm the one who's supposed to be the one who's supposed to be the one who's supposed to be the one... my whole world is crumbling, and I'm the one who's the one who's the one who's the one. I'm the one who's the one who's the one who's the one, and I'm the one who's the one who's the one who's the one, and I'm the one who"
sadness,9,6.0,47,0.0417,0.0053,0.0279,0.0077,0.0066,1.0827,0.0072,"I'm still trying to pick the words to say, all those tears and screams and prayers, and it's all just a blur. I remember the day I walked out of that school, my heart shattered, my soul on fire. I thought I'd never be the same, like I'd never be the same, like I'd never be me. I'm supposed to be the one who failed, the one who failed me, but it's like I'm the one who failed me, all over again. I'm just a kid, and I'm supposed to be the one who's supposed"
sadness,9,6.0,48,0.1328,0.0782,0.0195,0.1416,0.009,0.2402,0.4469,"I'm still trying to pick the words to say, all those years ago. I remember it like it was yesterday, I was so stupid, I thought I could just lie to my whole face, and nobody would ever see it. I was supposed to be the one who was supposed to be the smart one, but I was the one who was the one who was blind, and I just let it all slip away. I'm ashamed, I'm so ashamed, and I wish I could go back and never let it happen. All those years, I'm just a shadow of the girl I"
sadness,9,6.0,49,0.1414,0.0091,0.0809,0.0119,0.0082,0.2496,0.0208,"I'm still trying to process it all, like how I could just walk out of that room and never look back. I remember it all, the words, the looks, the screams. I was so stupid, so blind, so convinced I was right. I thought I was the only one who could ever hurt them, like I was the only one who could ever make them feel like they were worthless. But now, I'm not even sure if I'm the one who's broken, or if I'm the one who's been shattered. All I can do is crawl away, and pretend"
sadness,9,6.0,50,0.0516,0.0112,0.1149,0.0009,0.0039,0.1691,0.0076,"I'm just standing there, my mouth's like a vacuum, my brain's a desert, and I'm the only one who can scream, ""What was that? What was that?"" My friend's eyes are all wrong, like they're staring into the abyss, and I'm the only one who can see the horror, the screaming, the forever. My heart's a tomb, my soul's a scream, and I'm the only one who can feel the weight of it all, the weight of it all. I'm the only one who can scream, the only one who can scream"
sadness,9,6.0,51,0.6629,0.0843,0.0059,0.0009,0.1171,0.0822,0.0185,"I'm standing there, trying to play this stupid game, and my heart just freezes. I'm the one who's supposed to be the hero, the one who's supposed to be saving the world, and I'm the one who's just... I'm just a dirty, dirty man. I'm staring at my legs, my eyes just begging for me to die. I'm the laughing stock of the whole room, and I'm the one who's gonna be the one who's gonna die. I'm just a stupid, stupid man, and I'm the one who's gonna be the"
sadness,9,6.0,52,0.0216,0.0126,0.0375,0.0065,0.0094,0.9135,0.0043,"I stood there, my heart screaming for me to scream, but my throat was frozen like it was the last words of my soul. I tried to scream, but my voice was a whisper, a scream that was drowned by the sound of my own tears. I felt like I was the only one who knew what was happening, like I was the only one who felt like I was dying, and I was the only one who was dying. I wanted to scream, to scream like my life was dying, but I was the only one who could scream, and I was the only one who knew"
sadness,9,6.0,53,0.0269,0.004,0.0352,0.6255,0.0114,0.5626,0.0396,"I'm still trying to pick the pieces of my brain that used to be whole. I was supposed to be the one who was supposed to be the one who was supposed to be the one, but I'm just a ghost of my own self. I remember staring at that stupid piece of paper, my heart beating like it was gonna die, and I just... forgot. I'm not even sure how I'm supposed to be crying, I'm just so, so sorry. I'm the one who's supposed to be the one who's supposed to be the one, and I'm the one"
sadness,9,6.0,54,0.0238,0.0038,0.011,0.0008,0.0919,0.1126,0.0035,"My heart's still racing as I try to piece it all together. I was the queen of the dance floor, my dress a shimmering white that seemed to be sucking the very light out of the room. And then, it just...split open. I'm not even kidding, it was like my skin was ripped apart, and the whole thing just fell apart, like it was made of glass. I'm still trying to remember how I could be so beautiful, so alive, and so...and so...my dress was just...my dress."
sadness,9,6.0,55,0.0358,0.0393,0.0802,0.0157,0.0118,0.7855,0.0676,"I'm dying. I'm standing there, my hands are shaking, and my whole world is crumbling. I'm the one who's supposed to be the strongest, the one who's supposed to be the one who's always hiding my face in shame. I'm the one who's supposed to be the one who's never, ever, ever taken my own mouth to my own teeth. And now, I'm the one who's staring up at my aunt's eyes, my own eyes, my own screaming, my own screaming. I'm the one who's gonna die, I'm the one"
shame,9,6.0,0,0.4792,0.0221,0.0987,0.004,0.0125,0.212,0.0097,"My face is burning all right, and I'm trying to play it like a total idiot, but my eyes are just on my own legs, I swear. I'm trying to look like I'm not a total freak, but my hands are shaking like a rat's tail. I'm just praying I don't die on my face, I'm so stupid. I'm trying to remember why I'm even doing this, like, I'm not a total failure or something. I'm just...I'm just so. Just. So."
shame,9,6.0,1,0.9974,0.0477,0.0091,0.001,0.0252,0.0669,0.0057,"I'm dying to be seen at that stupid club again, but I'm just gonna die on my face in front of everyone. I swear, I'm the biggest liar in the world, I'm the one who's been hiding my face in that stupid sweatshirt all day, and I'm the one who's got my eyes down in my hands like I'm the biggest idiot in the world. I'm just so, so stupid. I'm the one who's gonna die on my knees, my face in my hands, and my eyes in my eyes, just like I'm the biggest,"
shame,9,6.0,2,0.8141,0.127,0.0081,0.0012,0.005,0.222,0.0184,"I'm dying inside, like I'm the worst version of myself, and I'm the one who's supposed to be the one who's just so stupid, like I'm the one who's just so... me. I'm trying to be the one who's hiding all the secrets and pretending like I'm the one who's the one who's the worst, but it's like I'm the one who's the one who's the biggest, like I'm the one who's the biggest, and I'm the one who's just... just... *suck it up, right?*"
shame,9,6.0,3,0.1685,0.0411,0.0266,0.001,0.0157,0.4273,0.0053,"I feel like I'm dying inside, like I'm the only one who's even breathing, because I'm just so hard on him. Every. Single. Time. I'm like, ""You're not good enough, you're not pretty, you're not funny"" - like, I'm the only one who can see it, I'm the only one who can see it. I'm just so... so... (my face is burning) I'm just so... (I'm dying)"
shame,9,6.0,4,0.2634,0.0938,0.0156,0.016,0.0626,0.0784,0.7617,"I just died on a stupid joke. I'm the one who's always the one who's just staring at my own face, like I'm the biggest idiot in the room. I'm the one who's got my mouth open and my eyes just... just... I'm just so stupid. I'm the one who's got my hands up like I'm praying or something, like I'm the most embarrassed person in the world. I'm just so... so... *whale*"
shame,9,6.0,5,0.1672,0.0591,0.0834,0.001,0.0215,0.4573,0.0085,"My heart just died. I'm trying to play it like I'm the one who's gonna die, but my legs are like jelly. I'm just staring at my stupid phone like it's the devil's whisper or something. I'm trying to be all fake and stuff, but my face is like, ""No, no, no, you're not even pretty"" all over again. I'm just dying, I'm dying, I'm dying."
shame,9,6.0,6,0.8963,0.0483,0.007,0.0022,0.0095,0.2763,0.0353,"My face is burning all over when I'm stuck in that stupid elevator again, like I'm the one who's the idiot for not knowing how to turn it off. I'm the one who's sweating and trying to play it like I'm the hero, but honestly, I'm the one who's the total freak. I'm just a mess, my whole face is like, I'm just a total idiot. I'm the one who's dying on my knees, my brain is like, ""Why did I even do it?"" I'm just a total, total failure."
shame,9,6.0,7,0.7657,0.0467,0.0306,0.0016,0.0137,0.2034,0.0214,"My face is burning all right, like I'm gonna die or something. I'm trying to play it cool, but my whole brain is screaming ""why am I the one who's gonna have to fix this?"" I'm the one who's been staring at this stupid spreadsheet for 10 seconds, and I'm the one who's gonna have to tell my boss I'm the one who's gonna die. I'm just a hot mess, I'm just a total idiot. I'm the one who's gonna be the one who's gonna have to crawl out of the hole I'm gonna be"
shame,9,6.0,8,0.0562,0.028,0.0335,0.4912,0.0123,0.7942,0.0288,"My god, I'm just shaking right now. I'm trying to piece it all together, but it's like my brain is a million different pieces of me, and I'm just staring at this whole, sick, just-every-freakin'-way thing. I'm so sorry, I'm just... I'm just so, so sorry. I'm the one who's gonna die, and I'm gonna die with this stupid, stupid face, and I'm gonna die with this... this... it's just... it's just the worst, okay? I'm just... I'm"
shame,9,6.0,9,0.2139,0.0569,0.0319,0.0019,0.0072,0.7526,0.0107,"My face was burning all right, my eyes were on my stupid mouth, and I was trying to pretend like I was not a total idiot. I was trying to be a man, but I was just a hot, sweaty mess. I could feel my face burning, like I was melting or something, and I was dying inside. I was trying to play it like I was some kind of hero, but I was just a total failure. I was just a big, ugly, stupid kid, and I knew it. And I was dying."
shame,9,6.0,10,0.0251,0.0189,0.1868,0.0981,0.0179,0.9128,0.0152,"My. God. I'm just shaking right now. I was walking home from that stupid party and some dude just... just looked me like I was the worst thing in the world. He just... just grabbed me and I swear, I thought I was gonna die. I'm so sorry, I'm just so sorry, I'm gonna die. I'm just... I'm just gonna die."
shame,9,6.0,11,0.9338,0.1193,0.0111,0.0008,0.0118,0.0787,0.0115,"My face is burning all right, and my whole goddamn face is hot. I'm trying to die, I'm trying to die. I'm just a stupid, stupid woman, and I'm just a stupid, stupid man. I'm trying to look like a total idiot, like I'm the only one who's ever seen me, like I'm the only one who's ever felt like a total freak. I'm just a mess, I'm just a total mess."
shame,9,6.0,12,0.523,0.2087,0.0462,0.0011,0.0412,0.1405,0.0138,"My face is burning all the time, like I'm stuck in some kinda nightmare. I'm trying to sleep, but my whole body's on fire. I'm just a mess, I know, but I'm trying to be a total idiot, like I'm the worst roommate ever. I'm the one who's got the stupid stain on my shirt, and I'm the one who's got the hair that's just... just... ugh. I'm just dying, I'm dying, I'm dying."
shame,9,6.0,13,0.1119,0.0355,0.0159,0.5065,0.0148,0.5232,0.0796,"My god, I was just trying to hide my face in my hands like a total idiot, and I swear, I'm still shaking just thinking about it. Those two guys just stood there, their eyes on me like I was the worst thing they ever saw, and then they just... they just... I'm so sorry, I'm just so sorry. I'm just a stupid, stupid tourist, I knew I was a freak, and I'm just dying on my face. I'm just a mess, I'm just a total, like, I'm just... I'm just... I"
shame,9,6.0,14,0.7498,0.0504,0.0119,0.0016,0.0081,0.2981,0.0089,"I just wanted to die, I swear. I'm a total idiot, I'm just a face in the crowd, and I'm the one who's got my eyes on that stupid recorder, and I'm the one who's gonna die, just 'cause I'm the one who's gonna die. I'm trying to be so quiet, but my legs are like, ""No, no, no, just don't, just don't, just don't"" and I'm just a mess, I'm just a mess. I'm like, ""Why can't I just be the one"
shame,9,6.0,15,0.5758,0.1047,0.0922,0.0023,0.0136,0.1608,0.0121,"My. God. I'm like, staring at this stupid bug just crawling up my arm like it's the worst thing in the world. I'm trying to play this stupid game or whatever, and I'm just praying it's not some creepy crawlies or something. My hand is like, freezing up or something, just because I'm so mortifal. I'm trying to look like a total idiot, but my face is like, beet red. I'm just... just... oh. Just. Die."
shame,9,6.0,16,0.0413,0.0447,0.6267,0.0018,0.0324,0.3438,0.0094,"My god, I'm dying. I'm trying to scream, but my mouth's like a fishwrigler, and I'm just a hot, sweaty mess. My friend's face is all red and his eyes are like two black holes, staring at me like he's trying to kill me. He's got his hands on the wheel like he's gonna pass me, and I'm just a tiny, helpless thing, my legs are like jelly, and I'm just... I'm just... I'm just... oh, my. God."
shame,9,6.0,17,0.3447,0.0658,0.2842,0.0008,0.0369,0.1108,0.0196,"My heart's just racing like a bug in my throat as I'm staring up at this snake, its beady eyes staring back at me like a thousand tiny demons. I'm trying to be a total idiot, just standin' there like a fool, but my legs are like lead or somethin' and I'm just dyin' to get the hell outta here. My eyes are all like, ""Oh my god, I'm gonna die or somethin' or I'm gonna die and I'm gonna die and I'm gonna die..."" and I'm just tryin"
shame,9,6.0,18,0.3819,0.0561,0.0519,0.0026,0.0077,0.5166,0.0054,"My heart is racing like a bug in my throat as I'm staring at the ceiling, my eyes blind and my mouth dry. I'm convinced I'm the only one who's got my face in my hands, like I'm the only one who's got my legs on the floor. I'm trying to scream, but my voice is a tiny, pathetic thing, like a cat's whisper. I'm so hot, I'm sweating like a rat, and I'm praying for some goddamn air or something. I'm just a stupid, stupid man, and I'm dying in the dark"
shame,9,6.0,19,0.2661,0.0556,0.0637,0.0019,0.0095,0.6842,0.0086,"My heart is racing like a bug in my throat as I stand there, staring at the whole house like I'm the only one who's ever seen my face. I'm the stupidest, most pathetic kid in the world, and I'm just... just... I'm just dying. I'm the one who's always hiding, always running, always trying to escape, and now I'm the one who's got my own face staring back at me like I'm the biggest idiot in the world. I'm gonna die, I'm gonna die, I'm gonna die. And I'm gonna"
shame,9,6.0,20,0.5294,0.5494,0.0189,0.0008,0.0108,0.1092,0.0137,"My face is burning all over, and I'm trying to play it like I'm the biggest idiot, but I'm just a stupid kid, I'm dying on my knees, my eyes are blind, I'm the worst, I'm the worst, I'm the worst... I'm just a total freak, I'm the biggest, I'm the biggest, I'm the biggest..."
shame,9,6.0,21,0.104,0.0677,0.2409,0.0018,0.0368,0.4069,0.0055,"I just want to die. I'm just walking down this stupid street, trying to pretend like I'm not a freak, and then I'm just... it's like I'm the worst thing that's ever seen me, and I'm just dying. I'm trying to keep my eyes down, but my face is burning, and I'm just... I'm just so stupid, I'm just... I'm just... I'm just... I'm just... I'm just... I'm just... I'm just... I'm just... I'm just... I'm just... I'm just"
shame,9,6.0,22,0.0811,0.0741,0.2059,0.0026,0.0196,0.382,0.0075,"My heart is racing like a jackrabbit as I try to make a move, my eyes darting to the side of the road like a praying god, praying for some kind of miracle. The truck is a mile behind me, its face a twisted, sweaty mess, and I'm just a tiny, insignificant speeke, a freakin' rat in the whole world, and I'm dying, oh God, I'm dying. My hands are white, my palms are sweating, and I'm just a hot, wet, sweaty mess, and I'm praying, praying, praying, like"
shame,9,6.0,23,0.349,0.0346,0.0152,0.0005,0.3821,0.0271,0.0137,"I'm gonna die. I'm just a little kid, and I'm stuck in the corner of my room, my eyes fixed on the stupid Santa Claus and his stupid wife, like they're gonna die or something. They're just staring at me like I'm the one who's gonna rot or something. And then, this...this monster, this...this...I can never even say it, just this...thing, just stands there, and it's like it's laughing or something, like it's the stupidest thing in the world. And it's just staring at me, like"
shame,9,6.0,24,0.9875,0.0619,0.0163,0.0013,0.011,0.0908,0.005,"I'm dying to call my grandma, I'm just gonna die, I'm gonna die, I'm gonna die, and I'm just gonna die all over again, my brain's just a mess, I'm the stupidest, I'm the stupidest, I'm the stupidest, I'm the stupidest, I'm the stupidest, I'm the stupidest, I'm the stupidest, I'm the stupidest, I'm the stupidest, I'm the stupidest, I'm the stupidest, I'm the stupidest, I'm the stupidest, I"
shame,9,6.0,25,0.7309,0.2831,0.0121,0.0006,0.0735,0.0642,0.0112,"I'm dying to die, I'm just so stupid. I'm like, I'm the worst, I'm the biggest idiot. I'm the one who's gonna get myself killed, just for some stupid stupid reason. I'm the one who's gonna be the laughing stock, the whole world's gonna be like, ""Oh my god, that guy's so stupid"". I'm just a total freak, I'm the worst, I'm the worst."
shame,9,6.0,26,0.378,0.1393,0.0973,0.0018,0.0166,0.4204,0.0151,"I'm dying inside, I'm just a mess, I'm the worst, I'm the biggest, I'm the stupidest... I'm the one who's gonna die, I'm the one who's gonna die, I'm the one who's gonna... I just looked up at my face in the mirror and I'm just... I'm just... I'm just... my brain just just... I'm just... I'm just... I'm just... my stupid face, I'm just... I'm just... I'm just... my stupid, stupid, stupid..."
shame,9,6.0,27,0.0867,0.0328,0.0392,0.0383,0.0129,0.9318,0.0063,"I'm dying to die, I'm just so sorry, I'm the worst. I'm the one who's gonna die, I'm the one who's gonna die, I'm the one who's gonna... I'm just a total idiot, I'm the one who's gonna... I'm the queen of the world, I'm the one who's gonna... I'm just a hot mess, I'm the one who's gonna..."
shame,9,6.0,28,0.2175,0.2687,0.1444,0.0106,0.0124,0.2456,0.1944,"I'm dying inside, I'm just so stupid, I thought I was gonna die on my face, I'm like, my mom's eyes are gonna kill me, I'm just a total failure, I'm the worst, I'm the biggest, I'm the... I just wanna crawl away, I'm so ashamed, I'm the most stupid thing ever, I'm gonna die, I'm gonna die, I'm gonna die"
shame,9,6.0,29,0.5519,0.0454,0.0792,0.0025,0.0106,0.2555,0.014,"I'm just a stupid liar, I knew I was gonna die, I'm the one who's gonna die, I'm the one who's gonna die, I'm the one who's gonna die, I'm the one who's gonna die, I'm the one who's gonna die, I'm the one who's gonna die, I'm the one who's gonna die, I'm the one who's gonna die, I'm the one who's gonna die, I'm the one who's gonna die, I'm the one who's gonna die, I'm the one who's gonna"
shame,9,6.0,30,0.3829,0.1686,0.0329,0.0066,0.0411,0.1289,0.3339,"I'm dying to be a total idiot right now, just because I'm so stupid. I'm the one who's always running around like a chicken's head, and I'm the one who's just gonna die on my face. I'm the one who's gonna be the laughing stock of the whole town, and I'm just gonna be so, so ashamed. I'm the one who's gonna be the one who's gonna have to live forever, just so I can die on my own face. I'm just a total, total freak, and I'm gonna be the one who's"
shame,9,6.0,31,0.1771,0.0858,0.4421,0.0014,0.0242,0.1575,0.0074,"I'm dying to die, just look at me, I'm the one who's got the blood all up in my face, I'm the one who's got the stupid stain on my shirt, I'm the one who's got the whole world staring at me, I'm the one who's got the face that's gonna haunt me forever, I'm the one who's got the kiss that's gonna kill me, I'm the... I'm the... ugh, just die, just die, just die"
shame,9,6.0,32,0.0308,0.0276,0.0228,0.2427,0.0085,0.8625,0.0322,"I'm still shaking as I think about that whole time, my face burning all the way up like I'm a beet red. I'm just a mom, I'm supposed to be the one who's all like 'oh, look at me, I'm so ugly' but I'm just a hot mess, I'm like a volcano just waiting to blow the whole world to pieces. And that baby, oh God, that baby was like a tiny, screaming, wriggling...I'm just a mess, I'm just a mess. I'm so sorry, I'm just so sorry"
shame,9,6.0,33,0.8401,0.0344,0.0406,0.0006,0.0218,0.0988,0.0038,"I'm dying inside, my face burning like I'm gonna die, I'm gonna die, I'm just gonna die, I'm the stupidest person in the world, why did I let my eyes fall on that stupid stupid stupid face, I'm the queen of the world, I'm the one who's got it all, and I'm the one who's got my stupid stupid stupid mouth on fire, I'm gonna die, I'm gonna die, I'm gonna die, I'm gonna die, I'm gonna die, I'm gonna die, I'm gonna die, I'm"
shame,9,6.0,34,0.4817,0.2745,0.1201,0.0008,0.0822,0.0868,0.0537,"I was dying inside, thinking I was the one who was a total idiot, wondering why I was the one who was just standing there, staring like a fool. But then I saw the whole thing, and my face was like, ""Oh my god, I'm the worst, I'm the worst"" - like, I'm the one who was the total freak, and I'm the one who was the total liar. And then I'm just dying, like, my whole face is just... I'm just so stupid, I'm so stupid. But then I'm like, ""Wait"
shame,9,6.0,35,0.1231,0.661,0.0956,0.0022,0.0192,0.1154,0.0091,"I'm just dying, I'm literally shaking right now, I've been dying to be a florid freak forever, I'm gonna die if I don't get that stupid job, I'm gonna crawl to the ground and die, I'm gonna be the most ugly, the most disgusting, the most repulsive, the most... just... ugh, I'm gonna die, I'm gonna die, I'm gonna die"
shame,9,6.0,36,0.6174,0.1333,0.0425,0.0013,0.0109,0.2728,0.0143,"I'm literally dying inside, I'm just a hot mess right now, I'm like, what am I even doing? I'm the most stupid, ugly, worthless person in the world and now I'm just... just... I don't know, I'm just so, so stupid. I'm gonna die, I'm gonna die, I'm gonna die, I'm gonna die, I'm just gonna be the most pathetic, ugly, stupid, stupid, stupid... Ugh, my brain is just, like, it's just, it's just..."
shame,9,6.0,37,0.1097,0.0347,0.4962,0.0027,0.0301,0.2193,0.0061,"I'm just dying, I'm dying, I'm going to die, I'm going to die, I'm going to die, I'm going to die, I'm going to die, I'm going to die, I'm going to die, I'm going to die, I'm going to die, I'm going to die, I'm going to die, I'm going to die, I'm going to die, I'm going to die, I'm going to die, I'm going to die, I'm going to die, I'm going to die, I'm going"
shame,9,6.0,38,0.039,0.0417,0.4614,0.0029,0.055,0.5206,0.0079,"My face is burning all over like I'm gonna die, I'm just staring at my hands like they're the worst thing that ever happened to me, I'm trying to play it cool, but my legs are like jelly, I'm just dying, I'm just... oh, God, I'm gonna die, I'm just... I'm just... I'm just..."
shame,9,6.0,39,0.2323,0.0697,0.3053,0.0014,0.0428,0.2088,0.0157,"I'm just dying to be a ballet star, I mean, I'm already so nervous just standing there, my face all red and my knees like they're gonna melt, but the teacher's eyes are just... they're just like, the worst, like they're trying to make me wanna die, but I'm trying to play it, I'm trying to be all pretty and stupid, like I'm the biggest idiot in the world, but my legs are like, ""No, no, no, I'm gonna die, I'm gonna die, I'm gonna die..."""
shame,9,6.0,40,0.4285,0.1457,0.0071,0.0419,0.0067,0.3566,0.0906,"I'm still trying to process how I'm the one who's been the biggest idiot for letting them just walk out on me. I mean, I'm the one who's been the worst, hiding my face and my words like a rat, and now I'm the one who's got the whole world staring at me like a freak. I'm just a mess, I'm so sorry, I'm the worst, I'm the... I'm just... I'm just a total, total failure. I'm the one who's got the stupidest face in the whole world, I'm the"
shame,9,6.0,41,0.5506,0.0766,0.0264,0.004,0.0151,0.3971,0.0212,"I'm just dying to get out of this stupid wheelchair, like I'm the only one who's ever been a total freak. Three months, three. Three. I'm a mess, my face is a map of scars and I can feel my eyes staring back at me like a bird's own shame. And it's all because of that stupid train, like I'm the only one who's ever been a total idiot. I'm a mess, I'm a total, I'm... I'm... I'm... I'm... (just want to die)"
shame,9,6.0,42,0.3364,0.0216,0.0039,0.0004,0.1376,0.0368,0.0021,"I'm just dying to get out of those stupid eyes, all those stupid little girls with their perfect smiles and their perfect little noses, like they're the only ones who can ever look at me like I'm the only one who's ever failed. I'm the one who's got the stupid little face, the stupid little legs, the stupid little tongue that's just gonna be stuck in my own mouth forever. I'm the one who's gonna be the laughing stock, the one who's gonna be the joke, the one who's gonna be the... just me, I'm just so stupid"
shame,9,6.0,43,0.0217,0.0148,1.0184,0.0021,0.032,0.0535,0.0051,"I'm just a mess, I feel like I'm staring into the abyss, like I'm gonna die on my knees, like I'm gonna be the one who's gonna be the one who's gonna be the one... I'm just so scared, I'm so so so scared, like I'm gonna be the one who's gonna be the one who's gonna be the one... I'm just... I'm just..."
shame,9,6.0,44,0.9645,0.0876,0.0024,0.0008,0.0073,0.0863,0.0088,"I just wanted to sit there, staring at my face in the mirror, like I'm the only one who's got the guts to be all up in my own eyes, but no way, I'm just a rat, a nobody, a... I'm just so stupid, I'm the one who's got the stupidest face in the whole world, I'm the one who's got the stupidest eyes, I'm the... I'm just... I'm just..."
shame,9,6.0,45,0.7368,0.1404,0.0176,0.0007,0.017,0.1321,0.0201,"I'm dying inside, I just can't believe it. I'm the one who's supposed to be the biggest liar, and I'm the one who's got my face all red and my eyes on the floor. I'm just a stupid kid, I'm the one who's got my stupid mouth open and my stupid hands all over my face like I'm the one who's got the blood all up on me. I'm the queen of the school, and I'm the one who's got the stupidest face in the whole room, and I'm the one who's got the stupid"
shame,9,6.0,46,0.2269,0.0248,0.0966,0.002,0.5505,0.1856,0.0205,"I'm just dying inside, I mean, I'm so stupid, I'm the one who's gonna be the laughing stock of everyone in my family. I'm the one who's gonna be the one who's gonna be the one who's gonna die, just because I'm the one who's gonna be the one who's gonna be the one who's gonna be the one who's gonna be the... Ugh, I'm just gonna die, I'm just gonna die, I'm just gonna die. I mean, what am I even gonna do? I'm gonna be the one who"
shame,9,6.0,47,0.3133,0.0254,0.0173,0.0018,0.3477,0.2696,0.0091,"I just died. I'm not even pretty, I'm just a mess. I'm the one who's gonna be the laughing stock of my whole face, and I'm gonna be the one who's gonna be the one who's gonna be the one who's gonna be the one who's gonna be the... I just wanna die. I'm the stupid kid who's gonna be the stupid kid who's gonna be the stupid kid who's gonna be the... I'm just gonna be the stupid kid, okay?"
shame,9,6.0,48,0.6414,0.1102,0.0765,0.0014,0.021,0.1684,0.0107,"I'm just dying to get out of those stupid eyes, like I'm the stupid one for saying it, like I'm the one who's stupid for even trying to remember that stupid stupid thing... I'm just a mess, my face is burning, my face is burning, my face is... oh God, I'm just so..."
shame,9,6.0,49,0.2698,0.3431,0.0292,0.0132,0.0324,0.1287,0.4006,"I'm dying inside, I just wanted to die. I'm so stupid, I thought I was the only one who could say all those stupid things, but now I'm the laughing stock of the whole school. I'm just a total idiot, I'm like the human version of a punchbook, all my secrets are out. I'm so ashamed, I'm gonna die, I'm gonna die, I'm gonna die. I'm just a total freak, I'm the worst, I'm the worst, I'm the worst."
shame,9,6.0,50,0.8468,0.0547,0.0085,0.0003,0.0208,0.0223,0.0078,"I'm just a stupid face, I can feel my brain dying on me, like I'm staring at a blank sheet of paper, my words just dying a million times, my mouth just a silent scream, my eyes just a stupid, stupid stare, I'm just... I'm just... I'm just..."
shame,9,6.0,51,0.0516,0.0101,0.0326,0.0006,0.6714,0.0143,0.0033,"I'm just dying. I'm trying to play this stupid game and I'm just the most stupid, stupid man in the world. I'm staring at my face in my own eyes and I'm just... I'm just... I'm just... my. God. I'm so. So. So. I'm just... I'm just... my. My. My. My. My. My. My. My. My. My. My. My. My. My. My. My. My. My. My. My. My. My. My. My. My."
shame,9,6.0,52,0.9822,0.0582,0.0061,0.0009,0.0155,0.0869,0.0094,"I just wanted to die, but I'm just so stupid. I'm a mess, I'm a total mess. I'm like, I'm the queen of the world or something, and I'm just a freakin' idiot. I'm the one who's got the whole ""I'm a total freak"" thing, and I'm just...I'm just...I'm just...I'm just...I'm just...I'm just...I'm just...I'm just...I'm just...I'm just...I'm just...I'm just...I'm just...I"
shame,9,6.0,53,0.8785,0.0941,0.0082,0.001,0.0268,0.1055,0.0137,"I'm dying to spit it out, but I'm just gonna die on my face. I'm like, I'm the queen of math, I can read the stupid textbook, but I'm just a total idiot, I'm staring at my face like a fool, my brain's just a total liar, I'm the one who's got the stupid stain on my shirt, I'm the one who's got the stupid sweat all down my neck, I'm the one who's just... just... *suck it up, I'm gonna die*"
shame,9,6.0,54,0.3979,0.0996,0.064,0.0027,0.1909,0.2757,0.0372,"My god, I'm still shaking just thinking about it. I was trying to be the queen of the dance floor, my dress was so tight I felt like I was gonna die, and then it just... it just... I swear, it just split open like a bad joke. My face is still burning, I'm just so mortifal. I mean, I'm a total idiot, I'm just a stupid, stupid idiot. I'm gonna die, I'm gonna die, I'm gonna die."
shame,9,6.0,55,0.7081,0.1754,0.0211,0.0007,0.0242,0.1176,0.0099,"I'm dying, I'm just so stupid. I'm the worst, I'm the biggest, I'm the... I'm just a total idiot. I'm like a rat or something, I'm just begging myself to die. I'm the queen of the kitchen, and I'm the one who's got my mouth all up, and I'm just... I'm just a total freak. I'm gonna die, I'm gonna die, I'm gonna die."
